,time,meanH,meanB,meanC,varH,varB,varC
0,52.0,2.3220230775725437,2.3220230775725437,2.3220230775725437,2.636190802372957,2.636190802372957,2.636190802372957
1,104.0,0.16638005159071367,0.16638005159071367,0.16638005159071367,0.1404174204791031,0.1404174204791031,0.1404174204791031
2,156.0,0.2507633272511766,0.2507633272511766,0.2507633272511766,0.2646618532647405,0.2646618532647405,0.2646618532647405
3,208.0,0.6927949967085072,0.6927949967085072,0.6927949967085072,0.8188945529705332,0.8188945529705332,0.8188945529705332
4,260.0,0.003483574653896739,0.003483574653896739,0.003483574653896739,0.0033852985188760443,0.0033852985188760443,0.0033852985188760443
5,312.0,0.742869558723764,0.742869558723764,0.742869558723764,0.7854807235391756,0.7854807235391756,0.7854807235391756
6,364.0,0.5576180006677782,0.5576180006677782,0.5576180006677782,0.6109465055110481,0.6109465055110481,0.6109465055110481
7,416.0,0.2167755991285403,0.2167755991285403,0.2167755991285403,0.241679363587604,0.241679363587604,0.241679363587604
8,468.0,0.4240854183571933,0.4240854183571933,0.4240854183571933,0.44308960039348905,0.44308960039348905,0.44308960039348905
9,520.0,0.43305849979707733,0.43305849979707733,0.43305849979707733,0.4873609051900914,0.4873609051900914,0.4873609051900914
10,572.0,0.053156146179401995,0.053156146179401995,0.053156146179401995,0.050330570302756054,0.050330570302756054,0.050330570302756054
11,624.0,0.245105716523101,0.245105716523101,0.245105716523101,0.22418317206599012,0.22418317206599012,0.22418317206599012
12,676.0,0.20406920869940026,0.20406920869940026,0.20406920869940026,0.2677640510984787,0.2677640510984787,0.2677640510984787
13,728.0,0.09909624871213214,0.09909624871213214,0.09909624871213214,0.11830639510293539,0.11830639510293539,0.11830639510293539
14,780.0,0.477968946705833,0.477968946705833,0.477968946705833,0.4341558412513874,0.4341558412513874,0.4341558412513874
15,832.0,0.34808465461720867,0.34808465461720867,0.34808465461720867,0.3601150011744225,0.3601150011744225,0.3601150011744225
16,884.0,0.17841714909804726,0.17841714909804726,0.17841714909804726,0.1560583152841908,0.1560583152841908,0.1560583152841908
17,936.0,0.11467889908256881,0.11467889908256881,0.11467889908256881,0.11070196111438432,0.11070196111438432,0.11070196111438432
18,988.0,0.09024211298606016,0.09024211298606016,0.09024211298606016,0.0820984740298713,0.0820984740298713,0.0820984740298713
19,1040.0,0.27292173434952177,0.27292173434952177,0.27292173434952177,0.41501546629444747,0.41501546629444747,0.41501546629444747
20,52.0,0.45749989777570044,0.45749989777570044,0.45749989777570044,0.49691267816756435,0.49691267816756435,0.49691267816756435
21,104.0,0.11486958603847174,0.11486958603847174,0.11486958603847174,0.09393878989590992,0.09393878989590992,0.09393878989590992
22,156.0,0.0644718792866941,0.0644718792866941,0.0644718792866941,0.08089138775517885,0.08089138775517885,0.08089138775517885
23,208.0,0.4526897587396673,0.4526897587396673,0.4526897587396673,0.5630987071358233,0.5630987071358233,0.5630987071358233
24,260.0,0.22928720924449433,0.22928720924449433,0.22928720924449433,0.2681605511213773,0.2681605511213773,0.2681605511213773
25,312.0,0.13475352984889769,0.13475352984889769,0.13475352984889769,0.137402546386475,0.137402546386475,0.137402546386475
26,364.0,0.4509233327986028,0.4509233327986028,0.4509233327986028,0.5671687769919563,0.5671687769919563,0.5671687769919563
27,416.0,0.3603268945022288,0.3603268945022288,0.3603268945022288,0.31518681735989523,0.31518681735989523,0.31518681735989523
28,468.0,0.02148106274731487,0.02148106274731487,0.02148106274731487,0.022150208940419466,0.022150208940419466,0.022150208940419466
29,520.0,0.2571299712823402,0.2571299712823402,0.2571299712823402,0.3778711259772264,0.3778711259772264,0.3778711259772264
30,572.0,50.20888030742917,50.20888030742917,50.20888030742917,376.52153685504857,376.52153685504857,376.52153685504857
31,624.0,0.23932025092017517,0.23932025092017517,0.23932025092017517,0.7639127422830964,0.7639127422830964,0.7639127422830964
32,676.0,0.5230608491717972,0.5230608491717972,0.5230608491717972,0.8931433110050843,0.8931433110050843,0.8931433110050843
33,728.0,0.060862445414847165,0.060862445414847165,0.060862445414847165,0.058249911209740476,0.058249911209740476,0.058249911209740476
34,780.0,0.07588577472236911,0.07588577472236911,0.07588577472236911,0.0780594348637441,0.0780594348637441,0.0780594348637441
35,832.0,0.3799511737194955,0.3799511737194955,0.3799511737194955,0.7288295274437598,0.7288295274437598,0.7288295274437598
36,884.0,0.34340177257130833,0.34340177257130833,0.34340177257130833,0.4282008522032368,0.4282008522032368,0.4282008522032368
37,936.0,0.12529002320185614,0.12529002320185614,0.12529002320185614,0.13743466066612478,0.13743466066612478,0.13743466066612478
38,988.0,0.3752587991718426,0.3752587991718426,0.3752587991718426,0.4363029868532164,0.4363029868532164,0.4363029868532164
39,1040.0,49.14302329177198,49.14302329177198,49.14302329177198,64.18150124434517,64.18150124434517,64.18150124434517
40,52.0,0.103811865559976,0.103811865559976,0.103811865559976,0.16995330185528715,0.16995330185528715,0.16995330185528715
41,104.0,0.16677324583174957,0.16677324583174957,0.16677324583174957,0.16856129246313492,0.16856129246313492,0.16856129246313492
42,156.0,0.5373092721582143,0.5373092721582143,0.5373092721582143,1.1400652576735824,1.1400652576735824,1.1400652576735824
43,208.0,0.23473408126243334,0.23473408126243334,0.23473408126243334,0.356546431514671,0.356546431514671,0.356546431514671
44,260.0,0.24953299466217124,0.24953299466217124,0.24953299466217124,0.2906440545623387,0.2906440545623387,0.2906440545623387
45,312.0,0.129004329004329,0.129004329004329,0.129004329004329,0.12275182249208222,0.12275182249208222,0.12275182249208222
46,364.0,0.23881311318497248,0.23881311318497248,0.23881311318497248,0.30717025916281343,0.30717025916281343,0.30717025916281343
47,416.0,0.16615737490923305,0.16615737490923305,0.16615737490923305,0.14296336355701897,0.14296336355701897,0.14296336355701897
48,468.0,4.67363697418566,4.67363697418566,4.67363697418566,12.836489863663623,12.836489863663623,12.836489863663623
49,520.0,0.0006700915791824883,0.0006700915791824883,0.0006700915791824883,0.000669642556457997,0.000669642556457997,0.000669642556457997
50,572.0,0.26095733852039915,0.26095733852039915,0.26095733852039915,0.3617274574679876,0.3617274574679876,0.3617274574679876
51,624.0,0.9512193499238539,0.9512193499238539,0.9512193499238539,0.9955858748511558,0.9955858748511558,0.9955858748511558
52,676.0,0.022649279341111873,0.022649279341111873,0.022649279341111873,0.022822631284655667,0.022822631284655667,0.022822631284655667
53,728.0,0.11534733441033926,0.11534733441033926,0.11534733441033926,0.10204232685476862,0.10204232685476862,0.10204232685476862
54,780.0,0.07836879432624114,0.07836879432624114,0.07836879432624114,0.08428386399074494,0.08428386399074494,0.08428386399074494
55,832.0,0.047062350119904076,0.047062350119904076,0.047062350119904076,0.04664604647217476,0.04664604647217476,0.04664604647217476
56,884.0,1.63246393669167,1.63246393669167,1.63246393669167,42.404822518316394,42.404822518316394,42.404822518316394
57,936.0,0.05660377358490566,0.05660377358490566,0.05660377358490566,0.05339978640085441,0.05339978640085441,0.05339978640085441
58,988.0,0.2944995517950866,0.2944995517950866,0.2944995517950866,0.4223934721106855,0.4223934721106855,0.4223934721106855
59,1040.0,79.03987132207145,79.03987132207145,79.03987132207145,111.34909386863693,111.34909386863693,111.34909386863693
60,52.0,0.6327161723793511,0.6327161723793511,0.6327161723793511,0.8826989498330866,0.8826989498330866,0.8826989498330866
61,104.0,0.12120523599131194,0.12120523599131194,0.12120523599131194,0.1340844264182378,0.1340844264182378,0.1340844264182378
62,156.0,0.056532663316582916,0.056532663316582916,0.056532663316582916,0.057524325985034035,0.057524325985034035,0.057524325985034035
63,208.0,0.019049657534246575,0.019049657534246575,0.019049657534246575,0.018686768082074503,0.018686768082074503,0.018686768082074503
64,260.0,0.39649175489359473,0.39649175489359473,0.39649175489359473,0.4498615787701268,0.4498615787701268,0.4498615787701268
65,312.0,0.11024844720496894,0.11024844720496894,0.11024844720496894,0.09809372709386212,0.09809372709386212,0.09809372709386212
66,364.0,0.1413237924865832,0.1413237924865832,0.1413237924865832,0.12492919569509826,0.12492919569509826,0.12492919569509826
67,416.0,0.7159235076066055,0.7159235076066055,0.7159235076066055,0.9971249019534696,0.9971249019534696,0.9971249019534696
68,468.0,0.339024195066359,0.339024195066359,0.339024195066359,0.44454901665497215,0.44454901665497215,0.44454901665497215
69,520.0,0.13614230183083342,0.13614230183083342,0.13614230183083342,0.14622287316242485,0.14622287316242485,0.14622287316242485
70,572.0,0.3249570009295204,0.3249570009295204,0.3249570009295204,0.3994638260135991,0.3994638260135991,0.3994638260135991
71,624.0,0.2527243218177603,0.2527243218177603,0.2527243218177603,0.21992360056077936,0.21992360056077936,0.21992360056077936
72,676.0,0.08135876036522824,0.08135876036522824,0.08135876036522824,0.07017124189973747,0.07017124189973747,0.07017124189973747
73,728.0,0.09841269841269841,0.09841269841269841,0.09841269841269841,0.09507684555303603,0.09507684555303603,0.09507684555303603
74,780.0,0.46060755267058556,0.46060755267058556,0.46060755267058556,0.5387829161384154,0.5387829161384154,0.5387829161384154
75,832.0,1.5415680743497957,1.5415680743497957,1.5415680743497957,1.308883345074967,1.308883345074967,1.308883345074967
76,884.0,0.10644335298594515,0.10644335298594515,0.10644335298594515,0.10706045407979192,0.10706045407979192,0.10706045407979192
77,936.0,0.21670419768321014,0.21670419768321014,0.21670419768321014,0.17802908463729794,0.17802908463729794,0.17802908463729794
78,988.0,0.19971347849742954,0.19971347849742954,0.19971347849742954,0.2445738244468387,0.2445738244468387,0.2445738244468387
79,1040.0,110.96816452067223,110.96816452067223,110.96816452067223,101.43385677247393,101.43385677247393,101.43385677247393
80,52.0,0.20928738802889693,0.20928738802889693,0.20928738802889693,0.2634499895256714,0.2634499895256714,0.2634499895256714
81,104.0,0.21902017291066284,0.21902017291066284,0.21902017291066284,0.21139615809449458,0.21139615809449458,0.21139615809449458
82,156.0,0.05084745762711865,0.05084745762711865,0.05084745762711865,0.048261993679977015,0.048261993679977015,0.048261993679977015
83,208.0,0.7645889276500083,0.7645889276500083,0.7645889276500083,0.7730310809949091,0.7730310809949091,0.7730310809949091
84,260.0,0.0010177081213108082,0.0010177081213108082,0.0010177081213108082,0.0010166723914906257,0.0010166723914906257,0.0010166723914906257
85,312.0,0.1265700472417978,0.1265700472417978,0.1265700472417978,0.107274708627526,0.107274708627526,0.107274708627526
86,364.0,0.7060465639761494,0.7060465639761494,0.7060465639761494,0.7640723203781301,0.7640723203781301,0.7640723203781301
87,416.0,0.028963795255930087,0.028963795255930087,0.028963795255930087,0.02862426960057731,0.02862426960057731,0.02862426960057731
88,468.0,0.15449617612848748,0.15449617612848748,0.15449617612848748,0.2318507872350702,0.2318507872350702,0.2318507872350702
89,520.0,0.13453701177032612,0.13453701177032612,0.13453701177032612,0.14159257344620726,0.14159257344620726,0.14159257344620726
90,572.0,0.059443190368698266,0.059443190368698266,0.059443190368698266,0.05590969748748896,0.05590969748748896,0.05590969748748896
91,624.0,0.06903722187564983,0.06903722187564983,0.06903722187564983,0.06801406578026288,0.06801406578026288,0.06801406578026288
92,676.0,0.029468599033816423,0.029468599033816423,0.029468599033816423,0.028600200704800585,0.028600200704800585,0.028600200704800585
93,728.0,0.1753769670523274,0.1753769670523274,0.1753769670523274,0.22506482403135958,0.22506482403135958,0.22506482403135958
94,780.0,0.16291079812206571,0.16291079812206571,0.16291079812206571,0.14059622208997336,0.14059622208997336,0.14059622208997336
95,832.0,134.31605878785078,134.31605878785078,134.31605878785078,119.67075342259382,119.67075342259382,119.67075342259382
96,884.0,0.20490281986686254,0.20490281986686254,0.20490281986686254,0.22686759893628705,0.22686759893628705,0.22686759893628705
97,936.0,0.2850955616017097,0.2850955616017097,0.2850955616017097,0.3993595093251969,0.3993595093251969,0.3993595093251969
98,988.0,0.4159650763953851,0.4159650763953851,0.4159650763953851,0.4082016177388701,0.4082016177388701,0.4082016177388701
99,1040.0,0.3347838471681712,0.3347838471681712,0.3347838471681712,0.34837919940489315,0.34837919940489315,0.34837919940489315
100,52.0,6.523684127136003,6.523684127136003,6.523684127136003,5.851742568609469,5.851742568609469,5.851742568609469
101,104.0,0.14850647541821943,0.14850647541821943,0.14850647541821943,0.1844299146204036,0.1844299146204036,0.1844299146204036
102,156.0,0.2542449178283454,0.2542449178283454,0.2542449178283454,0.3824469170922156,0.3824469170922156,0.3824469170922156
103,208.0,0.47395647383352124,0.47395647383352124,0.47395647383352124,0.47962212414168665,0.47962212414168665,0.47962212414168665
104,260.0,0.23172164474725515,0.23172164474725515,0.23172164474725515,0.2674084221828288,0.2674084221828288,0.2674084221828288
105,312.0,37.04070423396443,37.04070423396443,37.04070423396443,47.464012887667856,47.464012887667856,47.464012887667856
106,364.0,0.2852902764125638,0.2852902764125638,0.2852902764125638,0.21038065734094907,0.21038065734094907,0.21038065734094907
107,416.0,0.018736383442265796,0.018736383442265796,0.018736383442265796,0.020128250767748393,0.020128250767748393,0.020128250767748393
108,468.0,0.1131816111162054,0.1131816111162054,0.1131816111162054,0.11007789368753806,0.11007789368753806,0.11007789368753806
109,520.0,0.1188118811881188,0.1188118811881188,0.1188118811881188,0.10469561807665916,0.10469561807665916,0.10469561807665916
110,572.0,0.9038816404210577,0.9038816404210577,0.9038816404210577,5.6476400054002225,5.6476400054002225,5.6476400054002225
111,624.0,0.06030150753768844,0.06030150753768844,0.06030150753768844,0.05666523572637054,0.05666523572637054,0.05666523572637054
112,676.0,0.07047473690663333,0.07047473690663333,0.07047473690663333,0.10717539078230467,0.10717539078230467,0.10717539078230467
113,728.0,0.2456900406980455,0.2456900406980455,0.2456900406980455,0.3466408149603773,0.3466408149603773,0.3466408149603773
114,780.0,0.04917599064794078,0.04917599064794078,0.04917599064794078,0.11218826123561063,0.11218826123561063,0.11218826123561063
115,832.0,0.1834319526627219,0.1834319526627219,0.1834319526627219,0.359843843002696,0.359843843002696,0.359843843002696
116,884.0,0.5402924950112183,0.5402924950112183,0.5402924950112183,0.45635425795887075,0.45635425795887075,0.45635425795887075
117,936.0,0.4527711736131916,0.4527711736131916,0.4527711736131916,0.5042552911168557,0.5042552911168557,0.5042552911168557
118,988.0,125.35076377855347,125.35076377855347,125.35076377855347,122.75322551308028,122.75322551308028,122.75322551308028
119,1040.0,0.6454913656710957,0.6454913656710957,0.6454913656710957,0.6998023555482552,0.6998023555482552,0.6998023555482552
120,52.0,0.8346678417924982,0.8346678417924982,0.8346678417924982,2.282669455156845,2.282669455156845,2.282669455156845
121,104.0,2.2124361785910414,2.2124361785910414,2.2124361785910414,13.44940896358228,13.44940896358228,13.44940896358228
122,156.0,0.02392947103274559,0.02392947103274559,0.02392947103274559,0.023356851448838582,0.023356851448838582,0.023356851448838582
123,208.0,0.11099959855479727,0.11099959855479727,0.11099959855479727,0.09908013287820096,0.09908013287820096,0.09908013287820096
124,260.0,0.015236833388539251,0.015236833388539251,0.015236833388539251,0.015004672296829148,0.015004672296829148,0.015004672296829148
125,312.0,0.09418282548476455,0.09418282548476455,0.09418282548476455,0.11024316879090862,0.11024316879090862,0.11024316879090862
126,364.0,0.029317453046266605,0.029317453046266605,0.029317453046266605,0.035787303254713215,0.035787303254713215,0.035787303254713215
127,416.0,0.6980707335119104,0.6980707335119104,0.6980707335119104,0.8264203818278109,0.8264203818278109,0.8264203818278109
128,468.0,0.025822669104204752,0.025822669104204752,0.025822669104204752,0.0265269740382141,0.0265269740382141,0.0265269740382141
129,520.0,0.53141293727895,0.53141293727895,0.53141293727895,0.6553137760748433,0.6553137760748433,0.6553137760748433
130,572.0,0.24416909620991253,0.24416909620991253,0.24416909620991253,0.2661832017271715,0.2661832017271715,0.2661832017271715
131,624.0,0.14285714285714285,0.14285714285714285,0.14285714285714285,0.12244897959183676,0.12244897959183676,0.12244897959183676
132,676.0,0.15792996421511854,0.15792996421511854,0.15792996421511854,0.16703792531843137,0.16703792531843137,0.16703792531843137
133,728.0,0.13310216057615365,0.13310216057615365,0.13310216057615365,0.1975412168238195,0.1975412168238195,0.1975412168238195
134,780.0,0.05780780780780781,0.05780780780780781,0.05780780780780781,0.05446606516426337,0.05446606516426337,0.05446606516426337
135,832.0,0.016042780748663103,0.016042780748663103,0.016042780748663103,0.01578540993451343,0.01578540993451343,0.01578540993451343
136,884.0,0.322057100661178,0.322057100661178,0.322057100661178,0.31922127135465617,0.31922127135465617,0.31922127135465617
137,936.0,0.13116883116883116,0.13116883116883116,0.13116883116883116,0.132145387080452,0.132145387080452,0.132145387080452
138,988.0,0.4276157345464276,0.4276157345464276,0.4276157345464276,0.4722156960649742,0.4722156960649742,0.4722156960649742
139,1040.0,0.16555353192984848,0.16555353192984848,0.16555353192984848,0.12478824113789881,0.12478824113789881,0.12478824113789881
140,52.0,0.24093564019785693,0.24093564019785693,0.24093564019785693,0.28198200776104165,0.28198200776104165,0.28198200776104165
141,104.0,0.09789240155296727,0.09789240155296727,0.09789240155296727,0.0894187416117034,0.0894187416117034,0.0894187416117034
142,156.0,0.29728241000570566,0.29728241000570566,0.29728241000570566,0.33684870091697733,0.33684870091697733,0.33684870091697733
143,208.0,0.047106325706594884,0.047106325706594884,0.047106325706594884,0.04488731978501907,0.04488731978501907,0.04488731978501907
144,260.0,0.13371122592663698,0.13371122592663698,0.13371122592663698,0.1282788779280309,0.1282788779280309,0.1282788779280309
145,312.0,0.18475750577367206,0.18475750577367206,0.18475750577367206,0.15854034865283528,0.15854034865283528,0.15854034865283528
146,364.0,0.6680224239755226,0.6680224239755226,0.6680224239755226,0.682453740068762,0.682453740068762,0.682453740068762
147,416.0,0.2148087927319965,0.2148087927319965,0.2148087927319965,0.23775332096640106,0.23775332096640106,0.23775332096640106
148,468.0,0.5378181818181819,0.5378181818181819,0.5378181818181819,0.7583879669421486,0.7583879669421486,0.7583879669421486
149,520.0,0.05228428822910494,0.05228428822910494,0.05228428822910494,0.04648845310092581,0.04648845310092581,0.04648845310092581
150,572.0,0.5705411825485225,0.5705411825485225,0.5705411825485225,0.9258802459741117,0.9258802459741117,0.9258802459741117
151,624.0,0.07409924008499978,0.07409924008499978,0.07409924008499978,0.07869906905927562,0.07869906905927562,0.07869906905927562
152,676.0,0.4083969465648855,0.4083969465648855,0.4083969465648855,0.6690897966318978,0.6690897966318978,0.6690897966318978
153,728.0,0.12629043358568479,0.12629043358568479,0.12629043358568479,0.11240585370752015,0.11240585370752015,0.11240585370752015
154,780.0,0.03559477296198225,0.03559477296198225,0.03559477296198225,0.03720031803489864,0.03720031803489864,0.03720031803489864
155,832.0,0.293407538737127,0.293407538737127,0.293407538737127,0.4085772360148575,0.4085772360148575,0.4085772360148575
156,884.0,3.416977027587449,3.416977027587449,3.416977027587449,1.899288541572671,1.899288541572671,1.899288541572671
157,936.0,0.17969315936468844,0.17969315936468844,0.17969315936468844,0.20094917481879074,0.20094917481879074,0.20094917481879074
158,988.0,0.1883096366508689,0.1883096366508689,0.1883096366508689,0.1534810289276721,0.1534810289276721,0.1534810289276721
159,1040.0,0.317866528423426,0.317866528423426,0.317866528423426,0.3146658279745109,0.3146658279745109,0.3146658279745109
160,52.0,0.12130849613811903,0.12130849613811903,0.12130849613811903,0.12204026875562117,0.12204026875562117,0.12204026875562117
161,104.0,13.081323665631894,13.081323665631894,13.081323665631894,12.00001342989131,12.00001342989131,12.00001342989131
162,156.0,0.03667370728177677,0.03667370728177677,0.03667370728177677,0.03805093632948394,0.03805093632948394,0.03805093632948394
163,208.0,13.539389069668847,13.539389069668847,13.539389069668847,14.797770454231618,14.797770454231618,14.797770454231618
164,260.0,2.7936555901201516,2.7936555901201516,2.7936555901201516,8.673631998021659,8.673631998021659,8.673631998021659
165,312.0,0.14987789987789987,0.14987789987789987,0.14987789987789987,0.14145602904760413,0.14145602904760413,0.14145602904760413
166,364.0,1.434583835470331,1.434583835470331,1.434583835470331,7.190765844380995,7.190765844380995,7.190765844380995
167,416.0,0.01818181818181818,0.01818181818181818,0.01818181818181818,0.01785123966942149,0.01785123966942149,0.01785123966942149
168,468.0,0.07802340702210664,0.07802340702210664,0.07802340702210664,0.07453653521283951,0.07453653521283951,0.07453653521283951
169,520.0,0.004890372392331408,0.004890372392331408,0.004890372392331408,0.004028691552801553,0.004028691552801553,0.004028691552801553
170,572.0,0.26180673000865845,0.26180673000865845,0.26180673000865845,0.26226555292384734,0.26226555292384734,0.26226555292384734
171,624.0,0.2225935546074683,0.2225935546074683,0.2225935546074683,0.181309454621155,0.181309454621155,0.181309454621155
172,676.0,0.2439655172413793,0.2439655172413793,0.2439655172413793,0.2749635850178359,0.2749635850178359,0.2749635850178359
173,728.0,0.277083339540988,0.277083339540988,0.277083339540988,0.2939692161148328,0.2939692161148328,0.2939692161148328
174,780.0,0.08536585365853659,0.08536585365853659,0.08536585365853659,0.0862086059884989,0.0862086059884989,0.0862086059884989
175,832.0,0.06017865538316878,0.06017865538316878,0.06017865538316878,0.06219893376161466,0.06219893376161466,0.06219893376161466
176,884.0,0.11854197820728406,0.11854197820728406,0.11854197820728406,0.13645225038138928,0.13645225038138928,0.13645225038138928
177,936.0,0.05910212786723576,0.05910212786723576,0.05910212786723576,0.059680113711012034,0.059680113711012034,0.059680113711012034
178,988.0,0.2556100981767181,0.2556100981767181,0.2556100981767181,0.2702174749050394,0.2702174749050394,0.2702174749050394
179,1040.0,0.5823527967663589,0.5823527967663589,0.5823527967663589,0.6868316890196579,0.6868316890196579,0.6868316890196579
180,52.0,0.7024544100489757,0.7024544100489757,0.7024544100489757,1.3305270393952446,1.3305270393952446,1.3305270393952446
181,104.0,0.413554984881599,0.413554984881599,0.413554984881599,1.6316762316240723,1.6316762316240723,1.6316762316240723
182,156.0,2.7947802522526817,2.7947802522526817,2.7947802522526817,4.674444288324762,4.674444288324762,4.674444288324762
183,208.0,0.1308423832618193,0.1308423832618193,0.1308423832618193,0.1368537140560113,0.1368537140560113,0.1368537140560113
184,260.0,0.31851851851851853,0.31851851851851853,0.31851851851851853,0.3207681755829905,0.3207681755829905,0.3207681755829905
185,312.0,0.46285279366946414,0.46285279366946414,0.46285279366946414,0.4324337177619143,0.4324337177619143,0.4324337177619143
186,364.0,0.19957835558678846,0.19957835558678846,0.19957835558678846,0.23985927407825164,0.23985927407825164,0.23985927407825164
187,416.0,34.81749622926093,34.81749622926093,34.81749622926093,30.96367578241414,30.96367578241414,30.96367578241414
188,468.0,0.04374614910659273,0.04374614910659273,0.04374614910659273,0.05292299655787548,0.05292299655787548,0.05292299655787548
189,520.0,0.11700273836196166,0.11700273836196166,0.11700273836196166,0.11974326934774161,0.11974326934774161,0.11974326934774161
190,572.0,0.16322034119642967,0.16322034119642967,0.16322034119642967,0.2900728401103766,0.2900728401103766,0.2900728401103766
191,624.0,0.32,0.32,0.32,0.2575999999999999,0.2575999999999999,0.2575999999999999
192,676.0,0.2788414521448637,0.2788414521448637,0.2788414521448637,0.7692494696310637,0.7692494696310637,0.7692494696310637
193,728.0,0.30119500271591526,0.30119500271591526,0.30119500271591526,0.2827199190624796,0.2827199190624796,0.2827199190624796
194,780.0,0.019334880123743233,0.019334880123743233,0.019334880123743233,0.01896104253434372,0.01896104253434372,0.01896104253434372
195,832.0,0.14960312996701852,0.14960312996701852,0.14960312996701852,0.13631584624315848,0.13631584624315848,0.13631584624315848
196,884.0,0.12891478514202476,0.12891478514202476,0.12891478514202476,0.12831906994163264,0.12831906994163264,0.12831906994163264
197,936.0,0.26743455296205243,0.26743455296205243,0.26743455296205243,0.2529170652295584,0.2529170652295584,0.2529170652295584
198,988.0,2.0468770763514765,2.0468770763514765,2.0468770763514765,78.95703551938236,78.95703551938236,78.95703551938236
199,1040.0,0.13046538199239682,0.13046538199239682,0.13046538199239682,0.18242584633107004,0.18242584633107004,0.18242584633107004
200,52.0,0.4045852337370024,0.4045852337370024,0.4045852337370024,0.47247839893347315,0.47247839893347315,0.47247839893347315
201,104.0,5.172051853207635,5.172051853207635,5.172051853207635,23.97700237087143,23.97700237087143,23.97700237087143
202,156.0,0.06356968215158924,0.06356968215158924,0.06356968215158924,0.06148456788278406,0.06148456788278406,0.06148456788278406
203,208.0,0.7987731179809611,0.7987731179809611,0.7987731179809611,2.024814684462898,2.024814684462898,2.024814684462898
204,260.0,0.2068216019268704,0.2068216019268704,0.2068216019268704,0.2536105437872592,0.2536105437872592,0.2536105437872592
205,312.0,0.05119692716617793,0.05119692716617793,0.05119692716617793,0.05633004703577152,0.05633004703577152,0.05633004703577152
206,364.0,0.1267071320182094,0.1267071320182094,0.1267071320182094,0.13493164563957438,0.13493164563957438,0.13493164563957438
207,416.0,0.02476780185758514,0.02476780185758514,0.02476780185758514,0.02415435784872854,0.02415435784872854,0.02415435784872854
208,468.0,0.13094539048737522,0.13094539048737522,0.13094539048737522,0.11614749143941008,0.11614749143941008,0.11614749143941008
209,520.0,0.007722007722007722,0.007722007722007722,0.007722007722007722,0.007662378318748975,0.007662378318748975,0.007662378318748975
210,572.0,0.2501805689134074,0.2501805689134074,0.2501805689134074,0.8523176500673386,0.8523176500673386,0.8523176500673386
211,624.0,0.13722450238955092,0.13722450238955092,0.13722450238955092,0.20567371064119164,0.20567371064119164,0.20567371064119164
212,676.0,0.3578130663253273,0.3578130663253273,0.3578130663253273,0.36479344116042633,0.36479344116042633,0.36479344116042633
213,728.0,0.1786069375881385,0.1786069375881385,0.1786069375881385,0.19687533802344884,0.19687533802344884,0.19687533802344884
214,780.0,0.1263213646359892,0.1263213646359892,0.1263213646359892,0.11845021933926131,0.11845021933926131,0.11845021933926131
215,832.0,0.06345588559020089,0.06345588559020089,0.06345588559020089,0.04964243864386446,0.04964243864386446,0.04964243864386446
216,884.0,0.4351957987543899,0.4351957987543899,0.4351957987543899,2.344805897702079,2.344805897702079,2.344805897702079
217,936.0,0.15460471949691929,0.15460471949691929,0.15460471949691929,0.20090432589303184,0.20090432589303184,0.20090432589303184
218,988.0,0.15017174721072982,0.15017174721072982,0.15017174721072982,0.12990291555219777,0.12990291555219777,0.12990291555219777
219,1040.0,0.49864191484389536,0.49864191484389536,0.49864191484389536,0.7242486830632806,0.7242486830632806,0.7242486830632806
220,52.0,0.7475117578026959,0.7475117578026959,0.7475117578026959,0.8236048882798411,0.8236048882798411,0.8236048882798411
221,104.0,0.8612344023976557,0.8612344023976557,0.8612344023976557,4.823888996641329,4.823888996641329,4.823888996641329
222,156.0,0.3173408637841358,0.3173408637841358,0.3173408637841358,0.4139823714815074,0.4139823714815074,0.4139823714815074
223,208.0,0.012048192771084338,0.012048192771084338,0.012048192771084338,0.011903033822035126,0.011903033822035126,0.011903033822035126
224,260.0,0.13249437476770212,0.13249437476770212,0.13249437476770212,0.14560701526167352,0.14560701526167352,0.14560701526167352
225,312.0,0.043795620437956206,0.043795620437956206,0.043795620437956206,0.041877564068410686,0.041877564068410686,0.041877564068410686
226,364.0,0.511715606427514,0.511715606427514,0.511715606427514,1.1634306922131905,1.1634306922131905,1.1634306922131905
227,416.0,0.0168085570836062,0.0168085570836062,0.0168085570836062,0.01652602949237335,0.01652602949237335,0.01652602949237335
228,468.0,0.11864089884980117,0.11864089884980117,0.11864089884980117,0.10339262238472591,0.10339262238472591,0.10339262238472591
229,520.0,0.036345776031434185,0.036345776031434185,0.036345776031434185,0.03698939713834669,0.03698939713834669,0.03698939713834669
230,572.0,0.24439305669424222,0.24439305669424222,0.24439305669424222,0.36414049029460555,0.36414049029460555,0.36414049029460555
231,624.0,0.4728200149469613,0.4728200149469613,0.4728200149469613,0.57560221319885,0.57560221319885,0.57560221319885
232,676.0,0.3892832591977093,0.3892832591977093,0.3892832591977093,0.6555001695506474,0.6555001695506474,0.6555001695506474
233,728.0,0.617246007825896,0.617246007825896,0.617246007825896,0.7055636211325828,0.7055636211325828,0.7055636211325828
234,780.0,0.24609483479703698,0.24609483479703698,0.24609483479703698,0.3119760154065907,0.3119760154065907,0.3119760154065907
235,832.0,0.20585350847541098,0.20585350847541098,0.20585350847541098,0.30106980869436994,0.30106980869436994,0.30106980869436994
236,884.0,25.150178683908006,25.150178683908006,25.150178683908006,443.04693393345633,443.04693393345633,443.04693393345633
237,936.0,0.19547325102880658,0.19547325102880658,0.19547325102880658,0.1696091381733814,0.1696091381733814,0.1696091381733814
238,988.0,0.006680919294494923,0.006680919294494923,0.006680919294494923,0.00717075815543496,0.00717075815543496,0.00717075815543496
239,1040.0,0.0775,0.0775,0.0775,0.07649374999999999,0.07649374999999999,0.07649374999999999
240,52.0,0.5549435730084312,0.5549435730084312,0.5549435730084312,0.5486463615147685,0.5486463615147685,0.5486463615147685
241,104.0,0.19918863649423268,0.19918863649423268,0.19918863649423268,0.19069540245391153,0.19069540245391153,0.19069540245391153
242,156.0,0.363278454827656,0.363278454827656,0.363278454827656,0.39616257167867347,0.39616257167867347,0.39616257167867347
243,208.0,0.4059684352976197,0.4059684352976197,0.4059684352976197,0.3954153550996674,0.3954153550996674,0.3954153550996674
244,260.0,7.509152566923208,7.509152566923208,7.509152566923208,22.262843123783664,22.262843123783664,22.262843123783664
245,312.0,0.24431758919018753,0.24431758919018753,0.24431758919018753,0.17851168841778164,0.17851168841778164,0.17851168841778164
246,364.0,0.31016055802383546,0.31016055802383546,0.31016055802383546,0.2758824858294164,0.2758824858294164,0.2758824858294164
247,416.0,0.037484885126964934,0.037484885126964934,0.037484885126964934,0.036079768513983174,0.036079768513983174,0.036079768513983174
248,468.0,0.17896415702058693,0.17896415702058693,0.17896415702058693,0.17678799836726264,0.17678799836726264,0.17678799836726264
249,520.0,0.1854449802718106,0.1854449802718106,0.1854449802718106,0.15894641532004564,0.15894641532004564,0.15894641532004564
250,572.0,0.1576444769568398,0.1576444769568398,0.1576444769568398,0.1788790162515004,0.1788790162515004,0.1788790162515004
251,624.0,3.552098606224087,3.552098606224087,3.552098606224087,77.63058712671835,77.63058712671835,77.63058712671835
252,676.0,0.3956797504239476,0.3956797504239476,0.3956797504239476,0.5357640068886905,0.5357640068886905,0.5357640068886905
253,728.0,0.02667744543249798,0.02667744543249798,0.02667744543249798,0.025965759337694076,0.025965759337694076,0.025965759337694076
254,780.0,0.06655779879230503,0.06655779879230503,0.06655779879230503,0.06621748433820814,0.06621748433820814,0.06621748433820814
255,832.0,0.21720140747950653,0.21720140747950653,0.21720140747950653,0.19369442531410266,0.19369442531410266,0.19369442531410266
256,884.0,0.21830322500240615,0.21830322500240615,0.21830322500240615,0.2501905576925356,0.2501905576925356,0.2501905576925356
257,936.0,0.3514015371024012,0.3514015371024012,0.3514015371024012,0.437879548672931,0.437879548672931,0.437879548672931
258,988.0,0.21663118689421984,0.21663118689421984,0.21663118689421984,0.21818324163588557,0.21818324163588557,0.21818324163588557
259,1040.0,0.4417647452080065,0.4417647452080065,0.4417647452080065,0.5293779579210773,0.5293779579210773,0.5293779579210773
260,52.0,0.026568034406121006,0.026568034406121006,0.026568034406121006,0.025761249686791263,0.025761249686791263,0.025761249686791263
261,104.0,0.25590099522073717,0.25590099522073717,0.25590099522073717,0.3506940889581737,0.3506940889581737,0.3506940889581737
262,156.0,0.31029040404040403,0.31029040404040403,0.31029040404040403,0.2777728954634731,0.2777728954634731,0.2777728954634731
263,208.0,0.11510171899806491,0.11510171899806491,0.11510171899806491,0.1283044605116814,0.1283044605116814,0.1283044605116814
264,260.0,0.41094717987734125,0.41094717987734125,0.41094717987734125,0.40186511159475335,0.40186511159475335,0.40186511159475335
265,312.0,0.38411481455658053,0.38411481455658053,0.38411481455658053,0.539473723735913,0.539473723735913,0.539473723735913
266,364.0,0.007905138339920948,0.007905138339920948,0.007905138339920948,0.007842647127747661,0.007842647127747661,0.007842647127747661
267,416.0,0.5150235224369091,0.5150235224369091,0.5150235224369091,0.49519900443944104,0.49519900443944104,0.49519900443944104
268,468.0,1.3196781028117162,1.3196781028117162,1.3196781028117162,1.4932650284952385,1.4932650284952385,1.4932650284952385
269,520.0,0.02281134401972873,0.02281134401972873,0.02281134401972873,0.02229098660374232,0.02229098660374232,0.02229098660374232
270,572.0,0.06958453391824604,0.06958453391824604,0.06958453391824604,0.06434432168238134,0.06434432168238134,0.06434432168238134
271,624.0,0.21759530791788856,0.21759530791788856,0.21759530791788856,0.27640594766126886,0.27640594766126886,0.27640594766126886
272,676.0,0.2875379939209726,0.2875379939209726,0.2875379939209726,0.3325194704409605,0.3325194704409605,0.3325194704409605
273,728.0,0.14141922496225465,0.14141922496225465,0.14141922496225465,0.1757731242001039,0.1757731242001039,0.1757731242001039
274,780.0,49.02970132203824,49.02970132203824,49.02970132203824,238.9738455039843,238.9738455039843,238.9738455039843
275,832.0,0.15216055703460987,0.15216055703460987,0.15216055703460987,0.14047608153251792,0.14047608153251792,0.14047608153251792
276,884.0,0.030508758595326063,0.030508758595326063,0.030508758595326063,0.03466916596529537,0.03466916596529537,0.03466916596529537
277,936.0,0.21044648693936893,0.21044648693936893,0.21044648693936893,0.23261681820260338,0.23261681820260338,0.23261681820260338
278,988.0,1.3449300526938353,1.3449300526938353,1.3449300526938353,2.1109049069713084,2.1109049069713084,2.1109049069713084
279,1040.0,0.20427651337911534,0.20427651337911534,0.20427651337911534,0.21906276763165777,0.21906276763165777,0.21906276763165777
280,52.0,0.5365425674444319,0.5365425674444319,0.5365425674444319,0.5967007367441478,0.5967007367441478,0.5967007367441478
281,104.0,0.3460591559267248,0.3460591559267248,0.3460591559267248,0.34062114131983845,0.34062114131983845,0.34062114131983845
282,156.0,0.05666957279860506,0.05666957279860506,0.05666957279860506,0.058689169806530654,0.058689169806530654,0.058689169806530654
283,208.0,0.39421569306353565,0.39421569306353565,0.39421569306353565,0.34294845874856256,0.34294845874856256,0.34294845874856256
284,260.0,0.20318009516569918,0.20318009516569918,0.20318009516569918,0.20927044259325372,0.20927044259325372,0.20927044259325372
285,312.0,51.593638429081466,51.593638429081466,51.593638429081466,43.78943048140539,43.78943048140539,43.78943048140539
286,364.0,0.24872659522126536,0.24872659522126536,0.24872659522126536,0.20462470122968016,0.20462470122968016,0.20462470122968016
287,416.0,0.06686478454680535,0.06686478454680535,0.06686478454680535,0.07725272614471583,0.07725272614471583,0.07725272614471583
288,468.0,27.06160116843882,27.06160116843882,27.06160116843882,31.069556532486654,31.069556532486654,31.069556532486654
289,520.0,0.18461833893079202,0.18461833893079202,0.18461833893079202,0.24617520224698491,0.24617520224698491,0.24617520224698491
290,572.0,83.53428197314366,83.53428197314366,83.53428197314366,94.08857278810176,94.08857278810176,94.08857278810176
291,624.0,0.16736953083816553,0.16736953083816553,0.16736953083816553,0.13935697098517788,0.13935697098517788,0.13935697098517788
292,676.0,0.054942233632862644,0.054942233632862644,0.054942233632862644,0.05192358459629456,0.05192358459629456,0.05192358459629456
293,728.0,44.63367129348906,44.63367129348906,44.63367129348906,45.86758133119272,45.86758133119272,45.86758133119272
294,780.0,0.321122599704579,0.321122599704579,0.321122599704579,0.34916978851436414,0.34916978851436414,0.34916978851436414
295,832.0,0.19234580360369535,0.19234580360369535,0.19234580360369535,0.22640299667672892,0.22640299667672892,0.22640299667672892
296,884.0,0.2551466001247661,0.2551466001247661,0.2551466001247661,0.2711447539294889,0.2711447539294889,0.2711447539294889
297,936.0,0.21869488536155202,0.21869488536155202,0.21869488536155202,0.2061408010849516,0.2061408010849516,0.2061408010849516
298,988.0,0.269592926087134,0.269592926087134,0.269592926087134,0.19596732613777343,0.19596732613777343,0.19596732613777343
299,1040.0,0.13048635824436536,0.13048635824436536,0.13048635824436536,0.12769454400132838,0.12769454400132838,0.12769454400132838
300,52.0,0.24319066147859922,0.24319066147859922,0.24319066147859922,0.3054497418583173,0.3054497418583173,0.3054497418583173
301,104.0,0.2310792625773271,0.2310792625773271,0.2310792625773271,0.22120646092731625,0.22120646092731625,0.22120646092731625
302,156.0,0.16638517119877266,0.16638517119877266,0.16638517119877266,0.18107820403514785,0.18107820403514785,0.18107820403514785
303,208.0,0.16454040005318138,0.16454040005318138,0.16454040005318138,0.16980158561714048,0.16980158561714048,0.16980158561714048
304,260.0,0.06210611626262808,0.06210611626262808,0.06210611626262808,0.07463797811720657,0.07463797811720657,0.07463797811720657
305,312.0,0.1585043017868961,0.1585043017868961,0.1585043017868961,0.13338068810194467,0.13338068810194467,0.13338068810194467
306,364.0,64.16709248850282,64.16709248850282,64.16709248850282,52.73089461229412,52.73089461229412,52.73089461229412
307,416.0,0.5092005058396335,0.5092005058396335,0.5092005058396335,0.6753892313289361,0.6753892313289361,0.6753892313289361
308,468.0,0.0456140350877193,0.0456140350877193,0.0456140350877193,0.04353339489073562,0.04353339489073562,0.04353339489073562
309,520.0,0.11708165575511013,0.11708165575511013,0.11708165575511013,0.1071907353154508,0.1071907353154508,0.1071907353154508
310,572.0,0.655505246835327,0.655505246835327,0.655505246835327,0.7260903125078001,0.7260903125078001,0.7260903125078001
311,624.0,0.09094583670169766,0.09094583670169766,0.09094583670169766,0.09803443279794585,0.09803443279794585,0.09803443279794585
312,676.0,0.1583143788349691,0.1583143788349691,0.1583143788349691,0.19223058224571857,0.19223058224571857,0.19223058224571857
313,728.0,94.57604444766109,94.57604444766109,94.57604444766109,121.5908610505073,121.5908610505073,121.5908610505073
314,780.0,0.16796076828769924,0.16796076828769924,0.16796076828769924,0.6007225681380285,0.6007225681380285,0.6007225681380285
315,832.0,0.24101029464419177,0.24101029464419177,0.24101029464419177,0.5057044401308747,0.5057044401308747,0.5057044401308747
316,884.0,0.0838243170862346,0.0838243170862346,0.0838243170862346,0.08858141102089143,0.08858141102089143,0.08858141102089143
317,936.0,0.07320438687495139,0.07320438687495139,0.07320438687495139,0.0785100183438003,0.0785100183438003,0.0785100183438003
318,988.0,0.07233630021395665,0.07233630021395665,0.07233630021395665,0.060889298449835885,0.060889298449835885,0.060889298449835885
319,1040.0,0.0781563126252505,0.0781563126252505,0.0781563126252505,0.0782825950275077,0.0782825950275077,0.0782825950275077
320,52.0,0.35701977134456986,0.35701977134456986,0.35701977134456986,1.0809481897592896,1.0809481897592896,1.0809481897592896
321,104.0,0.4556056724002171,0.4556056724002171,0.4556056724002171,0.4228756736277081,0.4228756736277081,0.4228756736277081
322,156.0,0.06314212328767123,0.06314212328767123,0.06314212328767123,0.06043944212973823,0.06043944212973823,0.06043944212973823
323,208.0,0.13005952380952382,0.13005952380952382,0.13005952380952382,0.36135832979024946,0.36135832979024946,0.36135832979024946
324,260.0,0.24831840158914822,0.24831840158914822,0.24831840158914822,3.459164103841767,3.459164103841767,3.459164103841767
325,312.0,0.2627436717885466,0.2627436717885466,0.2627436717885466,0.2729323420804371,0.2729323420804371,0.2729323420804371
326,364.0,0.2018867924528302,0.2018867924528302,0.2018867924528302,0.18628574819034052,0.18628574819034052,0.18628574819034052
327,416.0,0.2655585872452852,0.2655585872452852,0.2655585872452852,0.3446940849273136,0.3446940849273136,0.3446940849273136
328,468.0,0.045247761049277656,0.045247761049277656,0.045247761049277656,0.049972991278710216,0.049972991278710216,0.049972991278710216
329,520.0,0.08276768119115394,0.08276768119115394,0.08276768119115394,0.07591719214139342,0.07591719214139342,0.07591719214139342
330,572.0,0.21164291510238062,0.21164291510238062,0.21164291510238062,0.2796642523495264,0.2796642523495264,0.2796642523495264
331,624.0,0.17646685212172553,0.17646685212172553,0.17646685212172553,0.15588846129666498,0.15588846129666498,0.15588846129666498
332,676.0,0.11276372315601436,0.11276372315601436,0.11276372315601436,0.10714849500749436,0.10714849500749436,0.10714849500749436
333,728.0,0.3121850293840858,0.3121850293840858,0.3121850293840858,0.3752436734605575,0.3752436734605575,0.3752436734605575
334,780.0,0.0061162079510703364,0.0061162079510703364,0.0061162079510703364,0.0060787999513696005,0.0060787999513696005,0.0060787999513696005
335,832.0,0.14636012676310442,0.14636012676310442,0.14636012676310442,0.12964351174340294,0.12964351174340294,0.12964351174340294
336,884.0,0.1537921704047142,0.1537921704047142,0.1537921704047142,0.20899566355074176,0.20899566355074176,0.20899566355074176
337,936.0,0.4102451321011995,0.4102451321011995,0.4102451321011995,0.46310497617804425,0.46310497617804425,0.46310497617804425
338,988.0,0.3477673427089799,0.3477673427089799,0.3477673427089799,0.32873695471259334,0.32873695471259334,0.32873695471259334
339,1040.0,0.7980413539039386,0.7980413539039386,0.7980413539039386,1.0389233244931066,1.0389233244931066,1.0389233244931066
340,52.0,0.657882622225653,0.657882622225653,0.657882622225653,0.8588327563938628,0.8588327563938628,0.8588327563938628
341,104.0,0.30042828483623407,0.30042828483623407,0.30042828483623407,0.3472587765244768,0.3472587765244768,0.3472587765244768
342,156.0,0.18287631753673744,0.18287631753673744,0.18287631753673744,0.2909186288534875,0.2909186288534875,0.2909186288534875
343,208.0,0.26145217052733105,0.26145217052733105,0.26145217052733105,0.3033569635768839,0.3033569635768839,0.3033569635768839
344,260.0,0.2038596448635827,0.2038596448635827,0.2038596448635827,0.19467006671889167,0.19467006671889167,0.19467006671889167
345,312.0,19.204377380171145,19.204377380171145,19.204377380171145,354.68179743192553,354.68179743192553,354.68179743192553
346,364.0,0.09805735430157261,0.09805735430157261,0.09805735430157261,0.09399252585016954,0.09399252585016954,0.09399252585016954
347,416.0,44.49645329895606,44.49645329895606,44.49645329895606,91.43432651771896,91.43432651771896,91.43432651771896
348,468.0,0.14098360655737704,0.14098360655737704,0.14098360655737704,0.12110722923945173,0.12110722923945173,0.12110722923945173
349,520.0,0.23214285714285715,0.23214285714285715,0.23214285714285715,0.571109693877551,0.571109693877551,0.571109693877551
350,572.0,0.15264499681325686,0.15264499681325686,0.15264499681325686,0.1548384469491555,0.1548384469491555,0.1548384469491555
351,624.0,0.11270983213429256,0.11270983213429256,0.11270983213429256,0.10000632587455215,0.10000632587455215,0.10000632587455215
352,676.0,0.16096866096866097,0.16096866096866097,0.16096866096866097,0.2763682924651586,0.2763682924651586,0.2763682924651586
353,728.0,0.0870430874079081,0.0870430874079081,0.0870430874079081,0.0963962521877894,0.0963962521877894,0.0963962521877894
354,780.0,0.1680099194048357,0.1680099194048357,0.1680099194048357,0.14019589492123757,0.14019589492123757,0.14019589492123757
355,832.0,0.03305973552211582,0.03305973552211582,0.03305973552211582,0.0337907748174403,0.0337907748174403,0.0337907748174403
356,884.0,0.09300095877277086,0.09300095877277086,0.09300095877277086,0.12462023681595517,0.12462023681595517,0.12462023681595517
357,936.0,0.7776526497816426,0.7776526497816426,0.7776526497816426,0.935377962046585,0.935377962046585,0.935377962046585
358,988.0,155.01945314972997,155.01945314972997,155.01945314972997,133.6426446428305,133.6426446428305,133.6426446428305
359,1040.0,0.24662530805959643,0.24662530805959643,0.24662530805959643,0.2882867165596199,0.2882867165596199,0.2882867165596199
360,52.0,0.25659690627843496,0.25659690627843496,0.25659690627843496,0.26263846444902755,0.26263846444902755,0.26263846444902755
361,104.0,0.2676288451158953,0.2676288451158953,0.2676288451158953,0.2955326535666781,0.2955326535666781,0.2955326535666781
362,156.0,0.3168016194331984,0.3168016194331984,0.3168016194331984,0.3068567069339496,0.3068567069339496,0.3068567069339496
363,208.0,0.2136150234741784,0.2136150234741784,0.2136150234741784,0.36047190813110264,0.36047190813110264,0.36047190813110264
364,260.0,0.1067105476824277,0.1067105476824277,0.1067105476824277,0.17472788185018054,0.17472788185018054,0.17472788185018054
365,312.0,0.21407846768571323,0.21407846768571323,0.21407846768571323,0.23446891244664364,0.23446891244664364,0.23446891244664364
366,364.0,0.4203654721999927,0.4203654721999927,0.4203654721999927,0.3995820979539978,0.3995820979539978,0.3995820979539978
367,416.0,0.14244275648003676,0.14244275648003676,0.14244275648003676,0.4476562040898464,0.4476562040898464,0.4476562040898464
368,468.0,0.21684580182736127,0.21684580182736127,0.21684580182736127,0.3330420039099769,0.3330420039099769,0.3330420039099769
369,520.0,0.07722549845549002,0.07722549845549002,0.07722549845549002,0.07126172084379115,0.07126172084379115,0.07126172084379115
370,572.0,0.7182726758455809,0.7182726758455809,0.7182726758455809,0.7558193423487941,0.7558193423487941,0.7558193423487941
371,624.0,0.6525969114333768,0.6525969114333768,0.6525969114333768,1.6006395281152674,1.6006395281152674,1.6006395281152674
372,676.0,0.04201270151441133,0.04201270151441133,0.04201270151441133,0.040247634425872314,0.040247634425872314,0.040247634425872314
373,728.0,0.15227503506072276,0.15227503506072276,0.15227503506072276,0.15038079028222254,0.15038079028222254,0.15038079028222254
374,780.0,0.003572846367606193,0.003572846367606193,0.003572846367606193,0.0035600811364396765,0.0035600811364396765,0.0035600811364396765
375,832.0,0.5493387708462759,0.5493387708462759,0.5493387708462759,0.5141185593459124,0.5141185593459124,0.5141185593459124
376,884.0,0.32968509395444157,0.32968509395444157,0.32968509395444157,0.44853821054681037,0.44853821054681037,0.44853821054681037
377,936.0,0.0034698126301179735,0.0034698126301179735,0.0034698126301179735,0.003457773030429847,0.003457773030429847,0.003457773030429847
378,988.0,0.035758323057953144,0.035758323057953144,0.035758323057953144,0.036945756635412275,0.036945756635412275,0.036945756635412275
379,1040.0,0.041666666666666664,0.041666666666666664,0.041666666666666664,0.039930555555555566,0.039930555555555566,0.039930555555555566
380,52.0,0.4839643586371685,0.4839643586371685,0.4839643586371685,0.7210781543498507,0.7210781543498507,0.7210781543498507
381,104.0,0.42097177462197394,0.42097177462197394,0.42097177462197394,1.1622286039097058,1.1622286039097058,1.1622286039097058
382,156.0,0.17221549636803873,0.17221549636803873,0.17221549636803873,0.1437679729317754,0.1437679729317754,0.1437679729317754
383,208.0,0.4299664592266069,0.4299664592266069,0.4299664592266069,0.41337743311028274,0.41337743311028274,0.41337743311028274
384,260.0,0.3655673560648407,0.3655673560648407,0.3655673560648407,0.40520902690530697,0.40520902690530697,0.40520902690530697
385,312.0,0.22353351100107938,0.22353351100107938,0.22353351100107938,0.22903605595833393,0.22903605595833393,0.22903605595833393
386,364.0,0.9647072831925363,0.9647072831925363,0.9647072831925363,2.099534755311436,2.099534755311436,2.099534755311436
387,416.0,0.13710835710313177,0.13710835710313177,0.13710835710313177,0.15910876767205753,0.15910876767205753,0.15910876767205753
388,468.0,0.17836196615405303,0.17836196615405303,0.17836196615405303,0.20741454772380674,0.20741454772380674,0.20741454772380674
389,520.0,0.31754196477518287,0.31754196477518287,0.31754196477518287,0.5420760386237387,0.5420760386237387,0.5420760386237387
390,572.0,0.2319828356324038,0.2319828356324038,0.2319828356324038,0.22365952302410955,0.22365952302410955,0.22365952302410955
391,624.0,0.34183494185198393,0.34183494185198393,0.34183494185198393,0.44797714477206746,0.44797714477206746,0.44797714477206746
392,676.0,53.96494273453063,53.96494273453063,53.96494273453063,50.69344366177136,50.69344366177136,50.69344366177136
393,728.0,0.30588047169879434,0.30588047169879434,0.30588047169879434,0.4479978072842246,0.4479978072842246,0.4479978072842246
394,780.0,0.41857208995713735,0.41857208995713735,0.41857208995713735,0.43344520249361995,0.43344520249361995,0.43344520249361995
395,832.0,0.05629318087721373,0.05629318087721373,0.05629318087721373,0.05966235116929195,0.05966235116929195,0.05966235116929195
396,884.0,0.15106346176606472,0.15106346176606472,0.15106346176606472,0.14937057458914282,0.14937057458914282,0.14937057458914282
397,936.0,0.0682101070450585,0.0682101070450585,0.0682101070450585,0.06505114032104903,0.06505114032104903,0.06505114032104903
398,988.0,0.2364296852513501,0.2364296852513501,0.2364296852513501,0.34785307965669615,0.34785307965669615,0.34785307965669615
399,1040.0,169.60054032317737,169.60054032317737,169.60054032317737,140.88167362326544,140.88167362326544,140.88167362326544
400,52.0,3.2329760332370108,3.2329760332370108,3.2329760332370108,10.981690706111554,10.981690706111554,10.981690706111554
401,104.0,0.3274780540295327,0.3274780540295327,0.3274780540295327,0.33969006457134004,0.33969006457134004,0.33969006457134004
402,156.0,0.4336824238175018,0.4336824238175018,0.4336824238175018,0.5254701155242961,0.5254701155242961,0.5254701155242961
403,208.0,0.4431871140535907,0.4431871140535907,0.4431871140535907,0.40136257615245446,0.40136257615245446,0.40136257615245446
404,260.0,36.52142355434168,36.52142355434168,36.52142355434168,153.33412911586655,153.33412911586655,153.33412911586655
405,312.0,0.21264367816091953,0.21264367816091953,0.21264367816091953,0.24788611441405733,0.24788611441405733,0.24788611441405733
406,364.0,0.14833950210523145,0.14833950210523145,0.14833950210523145,0.14348921179693136,0.14348921179693136,0.14348921179693136
407,416.0,0.30313005531547754,0.30313005531547754,0.30313005531547754,0.44610309631046613,0.44610309631046613,0.44610309631046613
408,468.0,0.3191506181923307,0.3191506181923307,0.3191506181923307,0.5541824124447366,0.5541824124447366,0.5541824124447366
409,520.0,0.36462008587857553,0.36462008587857553,0.36462008587857553,0.41428488628099885,0.41428488628099885,0.41428488628099885
410,572.0,0.4478448083028383,0.4478448083028383,0.4478448083028383,0.4667918023176118,0.4667918023176118,0.4667918023176118
411,624.0,2.461813102028788,2.461813102028788,2.461813102028788,69.52403455800601,69.52403455800601,69.52403455800601
412,676.0,0.33900308227420156,0.33900308227420156,0.33900308227420156,0.37302184022188595,0.37302184022188595,0.37302184022188595
413,728.0,0.19183673469387755,0.19183673469387755,0.19183673469387755,0.17136193252811327,0.17136193252811327,0.17136193252811327
414,780.0,0.3342446100477886,0.3342446100477886,0.3342446100477886,0.44585821085436145,0.44585821085436145,0.44585821085436145
415,832.0,0.2552995391705069,0.2552995391705069,0.2552995391705069,0.2362046337785895,0.2362046337785895,0.2362046337785895
416,884.0,0.1951462793463214,0.1951462793463214,0.1951462793463214,0.24627713352228212,0.24627713352228212,0.24627713352228212
417,936.0,1.2008919007707666,1.2008919007707666,1.2008919007707666,1.1970911461727185,1.1970911461727185,1.1970911461727185
418,988.0,0.46019561626736016,0.46019561626736016,0.46019561626736016,0.41360998014971734,0.41360998014971734,0.41360998014971734
419,1040.0,0.13626009525781735,0.13626009525781735,0.13626009525781735,0.11769328169814791,0.11769328169814791,0.11769328169814791
420,52.0,0.2222834651401364,0.2222834651401364,0.2222834651401364,0.20434831676429072,0.20434831676429072,0.20434831676429072
421,104.0,0.42395679860364227,0.42395679860364227,0.42395679860364227,0.5693518697329164,0.5693518697329164,0.5693518697329164
422,156.0,0.2309058302781139,0.2309058302781139,0.2309058302781139,0.3442444985188805,0.3442444985188805,0.3442444985188805
423,208.0,0.30853323895086815,0.30853323895086815,0.30853323895086815,0.3380861498380587,0.3380861498380587,0.3380861498380587
424,260.0,0.2678427508533748,0.2678427508533748,0.2678427508533748,0.3704200681117678,0.3704200681117678,0.3704200681117678
425,312.0,0.2376860826761996,0.2376860826761996,0.2376860826761996,0.43392058618980306,0.43392058618980306,0.43392058618980306
426,364.0,18.519187339791756,18.519187339791756,18.519187339791756,38.57426862677948,38.57426862677948,38.57426862677948
427,416.0,0.048424899737701324,0.048424899737701324,0.048424899737701324,0.057643076940854014,0.057643076940854014,0.057643076940854014
428,468.0,0.08794517017592177,0.08794517017592177,0.08794517017592177,0.09241762050054099,0.09241762050054099,0.09241762050054099
429,520.0,1.7409726079538688,1.7409726079538688,1.7409726079538688,1.3683529443933964,1.3683529443933964,1.3683529443933964
430,572.0,0.08082706766917293,0.08082706766917293,0.08082706766917293,0.07805345129741649,0.07805345129741649,0.07805345129741649
431,624.0,54.83734363066959,54.83734363066959,54.83734363066959,55.42036899393462,55.42036899393462,55.42036899393462
432,676.0,21.929402854015446,21.929402854015446,21.929402854015446,22.417924372494348,22.417924372494348,22.417924372494348
433,728.0,0.7565799151589174,0.7565799151589174,0.7565799151589174,0.8282895946141313,0.8282895946141313,0.8282895946141313
434,780.0,0.03683914510686164,0.03683914510686164,0.03683914510686164,0.03604445219094521,0.03604445219094521,0.03604445219094521
435,832.0,0.10428571428571429,0.10428571428571429,0.10428571428571429,0.15150544217687076,0.15150544217687076,0.15150544217687076
436,884.0,0.7731762303392781,0.7731762303392781,0.7731762303392781,0.9173103563502288,0.9173103563502288,0.9173103563502288
437,936.0,0.20798378811551857,0.20798378811551857,0.20798378811551857,0.17843293513523317,0.17843293513523317,0.17843293513523317
438,988.0,103.64395716657744,103.64395716657744,103.64395716657744,91.70998779816496,91.70998779816496,91.70998779816496
439,1040.0,0.07380909032669329,0.07380909032669329,0.07380909032669329,0.0727144054799714,0.0727144054799714,0.0727144054799714
440,52.0,0.0716858958519328,0.0716858958519328,0.0716858958519328,0.09451045757929893,0.09451045757929893,0.09451045757929893
441,104.0,0.4564662574307109,0.4564662574307109,0.4564662574307109,0.46612885013033906,0.46612885013033906,0.46612885013033906
442,156.0,0.5485056774515612,0.5485056774515612,0.5485056774515612,0.5756535162966335,0.5756535162966335,0.5756535162966335
443,208.0,0.25286006778939824,0.25286006778939824,0.25286006778939824,0.3798026223038853,0.3798026223038853,0.3798026223038853
444,260.0,0.6889632741199717,0.6889632741199717,0.6889632741199717,0.7383319305052958,0.7383319305052958,0.7383319305052958
445,312.0,0.40359203133356825,0.40359203133356825,0.40359203133356825,1.6990367229554577,1.6990367229554577,1.6990367229554577
446,364.0,0.36585929083325086,0.36585929083325086,0.36585929083325086,0.36564214125399047,0.36564214125399047,0.36564214125399047
447,416.0,0.36508924511353824,0.36508924511353824,0.36508924511353824,0.4245167743486029,0.4245167743486029,0.4245167743486029
448,468.0,4.349031852856889,4.349031852856889,4.349031852856889,5.993904138713163,5.993904138713163,5.993904138713163
449,520.0,0.9568476751480233,0.9568476751480233,0.9568476751480233,1.213066423209594,1.213066423209594,1.213066423209594
450,572.0,0.7172985970064149,0.7172985970064149,0.7172985970064149,0.7606283896742043,0.7606283896742043,0.7606283896742043
451,624.0,0.08104057820145659,0.08104057820145659,0.08104057820145659,0.07664920931465252,0.07664920931465252,0.07664920931465252
452,676.0,0.7806244016036434,0.7806244016036434,0.7806244016036434,0.8236742116115606,0.8236742116115606,0.8236742116115606
453,728.0,0.11769073908107684,0.11769073908107684,0.11769073908107684,0.14254422392476773,0.14254422392476773,0.14254422392476773
454,780.0,0.3329982816713408,0.3329982816713408,0.3329982816713408,0.29454808099589314,0.29454808099589314,0.29454808099589314
455,832.0,0.048615384615384616,0.048615384615384616,0.048615384615384616,0.04625192899408285,0.04625192899408285,0.04625192899408285
456,884.0,0.30682459185990246,0.30682459185990246,0.30682459185990246,0.386024806938986,0.386024806938986,0.386024806938986
457,936.0,0.5701007636736356,0.5701007636736356,0.5701007636736356,0.5507416723491096,0.5507416723491096,0.5507416723491096
458,988.0,0.13930717807923682,0.13930717807923682,0.13930717807923682,0.15366558683278428,0.15366558683278428,0.15366558683278428
459,1040.0,0.04561897106109325,0.04561897106109325,0.04561897106109325,0.04393980980087055,0.04393980980087055,0.04393980980087055
460,52.0,0.19684224201052594,0.19684224201052594,0.19684224201052594,0.19738973628723225,0.19738973628723225,0.19738973628723225
461,104.0,0.15683227448026418,0.15683227448026418,0.15683227448026418,0.19008555595952448,0.19008555595952448,0.19008555595952448
462,156.0,12.818425864448871,12.818425864448871,12.818425864448871,31.647874200501775,31.647874200501775,31.647874200501775
463,208.0,0.07835678965386078,0.07835678965386078,0.07835678965386078,0.07754222188334144,0.07754222188334144,0.07754222188334144
464,260.0,0.2722818810640823,0.2722818810640823,0.2722818810640823,0.3210962491263388,0.3210962491263388,0.3210962491263388
465,312.0,0.21824480369515012,0.21824480369515012,0.21824480369515012,0.2352791363760007,0.2352791363760007,0.2352791363760007
466,364.0,0.5372722469205042,0.5372722469205042,0.5372722469205042,2.1995704820750945,2.1995704820750945,2.1995704820750945
467,416.0,0.1627852612603961,0.1627852612603961,0.1627852612603961,0.1430525744938811,0.1430525744938811,0.1430525744938811
468,468.0,0.27413793103448275,0.27413793103448275,0.27413793103448275,0.25185988902100676,0.25185988902100676,0.25185988902100676
469,520.0,0.6210326866564565,0.6210326866564565,0.6210326866564565,0.5432164497129537,0.5432164497129537,0.5432164497129537
470,572.0,53.273329048941285,53.273329048941285,53.273329048941285,51.20701335371973,51.20701335371973,51.20701335371973
471,624.0,0.5407896445301918,0.5407896445301918,0.5407896445301918,0.5876175153613815,0.5876175153613815,0.5876175153613815
472,676.0,0.22749180158845642,0.22749180158845642,0.22749180158845642,0.2625041915128804,0.2625041915128804,0.2625041915128804
473,728.0,0.21103393689204797,0.21103393689204797,0.21103393689204797,0.16217770150819574,0.16217770150819574,0.16217770150819574
474,780.0,0.25644171779141106,0.25644171779141106,0.25644171779141106,0.2495750686890737,0.2495750686890737,0.2495750686890737
475,832.0,0.19482931477403073,0.19482931477403073,0.19482931477403073,0.21443913005642112,0.21443913005642112,0.21443913005642112
476,884.0,0.18502734543941637,0.18502734543941637,0.18502734543941637,0.1851362091626037,0.1851362091626037,0.1851362091626037
477,936.0,0.11218501898515706,0.11218501898515706,0.11218501898515706,0.1182395128856831,0.1182395128856831,0.1182395128856831
478,988.0,0.20114326545194713,0.20114326545194713,0.20114326545194713,0.16640097947501029,0.16640097947501029,0.16640097947501029
479,1040.0,0.25,0.25,0.25,0.1875,0.1875,0.1875
480,52.0,0.1444873618165638,0.1444873618165638,0.1444873618165638,0.15071424738999284,0.15071424738999284,0.15071424738999284
481,104.0,0.11141191170345689,0.11141191170345689,0.11141191170345689,0.10316422891267192,0.10316422891267192,0.10316422891267192
482,156.0,0.31962147829473464,0.31962147829473464,0.31962147829473464,0.3456282251816279,0.3456282251816279,0.3456282251816279
483,208.0,0.47052317807851685,0.47052317807851685,0.47052317807851685,0.505018221230373,0.505018221230373,0.505018221230373
484,260.0,0.24449072348189405,0.24449072348189405,0.24449072348189405,0.2828368171454918,0.2828368171454918,0.2828368171454918
485,312.0,0.11764705882352941,0.11764705882352941,0.11764705882352941,0.10522366281735938,0.10522366281735938,0.10522366281735938
486,364.0,0.045312123403229695,0.045312123403229695,0.045312123403229695,0.04325893487592018,0.04325893487592018,0.04325893487592018
487,416.0,0.14568623120381602,0.14568623120381602,0.14568623120381602,0.12968416885676862,0.12968416885676862,0.12968416885676862
488,468.0,0.13499445084315878,0.13499445084315878,0.13499445084315878,0.1549160341231746,0.1549160341231746,0.1549160341231746
489,520.0,0.06734534064212999,0.06734534064212999,0.06734534064212999,0.0659422871611408,0.0659422871611408,0.0659422871611408
490,572.0,0.2506880347553041,0.2506880347553041,0.2506880347553041,0.26662262974740436,0.26662262974740436,0.26662262974740436
491,624.0,0.20668764025875824,0.20668764025875824,0.20668764025875824,0.32387101373204197,0.32387101373204197,0.32387101373204197
492,676.0,0.2316785751600303,0.2316785751600303,0.2316785751600303,0.211777634945301,0.211777634945301,0.211777634945301
493,728.0,28.61205842934819,28.61205842934819,28.61205842934819,77.45630335386217,77.45630335386217,77.45630335386217
494,780.0,0.13038429711979369,0.13038429711979369,0.13038429711979369,0.11882846267721259,0.11882846267721259,0.11882846267721259
495,832.0,0.09890498057223596,0.09890498057223596,0.09890498057223596,0.10961024565163334,0.10961024565163334,0.10961024565163334
496,884.0,0.4700796132584478,0.4700796132584478,0.4700796132584478,1.160681727041829,1.160681727041829,1.160681727041829
497,936.0,0.22521008403361345,0.22521008403361345,0.22521008403361345,0.24731963373584728,0.24731963373584728,0.24731963373584728
498,988.0,0.02932551319648094,0.02932551319648094,0.02932551319648094,0.03139807879189205,0.03139807879189205,0.03139807879189205
499,1040.0,0.12697707769979258,0.12697707769979258,0.12697707769979258,0.17425659239803054,0.17425659239803054,0.17425659239803054
500,52.0,0.030903790087463558,0.030903790087463558,0.030903790087463558,0.02994874584569356,0.02994874584569356,0.02994874584569356
501,104.0,0.2748416883407816,0.2748416883407816,0.2748416883407816,0.33406443023399807,0.33406443023399807,0.33406443023399807
502,156.0,0.11792126604018115,0.11792126604018115,0.11792126604018115,0.131345659262962,0.131345659262962,0.131345659262962
503,208.0,0.08344376505423647,0.08344376505423647,0.08344376505423647,0.08713155312626572,0.08713155312626572,0.08713155312626572
504,260.0,0.14516129032258066,0.14516129032258066,0.14516129032258066,0.12408949011446409,0.12408949011446409,0.12408949011446409
505,312.0,0.06076154861612404,0.06076154861612404,0.06076154861612404,0.06650135504013349,0.06650135504013349,0.06650135504013349
506,364.0,0.38596538501150557,0.38596538501150557,0.38596538501150557,0.34532934320288977,0.34532934320288977,0.34532934320288977
507,416.0,0.8408101901875915,0.8408101901875915,0.8408101901875915,1.5786276367028942,1.5786276367028942,1.5786276367028942
508,468.0,0.0662967558975038,0.0662967558975038,0.0662967558975038,0.06470699064298523,0.06470699064298523,0.06470699064298523
509,520.0,0.03474775649330835,0.03474775649330835,0.03474775649330835,0.03554552290769765,0.03554552290769765,0.03554552290769765
510,572.0,0.22549713334208416,0.22549713334208416,0.22549713334208416,0.22995769041149944,0.22995769041149944,0.22995769041149944
511,624.0,0.07075673364685763,0.07075673364685763,0.07075673364685763,0.06660528455812101,0.06660528455812101,0.06660528455812101
512,676.0,0.02981715893108298,0.02981715893108298,0.02981715893108298,0.029490683868721574,0.029490683868721574,0.029490683868721574
513,728.0,0.31430219146482125,0.31430219146482125,0.31430219146482125,0.32278275989139127,0.32278275989139127,0.32278275989139127
514,780.0,89.09996054642463,89.09996054642463,89.09996054642463,124.39415240555986,124.39415240555986,124.39415240555986
515,832.0,0.033901538625600657,0.033901538625600657,0.033901538625600657,0.029760568772630287,0.029760568772630287,0.029760568772630287
516,884.0,0.5606532409189823,0.5606532409189823,0.5606532409189823,0.7347943321304655,0.7347943321304655,0.7347943321304655
517,936.0,0.7080204268192424,0.7080204268192424,0.7080204268192424,0.7276222711872343,0.7276222711872343,0.7276222711872343
518,988.0,0.4277092424588212,0.4277092424588212,0.4277092424588212,7.9510619525767,7.9510619525767,7.9510619525767
519,1040.0,0.26819770704117074,0.26819770704117074,0.26819770704117074,0.5351985122528796,0.5351985122528796,0.5351985122528796
520,52.0,0.03076923076923077,0.03076923076923077,0.03076923076923077,0.02982248520710059,0.02982248520710059,0.02982248520710059
521,104.0,1.0314421596796968,1.0314421596796968,1.0314421596796968,1.615420162007071,1.615420162007071,1.615420162007071
522,156.0,0.2741868964562662,0.2741868964562662,0.2741868964562662,0.42600493827477093,0.42600493827477093,0.42600493827477093
523,208.0,0.24636017819344266,0.24636017819344266,0.24636017819344266,0.2284407556084589,0.2284407556084589,0.2284407556084589
524,260.0,0.4995579775559307,0.4995579775559307,0.4995579775559307,1.2095808595201558,1.2095808595201558,1.2095808595201558
525,312.0,0.35291797045369266,0.35291797045369266,0.35291797045369266,0.30560644913691204,0.30560644913691204,0.30560644913691204
526,364.0,0.06224066390041494,0.06224066390041494,0.06224066390041494,0.05836676365765053,0.05836676365765053,0.05836676365765053
527,416.0,0.010574018126888218,0.010574018126888218,0.010574018126888218,0.010462208267540457,0.010462208267540457,0.010462208267540457
528,468.0,0.22076215505913271,0.22076215505913271,0.22076215505913271,0.18516683042058568,0.18516683042058568,0.18516683042058568
529,520.0,0.4037330447269348,0.4037330447269348,0.4037330447269348,1.6964003203447158,1.6964003203447158,1.6964003203447158
530,572.0,1.7060746694314117,1.7060746694314117,1.7060746694314117,1.0150493773647145,1.0150493773647145,1.0150493773647145
531,624.0,0.3298322070247411,0.3298322070247411,0.3298322070247411,1.1569070154600718,1.1569070154600718,1.1569070154600718
532,676.0,0.03220526784600954,0.03220526784600954,0.03220526784600954,0.031125335777672042,0.031125335777672042,0.031125335777672042
533,728.0,0.14766483516483517,0.14766483516483517,0.14766483516483517,0.12998081074145632,0.12998081074145632,0.12998081074145632
534,780.0,0.013984168865435357,0.013984168865435357,0.013984168865435357,0.013788611886578341,0.013788611886578341,0.013788611886578341
535,832.0,0.09119763013118917,0.09119763013118917,0.09119763013118917,0.09896187503458687,0.09896187503458687,0.09896187503458687
536,884.0,0.29442867073845,0.29442867073845,0.29442867073845,0.2521811047106758,0.2521811047106758,0.2521811047106758
537,936.0,0.0,0.0,0.0,0.0,0.0,0.0
538,988.0,0.14396484879813906,0.14396484879813906,0.14396484879813906,0.12323897110866802,0.12323897110866802,0.12323897110866802
539,1040.0,0.03363518758085381,0.03363518758085381,0.03363518758085381,0.03250386173725459,0.03250386173725459,0.03250386173725459
540,52.0,0.7794515667257633,0.7794515667257633,0.7794515667257633,0.8059417052406502,0.8059417052406502,0.8059417052406502
541,104.0,0.10251903925014645,0.10251903925014645,0.10251903925014645,0.09200888584137337,0.09200888584137337,0.09200888584137337
542,156.0,11.34863508684289,11.34863508684289,11.34863508684289,17.323847979434273,17.323847979434273,17.323847979434273
543,208.0,0.10632275016140814,0.10632275016140814,0.10632275016140814,0.1679058972678646,0.1679058972678646,0.1679058972678646
544,260.0,0.22107720596537112,0.22107720596537112,0.22107720596537112,0.2510703635566288,0.2510703635566288,0.2510703635566288
545,312.0,0.1035923141186299,0.1035923141186299,0.1035923141186299,0.09286094657417703,0.09286094657417703,0.09286094657417703
546,364.0,5.902262222665371,5.902262222665371,5.902262222665371,3.510167965804738,3.510167965804738,3.510167965804738
547,416.0,0.5276852983452675,0.5276852983452675,0.5276852983452675,0.5641672660980586,0.5641672660980586,0.5641672660980586
548,468.0,41.77432443905914,41.77432443905914,41.77432443905914,39.64705076053056,39.64705076053056,39.64705076053056
549,520.0,0.2429456297315898,0.2429456297315898,0.2429456297315898,0.2912871250548856,0.2912871250548856,0.2912871250548856
550,572.0,0.1805524443550633,0.1805524443550633,0.1805524443550633,0.14438261579358302,0.14438261579358302,0.14438261579358302
551,624.0,0.09321141887729088,0.09321141887729088,0.09321141887729088,0.10081862607064451,0.10081862607064451,0.10081862607064451
552,676.0,0.136535552193646,0.136535552193646,0.136535552193646,0.14815078126251655,0.14815078126251655,0.14815078126251655
553,728.0,0.036426657893086786,0.036426657893086786,0.036426657893086786,0.03628384542410518,0.03628384542410518,0.03628384542410518
554,780.0,0.15402499273467016,0.15402499273467016,0.15402499273467016,0.13204497351078898,0.13204497351078898,0.13204497351078898
555,832.0,0.05737704918032787,0.05737704918032787,0.05737704918032787,0.07958583415449849,0.07958583415449849,0.07958583415449849
556,884.0,0.24913527960695073,0.24913527960695073,0.24913527960695073,0.2700341139207804,0.2700341139207804,0.2700341139207804
557,936.0,0.33198670565509436,0.33198670565509436,0.33198670565509436,0.30023424591050474,0.30023424591050474,0.30023424591050474
558,988.0,0.5433003880731212,0.5433003880731212,0.5433003880731212,0.6793795664210547,0.6793795664210547,0.6793795664210547
559,1040.0,1.3273332916631384,1.3273332916631384,1.3273332916631384,60.58967723790718,60.58967723790718,60.58967723790718
560,52.0,0.11968204697511725,0.11968204697511725,0.11968204697511725,0.15610083211467202,0.15610083211467202,0.15610083211467202
561,104.0,0.38375100463321116,0.38375100463321116,0.38375100463321116,0.44086737734167414,0.44086737734167414,0.44086737734167414
562,156.0,0.1782282167674966,0.1782282167674966,0.1782282167674966,0.22732834051906725,0.22732834051906725,0.22732834051906725
563,208.0,0.3371876861899481,0.3371876861899481,0.3371876861899481,0.3444626667682396,0.3444626667682396,0.3444626667682396
564,260.0,0.24434216533950473,0.24434216533950473,0.24434216533950473,0.25335670547409794,0.25335670547409794,0.25335670547409794
565,312.0,0.26291457804148133,0.26291457804148133,0.26291457804148133,0.30171032007686194,0.30171032007686194,0.30171032007686194
566,364.0,0.45282317734208016,0.45282317734208016,0.45282317734208016,0.6582388780366117,0.6582388780366117,0.6582388780366117
567,416.0,0.3882167912870181,0.3882167912870181,0.3882167912870181,0.3587403254976573,0.3587403254976573,0.3587403254976573
568,468.0,0.226905595471445,0.226905595471445,0.226905595471445,0.3840379968067441,0.3840379968067441,0.3840379968067441
569,520.0,0.22534415673361566,0.22534415673361566,0.22534415673361566,0.21580507930972517,0.21580507930972517,0.21580507930972517
570,572.0,0.22043066672564474,0.22043066672564474,0.22043066672564474,0.2956984396802037,0.2956984396802037,0.2956984396802037
571,624.0,0.17137416693113297,0.17137416693113297,0.17137416693113297,0.16485495076394424,0.16485495076394424,0.16485495076394424
572,676.0,0.38352412903183414,0.38352412903183414,0.38352412903183414,0.40396686279758776,0.40396686279758776,0.40396686279758776
573,728.0,0.19262488278966405,0.19262488278966405,0.19262488278966405,0.20738048395959582,0.20738048395959582,0.20738048395959582
574,780.0,0.05422662040891289,0.05422662040891289,0.05422662040891289,0.053299906785934575,0.053299906785934575,0.053299906785934575
575,832.0,0.0475119482710149,0.0475119482710149,0.0475119482710149,0.05031500723705327,0.05031500723705327,0.05031500723705327
576,884.0,0.25448131964392146,0.25448131964392146,0.25448131964392146,0.26979007197015675,0.26979007197015675,0.26979007197015675
577,936.0,0.1018957345971564,0.1018957345971564,0.1018957345971564,0.09151299386806226,0.09151299386806226,0.09151299386806226
578,988.0,0.6856174294400502,0.6856174294400502,0.6856174294400502,0.7367773030547867,0.7367773030547867,0.7367773030547867
579,1040.0,0.18940978756304935,0.18940978756304935,0.18940978756304935,0.20307730915545938,0.20307730915545938,0.20307730915545938
580,52.0,0.13465366426123826,0.13465366426123826,0.13465366426123826,0.16895250268360026,0.16895250268360026,0.16895250268360026
581,104.0,0.03500473036896878,0.03500473036896878,0.03500473036896878,0.03756369439578824,0.03756369439578824,0.03756369439578824
582,156.0,1.3291893898675442,1.3291893898675442,1.3291893898675442,1.857594791185657,1.857594791185657,1.857594791185657
583,208.0,0.0650142218610321,0.0650142218610321,0.0650142218610321,0.060787372816836584,0.060787372816836584,0.060787372816836584
584,260.0,0.0661300121451296,0.0661300121451296,0.0661300121451296,0.07403522257021078,0.07403522257021078,0.07403522257021078
585,312.0,0.11180124223602485,0.11180124223602485,0.11180124223602485,0.11172408471895373,0.11172408471895373,0.11172408471895373
586,364.0,0.018782870022539443,0.018782870022539443,0.018782870022539443,0.018430073816255832,0.018430073816255832,0.018430073816255832
587,416.0,0.23801324410481964,0.23801324410481964,0.23801324410481964,0.37359947963597767,0.37359947963597767,0.37359947963597767
588,468.0,55.95963206634968,55.95963206634968,55.95963206634968,50.25604060126061,50.25604060126061,50.25604060126061
589,520.0,0.3654594493086192,0.3654594493086192,0.3654594493086192,0.3480690760989005,0.3480690760989005,0.3480690760989005
590,572.0,0.44611682387713136,0.44611682387713136,0.44611682387713136,0.5505808457125169,0.5505808457125169,0.5505808457125169
591,624.0,0.11325639616561428,0.11325639616561428,0.11325639616561428,0.14007708383548356,0.14007708383548356,0.14007708383548356
592,676.0,0.17487179487179488,0.17487179487179488,0.17487179487179488,0.16685575279421438,0.16685575279421438,0.16685575279421438
593,728.0,0.3279602893508649,0.3279602893508649,0.3279602893508649,0.3338590202018951,0.3338590202018951,0.3338590202018951
594,780.0,0.038605230386052306,0.038605230386052306,0.038605230386052306,0.038360196585345424,0.038360196585345424,0.038360196585345424
595,832.0,0.02181818181818182,0.02181818181818182,0.02181818181818182,0.021342148760330578,0.021342148760330578,0.021342148760330578
596,884.0,0.625,0.625,0.625,0.734375,0.734375,0.734375
597,936.0,0.4406547569232504,0.4406547569232504,0.4406547569232504,0.529159768509254,0.529159768509254,0.529159768509254
598,988.0,0.1327088212334114,0.1327088212334114,0.1327088212334114,0.1713032789932241,0.1713032789932241,0.1713032789932241
599,1040.0,0.39087082543175805,0.39087082543175805,0.39087082543175805,0.6870916013463413,0.6870916013463413,0.6870916013463413
600,52.0,0.2963856932535104,0.2963856932535104,0.2963856932535104,0.2829104656984105,0.2829104656984105,0.2829104656984105
601,104.0,0.040169133192389,0.040169133192389,0.040169133192389,0.04278390374068628,0.04278390374068628,0.04278390374068628
602,156.0,0.32898005236166505,0.32898005236166505,0.32898005236166505,0.3223936423411532,0.3223936423411532,0.3223936423411532
603,208.0,0.12871790627956914,0.12871790627956914,0.12871790627956914,0.12110354989264835,0.12110354989264835,0.12110354989264835
604,260.0,0.3613102680818442,0.3613102680818442,0.3613102680818442,0.4083703569973209,0.4083703569973209,0.4083703569973209
605,312.0,0.3696732344659657,0.3696732344659657,0.3696732344659657,0.4692762045755522,0.4692762045755522,0.4692762045755522
606,364.0,0.0568769960023787,0.0568769960023787,0.0568769960023787,0.05923359999949859,0.05923359999949859,0.05923359999949859
607,416.0,32.78548282566429,32.78548282566429,32.78548282566429,29.766684909458768,29.766684909458768,29.766684909458768
608,468.0,0.18028581898131182,0.18028581898131182,0.18028581898131182,0.21960402237493384,0.21960402237493384,0.21960402237493384
609,520.0,0.4773419733046311,0.4773419733046311,0.4773419733046311,0.6121323225025757,0.6121323225025757,0.6121323225025757
610,572.0,0.10707611871493024,0.10707611871493024,0.10707611871493024,0.10278648104564155,0.10278648104564155,0.10278648104564155
611,624.0,0.11433620818101937,0.11433620818101937,0.11433620818101937,0.12959289532091053,0.12959289532091053,0.12959289532091053
612,676.0,0.11441668555305023,0.11441668555305023,0.11441668555305023,0.155479628807164,0.155479628807164,0.155479628807164
613,728.0,0.2939625130537656,0.2939625130537656,0.2939625130537656,0.42981634814607883,0.42981634814607883,0.42981634814607883
614,780.0,0.9686232968585738,0.9686232968585738,0.9686232968585738,31.628067579330757,31.628067579330757,31.628067579330757
615,832.0,0.2074793708935785,0.2074793708935785,0.2074793708935785,0.2655672618277821,0.2655672618277821,0.2655672618277821
616,884.0,0.21171366594360086,0.21171366594360086,0.21171366594360086,0.18771528460716824,0.18771528460716824,0.18771528460716824
617,936.0,0.1514705882352941,0.1514705882352941,0.1514705882352941,0.13146842560553632,0.13146842560553632,0.13146842560553632
618,988.0,0.1443850267379679,0.1443850267379679,0.1443850267379679,0.20107809774371585,0.20107809774371585,0.20107809774371585
619,1040.0,0.17859952793076317,0.17859952793076317,0.17859952793076317,0.24740984040890382,0.24740984040890382,0.24740984040890382
620,52.0,0.37428747548781255,0.37428747548781255,0.37428747548781255,0.9636722856215358,0.9636722856215358,0.9636722856215358
621,104.0,0.8191267952117225,0.8191267952117225,0.8191267952117225,1.0141711351159977,1.0141711351159977,1.0141711351159977
622,156.0,0.015180265654648957,0.015180265654648957,0.015180265654648957,0.015371499235265712,0.015371499235265712,0.015371499235265712
623,208.0,0.13504813917988898,0.13504813917988898,0.13504813917988898,0.1303256083679259,0.1303256083679259,0.1303256083679259
624,260.0,0.13263525305410123,0.13263525305410123,0.13263525305410123,0.15343755805914186,0.15343755805914186,0.15343755805914186
625,312.0,0.003858210754762479,0.003858210754762479,0.003858210754762479,0.0038433249645343126,0.0038433249645343126,0.0038433249645343126
626,364.0,0.5070605785890118,0.5070605785890118,0.5070605785890118,0.5442460998701445,0.5442460998701445,0.5442460998701445
627,416.0,0.17863105175292154,0.17863105175292154,0.17863105175292154,0.18678877706583877,0.18678877706583877,0.18678877706583877
628,468.0,52.45629057679474,52.45629057679474,52.45629057679474,64.40000728449355,64.40000728449355,64.40000728449355
629,520.0,0.049466192170818504,0.049466192170818504,0.049466192170818504,0.0512897506363901,0.0512897506363901,0.0512897506363901
630,572.0,0.6320543528303424,0.6320543528303424,0.6320543528303424,0.7081132590815685,0.7081132590815685,0.7081132590815685
631,624.0,0.3253382818906383,0.3253382818906383,0.3253382818906383,0.4707454255338284,0.4707454255338284,0.4707454255338284
632,676.0,0.20925553319919518,0.20925553319919518,0.20925553319919518,0.19363666910922273,0.19363666910922273,0.19363666910922273
633,728.0,0.10015898251192369,0.10015898251192369,0.10015898251192369,0.09330681097257362,0.09330681097257362,0.09330681097257362
634,780.0,0.18378497067330749,0.18378497067330749,0.18378497067330749,0.16353038237769643,0.16353038237769643,0.16353038237769643
635,832.0,0.2994899525108326,0.2994899525108326,0.2994899525108326,0.5668434301946595,0.5668434301946595,0.5668434301946595
636,884.0,0.13793103448275862,0.13793103448275862,0.13793103448275862,0.12701965447296634,0.12701965447296634,0.12701965447296634
637,936.0,0.18556701030927836,0.18556701030927836,0.18556701030927836,0.17175045169518544,0.17175045169518544,0.17175045169518544
638,988.0,0.1016949152542373,0.1016949152542373,0.1016949152542373,0.09619567447777734,0.09619567447777734,0.09619567447777734
639,1040.0,167.27214928124997,167.27214928124997,167.27214928124997,330.1494206840727,330.1494206840727,330.1494206840727
640,52.0,0.18519909842223892,0.18519909842223892,0.18519909842223892,0.1809529844018919,0.1809529844018919,0.1809529844018919
641,104.0,0.2558974646680957,0.2558974646680957,0.2558974646680957,0.26791203812267955,0.26791203812267955,0.26791203812267955
642,156.0,0.23942295800152083,0.23942295800152083,0.23942295800152083,0.41269447040179225,0.41269447040179225,0.41269447040179225
643,208.0,0.22149736578142235,0.22149736578142235,0.22149736578142235,0.22343609434966658,0.22343609434966658,0.22343609434966658
644,260.0,0.0655965016386243,0.0655965016386243,0.0655965016386243,0.06973183066681952,0.06973183066681952,0.06973183066681952
645,312.0,0.2287528117278865,0.2287528117278865,0.2287528117278865,0.20835339944008024,0.20835339944008024,0.20835339944008024
646,364.0,0.23245661164957768,0.23245661164957768,0.23245661164957768,0.25466055112880237,0.25466055112880237,0.25466055112880237
647,416.0,0.3180114584692932,0.3180114584692932,0.3180114584692932,0.4433133471946872,0.4433133471946872,0.4433133471946872
648,468.0,0.42845000044579373,0.42845000044579373,0.42845000044579373,1.2350245719705821,1.2350245719705821,1.2350245719705821
649,520.0,0.1219855305466238,0.1219855305466238,0.1219855305466238,0.11192821200928445,0.11192821200928445,0.11192821200928445
650,572.0,0.29564239364651834,0.29564239364651834,0.29564239364651834,0.33367182124136496,0.33367182124136496,0.33367182124136496
651,624.0,0.016690054507498935,0.016690054507498935,0.016690054507498935,0.015036208066805336,0.015036208066805336,0.015036208066805336
652,676.0,0.15409054805401112,0.15409054805401112,0.15409054805401112,0.15099796161836526,0.15099796161836526,0.15099796161836526
653,728.0,0.27070667508989854,0.27070667508989854,0.27070667508989854,0.28507263605276617,0.28507263605276617,0.28507263605276617
654,780.0,0.15447628713703274,0.15447628713703274,0.15447628713703274,0.1612175775650523,0.1612175775650523,0.1612175775650523
655,832.0,0.19563530843681654,0.19563530843681654,0.19563530843681654,0.2010543769270819,0.2010543769270819,0.2010543769270819
656,884.0,0.5428830179588117,0.5428830179588117,0.5428830179588117,2.1332897401199578,2.1332897401199578,2.1332897401199578
657,936.0,0.06584468593706418,0.06584468593706418,0.06584468593706418,0.07511601291184633,0.07511601291184633,0.07511601291184633
658,988.0,0.5105061887405151,0.5105061887405151,0.5105061887405151,0.47645889975012884,0.47645889975012884,0.47645889975012884
659,1040.0,0.040340766725131545,0.040340766725131545,0.040340766725131545,0.03921451680211822,0.03921451680211822,0.03921451680211822
660,52.0,0.2762618013139418,0.2762618013139418,0.2762618013139418,0.3163088636010673,0.3163088636010673,0.3163088636010673
661,104.0,0.5823791523957801,0.5823791523957801,0.5823791523957801,0.5481445916581259,0.5481445916581259,0.5481445916581259
662,156.0,0.9210033553011007,0.9210033553011007,0.9210033553011007,2.8273529038835297,2.8273529038835297,2.8273529038835297
663,208.0,0.055508474576271186,0.055508474576271186,0.055508474576271186,0.05666457196207987,0.05666457196207987,0.05666457196207987
664,260.0,0.2701196024674099,0.2701196024674099,0.2701196024674099,0.244373704697917,0.244373704697917,0.244373704697917
665,312.0,0.1436656508489334,0.1436656508489334,0.1436656508489334,0.12302583161508578,0.12302583161508578,0.12302583161508578
666,364.0,0.2639269406392694,0.2639269406392694,0.2639269406392694,0.239931611100686,0.239931611100686,0.239931611100686
667,416.0,0.13271783035199078,0.13271783035199078,0.13271783035199078,0.12549042066880675,0.12549042066880675,0.12549042066880675
668,468.0,0.869551649255708,0.869551649255708,0.869551649255708,0.8448378479369849,0.8448378479369849,0.8448378479369849
669,520.0,0.039927404718693285,0.039927404718693285,0.039927404718693285,0.03833320707112295,0.03833320707112295,0.03833320707112295
670,572.0,0.15941519992843864,0.15941519992843864,0.15941519992843864,0.12350404372249366,0.12350404372249366,0.12350404372249366
671,624.0,0.2648574373067674,0.2648574373067674,0.2648574373067674,0.2496719051310486,0.2496719051310486,0.2496719051310486
672,676.0,0.5186334214344267,0.5186334214344267,0.5186334214344267,0.759080625175247,0.759080625175247,0.759080625175247
673,728.0,0.11026447226336612,0.11026447226336612,0.11026447226336612,0.1102174768968385,0.1102174768968385,0.1102174768968385
674,780.0,0.3554056480713129,0.3554056480713129,0.3554056480713129,0.39888438041273117,0.39888438041273117,0.39888438041273117
675,832.0,0.273989898989899,0.273989898989899,0.273989898989899,0.4388184241403939,0.4388184241403939,0.4388184241403939
676,884.0,0.16952242070725482,0.16952242070725482,0.16952242070725482,0.14078456958480737,0.14078456958480737,0.14078456958480737
677,936.0,0.1401664476565922,0.1401664476565922,0.1401664476565922,0.2125040458825626,0.2125040458825626,0.2125040458825626
678,988.0,0.1152542372881356,0.1152542372881356,0.1152542372881356,0.12456956813176291,0.12456956813176291,0.12456956813176291
679,1040.0,0.2436100014381372,0.2436100014381372,0.2436100014381372,0.2765582697714675,0.2765582697714675,0.2765582697714675
680,52.0,0.10339968719508581,0.10339968719508581,0.10339968719508581,0.10387601791329745,0.10387601791329745,0.10387601791329745
681,104.0,0.21846417254706277,0.21846417254706277,0.21846417254706277,0.29981459258656884,0.29981459258656884,0.29981459258656884
682,156.0,0.6167235503373458,0.6167235503373458,0.6167235503373458,0.6520008891074862,0.6520008891074862,0.6520008891074862
683,208.0,0.15040381044025244,0.15040381044025244,0.15040381044025244,0.18194346241863685,0.18194346241863685,0.18194346241863685
684,260.0,0.08895265423242468,0.08895265423242468,0.08895265423242468,0.08964840091476278,0.08964840091476278,0.08964840091476278
685,312.0,0.002976190476190476,0.002976190476190476,0.002976190476190476,0.002967332766439909,0.002967332766439909,0.002967332766439909
686,364.0,0.11198830409356725,0.11198830409356725,0.11198830409356725,0.3702071577579426,0.3702071577579426,0.3702071577579426
687,416.0,0.01637967240655187,0.01637967240655187,0.01637967240655187,0.016111378738405912,0.016111378738405912,0.016111378738405912
688,468.0,0.11835797850616758,0.11835797850616758,0.11835797850616758,0.13641384359978656,0.13641384359978656,0.13641384359978656
689,520.0,0.013888888888888888,0.013888888888888888,0.013888888888888888,0.013695987654320995,0.013695987654320995,0.013695987654320995
690,572.0,0.2727686622585528,0.2727686622585528,0.2727686622585528,0.2840164052219166,0.2840164052219166,0.2840164052219166
691,624.0,0.21435856278964485,0.21435856278964485,0.21435856278964485,0.2723198166799538,0.2723198166799538,0.2723198166799538
692,676.0,78.98241776180332,78.98241776180332,78.98241776180332,1670.845195387218,1670.845195387218,1670.845195387218
693,728.0,0.0058165548098434005,0.0058165548098434005,0.0058165548098434005,0.005782722499987486,0.005782722499987486,0.005782722499987486
694,780.0,0.21790065604498593,0.21790065604498593,0.21790065604498593,0.21915473052440562,0.21915473052440562,0.21915473052440562
695,832.0,0.02456560814859197,0.02456560814859197,0.02456560814859197,0.023962139044881797,0.023962139044881797,0.023962139044881797
696,884.0,41.94551949036778,41.94551949036778,41.94551949036778,61.02265773978558,61.02265773978558,61.02265773978558
697,936.0,0.29086065334527333,0.29086065334527333,0.29086065334527333,0.33830181199757187,0.33830181199757187,0.33830181199757187
698,988.0,0.025844245348035838,0.025844245348035838,0.025844245348035838,0.027933039834216855,0.027933039834216855,0.027933039834216855
699,1040.0,55.751989466101364,55.751989466101364,55.751989466101364,225.2772332919209,225.2772332919209,225.2772332919209
700,52.0,0.29067130893058013,0.29067130893058013,0.29067130893058013,0.3281738598365,0.3281738598365,0.3281738598365
701,104.0,0.1815100943147869,0.1815100943147869,0.1815100943147869,0.146834520122432,0.146834520122432,0.146834520122432
702,156.0,0.10386967632069599,0.10386967632069599,0.10386967632069599,0.12002008660323875,0.12002008660323875,0.12002008660323875
703,208.0,0.058922558922558925,0.058922558922558925,0.058922558922558925,0.05545069097257649,0.05545069097257649,0.05545069097257649
704,260.0,0.222030671860864,0.222030671860864,0.222030671860864,0.2602977594657893,0.2602977594657893,0.2602977594657893
705,312.0,0.2188542314575178,0.2188542314575178,0.2188542314575178,1.2379028284780054,1.2379028284780054,1.2379028284780054
706,364.0,0.19659609787908286,0.19659609787908286,0.19659609787908286,0.20229824442953115,0.20229824442953115,0.20229824442953115
707,416.0,0.0293187697614257,0.0293187697614257,0.0293187697614257,0.028459179501102203,0.028459179501102203,0.028459179501102203
708,468.0,81.25549006757724,81.25549006757724,81.25549006757724,71.57076437723956,71.57076437723956,71.57076437723956
709,520.0,0.44649545971051785,0.44649545971051785,0.44649545971051785,0.5725991110428597,0.5725991110428597,0.5725991110428597
710,572.0,0.0954356846473029,0.0954356846473029,0.0954356846473029,0.21080904254403335,0.21080904254403335,0.21080904254403335
711,624.0,0.08853747662296238,0.08853747662296238,0.08853747662296238,0.0820424789518493,0.0820424789518493,0.0820424789518493
712,676.0,1.3333333333333333,1.3333333333333333,1.3333333333333333,3.555555555555556,3.555555555555556,3.555555555555556
713,728.0,0.4697868236826278,0.4697868236826278,0.4697868236826278,0.44811297059045213,0.44811297059045213,0.44811297059045213
714,780.0,0.17196261682242991,0.17196261682242991,0.17196261682242991,0.17229801729408678,0.17229801729408678,0.17229801729408678
715,832.0,0.1406298721546617,0.1406298721546617,0.1406298721546617,0.12085311121242519,0.12085311121242519,0.12085311121242519
716,884.0,0.6131521406930361,0.6131521406930361,0.6131521406930361,0.7383450190497792,0.7383450190497792,0.7383450190497792
717,936.0,0.2403091266910291,0.2403091266910291,0.2403091266910291,0.2928948035223314,0.2928948035223314,0.2928948035223314
718,988.0,0.17209302325581396,0.17209302325581396,0.17209302325581396,0.14247701460248785,0.14247701460248785,0.14247701460248785
719,1040.0,0.17083257834762441,0.17083257834762441,0.17083257834762441,0.16671040171205478,0.16671040171205478,0.16671040171205478
720,52.0,0.3607018187990131,0.3607018187990131,0.3607018187990131,0.559090826178374,0.559090826178374,0.559090826178374
721,104.0,0.031058438904781365,0.031058438904781365,0.031058438904781365,0.03663243099437541,0.03663243099437541,0.03663243099437541
722,156.0,17.45175074647174,17.45175074647174,17.45175074647174,39.052373773239616,39.052373773239616,39.052373773239616
723,208.0,0.21592442645074225,0.21592442645074225,0.21592442645074225,0.18279634516583165,0.18279634516583165,0.18279634516583165
724,260.0,13.803345080023721,13.803345080023721,13.803345080023721,14.089177272171703,14.089177272171703,14.089177272171703
725,312.0,0.11428571428571428,0.11428571428571428,0.11428571428571428,0.14408163265306123,0.14408163265306123,0.14408163265306123
726,364.0,0.17645146617453195,0.17645146617453195,0.17645146617453195,0.1521262950454511,0.1521262950454511,0.1521262950454511
727,416.0,0.1590378868907378,0.1590378868907378,0.1590378868907378,0.1504704411698152,0.1504704411698152,0.1504704411698152
728,468.0,0.43478260869565216,0.43478260869565216,0.43478260869565216,0.42756487368963736,0.42756487368963736,0.42756487368963736
729,520.0,60.30080748345717,60.30080748345717,60.30080748345717,56.14248958489567,56.14248958489567,56.14248958489567
730,572.0,0.08285739927216024,0.08285739927216024,0.08285739927216024,0.09462955507214627,0.09462955507214627,0.09462955507214627
731,624.0,0.023194168323392977,0.023194168323392977,0.023194168323392977,0.02265619887917909,0.02265619887917909,0.02265619887917909
732,676.0,0.16624681511758194,0.16624681511758194,0.16624681511758194,0.15226738221933028,0.15226738221933028,0.15226738221933028
733,728.0,0.07142857142857142,0.07142857142857142,0.07142857142857142,0.06989795918367346,0.06989795918367346,0.06989795918367346
734,780.0,0.31194426166425965,0.31194426166425965,0.31194426166425965,0.4593782398296444,0.4593782398296444,0.4593782398296444
735,832.0,0.2206315795022733,0.2206315795022733,0.2206315795022733,0.2426733632219475,0.2426733632219475,0.2426733632219475
736,884.0,0.3699749219417336,0.3699749219417336,0.3699749219417336,0.5823035016460143,0.5823035016460143,0.5823035016460143
737,936.0,0.7402871116280904,0.7402871116280904,0.7402871116280904,0.7636795175227881,0.7636795175227881,0.7636795175227881
738,988.0,0.04874551971326165,0.04874551971326165,0.04874551971326165,0.05210416104623527,0.05210416104623527,0.05210416104623527
739,1040.0,0.3884717665251164,0.3884717665251164,0.3884717665251164,0.8102086662407184,0.8102086662407184,0.8102086662407184
740,52.0,0.9789264653801347,0.9789264653801347,0.9789264653801347,1.3688136323779994,1.3688136323779994,1.3688136323779994
741,104.0,0.31104092511762105,0.31104092511762105,0.31104092511762105,0.43594605790621405,0.43594605790621405,0.43594605790621405
742,156.0,0.21502870053085535,0.21502870053085535,0.21502870053085535,0.1913134744112336,0.1913134744112336,0.1913134744112336
743,208.0,0.11373285869016092,0.11373285869016092,0.11373285869016092,0.10530167634513678,0.10530167634513678,0.10530167634513678
744,260.0,0.17399514928292903,0.17399514928292903,0.17399514928292903,0.17107333029116387,0.17107333029116387,0.17107333029116387
745,312.0,0.027142857142857142,0.027142857142857142,0.027142857142857142,0.026406122448979597,0.026406122448979597,0.026406122448979597
746,364.0,0.521085723050448,0.521085723050448,0.521085723050448,0.5179099818736953,0.5179099818736953,0.5179099818736953
747,416.0,0.17926989838820637,0.17926989838820637,0.17926989838820637,0.3649018152738068,0.3649018152738068,0.3649018152738068
748,468.0,0.1442832212964256,0.1442832212964256,0.1442832212964256,0.12675148261538405,0.12675148261538405,0.12675148261538405
749,520.0,0.23605217364197978,0.23605217364197978,0.23605217364197978,0.2884441655056445,0.2884441655056445,0.2884441655056445
750,572.0,0.043478260869565216,0.043478260869565216,0.043478260869565216,0.04769011375319206,0.04769011375319206,0.04769011375319206
751,624.0,0.74978386794854,0.74978386794854,0.74978386794854,0.7903116006619695,0.7903116006619695,0.7903116006619695
752,676.0,0.18706795882826652,0.18706795882826652,0.18706795882826652,0.19403350264223018,0.19403350264223018,0.19403350264223018
753,728.0,0.47450820639607133,0.47450820639607133,0.47450820639607133,0.5537529916522963,0.5537529916522963,0.5537529916522963
754,780.0,0.14339440515086987,0.14339440515086987,0.14339440515086987,0.14880429156499828,0.14880429156499828,0.14880429156499828
755,832.0,0.05053813757604118,0.05053813757604118,0.05053813757604118,0.05921473146550657,0.05921473146550657,0.05921473146550657
756,884.0,0.04,0.04,0.04,0.038400000000000004,0.038400000000000004,0.038400000000000004
757,936.0,0.6383276844059402,0.6383276844059402,0.6383276844059402,1.7478456422083057,1.7478456422083057,1.7478456422083057
758,988.0,0.48617678772599177,0.48617678772599177,0.48617678772599177,0.5532386062176697,0.5532386062176697,0.5532386062176697
759,1040.0,0.0025438861155289883,0.0025438861155289883,0.0025438861155289883,0.0023692405703319274,0.0023692405703319274,0.0023692405703319274
760,52.0,0.23778574630210667,0.23778574630210667,0.23778574630210667,0.3130231562468545,0.3130231562468545,0.3130231562468545
761,104.0,0.5846371275409575,0.5846371275409575,0.5846371275409575,2.307285589147246,2.307285589147246,2.307285589147246
762,156.0,0.29883848877974317,0.29883848877974317,0.29883848877974317,0.2883449300770114,0.2883449300770114,0.2883449300770114
763,208.0,0.3016696588945237,0.3016696588945237,0.3016696588945237,0.472592934384508,0.472592934384508,0.472592934384508
764,260.0,0.10728628800917958,0.10728628800917958,0.10728628800917958,0.10495551585902663,0.10495551585902663,0.10495551585902663
765,312.0,0.38990152120403376,0.38990152120403376,0.38990152120403376,0.351992788980859,0.351992788980859,0.351992788980859
766,364.0,0.04494126490228723,0.04494126490228723,0.04494126490228723,0.04603116077880496,0.04603116077880496,0.04603116077880496
767,416.0,0.33173896365034433,0.33173896365034433,0.33173896365034433,0.25456581532901446,0.25456581532901446,0.25456581532901446
768,468.0,0.2680817198062001,0.2680817198062001,0.2680817198062001,0.23425214045959286,0.23425214045959286,0.23425214045959286
769,520.0,0.2187610024912393,0.2187610024912393,0.2187610024912393,0.23540499251235542,0.23540499251235542,0.23540499251235542
770,572.0,0.191507460388742,0.191507460388742,0.191507460388742,0.25483055488439804,0.25483055488439804,0.25483055488439804
771,624.0,0.15485251722041884,0.15485251722041884,0.15485251722041884,0.15444119608810658,0.15444119608810658,0.15444119608810658
772,676.0,0.17184265010351968,0.17184265010351968,0.17184265010351968,0.15473511395736617,0.15473511395736617,0.15473511395736617
773,728.0,0.1398068609550864,0.1398068609550864,0.1398068609550864,0.25480757976751267,0.25480757976751267,0.25480757976751267
774,780.0,0.36481375053288795,0.36481375053288795,0.36481375053288795,0.3714058443751499,0.3714058443751499,0.3714058443751499
775,832.0,0.0879851718818772,0.0879851718818772,0.0879851718818772,0.08332048748590266,0.08332048748590266,0.08332048748590266
776,884.0,0.07641921397379912,0.07641921397379912,0.07641921397379912,0.07057931770942584,0.07057931770942584,0.07057931770942584
777,936.0,0.2995342991075321,0.2995342991075321,0.2995342991075321,0.26880248352943653,0.26880248352943653,0.26880248352943653
778,988.0,0.22937853107344633,0.22937853107344633,0.22937853107344633,0.44795046123400056,0.44795046123400056,0.44795046123400056
779,1040.0,0.13881475756557246,0.13881475756557246,0.13881475756557246,0.17647049019084732,0.17647049019084732,0.17647049019084732
780,52.0,0.34472813641654815,0.34472813641654815,0.34472813641654815,0.4170402354836101,0.4170402354836101,0.4170402354836101
781,104.0,0.22916550870352884,0.22916550870352884,0.22916550870352884,0.34048848324101727,0.34048848324101727,0.34048848324101727
782,156.0,0.2857428451209885,0.2857428451209885,0.2857428451209885,0.3234404151810536,0.3234404151810536,0.3234404151810536
783,208.0,0.21190598593004964,0.21190598593004964,0.21190598593004964,0.2900767616739501,0.2900767616739501,0.2900767616739501
784,260.0,0.07499878555102829,0.07499878555102829,0.07499878555102829,0.0687708963277429,0.0687708963277429,0.0687708963277429
785,312.0,0.014144271570014143,0.014144271570014143,0.014144271570014143,0.01394421115176783,0.01394421115176783,0.01394421115176783
786,364.0,0.20237469201582642,0.20237469201582642,0.20237469201582642,0.2650652242277394,0.2650652242277394,0.2650652242277394
787,416.0,0.28557862997443634,0.28557862997443634,0.28557862997443634,0.25780670858353505,0.25780670858353505,0.25780670858353505
788,468.0,0.02335766423357664,0.02335766423357664,0.02335766423357664,0.022812083755128144,0.022812083755128144,0.022812083755128144
789,520.0,0.0,0.0,0.0,0.0,0.0,0.0
790,572.0,0.0855614973262032,0.0855614973262032,0.0855614973262032,0.08740803078645167,0.08740803078645167,0.08740803078645167
791,624.0,6.558282406611754,6.558282406611754,6.558282406611754,21.501795614401228,21.501795614401228,21.501795614401228
792,676.0,0.11515038717232771,0.11515038717232771,0.11515038717232771,0.11155798758584447,0.11155798758584447,0.11155798758584447
793,728.0,0.2428736932959749,0.2428736932959749,0.2428736932959749,0.7438107097885919,0.7438107097885919,0.7438107097885919
794,780.0,21.70782232906941,21.70782232906941,21.70782232906941,55.92611078373782,55.92611078373782,55.92611078373782
795,832.0,0.39269597059590555,0.39269597059590555,0.39269597059590555,2.691731671717706,2.691731671717706,2.691731671717706
796,884.0,0.4219409282700422,0.4219409282700422,0.4219409282700422,0.4285059374388007,0.4285059374388007,0.4285059374388007
797,936.0,42.73164437733197,42.73164437733197,42.73164437733197,62.94884310982485,62.94884310982485,62.94884310982485
798,988.0,0.051817791526665345,0.051817791526665345,0.051817791526665345,0.05295698338686261,0.05295698338686261,0.05295698338686261
799,1040.0,0.2387469975858592,0.2387469975858592,0.2387469975858592,0.4950909949993461,0.4950909949993461,0.4950909949993461
800,52.0,0.6669392132899905,0.6669392132899905,0.6669392132899905,0.6687132903560506,0.6687132903560506,0.6687132903560506
801,104.0,0.12743094690105042,0.12743094690105042,0.12743094690105042,0.21529252303178906,0.21529252303178906,0.21529252303178906
802,156.0,0.21620086563883154,0.21620086563883154,0.21620086563883154,0.852511603494238,0.852511603494238,0.852511603494238
803,208.0,0.1111963190184049,0.1111963190184049,0.1111963190184049,0.09883169765516205,0.09883169765516205,0.09883169765516205
804,260.0,0.13709677419354838,0.13709677419354838,0.13709677419354838,0.1183012486992716,0.1183012486992716,0.1183012486992716
805,312.0,0.09840810419681621,0.09840810419681621,0.09840810419681621,0.12056186528888063,0.12056186528888063,0.12056186528888063
806,364.0,0.7921765421159558,0.7921765421159558,0.7921765421159558,0.7740944541041679,0.7740944541041679,0.7740944541041679
807,416.0,0.27155869741627003,0.27155869741627003,0.27155869741627003,0.4901211998233797,0.4901211998233797,0.4901211998233797
808,468.0,0.05533596837944664,0.05533596837944664,0.05533596837944664,0.060179037322876466,0.060179037322876466,0.060179037322876466
809,520.0,81.8426245277475,81.8426245277475,81.8426245277475,103.85108793060566,103.85108793060566,103.85108793060566
810,572.0,24.825924092099612,24.825924092099612,24.825924092099612,770.5160601604127,770.5160601604127,770.5160601604127
811,624.0,0.4542643799259094,0.4542643799259094,0.4542643799259094,0.44813935651877157,0.44813935651877157,0.44813935651877157
812,676.0,0.7225781411532431,0.7225781411532431,0.7225781411532431,0.7274114076905279,0.7274114076905279,0.7274114076905279
813,728.0,0.04085655444522822,0.04085655444522822,0.04085655444522822,0.04076404003339651,0.04076404003339651,0.04076404003339651
814,780.0,0.04173106646058733,0.04173106646058733,0.04173106646058733,0.04153517960674521,0.04153517960674521,0.04153517960674521
815,832.0,0.07979120059656973,0.07979120059656973,0.07979120059656973,0.1002702024878203,0.1002702024878203,0.1002702024878203
816,884.0,0.3006325436750428,0.3006325436750428,0.3006325436750428,0.35579062736405237,0.35579062736405237,0.35579062736405237
817,936.0,0.20430965682362331,0.20430965682362331,0.20430965682362331,0.1944906048309277,0.1944906048309277,0.1944906048309277
818,988.0,0.525,0.525,0.525,0.449375,0.449375,0.449375
819,1040.0,0.17936902602900867,0.17936902602900867,0.17936902602900867,0.15305511191693394,0.15305511191693394,0.15305511191693394
820,52.0,0.24565926317989606,0.24565926317989606,0.24565926317989606,0.2388286630744516,0.2388286630744516,0.2388286630744516
821,104.0,0.18411963934246536,0.18411963934246536,0.18411963934246536,0.18856371705394034,0.18856371705394034,0.18856371705394034
822,156.0,0.22637148848929067,0.22637148848929067,0.22637148848929067,0.21661394084705204,0.21661394084705204,0.21661394084705204
823,208.0,0.17801047120418848,0.17801047120418848,0.17801047120418848,0.2091499684767413,0.2091499684767413,0.2091499684767413
824,260.0,0.651817049091454,0.651817049091454,0.651817049091454,2.6264739350349133,2.6264739350349133,2.6264739350349133
825,312.0,0.2595921310853459,0.2595921310853459,0.2595921310853459,0.34250819779206004,0.34250819779206004,0.34250819779206004
826,364.0,0.06532663316582915,0.06532663316582915,0.06532663316582915,0.06440914791714016,0.06440914791714016,0.06440914791714016
827,416.0,0.07178882267054541,0.07178882267054541,0.07178882267054541,0.07431292704872064,0.07431292704872064,0.07431292704872064
828,468.0,11.816230362396926,11.816230362396926,11.816230362396926,48.4243049970373,48.4243049970373,48.4243049970373
829,520.0,0.15130341306100512,0.15130341306100512,0.15130341306100512,0.4100554094186117,0.4100554094186117,0.4100554094186117
830,572.0,0.43013037798488846,0.43013037798488846,0.43013037798488846,0.33865597825850907,0.33865597825850907,0.33865597825850907
831,624.0,0.028770079117717572,0.028770079117717572,0.028770079117717572,0.028421862983906473,0.028421862983906473,0.028421862983906473
832,676.0,0.1456468855337432,0.1456468855337432,0.1456468855337432,0.2163399711306766,0.2163399711306766,0.2163399711306766
833,728.0,0.132885525634291,0.132885525634291,0.132885525634291,0.3866875381463389,0.3866875381463389,0.3866875381463389
834,780.0,0.8245869541455897,0.8245869541455897,0.8245869541455897,1.8221895277774702,1.8221895277774702,1.8221895277774702
835,832.0,0.23138173302107728,0.23138173302107728,0.23138173302107728,0.3829964514695962,0.3829964514695962,0.3829964514695962
836,884.0,0.6628026439646839,0.6628026439646839,0.6628026439646839,0.8650545236633111,0.8650545236633111,0.8650545236633111
837,936.0,0.06970546468658155,0.06970546468658155,0.06970546468658155,0.08048531462723436,0.08048531462723436,0.08048531462723436
838,988.0,109.6811176458688,109.6811176458688,109.6811176458688,1994.7622181180777,1994.7622181180777,1994.7622181180777
839,1040.0,0.14771877337322364,0.14771877337322364,0.14771877337322364,0.15132800468121788,0.15132800468121788,0.15132800468121788
840,52.0,0.24560851478663714,0.24560851478663714,0.24560851478663714,0.22605330666472861,0.22605330666472861,0.22605330666472861
841,104.0,0.15225505118578445,0.15225505118578445,0.15225505118578445,0.14889407466703838,0.14889407466703838,0.14889407466703838
842,156.0,13.639909359282285,13.639909359282285,13.639909359282285,21.819013731651278,21.819013731651278,21.819013731651278
843,208.0,2.127198067811791,2.127198067811791,2.127198067811791,36.09697632215807,36.09697632215807,36.09697632215807
844,260.0,0.10777816532961283,0.10777816532961283,0.10777816532961283,0.10732352525746414,0.10732352525746414,0.10732352525746414
845,312.0,0.43307100556232375,0.43307100556232375,0.43307100556232375,0.4562123034058106,0.4562123034058106,0.4562123034058106
846,364.0,0.1472524847235782,0.1472524847235782,0.1472524847235782,0.17128350847230964,0.17128350847230964,0.17128350847230964
847,416.0,0.1301575393848462,0.1301575393848462,0.1301575393848462,0.11321655432612843,0.11321655432612843,0.11321655432612843
848,468.0,0.08463190250751466,0.08463190250751466,0.08463190250751466,0.08674471642684622,0.08674471642684622,0.08674471642684622
849,520.0,0.26353256699877714,0.26353256699877714,0.26353256699877714,0.3346839196572017,0.3346839196572017,0.3346839196572017
850,572.0,0.8249840426609806,0.8249840426609806,0.8249840426609806,1.5556789819777412,1.5556789819777412,1.5556789819777412
851,624.0,0.23182297154899895,0.23182297154899895,0.23182297154899895,0.19915589700655448,0.19915589700655448,0.19915589700655448
852,676.0,0.5515836196700479,0.5515836196700479,0.5515836196700479,0.6038612497082091,0.6038612497082091,0.6038612497082091
853,728.0,0.4085465247625042,0.4085465247625042,0.4085465247625042,0.9743996977002988,0.9743996977002988,0.9743996977002988
854,780.0,0.32516635810143163,0.32516635810143163,0.32516635810143163,0.31033895329801725,0.31033895329801725,0.31033895329801725
855,832.0,0.13366890380313198,0.13366890380313198,0.13366890380313198,0.11692009619186322,0.11692009619186322,0.11692009619186322
856,884.0,128.42739945886666,128.42739945886666,128.42739945886666,146.48933405927568,146.48933405927568,146.48933405927568
857,936.0,0.33150848574081987,0.33150848574081987,0.33150848574081987,0.5748973240093095,0.5748973240093095,0.5748973240093095
858,988.0,0.04502503184994221,0.04502503184994221,0.04502503184994221,0.04534786377421692,0.04534786377421692,0.04534786377421692
859,1040.0,0.2991630663687529,0.2991630663687529,0.2991630663687529,0.3077187126984074,0.3077187126984074,0.3077187126984074
860,52.0,0.2441768486079905,0.2441768486079905,0.2441768486079905,0.3172768366933594,0.3172768366933594,0.3172768366933594
861,104.0,0.03521735209883384,0.03521735209883384,0.03521735209883384,0.03629861099419487,0.03629861099419487,0.03629861099419487
862,156.0,0.23770491803278687,0.23770491803278687,0.23770491803278687,0.33693899489384577,0.33693899489384577,0.33693899489384577
863,208.0,0.058823529411764705,0.058823529411764705,0.058823529411764705,0.055363321799307974,0.055363321799307974,0.055363321799307974
864,260.0,0.04601932811780948,0.04601932811780948,0.04601932811780948,0.04574232268210725,0.04574232268210725,0.04574232268210725
865,312.0,0.3629382901683182,0.3629382901683182,0.3629382901683182,0.4178871206185428,0.4178871206185428,0.4178871206185428
866,364.0,0.09086606720302887,0.09086606720302887,0.09086606720302887,0.11431789640180713,0.11431789640180713,0.11431789640180713
867,416.0,0.1853023603269464,0.1853023603269464,0.1853023603269464,0.1722895370826762,0.1722895370826762,0.1722895370826762
868,468.0,0.3328089673581658,0.3328089673581658,0.3328089673581658,0.29558102876172254,0.29558102876172254,0.29558102876172254
869,520.0,0.23821640613004344,0.23821640613004344,0.23821640613004344,0.2676781648309207,0.2676781648309207,0.2676781648309207
870,572.0,0.20242214532871972,0.20242214532871972,0.20242214532871972,0.20296991175871937,0.20296991175871937,0.20296991175871937
871,624.0,0.12328108441132486,0.12328108441132486,0.12328108441132486,0.33550684460243196,0.33550684460243196,0.33550684460243196
872,676.0,0.31412869644955943,0.31412869644955943,0.31412869644955943,0.3414151834123412,0.3414151834123412,0.3414151834123412
873,728.0,0.09320658474379782,0.09320658474379782,0.09320658474379782,0.08451911730419505,0.08451911730419505,0.08451911730419505
874,780.0,0.09666283084004602,0.09666283084004602,0.09666283084004602,0.11493707964261927,0.11493707964261927,0.11493707964261927
875,832.0,0.010739565535757872,0.010739565535757872,0.010739565535757872,0.010624227267861037,0.010624227267861037,0.010624227267861037
876,884.0,0.06197614969445976,0.06197614969445976,0.06197614969445976,0.04723833704165745,0.04723833704165745,0.04723833704165745
877,936.0,0.174558121100427,0.174558121100427,0.174558121100427,0.2211752672117511,0.2211752672117511,0.2211752672117511
878,988.0,0.7134442108883978,0.7134442108883978,0.7134442108883978,1.0186949488175014,1.0186949488175014,1.0186949488175014
879,1040.0,0.25863770977295164,0.25863770977295164,0.25863770977295164,0.22530791711696613,0.22530791711696613,0.22530791711696613
880,52.0,0.19344333134097866,0.19344333134097866,0.19344333134097866,0.263562664154141,0.263562664154141,0.263562664154141
881,104.0,0.19436619718309858,0.19436619718309858,0.19436619718309858,0.2032680590585768,0.2032680590585768,0.2032680590585768
882,156.0,0.6584534815623362,0.6584534815623362,0.6584534815623362,0.6787049109612746,0.6787049109612746,0.6787049109612746
883,208.0,0.0892018779342723,0.0892018779342723,0.0892018779342723,0.08124490290727147,0.08124490290727147,0.08124490290727147
884,260.0,0.16544454628780936,0.16544454628780936,0.16544454628780936,0.14036412410178772,0.14036412410178772,0.14036412410178772
885,312.0,0.35751295336787564,0.35751295336787564,0.35751295336787564,0.3885920874833329,0.3885920874833329,0.3885920874833329
886,364.0,0.34316142643022707,0.34316142643022707,0.34316142643022707,0.4799477598335411,0.4799477598335411,0.4799477598335411
887,416.0,0.42028700277618364,0.42028700277618364,0.42028700277618364,0.4080654750250754,0.4080654750250754,0.4080654750250754
888,468.0,14.11300121910567,14.11300121910567,14.11300121910567,105.50996268222049,105.50996268222049,105.50996268222049
889,520.0,0.1891891891891892,0.1891891891891892,0.1891891891891892,0.17099563422630673,0.17099563422630673,0.17099563422630673
890,572.0,0.28966490106973286,0.28966490106973286,0.28966490106973286,0.29226591076879,0.29226591076879,0.29226591076879
891,624.0,0.008279430789133247,0.008279430789133247,0.008279430789133247,0.009245810663582855,0.009245810663582855,0.009245810663582855
892,676.0,0.2840704782452355,0.2840704782452355,0.2840704782452355,0.32707095368078526,0.32707095368078526,0.32707095368078526
893,728.0,0.28022185482634304,0.28022185482634304,0.28022185482634304,0.2735078857807461,0.2735078857807461,0.2735078857807461
894,780.0,0.24313529705441836,0.24313529705441836,0.24313529705441836,0.22895312547903054,0.22895312547903054,0.22895312547903054
895,832.0,0.43865546218487395,0.43865546218487395,0.43865546218487395,0.4075813854953746,0.4075813854953746,0.4075813854953746
896,884.0,0.27352628133035495,0.27352628133035495,0.27352628133035495,0.34885778268147377,0.34885778268147377,0.34885778268147377
897,936.0,0.36583520512902656,0.36583520512902656,0.36583520512902656,0.359149683651456,0.359149683651456,0.359149683651456
898,988.0,0.34780703509843053,0.34780703509843053,0.34780703509843053,0.5915706960395444,0.5915706960395444,0.5915706960395444
899,1040.0,0.16323296354992076,0.16323296354992076,0.16323296354992076,0.1556053958072237,0.1556053958072237,0.1556053958072237
900,52.0,0.28842745989235413,0.28842745989235413,0.28842745989235413,0.28730825484126116,0.28730825484126116,0.28730825484126116
901,104.0,0.24114540428416487,0.24114540428416487,0.24114540428416487,0.3037336813603718,0.3037336813603718,0.3037336813603718
902,156.0,0.19887885689775,0.19887885689775,0.19887885689775,0.6005618597126511,0.6005618597126511,0.6005618597126511
903,208.0,4.882056586632316,4.882056586632316,4.882056586632316,12.07115625297776,12.07115625297776,12.07115625297776
904,260.0,0.3167594985327215,0.3167594985327215,0.3167594985327215,0.2896115997899404,0.2896115997899404,0.2896115997899404
905,312.0,0.1939799331103679,0.1939799331103679,0.1939799331103679,0.2031744611357815,0.2031744611357815,0.2031744611357815
906,364.0,0.029178124014729943,0.029178124014729943,0.029178124014729943,0.025328435471478276,0.025328435471478276,0.025328435471478276
907,416.0,0.5703767026605772,0.5703767026605772,0.5703767026605772,3.246106258415661,3.246106258415661,3.246106258415661
908,468.0,0.12010443864229765,0.12010443864229765,0.12010443864229765,0.10742000649901036,0.10742000649901036,0.10742000649901036
909,520.0,0.18826609656407017,0.18826609656407017,0.18826609656407017,0.2159997361771008,0.2159997361771008,0.2159997361771008
910,572.0,0.28420523138833,0.28420523138833,0.28420523138833,0.3120845293086487,0.3120845293086487,0.3120845293086487
911,624.0,0.03125,0.03125,0.03125,0.0302734375,0.0302734375,0.0302734375
912,676.0,0.08723747980613894,0.08723747980613894,0.08723747980613894,0.09578219077620113,0.09578219077620113,0.09578219077620113
913,728.0,0.08007224563515954,0.08007224563515954,0.08007224563515954,0.08208933854938218,0.08208933854938218,0.08208933854938218
914,780.0,6.082171311089855,6.082171311089855,6.082171311089855,4.930866732972755,4.930866732972755,4.930866732972755
915,832.0,0.15895522388059702,0.15895522388059702,0.15895522388059702,0.15756905769659169,0.15756905769659169,0.15756905769659169
916,884.0,119.25410189247188,119.25410189247188,119.25410189247188,112.73474289074333,112.73474289074333,112.73474289074333
917,936.0,0.19745075318655853,0.19745075318655853,0.19745075318655853,0.16819744108575946,0.16819744108575946,0.16819744108575946
918,988.0,0.5,0.5,0.5,0.5,0.5,0.5
919,1040.0,0.3136990313768626,0.3136990313768626,0.3136990313768626,0.3422966048084209,0.3422966048084209,0.3422966048084209
920,52.0,0.5190018005552269,0.5190018005552269,0.5190018005552269,0.6948333110743106,0.6948333110743106,0.6948333110743106
921,104.0,0.21104647761775155,0.21104647761775155,0.21104647761775155,0.3070405476142052,0.3070405476142052,0.3070405476142052
922,156.0,0.430980985470349,0.430980985470349,0.430980985470349,0.5578988489114766,0.5578988489114766,0.5578988489114766
923,208.0,0.11032620663486467,0.11032620663486467,0.11032620663486467,0.10532596559279703,0.10532596559279703,0.10532596559279703
924,260.0,0.2371101258809397,0.2371101258809397,0.2371101258809397,0.26732816364685674,0.26732816364685674,0.26732816364685674
925,312.0,0.0005259006047856955,0.0005259006047856955,0.0005259006047856955,0.0005256240333395813,0.0005256240333395813,0.0005256240333395813
926,364.0,0.21501485759386602,0.21501485759386602,0.21501485759386602,0.24255909202033102,0.24255909202033102,0.24255909202033102
927,416.0,0.15172464887232145,0.15172464887232145,0.15172464887232145,0.16028003555490639,0.16028003555490639,0.16028003555490639
928,468.0,0.2097877412907606,0.2097877412907606,0.2097877412907606,1.7406982635733215,1.7406982635733215,1.7406982635733215
929,520.0,0.3175154734227182,0.3175154734227182,0.3175154734227182,0.3127863078579097,0.3127863078579097,0.3127863078579097
930,572.0,0.2898230868349759,0.2898230868349759,0.2898230868349759,0.3247803307012952,0.3247803307012952,0.3247803307012952
931,624.0,0.16880324611747927,0.16880324611747927,0.16880324611747927,0.23767148577093428,0.23767148577093428,0.23767148577093428
932,676.0,0.13826735513482502,0.13826735513482502,0.13826735513482502,0.12488672829174251,0.12488672829174251,0.12488672829174251
933,728.0,0.26857142857142857,0.26857142857142857,0.26857142857142857,0.32215510204081627,0.32215510204081627,0.32215510204081627
934,780.0,0.35006153235902715,0.35006153235902715,0.35006153235902715,0.45040786150126466,0.45040786150126466,0.45040786150126466
935,832.0,140.36562365381877,140.36562365381877,140.36562365381877,111.68248267358169,111.68248267358169,111.68248267358169
936,884.0,0.32599118942731276,0.32599118942731276,0.32599118942731276,0.35187952415144885,0.35187952415144885,0.35187952415144885
937,936.0,0.18760760734500326,0.18760760734500326,0.18760760734500326,0.3013605636053234,0.3013605636053234,0.3013605636053234
938,988.0,0.03774422735346359,0.03774422735346359,0.03774422735346359,0.03987199852351492,0.03987199852351492,0.03987199852351492
939,1040.0,0.3143321416684603,0.3143321416684603,0.3143321416684603,0.3880922011953266,0.3880922011953266,0.3880922011953266
940,52.0,0.21202666807438983,0.21202666807438983,0.21202666807438983,0.26945110725386123,0.26945110725386123,0.26945110725386123
941,104.0,0.06920587503111775,0.06920587503111775,0.06920587503111775,0.0649143058853247,0.0649143058853247,0.0649143058853247
942,156.0,0.17995694438829576,0.17995694438829576,0.17995694438829576,0.2533137429426131,0.2533137429426131,0.2533137429426131
943,208.0,0.15507656201958667,0.15507656201958667,0.15507656201958667,0.17154940405828792,0.17154940405828792,0.17154940405828792
944,260.0,0.11418899265259215,0.11418899265259215,0.11418899265259215,0.11881970681939566,0.11881970681939566,0.11881970681939566
945,312.0,0.17396142140047194,0.17396142140047194,0.17396142140047194,0.1977814892935199,0.1977814892935199,0.1977814892935199
946,364.0,0.16268343815513628,0.16268343815513628,0.16268343815513628,0.14544185576344115,0.14544185576344115,0.14544185576344115
947,416.0,0.14438616778460858,0.14438616778460858,0.14438616778460858,0.6624511380542225,0.6624511380542225,0.6624511380542225
948,468.0,0.3934627940267798,0.3934627940267798,0.3934627940267798,0.4560414223135491,0.4560414223135491,0.4560414223135491
949,520.0,0.19451936811245152,0.19451936811245152,0.19451936811245152,0.24129667051170128,0.24129667051170128,0.24129667051170128
950,572.0,0.18343841356815832,0.18343841356815832,0.18343841356815832,0.18035931548970113,0.18035931548970113,0.18035931548970113
951,624.0,0.28258224874514665,0.28258224874514665,0.28258224874514665,0.4237139383441075,0.4237139383441075,0.4237139383441075
952,676.0,0.03069729619841431,0.03069729619841431,0.03069729619841431,0.030161558909135883,0.030161558909135883,0.030161558909135883
953,728.0,0.34141310764242855,0.34141310764242855,0.34141310764242855,0.39595160829758036,0.39595160829758036,0.39595160829758036
954,780.0,0.18848684085109668,0.18848684085109668,0.18848684085109668,0.17321430790368852,0.17321430790368852,0.17321430790368852
955,832.0,0.4491048783801936,0.4491048783801936,0.4491048783801936,0.4268531044444417,0.4268531044444417,0.4268531044444417
956,884.0,0.3041992321830147,0.3041992321830147,0.3041992321830147,0.29100376538391315,0.29100376538391315,0.29100376538391315
957,936.0,0.32133019310754607,0.32133019310754607,0.32133019310754607,0.4535166258458539,0.4535166258458539,0.4535166258458539
958,988.0,0.2009153833931239,0.2009153833931239,0.2009153833931239,0.1980213351745021,0.1980213351745021,0.1980213351745021
959,1040.0,0.24529885345539248,0.24529885345539248,0.24529885345539248,0.20976116857772423,0.20976116857772423,0.20976116857772423
960,52.0,0.003385240352064997,0.003385240352064997,0.003385240352064997,0.003373780499823748,0.003373780499823748,0.003373780499823748
961,104.0,10.036873156342184,10.036873156342184,10.036873156342184,8.653507626978532,8.653507626978532,8.653507626978532
962,156.0,0.017084890549919914,0.017084890549919914,0.017084890549919914,0.017326899894502167,0.017326899894502167,0.017326899894502167
963,208.0,0.22949085204127978,0.22949085204127978,0.22949085204127978,0.1437805841198307,0.1437805841198307,0.1437805841198307
964,260.0,0.20797227036395147,0.20797227036395147,0.20797227036395147,0.173038695938173,0.173038695938173,0.173038695938173
965,312.0,0.27180109901646626,0.27180109901646626,0.27180109901646626,0.35268591753890305,0.35268591753890305,0.35268591753890305
966,364.0,0.1955726306394756,0.1955726306394756,0.1955726306394756,0.2694006132258333,0.2694006132258333,0.2694006132258333
967,416.0,0.22171945701357465,0.22171945701357465,0.22171945701357465,0.2087590344178047,0.2087590344178047,0.2087590344178047
968,468.0,0.4172384649015308,0.4172384649015308,0.4172384649015308,0.4285032458647832,0.4285032458647832,0.4285032458647832
969,520.0,0.09178321678321678,0.09178321678321678,0.09178321678321678,0.08335905790014182,0.08335905790014182,0.08335905790014182
970,572.0,0.13172583165885243,0.13172583165885243,0.13172583165885243,0.13670054907820428,0.13670054907820428,0.13670054907820428
971,624.0,0.010650224215246636,0.010650224215246636,0.010650224215246636,0.010536796939411616,0.010536796939411616,0.010536796939411616
972,676.0,0.5460786337066864,0.5460786337066864,0.5460786337066864,0.639416679104406,0.639416679104406,0.639416679104406
973,728.0,0.1502843694025551,0.1502843694025551,0.1502843694025551,0.12876647168221958,0.12876647168221958,0.12876647168221958
974,780.0,0.20148749154834347,0.20148749154834347,0.20148749154834347,0.25690110041825126,0.25690110041825126,0.25690110041825126
975,832.0,0.03452824507636394,0.03452824507636394,0.03452824507636394,0.031835467709282965,0.031835467709282965,0.031835467709282965
976,884.0,0.5111564204552435,0.5111564204552435,0.5111564204552435,0.5054321864141057,0.5054321864141057,0.5054321864141057
977,936.0,0.21814747425045836,0.21814747425045836,0.21814747425045836,0.16768871942945074,0.16768871942945074,0.16768871942945074
978,988.0,0.24535196148425925,0.24535196148425925,0.24535196148425925,0.24084152529731315,0.24084152529731315,0.24084152529731315
979,1040.0,0.27095914638459273,0.27095914638459273,0.27095914638459273,0.3113817210241545,0.3113817210241545,0.3113817210241545
980,52.0,0.25077239958805353,0.25077239958805353,0.25077239958805353,0.28211835293543663,0.28211835293543663,0.28211835293543663
981,104.0,0.1384928716904277,0.1384928716904277,0.1384928716904277,0.162082453615175,0.162082453615175,0.162082453615175
982,156.0,0.14900015947822623,0.14900015947822623,0.14900015947822623,0.15821212313084387,0.15821212313084387,0.15821212313084387
983,208.0,0.13902707822015947,0.13902707822015947,0.13902707822015947,0.2128113094224166,0.2128113094224166,0.2128113094224166
984,260.0,0.03280731840063828,0.03280731840063828,0.03280731840063828,0.03157790705239221,0.03157790705239221,0.03157790705239221
985,312.0,0.23307070336607139,0.23307070336607139,0.23307070336607139,0.2605130653768102,0.2605130653768102,0.2605130653768102
986,364.0,0.16249078850405305,0.16249078850405305,0.16249078850405305,0.13608753215538413,0.13608753215538413,0.13608753215538413
987,416.0,0.5178218033648044,0.5178218033648044,0.5178218033648044,7.904899240049135,7.904899240049135,7.904899240049135
988,468.0,0.2665111305749151,0.2665111305749151,0.2665111305749151,0.2545543897573922,0.2545543897573922,0.2545543897573922
989,520.0,9.548745944234494,9.548745944234494,9.548745944234494,190.1793075936969,190.1793075936969,190.1793075936969
990,572.0,0.6088452088452089,0.6088452088452089,0.6088452088452089,0.6440495264082489,0.6440495264082489,0.6440495264082489
991,624.0,0.048859934853420196,0.048859934853420196,0.048859934853420196,0.05950195758045177,0.05950195758045177,0.05950195758045177
992,676.0,0.2512139200751594,0.2512139200751594,0.2512139200751594,0.25105186476517233,0.25105186476517233,0.25105186476517233
993,728.0,0.675463642245472,0.675463642245472,0.675463642245472,0.613845670501142,0.613845670501142,0.613845670501142
994,780.0,0.2423331329731856,0.2423331329731856,0.2423331329731856,0.24347763242513198,0.24347763242513198,0.24347763242513198
995,832.0,0.5919613387005205,0.5919613387005205,0.5919613387005205,0.5559455060435121,0.5559455060435121,0.5559455060435121
996,884.0,0.040168826590097545,0.040168826590097545,0.040168826590097545,0.031377286721745286,0.031377286721745286,0.031377286721745286
997,936.0,0.28582665014094744,0.28582665014094744,0.28582665014094744,0.2237492048593476,0.2237492048593476,0.2237492048593476
998,988.0,0.19938666579365757,0.19938666579365757,0.19938666579365757,0.26566794988900644,0.26566794988900644,0.26566794988900644
999,1040.0,0.16893174845892,0.16893174845892,0.16893174845892,0.18217734015203704,0.18217734015203704,0.18217734015203704
