,time,meanH,meanB,meanC,varH,varB,varC
0,52.0,0.31714652428174195,0.31714652428174195,0.31714652428174195,0.500694466393396,0.500694466393396,0.500694466393396
1,104.0,0.14329437650049115,0.14329437650049115,0.14329437650049115,0.14375328477337213,0.14375328477337213,0.14375328477337213
2,156.0,0.22341318028264687,0.22341318028264687,0.22341318028264687,0.22658232107415865,0.22658232107415865,0.22658232107415865
3,208.0,0.263772072446409,0.263772072446409,0.263772072446409,0.2746418279444357,0.2746418279444357,0.2746418279444357
4,260.0,0.22436342676583657,0.22436342676583657,0.22436342676583657,0.22083252854741794,0.22083252854741794,0.22083252854741794
5,312.0,0.03571428571428571,0.03571428571428571,0.03571428571428571,0.03443877551020409,0.03443877551020409,0.03443877551020409
6,364.0,0.017848036715961243,0.017848036715961243,0.017848036715961243,0.021099091644539193,0.021099091644539193,0.021099091644539193
7,416.0,40.33983339088668,40.33983339088668,40.33983339088668,40.26335096995555,40.26335096995555,40.26335096995555
8,468.0,0.342151832240716,0.342151832240716,0.342151832240716,0.41150904455725845,0.41150904455725845,0.41150904455725845
9,520.0,0.08646362248487388,0.08646362248487388,0.08646362248487388,0.07507116832299582,0.07507116832299582,0.07507116832299582
10,572.0,0.3118197220866317,0.3118197220866317,0.3118197220866317,0.30633098600706865,0.30633098600706865,0.30633098600706865
11,624.0,71.30204274788531,71.30204274788531,71.30204274788531,88.14379407985616,88.14379407985616,88.14379407985616
12,676.0,64.42928756812967,64.42928756812967,64.42928756812967,170.18035813455995,170.18035813455995,170.18035813455995
13,728.0,0.19387755102040816,0.19387755102040816,0.19387755102040816,0.1766972094960433,0.1766972094960433,0.1766972094960433
14,780.0,0.1491478297837253,0.1491478297837253,0.1491478297837253,0.18338677520160446,0.18338677520160446,0.18338677520160446
15,832.0,0.04104668714715042,0.04104668714715042,0.04104668714715042,0.04587685379406463,0.04587685379406463,0.04587685379406463
16,884.0,0.26338102808691044,0.26338102808691044,0.26338102808691044,0.24276609912072367,0.24276609912072367,0.24276609912072367
17,936.0,0.43164046522995325,0.43164046522995325,0.43164046522995325,0.5613747212808664,0.5613747212808664,0.5613747212808664
18,988.0,0.4274490293158529,0.4274490293158529,0.4274490293158529,0.4528676681757551,0.4528676681757551,0.4528676681757551
19,1040.0,128.03184808737169,128.03184808737169,128.03184808737169,382.84669696235653,382.84669696235653,382.84669696235653
20,52.0,0.1039274251679454,0.1039274251679454,0.1039274251679454,0.10155918907256024,0.10155918907256024,0.10155918907256024
21,104.0,0.2631578947368421,0.2631578947368421,0.2631578947368421,0.2465373961218837,0.2465373961218837,0.2465373961218837
22,156.0,0.08284883720930232,0.08284883720930232,0.08284883720930232,0.0996560037278838,0.0996560037278838,0.0996560037278838
23,208.0,0.09389609671620358,0.09389609671620358,0.09389609671620358,0.1206717142962908,0.1206717142962908,0.1206717142962908
24,260.0,0.00963319748054835,0.00963319748054835,0.00963319748054835,0.009540398986849106,0.009540398986849106,0.009540398986849106
25,312.0,0.285507707401121,0.285507707401121,0.285507707401121,0.3110387822507497,0.3110387822507497,0.3110387822507497
26,364.0,0.1401444236426852,0.1401444236426852,0.1401444236426852,0.13922554747559054,0.13922554747559054,0.13922554747559054
27,416.0,0.2892256902400023,0.2892256902400023,0.2892256902400023,0.4859650068579135,0.4859650068579135,0.4859650068579135
28,468.0,0.28129102597809225,0.28129102597809225,0.28129102597809225,0.2638129638395046,0.2638129638395046,0.2638129638395046
29,520.0,0.2679631267571772,0.2679631267571772,0.2679631267571772,0.39108672877983675,0.39108672877983675,0.39108672877983675
30,572.0,0.11850311850311851,0.11850311850311851,0.11850311850311851,0.13148715643518138,0.13148715643518138,0.13148715643518138
31,624.0,0.14468762221022424,0.14468762221022424,0.14468762221022424,0.1325067581869325,0.1325067581869325,0.1325067581869325
32,676.0,0.048268625393494226,0.048268625393494226,0.048268625393494226,0.05265440003347247,0.05265440003347247,0.05265440003347247
33,728.0,0.2818471337579618,0.2818471337579618,0.2818471337579618,0.2650420233410416,0.2650420233410416,0.2650420233410416
34,780.0,0.20602218700475436,0.20602218700475436,0.20602218700475436,0.17308576178982873,0.17308576178982873,0.17308576178982873
35,832.0,0.15134633240482823,0.15134633240482823,0.15134633240482823,0.13401165071310403,0.13401165071310403,0.13401165071310403
36,884.0,0.09082733812949641,0.09082733812949641,0.09082733812949641,0.09336909968428134,0.09336909968428134,0.09336909968428134
37,936.0,0.04387047259681241,0.04387047259681241,0.04387047259681241,0.04807933745344697,0.04807933745344697,0.04807933745344697
38,988.0,0.04315729699034639,0.04315729699034639,0.04315729699034639,0.04810905475794076,0.04810905475794076,0.04810905475794076
39,1040.0,0.33670302183101036,0.33670302183101036,0.33670302183101036,0.38889274117522915,0.38889274117522915,0.38889274117522915
40,52.0,0.048131080389144903,0.048131080389144903,0.048131080389144903,0.04786261057010772,0.04786261057010772,0.04786261057010772
41,104.0,0.2549447873665927,0.2549447873665927,0.2549447873665927,0.34623054926994234,0.34623054926994234,0.34623054926994234
42,156.0,0.03147482014388489,0.03147482014388489,0.03147482014388489,0.03408127814295326,0.03408127814295326,0.03408127814295326
43,208.0,0.2504986401419669,0.2504986401419669,0.2504986401419669,0.3289062926850719,0.3289062926850719,0.3289062926850719
44,260.0,0.39432042968296266,0.39432042968296266,0.39432042968296266,0.395824284183127,0.395824284183127,0.395824284183127
45,312.0,0.11914893617021277,0.11914893617021277,0.11914893617021277,0.13048438207333635,0.13048438207333635,0.13048438207333635
46,364.0,60.06302743894443,60.06302743894443,60.06302743894443,48.62751815267075,48.62751815267075,48.62751815267075
47,416.0,0.1401696457100731,0.1401696457100731,0.1401696457100731,0.1658431661033308,0.1658431661033308,0.1658431661033308
48,468.0,0.14917127071823205,0.14917127071823205,0.14917127071823205,0.15156858647594584,0.15156858647594584,0.15156858647594584
49,520.0,0.3415648732754759,0.3415648732754759,0.3415648732754759,0.32367496564538645,0.32367496564538645,0.32367496564538645
50,572.0,0.29842314273303244,0.29842314273303244,0.29842314273303244,1.084435112135009,1.084435112135009,1.084435112135009
51,624.0,0.07907186303221446,0.07907186303221446,0.07907186303221446,0.121028559602544,0.121028559602544,0.121028559602544
52,676.0,0.3426633981648188,0.3426633981648188,0.3426633981648188,0.5953757145142312,0.5953757145142312,0.5953757145142312
53,728.0,0.3336324619978371,0.3336324619978371,0.3336324619978371,0.3418280211334331,0.3418280211334331,0.3418280211334331
54,780.0,0.04167313926075681,0.04167313926075681,0.04167313926075681,0.037411676093206975,0.037411676093206975,0.037411676093206975
55,832.0,0.2771381001652559,0.2771381001652559,0.2771381001652559,0.25704900581109136,0.25704900581109136,0.25704900581109136
56,884.0,0.20166531324489761,0.20166531324489761,0.20166531324489761,0.16224770156848922,0.16224770156848922,0.16224770156848922
57,936.0,0.13340625204967807,0.13340625204967807,0.13340625204967807,0.13796974050742936,0.13796974050742936,0.13796974050742936
58,988.0,2.8157314546437555,2.8157314546437555,2.8157314546437555,2.3750786299582587,2.3750786299582587,2.3750786299582587
59,1040.0,0.02185244587008821,0.02185244587008821,0.02185244587008821,0.02297876571775469,0.02297876571775469,0.02297876571775469
60,52.0,0.8584286794476387,0.8584286794476387,0.8584286794476387,1.094863066329556,1.094863066329556,1.094863066329556
61,104.0,0.04804589458587307,0.04804589458587307,0.04804589458587307,0.047888795312116525,0.047888795312116525,0.047888795312116525
62,156.0,0.23894545230749184,0.23894545230749184,0.23894545230749184,0.2671141469693058,0.2671141469693058,0.2671141469693058
63,208.0,0.26875392386570757,0.26875392386570757,0.26875392386570757,0.38066104136586865,0.38066104136586865,0.38066104136586865
64,260.0,0.06504424778761062,0.06504424778761062,0.06504424778761062,0.060813493617354525,0.060813493617354525,0.060813493617354525
65,312.0,0.37454225259585733,0.37454225259585733,0.37454225259585733,0.3827321231021333,0.3827321231021333,0.3827321231021333
66,364.0,0.057291666666666664,0.057291666666666664,0.057291666666666664,0.07900933159722222,0.07900933159722222,0.07900933159722222
67,416.0,0.14015665726663307,0.14015665726663307,0.14015665726663307,0.1728914616693217,0.1728914616693217,0.1728914616693217
68,468.0,0.15140845070422534,0.15140845070422534,0.15140845070422534,0.15313181908351517,0.15313181908351517,0.15313181908351517
69,520.0,0.24830311857601217,0.24830311857601217,0.24830311857601217,0.27754094791921363,0.27754094791921363,0.27754094791921363
70,572.0,0.040983606557377046,0.040983606557377046,0.040983606557377046,0.061435098091910785,0.061435098091910785,0.061435098091910785
71,624.0,0.2628075424866846,0.2628075424866846,0.2628075424866846,0.22706044063250386,0.22706044063250386,0.22706044063250386
72,676.0,0.2391590500216675,0.2391590500216675,0.2391590500216675,0.8117374846243446,0.8117374846243446,0.8117374846243446
73,728.0,0.2640324430439203,0.2640324430439203,0.2640324430439203,0.24461328307521765,0.24461328307521765,0.24461328307521765
74,780.0,0.16931884695560895,0.16931884695560895,0.16931884695560895,0.14289184462093,0.14289184462093,0.14289184462093
75,832.0,0.13228385561589656,0.13228385561589656,0.13228385561589656,0.31998343810715213,0.31998343810715213,0.31998343810715213
76,884.0,0.1339626431010243,0.1339626431010243,0.1339626431010243,0.13489594638514094,0.13489594638514094,0.13489594638514094
77,936.0,0.11053719008264463,0.11053719008264463,0.11053719008264463,0.4257980585342531,0.4257980585342531,0.4257980585342531
78,988.0,0.09841119279108371,0.09841119279108371,0.09841119279108371,0.09204632558494197,0.09204632558494197,0.09204632558494197
79,1040.0,0.6206713500051441,0.6206713500051441,0.6206713500051441,0.7037645232605724,0.7037645232605724,0.7037645232605724
80,52.0,0.10203401133711237,0.10203401133711237,0.10203401133711237,0.10696151801628664,0.10696151801628664,0.10696151801628664
81,104.0,0.6742709279976467,0.6742709279976467,0.6742709279976467,0.855482784345302,0.855482784345302,0.855482784345302
82,156.0,0.08184389754516348,0.08184389754516348,0.08184389754516348,0.08013780733712504,0.08013780733712504,0.08013780733712504
83,208.0,0.031545741324921134,0.031545741324921134,0.031545741324921134,0.030550607529182285,0.030550607529182285,0.030550607529182285
84,260.0,0.4387939097672554,0.4387939097672554,0.4387939097672554,0.7592780658205354,0.7592780658205354,0.7592780658205354
85,312.0,0.06666666666666667,0.06666666666666667,0.06666666666666667,0.06222222222222223,0.06222222222222223,0.06222222222222223
86,364.0,1.1015537739142909,1.1015537739142909,1.1015537739142909,0.7975204094192518,0.7975204094192518,0.7975204094192518
87,416.0,0.18747284453884597,0.18747284453884597,0.18747284453884597,0.15212971726574032,0.15212971726574032,0.15212971726574032
88,468.0,0.12982900569981,0.12982900569981,0.12982900569981,0.12437305499147494,0.12437305499147494,0.12437305499147494
89,520.0,0.9294187661653565,0.9294187661653565,0.9294187661653565,3.054186509703254,3.054186509703254,3.054186509703254
90,572.0,27.480851181241725,27.480851181241725,27.480851181241725,58.4385523310385,58.4385523310385,58.4385523310385
91,624.0,0.07021891780256093,0.07021891780256093,0.07021891780256093,0.08263642460700728,0.08263642460700728,0.08263642460700728
92,676.0,1.1666666666666667,1.1666666666666667,1.1666666666666667,1.8055555555555554,1.8055555555555554,1.8055555555555554
93,728.0,0.18200580832651447,0.18200580832651447,0.18200580832651447,0.16010251232916498,0.16010251232916498,0.16010251232916498
94,780.0,0.08601612563207402,0.08601612563207402,0.08601612563207402,0.10586616176275021,0.10586616176275021,0.10586616176275021
95,832.0,0.17758186397984888,0.17758186397984888,0.17758186397984888,0.14856543725294877,0.14856543725294877,0.14856543725294877
96,884.0,0.488437918640373,0.488437918640373,0.488437918640373,0.48444457118205086,0.48444457118205086,0.48444457118205086
97,936.0,0.20672566371681417,0.20672566371681417,0.20672566371681417,0.1958485707573028,0.1958485707573028,0.1958485707573028
98,988.0,0.45877080310112117,0.45877080310112117,0.45877080310112117,0.4806961848895055,0.4806961848895055,0.4806961848895055
99,1040.0,0.2656034449189132,0.2656034449189132,0.2656034449189132,0.2600281232683989,0.2600281232683989,0.2600281232683989
100,52.0,0.5330269805586496,0.5330269805586496,0.5330269805586496,0.9566613617880214,0.9566613617880214,0.9566613617880214
101,104.0,0.4871758750493314,0.4871758750493314,0.4871758750493314,0.481145591897462,0.481145591897462,0.481145591897462
102,156.0,0.20657435213519362,0.20657435213519362,0.20657435213519362,0.2932616235563346,0.2932616235563346,0.2932616235563346
103,208.0,0.08754208754208755,0.08754208754208755,0.08754208754208755,0.10008049065288123,0.10008049065288123,0.10008049065288123
104,260.0,0.06881155514603282,0.06881155514603282,0.06881155514603282,0.08307629541633407,0.08307629541633407,0.08307629541633407
105,312.0,0.16309278350515463,0.16309278350515463,0.16309278350515463,0.13649352747369536,0.13649352747369536,0.13649352747369536
106,364.0,0.18853879436076212,0.18853879436076212,0.18853879436076212,0.1904548580972665,0.1904548580972665,0.1904548580972665
107,416.0,0.21301591822074234,0.21301591822074234,0.21301591822074234,0.23133398172835265,0.23133398172835265,0.23133398172835265
108,468.0,0.5654209680052935,0.5654209680052935,0.5654209680052935,0.6001383567274656,0.6001383567274656,0.6001383567274656
109,520.0,0.15769712140175218,0.15769712140175218,0.15769712140175218,0.13282873930335318,0.13282873930335318,0.13282873930335318
110,572.0,12.744615535204057,12.744615535204057,12.744615535204057,56.18401304723358,56.18401304723358,56.18401304723358
111,624.0,0.3581340040100746,0.3581340040100746,0.3581340040100746,0.3389617960700413,0.3389617960700413,0.3389617960700413
112,676.0,0.11652115513767629,0.11652115513767629,0.11652115513767629,0.1378667425007476,0.1378667425007476,0.1378667425007476
113,728.0,0.0625,0.0625,0.0625,0.05974053899082569,0.05974053899082569,0.05974053899082569
114,780.0,0.21896121520614642,0.21896121520614642,0.21896121520614642,0.2552719155920601,0.2552719155920601,0.2552719155920601
115,832.0,0.24430463314362644,0.24430463314362644,0.24430463314362644,0.4110061091171557,0.4110061091171557,0.4110061091171557
116,884.0,81.46106769476494,81.46106769476494,81.46106769476494,76.08446507539011,76.08446507539011,76.08446507539011
117,936.0,0.37892325523493786,0.37892325523493786,0.37892325523493786,0.4782111681562956,0.4782111681562956,0.4782111681562956
118,988.0,0.3718814734790327,0.3718814734790327,0.3718814734790327,0.2861374536063443,0.2861374536063443,0.2861374536063443
119,1040.0,0.15055079559363524,0.15055079559363524,0.15055079559363524,0.1636257676156461,0.1636257676156461,0.1636257676156461
120,52.0,0.24151428125607913,0.24151428125607913,0.24151428125607913,0.36911093743114903,0.36911093743114903,0.36911093743114903
121,104.0,0.44568029380248825,0.44568029380248825,0.44568029380248825,0.5309780048587379,0.5309780048587379,0.5309780048587379
122,156.0,1.1931573292496644,1.1931573292496644,1.1931573292496644,6.528300306787334,6.528300306787334,6.528300306787334
123,208.0,0.5719252119600374,0.5719252119600374,0.5719252119600374,0.5984216595251575,0.5984216595251575,0.5984216595251575
124,260.0,0.08399157451290153,0.08399157451290153,0.08399157451290153,0.09010181351510912,0.09010181351510912,0.09010181351510912
125,312.0,0.05648492359137656,0.05648492359137656,0.05648492359137656,0.060120071373519525,0.060120071373519525,0.060120071373519525
126,364.0,0.1960467981840151,0.1960467981840151,0.1960467981840151,0.2196958445695216,0.2196958445695216,0.2196958445695216
127,416.0,0.02571001494768311,0.02571001494768311,0.02571001494768311,0.02744063937653191,0.02744063937653191,0.02744063937653191
128,468.0,0.11665238096735046,0.11665238096735046,0.11665238096735046,0.11779195747721423,0.11779195747721423,0.11779195747721423
129,520.0,0.0874751491053678,0.0874751491053678,0.0874751491053678,0.08379939053551456,0.08379939053551456,0.08379939053551456
130,572.0,0.46930272671230977,0.46930272671230977,0.46930272671230977,1.8560077483436768,1.8560077483436768,1.8560077483436768
131,624.0,0.17238404021139475,0.17238404021139475,0.17238404021139475,0.14742855548858452,0.14742855548858452,0.14742855548858452
132,676.0,0.00577408877661494,0.00577408877661494,0.00577408877661494,0.005740748675414712,0.005740748675414712,0.005740748675414712
133,728.0,0.2438734024550072,0.2438734024550072,0.2438734024550072,0.24001807241970324,0.24001807241970324,0.24001807241970324
134,780.0,0.12507090187180941,0.12507090187180941,0.12507090187180941,0.12360854573866478,0.12360854573866478,0.12360854573866478
135,832.0,0.6278805534957377,0.6278805534957377,0.6278805534957377,0.6927728292451876,0.6927728292451876,0.6927728292451876
136,884.0,0.18154809112289796,0.18154809112289796,0.18154809112289796,0.20967803750494088,0.20967803750494088,0.20967803750494088
137,936.0,0.2948813664613039,0.2948813664613039,0.2948813664613039,0.3760417422389671,0.3760417422389671,0.3760417422389671
138,988.0,0.2559535021404163,0.2559535021404163,0.2559535021404163,0.5143371417647529,0.5143371417647529,0.5143371417647529
139,1040.0,0.2029186935371786,0.2029186935371786,0.2029186935371786,0.24096437907376222,0.24096437907376222,0.24096437907376222
140,52.0,0.6802770557839237,0.6802770557839237,0.6802770557839237,1.2067887569898248,1.2067887569898248,1.2067887569898248
141,104.0,0.043843283582089554,0.043843283582089554,0.043843283582089554,0.041921050066830036,0.041921050066830036,0.041921050066830036
142,156.0,0.29758783147242734,0.29758783147242734,0.29758783147242734,0.38193778518559,0.38193778518559,0.38193778518559
143,208.0,0.2388975254187339,0.2388975254187339,0.2388975254187339,0.2435424266059824,0.2435424266059824,0.2435424266059824
144,260.0,0.5027655180183449,0.5027655180183449,0.5027655180183449,0.5959940177420883,0.5959940177420883,0.5959940177420883
145,312.0,0.2267667295430378,0.2267667295430378,0.2267667295430378,0.23012177348535814,0.23012177348535814,0.23012177348535814
146,364.0,0.11158283003780828,0.11158283003780828,0.11158283003780828,0.11332942123981138,0.11332942123981138,0.11332942123981138
147,416.0,1.21616228393287,1.21616228393287,1.21616228393287,1.3104521816982955,1.3104521816982955,1.3104521816982955
148,468.0,0.14605418138987045,0.14605418138987045,0.14605418138987045,0.13120056714682696,0.13120056714682696,0.13120056714682696
149,520.0,0.40781918609326373,0.40781918609326373,0.40781918609326373,0.5221286488820003,0.5221286488820003,0.5221286488820003
150,572.0,0.04952215464813206,0.04952215464813206,0.04952215464813206,0.04706971084713856,0.04706971084713856,0.04706971084713856
151,624.0,0.5977475745429592,0.5977475745429592,0.5977475745429592,0.647040924883652,0.647040924883652,0.647040924883652
152,676.0,0.46009139439217306,0.46009139439217306,0.46009139439217306,2.1052913824461403,2.1052913824461403,2.1052913824461403
153,728.0,0.03524229074889868,0.03524229074889868,0.03524229074889868,0.03400027169166876,0.03400027169166876,0.03400027169166876
154,780.0,0.1394436944684746,0.1394436944684746,0.1394436944684746,0.27382958273615465,0.27382958273615465,0.27382958273615465
155,832.0,0.13532934131736526,0.13532934131736526,0.13532934131736526,0.12420093943848827,0.12420093943848827,0.12420093943848827
156,884.0,0.011855905152758778,0.011855905152758778,0.011855905152758778,0.011715342665767566,0.011715342665767566,0.011715342665767566
157,936.0,0.2108700399753194,0.2108700399753194,0.2108700399753194,0.21323372412885827,0.21323372412885827,0.21323372412885827
158,988.0,0.629976580796253,0.629976580796253,0.629976580796253,0.6936837621369429,0.6936837621369429,0.6936837621369429
159,1040.0,47.83659060766963,47.83659060766963,47.83659060766963,88.9136288070005,88.9136288070005,88.9136288070005
160,52.0,0.2313898821116289,0.2313898821116289,0.2313898821116289,0.4500914407874521,0.4500914407874521,0.4500914407874521
161,104.0,0.5339942719560357,0.5339942719560357,0.5339942719560357,0.6161998621453282,0.6161998621453282,0.6161998621453282
162,156.0,0.4727999370205655,0.4727999370205655,0.4727999370205655,0.47309652906989513,0.47309652906989513,0.47309652906989513
163,208.0,0.013174562959209527,0.013174562959209527,0.013174562959209527,0.01401442176998255,0.01401442176998255,0.01401442176998255
164,260.0,0.24528301886792453,0.24528301886792453,0.24528301886792453,0.23723067012493856,0.23723067012493856,0.23723067012493856
165,312.0,0.09048178613396005,0.09048178613396005,0.09048178613396005,0.08699518503840786,0.08699518503840786,0.08699518503840786
166,364.0,0.05047180162387536,0.05047180162387536,0.05047180162387536,0.053191021642859056,0.053191021642859056,0.053191021642859056
167,416.0,0.2585360913006556,0.2585360913006556,0.2585360913006556,0.23166013930836168,0.23166013930836168,0.23166013930836168
168,468.0,0.1303710361611516,0.1303710361611516,0.1303710361611516,0.14519498077324933,0.14519498077324933,0.14519498077324933
169,520.0,0.23089624406256296,0.23089624406256296,0.23089624406256296,0.447490516386513,0.447490516386513,0.447490516386513
170,572.0,0.018768000740485173,0.018768000740485173,0.018768000740485173,0.01816079718419412,0.01816079718419412,0.01816079718419412
171,624.0,0.03764705882352941,0.03764705882352941,0.03764705882352941,0.04093564013840831,0.04093564013840831,0.04093564013840831
172,676.0,0.006428988895382817,0.006428988895382817,0.006428988895382817,0.006387656997165862,0.006387656997165862,0.006387656997165862
173,728.0,0.5501567953309455,0.5501567953309455,0.5501567953309455,0.6690967540937802,0.6690967540937802,0.6690967540937802
174,780.0,0.05501953652141107,0.05501953652141107,0.05501953652141107,0.044180397625951884,0.044180397625951884,0.044180397625951884
175,832.0,0.19089047349945215,0.19089047349945215,0.19089047349945215,0.19669129214240885,0.19669129214240885,0.19669129214240885
176,884.0,0.07511737089201878,0.07511737089201878,0.07511737089201878,0.08042936807070908,0.08042936807070908,0.08042936807070908
177,936.0,0.19916849939938094,0.19916849939938094,0.19916849939938094,0.29811484424462575,0.29811484424462575,0.29811484424462575
178,988.0,0.014412997903563941,0.014412997903563941,0.014412997903563941,0.014205263394995804,0.014205263394995804,0.014205263394995804
179,1040.0,0.10774137863935501,0.10774137863935501,0.10774137863935501,0.10088153140342572,0.10088153140342572,0.10088153140342572
180,52.0,0.1463040533202212,0.1463040533202212,0.1463040533202212,0.18351733671698148,0.18351733671698148,0.18351733671698148
181,104.0,0.45706943311891024,0.45706943311891024,0.45706943311891024,0.6426310760024286,0.6426310760024286,0.6426310760024286
182,156.0,0.0009869232667160128,0.0009869232667160128,0.0009869232667160128,0.0009859492491816277,0.0009859492491816277,0.0009859492491816277
183,208.0,0.18629391390400793,0.18629391390400793,0.18629391390400793,0.15554692796394906,0.15554692796394906,0.15554692796394906
184,260.0,0.6629293023151027,0.6629293023151027,0.6629293023151027,0.6881707554863317,0.6881707554863317,0.6881707554863317
185,312.0,0.21437361399126983,0.21437361399126983,0.21437361399126983,0.189229398853106,0.189229398853106,0.189229398853106
186,364.0,0.07705934455270151,0.07705934455270151,0.07705934455270151,0.17209551552162528,0.17209551552162528,0.17209551552162528
187,416.0,0.24557472552095003,0.24557472552095003,0.24557472552095003,0.20991487807058903,0.20991487807058903,0.20991487807058903
188,468.0,0.18518518518518517,0.18518518518518517,0.18518518518518517,0.1508916323731139,0.1508916323731139,0.1508916323731139
189,520.0,0.547149182565161,0.547149182565161,0.547149182565161,0.7331751023372922,0.7331751023372922,0.7331751023372922
190,572.0,87.32898796815199,87.32898796815199,87.32898796815199,100.31418008123269,100.31418008123269,100.31418008123269
191,624.0,0.28229588867158517,0.28229588867158517,0.28229588867158517,0.31859492392646366,0.31859492392646366,0.31859492392646366
192,676.0,0.6875011168234538,0.6875011168234538,0.6875011168234538,0.5727138388141615,0.5727138388141615,0.5727138388141615
193,728.0,0.30356611357023705,0.30356611357023705,0.30356611357023705,0.8345839386489012,0.8345839386489012,0.8345839386489012
194,780.0,0.010554709953132848,0.010554709953132848,0.010554709953132848,0.009147496595802513,0.009147496595802513,0.009147496595802513
195,832.0,0.3268543054467966,0.3268543054467966,0.3268543054467966,0.5617759666426485,0.5617759666426485,0.5617759666426485
196,884.0,0.027700831024930747,0.027700831024930747,0.027700831024930747,0.02693349498545898,0.02693349498545898,0.02693349498545898
197,936.0,0.3407930617624833,0.3407930617624833,0.3407930617624833,0.33002117890408955,0.33002117890408955,0.33002117890408955
198,988.0,0.0,0.0,0.0,0.0,0.0,0.0
199,1040.0,0.05867292511201195,0.05867292511201195,0.05867292511201195,0.0620578078929372,0.0620578078929372,0.0620578078929372
200,52.0,0.09695120728859911,0.09695120728859911,0.09695120728859911,0.12257412876687004,0.12257412876687004,0.12257412876687004
201,104.0,0.6819203413891279,0.6819203413891279,0.6819203413891279,0.775136530212262,0.775136530212262,0.775136530212262
202,156.0,0.23045095858214099,0.23045095858214099,0.23045095858214099,0.2346084119353087,0.2346084119353087,0.2346084119353087
203,208.0,0.18527460424552744,0.18527460424552744,0.18527460424552744,0.2077185633292056,0.2077185633292056,0.2077185633292056
204,260.0,0.08965672990063234,0.08965672990063234,0.08965672990063234,0.08613511251794241,0.08613511251794241,0.08613511251794241
205,312.0,1.9438846833544559,1.9438846833544559,1.9438846833544559,3.04452111684936,3.04452111684936,3.04452111684936
206,364.0,0.08098833218943034,0.08098833218943034,0.08098833218943034,0.12384583171012163,0.12384583171012163,0.12384583171012163
207,416.0,0.17781937295273748,0.17781937295273748,0.17781937295273748,0.15368677504817957,0.15368677504817957,0.15368677504817957
208,468.0,0.9114201257017065,0.9114201257017065,0.9114201257017065,9.39539063497162,9.39539063497162,9.39539063497162
209,520.0,0.4928502795222555,0.4928502795222555,0.4928502795222555,0.6247248971202107,0.6247248971202107,0.6247248971202107
210,572.0,0.0699394754539341,0.0699394754539341,0.0699394754539341,0.07984283426549486,0.07984283426549486,0.07984283426549486
211,624.0,0.23611997447351626,0.23611997447351626,0.23611997447351626,0.22057154399795725,0.22057154399795725,0.22057154399795725
212,676.0,0.10043743363264424,0.10043743363264424,0.10043743363264424,0.1290789507462315,0.1290789507462315,0.1290789507462315
213,728.0,0.08354962127944773,0.08354962127944773,0.08354962127944773,0.08544116166189086,0.08544116166189086,0.08544116166189086
214,780.0,0.46412674974610635,0.46412674974610635,0.46412674974610635,0.47700912567158765,0.47700912567158765,0.47700912567158765
215,832.0,0.08888888888888889,0.08888888888888889,0.08888888888888889,0.08098765432098767,0.08098765432098767,0.08098765432098767
216,884.0,0.3109007938361622,0.3109007938361622,0.3109007938361622,0.25931259118296157,0.25931259118296157,0.25931259118296157
217,936.0,0.40987019056379376,0.40987019056379376,0.40987019056379376,0.5325551673200404,0.5325551673200404,0.5325551673200404
218,988.0,0.9865540482958702,0.9865540482958702,0.9865540482958702,20.46225045829241,20.46225045829241,20.46225045829241
219,1040.0,0.3743865389109605,0.3743865389109605,0.3743865389109605,0.3716365423380793,0.3716365423380793,0.3716365423380793
220,52.0,0.563177838364394,0.563177838364394,0.563177838364394,0.5564137899612299,0.5564137899612299,0.5564137899612299
221,104.0,0.2646062262849999,0.2646062262849999,0.2646062262849999,0.2241525609082157,0.2241525609082157,0.2241525609082157
222,156.0,0.06695421404748418,0.06695421404748418,0.06695421404748418,0.0673186141204746,0.0673186141204746,0.0673186141204746
223,208.0,0.1900475018159983,0.1900475018159983,0.1900475018159983,0.15942369742639284,0.15942369742639284,0.15942369742639284
224,260.0,0.06835443037974684,0.06835443037974684,0.06835443037974684,0.0788719756449287,0.0788719756449287,0.0788719756449287
225,312.0,0.11874533233756535,0.11874533233756535,0.11874533233756535,0.11261102227408046,0.11261102227408046,0.11261102227408046
226,364.0,25.175792468401475,25.175792468401475,25.175792468401475,89.79285071042557,89.79285071042557,89.79285071042557
227,416.0,0.009523809523809525,0.009523809523809525,0.009523809523809525,0.009433106575963723,0.009433106575963723,0.009433106575963723
228,468.0,0.26142368666459437,0.26142368666459437,0.26142368666459437,0.23162657118901966,0.23162657118901966,0.23162657118901966
229,520.0,0.17059639389736478,0.17059639389736478,0.17059639389736478,0.1553628898066909,0.1553628898066909,0.1553628898066909
230,572.0,0.8295263822219281,0.8295263822219281,0.8295263822219281,0.9399129647165745,0.9399129647165745,0.9399129647165745
231,624.0,0.24214141367087771,0.24214141367087771,0.24214141367087771,0.2808626249585817,0.2808626249585817,0.2808626249585817
232,676.0,0.3568922305764411,0.3568922305764411,0.3568922305764411,0.3307732991626937,0.3307732991626937,0.3307732991626937
233,728.0,123.01528527527815,123.01528527527815,123.01528527527815,108.53052332433698,108.53052332433698,108.53052332433698
234,780.0,0.46029182134678887,0.46029182134678887,0.46029182134678887,2.216710686400232,2.216710686400232,2.216710686400232
235,832.0,0.08391269863394298,0.08391269863394298,0.08391269863394298,0.08187194778287622,0.08187194778287622,0.08187194778287622
236,884.0,0.8094952823833313,0.8094952823833313,0.8094952823833313,0.7149725590466001,0.7149725590466001,0.7149725590466001
237,936.0,127.6645854907842,127.6645854907842,127.6645854907842,146.95913593925937,146.95913593925937,146.95913593925937
238,988.0,0.03429073856975381,0.03429073856975381,0.03429073856975381,0.03487338323192813,0.03487338323192813,0.03487338323192813
239,1040.0,0.13034101020093802,0.13034101020093802,0.13034101020093802,0.16088284164552227,0.16088284164552227,0.16088284164552227
240,52.0,0.24349647416256207,0.24349647416256207,0.24349647416256207,0.2842362562118782,0.2842362562118782,0.2842362562118782
241,104.0,0.5811524303478861,0.5811524303478861,0.5811524303478861,0.5775683383163966,0.5775683383163966,0.5775683383163966
242,156.0,0.3580217103463971,0.3580217103463971,0.3580217103463971,0.4356498941605173,0.4356498941605173,0.4356498941605173
243,208.0,0.11501597444089456,0.11501597444089456,0.11501597444089456,0.10178730006430604,0.10178730006430604,0.10178730006430604
244,260.0,0.017985611510791366,0.017985611510791366,0.017985611510791366,0.017662129289374252,0.017662129289374252,0.017662129289374252
245,312.0,2.358267297410689,2.358267297410689,2.358267297410689,61.19602495950412,61.19602495950412,61.19602495950412
246,364.0,1.2513318436616527,1.2513318436616527,1.2513318436616527,2.99022658797008,2.99022658797008,2.99022658797008
247,416.0,0.5043081148818729,0.5043081148818729,0.5043081148818729,0.6055493124334174,0.6055493124334174,0.6055493124334174
248,468.0,0.49350585251413914,0.49350585251413914,0.49350585251413914,0.5734753806146585,0.5734753806146585,0.5734753806146585
249,520.0,0.4070995040961677,0.4070995040961677,0.4070995040961677,1.0052279554722299,1.0052279554722299,1.0052279554722299
250,572.0,0.03814262023217247,0.03814262023217247,0.03814262023217247,0.04083369773575461,0.04083369773575461,0.04083369773575461
251,624.0,0.24759056068090352,0.24759056068090352,0.24759056068090352,0.375468955594378,0.375468955594378,0.375468955594378
252,676.0,0.19408518793265733,0.19408518793265733,0.19408518793265733,0.1683210786180373,0.1683210786180373,0.1683210786180373
253,728.0,0.28832951945080093,0.28832951945080093,0.28832951945080093,1.271557163728144,1.271557163728144,1.271557163728144
254,780.0,0.1419200954084675,0.1419200954084675,0.1419200954084675,0.12893441699033079,0.12893441699033079,0.12893441699033079
255,832.0,0.33156100995454596,0.33156100995454596,0.33156100995454596,0.38310449394281376,0.38310449394281376,0.38310449394281376
256,884.0,0.15934517684926586,0.15934517684926586,0.15934517684926586,0.13911230171331057,0.13911230171331057,0.13911230171331057
257,936.0,0.11115061503552441,0.11115061503552441,0.11115061503552441,0.10170152028170683,0.10170152028170683,0.10170152028170683
258,988.0,0.5480940729226519,0.5480940729226519,0.5480940729226519,0.6159164118355045,0.6159164118355045,0.6159164118355045
259,1040.0,0.2699074833868949,0.2699074833868949,0.2699074833868949,0.29184740053409436,0.29184740053409436,0.29184740053409436
260,52.0,0.33330698174441353,0.33330698174441353,0.33330698174441353,0.4470486524266951,0.4470486524266951,0.4470486524266951
261,104.0,0.1293751076582396,0.1293751076582396,0.1293751076582396,0.15167883432156765,0.15167883432156765,0.15167883432156765
262,156.0,0.040169133192389,0.040169133192389,0.040169133192389,0.055468893169861734,0.055468893169861734,0.055468893169861734
263,208.0,0.03531815528312901,0.03531815528312901,0.03531815528312901,0.03640586783734424,0.03640586783734424,0.03640586783734424
264,260.0,0.7325876783965828,0.7325876783965828,0.7325876783965828,1.5135671796655559,1.5135671796655559,1.5135671796655559
265,312.0,0.3677224596583897,0.3677224596583897,0.3677224596583897,0.4157125350581454,0.4157125350581454,0.4157125350581454
266,364.0,0.6082628173220508,0.6082628173220508,0.6082628173220508,0.5986574600460198,0.5986574600460198,0.5986574600460198
267,416.0,0.03755051001497079,0.03755051001497079,0.03755051001497079,0.03767348019253981,0.03767348019253981,0.03767348019253981
268,468.0,0.1535219747140277,0.1535219747140277,0.1535219747140277,0.13115707191325882,0.13115707191325882,0.13115707191325882
269,520.0,0.24180189728825213,0.24180189728825213,0.24180189728825213,0.239655209783422,0.239655209783422,0.239655209783422
270,572.0,0.505027819687656,0.505027819687656,0.505027819687656,0.7190077042837061,0.7190077042837061,0.7190077042837061
271,624.0,0.22413715284518526,0.22413715284518526,0.22413715284518526,0.1916205165026535,0.1916205165026535,0.1916205165026535
272,676.0,110.85051782003326,110.85051782003326,110.85051782003326,109.64610440464283,109.64610440464283,109.64610440464283
273,728.0,0.07871853546910755,0.07871853546910755,0.07871853546910755,0.07755625258549817,0.07755625258549817,0.07755625258549817
274,780.0,87.57200311462343,87.57200311462343,87.57200311462343,254.3494738250784,254.3494738250784,254.3494738250784
275,832.0,0.3105590097978333,0.3105590097978333,0.3105590097978333,0.33535493816764617,0.33535493816764617,0.33535493816764617
276,884.0,0.2464703071724037,0.2464703071724037,0.2464703071724037,0.5102433246508349,0.5102433246508349,0.5102433246508349
277,936.0,0.13378378378378378,0.13378378378378378,0.13378378378378378,0.19966946676406136,0.19966946676406136,0.19966946676406136
278,988.0,0.24407954683546595,0.24407954683546595,0.24407954683546595,0.26311403821297796,0.26311403821297796,0.26311403821297796
279,1040.0,0.14031373910760267,0.14031373910760267,0.14031373910760267,0.12693723259864267,0.12693723259864267,0.12693723259864267
280,52.0,0.011525821156304272,0.011525821156304272,0.011525821156304272,0.009418297380736499,0.009418297380736499,0.009418297380736499
281,104.0,0.019943019943019943,0.019943019943019943,0.019943019943019943,0.020359296712573065,0.020359296712573065,0.020359296712573065
282,156.0,24.986279975642063,24.986279975642063,24.986279975642063,20.920991016031753,20.920991016031753,20.920991016031753
283,208.0,0.23534626201836584,0.23534626201836584,0.23534626201836584,0.18119715705009914,0.18119715705009914,0.18119715705009914
284,260.0,21.501375869635655,21.501375869635655,21.501375869635655,109.45317495666815,109.45317495666815,109.45317495666815
285,312.0,0.2809642560266002,0.2809642560266002,0.2809642560266002,0.2801613312244466,0.2801613312244466,0.2801613312244466
286,364.0,0.19203718566577319,0.19203718566577319,0.19203718566577319,0.24697492234840815,0.24697492234840815,0.24697492234840815
287,416.0,0.0656700337164602,0.0656700337164602,0.0656700337164602,0.058140895078861235,0.058140895078861235,0.058140895078861235
288,468.0,0.47961660205155504,0.47961660205155504,0.47961660205155504,0.42554551877356295,0.42554551877356295,0.42554551877356295
289,520.0,0.08025070228975488,0.08025070228975488,0.08025070228975488,0.0820698397102641,0.0820698397102641,0.0820698397102641
290,572.0,0.6827044668323745,0.6827044668323745,0.6827044668323745,0.653879257192213,0.653879257192213,0.653879257192213
291,624.0,0.2892673801899439,0.2892673801899439,0.2892673801899439,0.4646439666335396,0.4646439666335396,0.4646439666335396
292,676.0,0.49463745491859484,0.49463745491859484,0.49463745491859484,0.5100836065222448,0.5100836065222448,0.5100836065222448
293,728.0,0.07995467387617618,0.07995467387617618,0.07995467387617618,0.0787284639039708,0.0787284639039708,0.0787284639039708
294,780.0,0.23304772524268114,0.23304772524268114,0.23304772524268114,0.24350165151897762,0.24350165151897762,0.24350165151897762
295,832.0,0.09021986835914732,0.09021986835914732,0.09021986835914732,0.10262897137117327,0.10262897137117327,0.10262897137117327
296,884.0,0.23200699182957976,0.23200699182957976,0.23200699182957976,0.24151918329852368,0.24151918329852368,0.24151918329852368
297,936.0,0.35497342596776077,0.35497342596776077,0.35497342596776077,0.328525102109528,0.328525102109528,0.328525102109528
298,988.0,0.13509302626152975,0.13509302626152975,0.13509302626152975,0.18989181067582114,0.18989181067582114,0.18989181067582114
299,1040.0,0.08662613981762918,0.08662613981762918,0.08662613981762918,0.07912205171792576,0.07912205171792576,0.07912205171792576
300,52.0,0.4149511037577086,0.4149511037577086,0.4149511037577086,0.46628224294629433,0.46628224294629433,0.46628224294629433
301,104.0,13.839680526226612,13.839680526226612,13.839680526226612,23.873355668303716,23.873355668303716,23.873355668303716
302,156.0,0.29901841326895673,0.29901841326895673,0.29901841326895673,0.26723236393126915,0.26723236393126915,0.26723236393126915
303,208.0,0.17838364291949904,0.17838364291949904,0.17838364291949904,0.19662451765907196,0.19662451765907196,0.19662451765907196
304,260.0,0.1514476614699332,0.1514476614699332,0.1514476614699332,0.12851126730522172,0.12851126730522172,0.12851126730522172
305,312.0,0.011164274322169059,0.011164274322169059,0.011164274322169059,0.012634529632766851,0.012634529632766851,0.012634529632766851
306,364.0,0.3759003000318766,0.3759003000318766,0.3759003000318766,0.4024205298570024,0.4024205298570024,0.4024205298570024
307,416.0,0.20081967213114754,0.20081967213114754,0.20081967213114754,0.19737637731792534,0.19737637731792534,0.19737637731792534
308,468.0,0.663383980089061,0.663383980089061,0.663383980089061,0.5812896727281653,0.5812896727281653,0.5812896727281653
309,520.0,0.30871249769474884,0.30871249769474884,0.30871249769474884,0.27310502388148145,0.27310502388148145,0.27310502388148145
310,572.0,0.12366548042704627,0.12366548042704627,0.12366548042704627,0.12438656425323893,0.12438656425323893,0.12438656425323893
311,624.0,0.8496265521208315,0.8496265521208315,0.8496265521208315,0.9717101584699628,0.9717101584699628,0.9717101584699628
312,676.0,0.2936537574301268,0.2936537574301268,0.2936537574301268,0.5678680718574523,0.5678680718574523,0.5678680718574523
313,728.0,0.5904005834410125,0.5904005834410125,0.5904005834410125,0.6528668346993967,0.6528668346993967,0.6528668346993967
314,780.0,0.3864492491107255,0.3864492491107255,0.3864492491107255,0.5186015725665605,0.5186015725665605,0.5186015725665605
315,832.0,0.12278801011195377,0.12278801011195377,0.12278801011195377,0.16549370767856109,0.16549370767856109,0.16549370767856109
316,884.0,0.2184793443489118,0.2184793443489118,0.2184793443489118,0.2743965636914627,0.2743965636914627,0.2743965636914627
317,936.0,0.23713175525137056,0.23713175525137056,0.23713175525137056,0.4288700008568407,0.4288700008568407,0.4288700008568407
318,988.0,0.2413252802742047,0.2413252802742047,0.2413252802742047,0.381219271366009,0.381219271366009,0.381219271366009
319,1040.0,0.5288517274370432,0.5288517274370432,0.5288517274370432,0.6375347697892338,0.6375347697892338,0.6375347697892338
320,52.0,0.34055732169485664,0.34055732169485664,0.34055732169485664,1.0758721010755101,1.0758721010755101,1.0758721010755101
321,104.0,0.6710621354171618,0.6710621354171618,0.6710621354171618,0.7292231058003358,0.7292231058003358,0.7292231058003358
322,156.0,0.46631166574851146,0.46631166574851146,0.46631166574851146,0.515544575902306,0.515544575902306,0.515544575902306
323,208.0,0.27453519371284907,0.27453519371284907,0.27453519371284907,0.3211876574016258,0.3211876574016258,0.3211876574016258
324,260.0,0.6949307300984151,0.6949307300984151,0.6949307300984151,0.7385083858998293,0.7385083858998293,0.7385083858998293
325,312.0,0.11950435664438183,0.11950435664438183,0.11950435664438183,0.1160900264873898,0.1160900264873898,0.1160900264873898
326,364.0,0.2667118211441705,0.2667118211441705,0.2667118211441705,0.45635851399721294,0.45635851399721294,0.45635851399721294
327,416.0,0.020186335403726708,0.020186335403726708,0.020186335403726708,0.02599002739091856,0.02599002739091856,0.02599002739091856
328,468.0,0.5433302693714064,0.5433302693714064,0.5433302693714064,12.762051179594437,12.762051179594437,12.762051179594437
329,520.0,0.10702002832288084,0.10702002832288084,0.10702002832288084,0.10851434453109367,0.10851434453109367,0.10851434453109367
330,572.0,0.09957282838423095,0.09957282838423095,0.09957282838423095,0.0917807151360711,0.0917807151360711,0.0917807151360711
331,624.0,0.19768799653465333,0.19768799653465333,0.19768799653465333,0.149854580053466,0.149854580053466,0.149854580053466
332,676.0,0.1755263157894737,0.1755263157894737,0.1755263157894737,0.14576945983379502,0.14576945983379502,0.14576945983379502
333,728.0,0.09733731662789692,0.09733731662789692,0.09733731662789692,0.11072964193304205,0.11072964193304205,0.11072964193304205
334,780.0,0.3584350571667672,0.3584350571667672,0.3584350571667672,0.3847771697870995,0.3847771697870995,0.3847771697870995
335,832.0,0.10890744606819763,0.10890744606819763,0.10890744606819763,0.14506331572047815,0.14506331572047815,0.14506331572047815
336,884.0,0.3842174946581916,0.3842174946581916,0.3842174946581916,0.4991351484406808,0.4991351484406808,0.4991351484406808
337,936.0,0.2157409269410576,0.2157409269410576,0.2157409269410576,0.32409386193550793,0.32409386193550793,0.32409386193550793
338,988.0,0.16374076617070676,0.16374076617070676,0.16374076617070676,0.17275673855997198,0.17275673855997198,0.17275673855997198
339,1040.0,0.2,0.2,0.2,0.16000000000000003,0.16000000000000003,0.16000000000000003
340,52.0,0.7290821579990997,0.7290821579990997,0.7290821579990997,1.1505638079740794,1.1505638079740794,1.1505638079740794
341,104.0,0.24368708975800688,0.24368708975800688,0.24368708975800688,0.31244250375675015,0.31244250375675015,0.31244250375675015
342,156.0,0.062165119132541045,0.062165119132541045,0.062165119132541045,0.06350507683988875,0.06350507683988875,0.06350507683988875
343,208.0,1.1685519081902087,1.1685519081902087,1.1685519081902087,4.516657433589597,4.516657433589597,4.516657433589597
344,260.0,0.013009540329575022,0.013009540329575022,0.013009540329575022,0.012840292189988186,0.012840292189988186,0.012840292189988186
345,312.0,0.9392908393565153,0.9392908393565153,0.9392908393565153,1.1039552605718124,1.1039552605718124,1.1039552605718124
346,364.0,0.12338930105427567,0.12338930105427567,0.12338930105427567,0.11363099604328344,0.11363099604328344,0.11363099604328344
347,416.0,0.340525524359864,0.340525524359864,0.340525524359864,0.39612876143090126,0.39612876143090126,0.39612876143090126
348,468.0,0.2632807939287799,0.2632807939287799,0.2632807939287799,0.22665520253246949,0.22665520253246949,0.22665520253246949
349,520.0,0.05934065934065934,0.05934065934065934,0.05934065934065934,0.058017147687477344,0.058017147687477344,0.058017147687477344
350,572.0,0.1349056603773585,0.1349056603773585,0.1349056603773585,0.1289702741189035,0.1289702741189035,0.1289702741189035
351,624.0,17.091960492543226,17.091960492543226,17.091960492543226,39.62964292274454,39.62964292274454,39.62964292274454
352,676.0,0.01642512077294686,0.01642512077294686,0.01642512077294686,0.01615533618054097,0.01615533618054097,0.01615533618054097
353,728.0,0.060301719872604236,0.060301719872604236,0.060301719872604236,0.06666295571465504,0.06666295571465504,0.06666295571465504
354,780.0,0.04031800113571834,0.04031800113571834,0.04031800113571834,0.03869245992013855,0.03869245992013855,0.03869245992013855
355,832.0,0.3579243321768554,0.3579243321768554,0.3579243321768554,0.40176594674881894,0.40176594674881894,0.40176594674881894
356,884.0,0.1713436707205754,0.1713436707205754,0.1713436707205754,0.2134965966959522,0.2134965966959522,0.2134965966959522
357,936.0,0.04216867469879518,0.04216867469879518,0.04216867469879518,0.0524386703440267,0.0524386703440267,0.0524386703440267
358,988.0,0.0295162848406165,0.0295162848406165,0.0295162848406165,0.02294815791460789,0.02294815791460789,0.02294815791460789
359,1040.0,0.1115827855788246,0.1115827855788246,0.1115827855788246,0.13858800458660042,0.13858800458660042,0.13858800458660042
360,52.0,0.5483791829648387,0.5483791829648387,0.5483791829648387,0.57515476367574,0.57515476367574,0.57515476367574
361,104.0,0.2482557318105944,0.2482557318105944,0.2482557318105944,0.2802381445212673,0.2802381445212673,0.2802381445212673
362,156.0,0.1477297895902547,0.1477297895902547,0.1477297895902547,0.16665874426208196,0.16665874426208196,0.16665874426208196
363,208.0,0.22963251385496827,0.22963251385496827,0.22963251385496827,0.25133095777189945,0.25133095777189945,0.25133095777189945
364,260.0,0.22198071218492413,0.22198071218492413,0.22198071218492413,0.25293959978179625,0.25293959978179625,0.25293959978179625
365,312.0,0.11815561959654179,0.11815561959654179,0.11815561959654179,0.10611609874123472,0.10611609874123472,0.10611609874123472
366,364.0,0.28908960700698966,0.28908960700698966,0.28908960700698966,0.3180189536427246,0.3180189536427246,0.3180189536427246
367,416.0,0.2102991861317436,0.2102991861317436,0.2102991861317436,0.17188238576204523,0.17188238576204523,0.17188238576204523
368,468.0,0.2549697493517718,0.2549697493517718,0.2549697493517718,0.3144199861203347,0.3144199861203347,0.3144199861203347
369,520.0,0.15738966177368327,0.15738966177368327,0.15738966177368327,0.14127492781674927,0.14127492781674927,0.14127492781674927
370,572.0,8.622805108024734,8.622805108024734,8.622805108024734,27.304411986294472,27.304411986294472,27.304411986294472
371,624.0,1.036198220126956,1.036198220126956,1.036198220126956,1.4495086108828525,1.4495086108828525,1.4495086108828525
372,676.0,0.2403207667075349,0.2403207667075349,0.2403207667075349,0.30659755970894226,0.30659755970894226,0.30659755970894226
373,728.0,0.09097978227060653,0.09097978227060653,0.09097978227060653,0.08736809134863065,0.08736809134863065,0.08736809134863065
374,780.0,0.05784262636789995,0.05784262636789995,0.05784262636789995,0.05449685694276346,0.05449685694276346,0.05449685694276346
375,832.0,0.35673640333655626,0.35673640333655626,0.35673640333655626,0.3525006457569327,0.3525006457569327,0.3525006457569327
376,884.0,0.2504357931435212,0.2504357931435212,0.2504357931435212,0.3085776717926452,0.3085776717926452,0.3085776717926452
377,936.0,0.14146341463414633,0.14146341463414633,0.14146341463414633,0.1263295657346817,0.1263295657346817,0.1263295657346817
378,988.0,0.3492641925725087,0.3492641925725087,0.3492641925725087,0.43621411248497055,0.43621411248497055,0.43621411248497055
379,1040.0,0.06121350254350373,0.06121350254350373,0.06121350254350373,0.07459408814886043,0.07459408814886043,0.07459408814886043
380,52.0,6.851429377170933,6.851429377170933,6.851429377170933,8.546799695065278,8.546799695065278,8.546799695065278
381,104.0,5.844205193160228,5.844205193160228,5.844205193160228,5.105556983861569,5.105556983861569,5.105556983861569
382,156.0,0.3081207670738678,0.3081207670738678,0.3081207670738678,0.28125274144659124,0.28125274144659124,0.28125274144659124
383,208.0,0.040931103663957705,0.040931103663957705,0.040931103663957705,0.04325939681877988,0.04325939681877988,0.04325939681877988
384,260.0,1.4678079737860381,1.4678079737860381,1.4678079737860381,1.0088053927409817,1.0088053927409817,1.0088053927409817
385,312.0,0.11892853942625035,0.11892853942625035,0.11892853942625035,0.11110092234509847,0.11110092234509847,0.11110092234509847
386,364.0,0.20395915002978057,0.20395915002978057,0.20395915002978057,0.18251382362051397,0.18251382362051397,0.18251382362051397
387,416.0,0.0956820070418208,0.0956820070418208,0.0956820070418208,0.11583677752937403,0.11583677752937403,0.11583677752937403
388,468.0,0.3740435662642269,0.3740435662642269,0.3740435662642269,0.32750077702656033,0.32750077702656033,0.32750077702656033
389,520.0,0.13228214942651675,0.13228214942651675,0.13228214942651675,0.12985571570586554,0.12985571570586554,0.12985571570586554
390,572.0,0.2769454823773955,0.2769454823773955,0.2769454823773955,0.36675257036887554,0.36675257036887554,0.36675257036887554
391,624.0,0.5118787983739412,0.5118787983739412,0.5118787983739412,0.5537003985418193,0.5537003985418193,0.5537003985418193
392,676.0,0.15777425199397263,0.15777425199397263,0.15777425199397263,0.13516122508695513,0.13516122508695513,0.13516122508695513
393,728.0,0.1976290680437472,0.1976290680437472,0.1976290680437472,0.22740540846089147,0.22740540846089147,0.22740540846089147
394,780.0,0.6462479802054276,0.6462479802054276,0.6462479802054276,6.014782597230864,6.014782597230864,6.014782597230864
395,832.0,0.14224557542978877,0.14224557542978877,0.14224557542978877,0.15577424865381154,0.15577424865381154,0.15577424865381154
396,884.0,0.2666828732989011,0.2666828732989011,0.2666828732989011,0.2976182812876825,0.2976182812876825,0.2976182812876825
397,936.0,0.13007391011807828,0.13007391011807828,0.13007391011807828,0.1347890683195368,0.1347890683195368,0.1347890683195368
398,988.0,0.10305028854080792,0.10305028854080792,0.10305028854080792,0.10479696119736111,0.10479696119736111,0.10479696119736111
399,1040.0,0.15625,0.15625,0.15625,0.1318359375,0.1318359375,0.1318359375
400,52.0,0.19878258009178565,0.19878258009178565,0.19878258009178565,0.21173300550925916,0.21173300550925916,0.21173300550925916
401,104.0,0.07438749502217958,0.07438749502217958,0.07438749502217958,0.07688775219514699,0.07688775219514699,0.07688775219514699
402,156.0,0.052153606642449404,0.052153606642449404,0.052153606642449404,0.04943360795663405,0.04943360795663405,0.04943360795663405
403,208.0,21.107436430149278,21.107436430149278,21.107436430149278,19.586184888142277,19.586184888142277,19.586184888142277
404,260.0,0.19175961613901654,0.19175961613901654,0.19175961613901654,0.21657727221302997,0.21657727221302997,0.21657727221302997
405,312.0,0.23413939185132063,0.23413939185132063,0.23413939185132063,0.2104884930608111,0.2104884930608111,0.2104884930608111
406,364.0,0.31110276617977073,0.31110276617977073,0.31110276617977073,1.8988993786420822,1.8988993786420822,1.8988993786420822
407,416.0,0.23608190715887423,0.23608190715887423,0.23608190715887423,0.2105647327885085,0.2105647327885085,0.2105647327885085
408,468.0,0.387069799838043,0.387069799838043,0.387069799838043,0.44721570373750147,0.44721570373750147,0.44721570373750147
409,520.0,0.2388971386824848,0.2388971386824848,0.2388971386824848,0.948326133445871,0.948326133445871,0.948326133445871
410,572.0,0.11321200569427405,0.11321200569427405,0.11321200569427405,0.13328876709379417,0.13328876709379417,0.13328876709379417
411,624.0,0.17579250720461095,0.17579250720461095,0.17579250720461095,0.19099901170178307,0.19099901170178307,0.19099901170178307
412,676.0,0.10321449153159903,0.10321449153159903,0.10321449153159903,0.10373928019435104,0.10373928019435104,0.10373928019435104
413,728.0,0.09959758551307847,0.09959758551307847,0.09959758551307847,0.08967790647304347,0.08967790647304347,0.08967790647304347
414,780.0,0.24559825025109816,0.24559825025109816,0.24559825025109816,0.28652531527439257,0.28652531527439257,0.28652531527439257
415,832.0,0.19472140762463344,0.19472140762463344,0.19472140762463344,0.22953225376458752,0.22953225376458752,0.22953225376458752
416,884.0,0.21548650025471217,0.21548650025471217,0.21548650025471217,0.1853536476781746,0.1853536476781746,0.1853536476781746
417,936.0,0.16587530339009127,0.16587530339009127,0.16587530339009127,0.12950502828273627,0.12950502828273627,0.12950502828273627
418,988.0,0.42098967356970174,0.42098967356970174,0.42098967356970174,0.4013976085036816,0.4013976085036816,0.4013976085036816
419,1040.0,0.3828209080712388,0.3828209080712388,0.3828209080712388,0.83111446535842,0.83111446535842,0.83111446535842
420,52.0,0.257532076944248,0.257532076944248,0.257532076944248,0.321143633201446,0.321143633201446,0.321143633201446
421,104.0,0.3572074399193608,0.3572074399193608,0.3572074399193608,0.4573398779085734,0.4573398779085734,0.4573398779085734
422,156.0,0.4147915066388548,0.4147915066388548,0.4147915066388548,0.6844253483215003,0.6844253483215003,0.6844253483215003
423,208.0,0.4752309408507567,0.4752309408507567,0.4752309408507567,1.6155481712407662,1.6155481712407662,1.6155481712407662
424,260.0,0.2968202919217686,0.2968202919217686,0.2968202919217686,0.2856561166782369,0.2856561166782369,0.2856561166782369
425,312.0,22.5627221989014,22.5627221989014,22.5627221989014,34.84751926898684,34.84751926898684,34.84751926898684
426,364.0,0.3074721909916777,0.3074721909916777,0.3074721909916777,0.33819757504133446,0.33819757504133446,0.33819757504133446
427,416.0,0.26316399464084766,0.26316399464084766,0.26316399464084766,0.26779698665085006,0.26779698665085006,0.26779698665085006
428,468.0,0.08102664053971653,0.08102664053971653,0.08102664053971653,0.07478946368643824,0.07478946368643824,0.07478946368643824
429,520.0,0.13293406161709312,0.13293406161709312,0.13293406161709312,0.2446057252808351,0.2446057252808351,0.2446057252808351
430,572.0,0.011235955056179775,0.011235955056179775,0.011235955056179775,0.011109708370155283,0.011109708370155283,0.011109708370155283
431,624.0,0.012692882030861125,0.012692882030861125,0.012692882030861125,0.012531772776611766,0.012531772776611766,0.012531772776611766
432,676.0,0.10757380652228973,0.10757380652228973,0.10757380652228973,0.1306074367210375,0.1306074367210375,0.1306074367210375
433,728.0,0.05084745762711865,0.05084745762711865,0.05084745762711865,0.04826199367997701,0.04826199367997701,0.04826199367997701
434,780.0,0.16219225708253435,0.16219225708253435,0.16219225708253435,0.1904503471969261,0.1904503471969261,0.1904503471969261
435,832.0,0.24274406332453827,0.24274406332453827,0.24274406332453827,0.21943943581567937,0.21943943581567937,0.21943943581567937
436,884.0,0.6115621940392856,0.6115621940392856,0.6115621940392856,0.5679789796490368,0.5679789796490368,0.5679789796490368
437,936.0,0.32871611618610475,0.32871611618610475,0.32871611618610475,0.32410553371398443,0.32410553371398443,0.32410553371398443
438,988.0,0.06725245015207841,0.06725245015207841,0.06725245015207841,0.0735440224466835,0.0735440224466835,0.0735440224466835
439,1040.0,0.017391304347826087,0.017391304347826087,0.017391304347826087,0.017088846880907373,0.017088846880907373,0.017088846880907373
440,52.0,0.2566346124290561,0.2566346124290561,0.2566346124290561,0.3169805893846536,0.3169805893846536,0.3169805893846536
441,104.0,0.4759251200540973,0.4759251200540973,0.4759251200540973,0.6254415567238982,0.6254415567238982,0.6254415567238982
442,156.0,0.07837713231904103,0.07837713231904103,0.07837713231904103,0.07961082872557079,0.07961082872557079,0.07961082872557079
443,208.0,0.04276037256562235,0.04276037256562235,0.04276037256562235,0.043472143256084735,0.043472143256084735,0.043472143256084735
444,260.0,0.2254454588120879,0.2254454588120879,0.2254454588120879,0.2766590079791691,0.2766590079791691,0.2766590079791691
445,312.0,0.2347369646513404,0.2347369646513404,0.2347369646513404,0.29520302746233157,0.29520302746233157,0.29520302746233157
446,364.0,0.25849852424189484,0.25849852424189484,0.25849852424189484,0.3318815309448177,0.3318815309448177,0.3318815309448177
447,416.0,0.26526032565937485,0.26526032565937485,0.26526032565937485,0.7310000135213753,0.7310000135213753,0.7310000135213753
448,468.0,0.08031730292513634,0.08031730292513634,0.08031730292513634,0.07584957705807037,0.07584957705807037,0.07584957705807037
449,520.0,0.15537416753781735,0.15537416753781735,0.15537416753781735,0.1462162856772121,0.1462162856772121,0.1462162856772121
450,572.0,0.04628996418003049,0.04628996418003049,0.04628996418003049,0.04056578453145701,0.04056578453145701,0.04056578453145701
451,624.0,0.3036464382689244,0.3036464382689244,0.3036464382689244,0.4561824693290925,0.4561824693290925,0.4561824693290925
452,676.0,0.1770309551559458,0.1770309551559458,0.1770309551559458,0.13935731472256638,0.13935731472256638,0.13935731472256638
453,728.0,0.2431470861709609,0.2431470861709609,0.2431470861709609,0.19829742252042903,0.19829742252042903,0.19829742252042903
454,780.0,0.5780268524928589,0.5780268524928589,0.5780268524928589,0.6083281631815229,0.6083281631815229,0.6083281631815229
455,832.0,0.43797578761053263,0.43797578761053263,0.43797578761053263,0.46575182670433035,0.46575182670433035,0.46575182670433035
456,884.0,0.14723174914257717,0.14723174914257717,0.14723174914257717,0.12849429661080625,0.12849429661080625,0.12849429661080625
457,936.0,0.027181172529496422,0.027181172529496422,0.027181172529496422,0.021396975235557652,0.021396975235557652,0.021396975235557652
458,988.0,0.2964485687196192,0.2964485687196192,0.2964485687196192,0.37023490075985155,0.37023490075985155,0.37023490075985155
459,1040.0,0.2430791646430306,0.2430791646430306,0.2430791646430306,0.23013058673927303,0.23013058673927303,0.23013058673927303
460,52.0,0.06896551724137931,0.06896551724137931,0.06896551724137931,0.06420927467300831,0.06420927467300831,0.06420927467300831
461,104.0,0.05345316934720908,0.05345316934720908,0.05345316934720908,0.05248807562145949,0.05248807562145949,0.05248807562145949
462,156.0,0.12403100775193798,0.12403100775193798,0.12403100775193798,0.1319031308214651,0.1319031308214651,0.1319031308214651
463,208.0,0.14285714285714285,0.14285714285714285,0.14285714285714285,0.2226996061582528,0.2226996061582528,0.2226996061582528
464,260.0,0.29243353783231085,0.29243353783231085,0.29243353783231085,0.268265857034723,0.268265857034723,0.268265857034723
465,312.0,0.046804051694027245,0.046804051694027245,0.046804051694027245,0.05159911179636757,0.05159911179636757,0.05159911179636757
466,364.0,0.4618284747049215,0.4618284747049215,0.4618284747049215,0.6209651336031314,0.6209651336031314,0.6209651336031314
467,416.0,0.11191335740072202,0.11191335740072202,0.11191335740072202,0.12104940765551486,0.12104940765551486,0.12104940765551486
468,468.0,0.19730305180979418,0.19730305180979418,0.19730305180979418,0.17824680737890503,0.17824680737890503,0.17824680737890503
469,520.0,0.3369523745128693,0.3369523745128693,0.3369523745128693,0.34515070918392243,0.34515070918392243,0.34515070918392243
470,572.0,24.36317329265331,24.36317329265331,24.36317329265331,595.0335238273682,595.0335238273682,595.0335238273682
471,624.0,0.08709338929695698,0.08709338929695698,0.08709338929695698,0.08370540261107298,0.08370540261107298,0.08370540261107298
472,676.0,0.32488823052942584,0.32488823052942584,0.32488823052942584,0.3490840475571472,0.3490840475571472,0.3490840475571472
473,728.0,0.13157894736842105,0.13157894736842105,0.13157894736842105,0.11426592797783934,0.11426592797783934,0.11426592797783934
474,780.0,0.391812865497076,0.391812865497076,0.391812865497076,0.3669505146882802,0.3669505146882802,0.3669505146882802
475,832.0,0.7017832679823116,0.7017832679823116,0.7017832679823116,0.7013599347262964,0.7013599347262964,0.7013599347262964
476,884.0,0.25776011919543085,0.25776011919543085,0.25776011919543085,0.2866761848212423,0.2866761848212423,0.2866761848212423
477,936.0,0.13125,0.13125,0.13125,0.13694010416666672,0.13694010416666672,0.13694010416666672
478,988.0,0.11105875289680671,0.11105875289680671,0.11105875289680671,0.14132090032112457,0.14132090032112457,0.14132090032112457
479,1040.0,0.040267087116374084,0.040267087116374084,0.040267087116374084,0.04089051745623684,0.04089051745623684,0.04089051745623684
480,52.0,0.19872905834777585,0.19872905834777585,0.19872905834777585,0.3429446585374726,0.3429446585374726,0.3429446585374726
481,104.0,6.500048618059576,6.500048618059576,6.500048618059576,6.118650516411916,6.118650516411916,6.118650516411916
482,156.0,0.030432691881003712,0.030432691881003712,0.030432691881003712,0.03127194257809623,0.03127194257809623,0.03127194257809623
483,208.0,0.17455001426258798,0.17455001426258798,0.17455001426258798,0.29744333583787397,0.29744333583787397,0.29744333583787397
484,260.0,0.1598838985245478,0.1598838985245478,0.1598838985245478,0.13781709850201543,0.13781709850201543,0.13781709850201543
485,312.0,0.6634264683054518,0.6634264683054518,0.6634264683054518,5.425206216590225,5.425206216590225,5.425206216590225
486,364.0,0.06212424849699399,0.06212424849699399,0.06212424849699399,0.06449951785111083,0.06449951785111083,0.06449951785111083
487,416.0,0.1744186046511628,0.1744186046511628,0.1744186046511628,0.19050838290968097,0.19050838290968097,0.19050838290968097
488,468.0,4.889691870754352,4.889691870754352,4.889691870754352,64.58531239813976,64.58531239813976,64.58531239813976
489,520.0,0.3437104151043677,0.3437104151043677,0.3437104151043677,0.3416006091924173,0.3416006091924173,0.3416006091924173
490,572.0,0.03671147880041365,0.03671147880041365,0.03671147880041365,0.03639787228809235,0.03639787228809235,0.03639787228809235
491,624.0,0.3296670461275412,0.3296670461275412,0.3296670461275412,0.4045240273012506,0.4045240273012506,0.4045240273012506
492,676.0,0.6772918473656901,0.6772918473656901,0.6772918473656901,0.7153140997263091,0.7153140997263091,0.7153140997263091
493,728.0,0.17976611367963014,0.17976611367963014,0.17976611367963014,0.15125770977910377,0.15125770977910377,0.15125770977910377
494,780.0,0.12498046929471927,0.12498046929471927,0.12498046929471927,0.141556355834942,0.141556355834942,0.141556355834942
495,832.0,0.3371995218159913,0.3371995218159913,0.3371995218159913,0.522592446606821,0.522592446606821,0.522592446606821
496,884.0,151.71887742842068,151.71887742842068,151.71887742842068,122.92262171996725,122.92262171996725,122.92262171996725
497,936.0,0.304594426413125,0.304594426413125,0.304594426413125,0.2442797644700046,0.2442797644700046,0.2442797644700046
498,988.0,0.27340288518487094,0.27340288518487094,0.27340288518487094,0.31813847253368516,0.31813847253368516,0.31813847253368516
499,1040.0,0.5119231032728493,0.5119231032728493,0.5119231032728493,0.5744444506420704,0.5744444506420704,0.5744444506420704
500,52.0,0.19355299521237262,0.19355299521237262,0.19355299521237262,0.33671986503427825,0.33671986503427825,0.33671986503427825
501,104.0,0.19538300690892296,0.19538300690892296,0.19538300690892296,0.23468580206101147,0.23468580206101147,0.23468580206101147
502,156.0,0.1390713956889835,0.1390713956889835,0.1390713956889835,0.14877916906667393,0.14877916906667393,0.14877916906667393
503,208.0,37.52884096054007,37.52884096054007,37.52884096054007,31.92209779090545,31.92209779090545,31.92209779090545
504,260.0,0.2086892031611081,0.2086892031611081,0.2086892031611081,0.1677574043699809,0.1677574043699809,0.1677574043699809
505,312.0,0.24848260250725202,0.24848260250725202,0.24848260250725202,0.30466119722673957,0.30466119722673957,0.30466119722673957
506,364.0,0.2924233920049674,0.2924233920049674,0.2924233920049674,0.42600276172126555,0.42600276172126555,0.42600276172126555
507,416.0,0.3760414770691342,0.3760414770691342,0.3760414770691342,0.35255083135639126,0.35255083135639126,0.35255083135639126
508,468.0,0.5715008935604786,0.5715008935604786,0.5715008935604786,0.8072205333741588,0.8072205333741588,0.8072205333741588
509,520.0,0.2938874659135342,0.2938874659135342,0.2938874659135342,0.4183361663060817,0.4183361663060817,0.4183361663060817
510,572.0,0.26371951219512196,0.26371951219512196,0.26371951219512196,0.23685445791195725,0.23685445791195725,0.23685445791195725
511,624.0,0.46591842980763515,0.46591842980763515,0.46591842980763515,3.966649384964375,3.966649384964375,3.966649384964375
512,676.0,0.27030454703604706,0.27030454703604706,0.27030454703604706,0.2624482966052205,0.2624482966052205,0.2624482966052205
513,728.0,0.3926546710588713,0.3926546710588713,0.3926546710588713,0.4495490104795523,0.4495490104795523,0.4495490104795523
514,780.0,0.1749169649314848,0.1749169649314848,0.1749169649314848,0.5699088147073931,0.5699088147073931,0.5699088147073931
515,832.0,0.15682174615431066,0.15682174615431066,0.15682174615431066,0.1894328812677247,0.1894328812677247,0.1894328812677247
516,884.0,0.026239067055393587,0.026239067055393587,0.026239067055393587,0.02613366879446489,0.02613366879446489,0.02613366879446489
517,936.0,0.2638050129721125,0.2638050129721125,0.2638050129721125,0.3115807635974502,0.3115807635974502,0.3115807635974502
518,988.0,0.09372931912955795,0.09372931912955795,0.09372931912955795,0.09466084246100212,0.09466084246100212,0.09466084246100212
519,1040.0,0.14545454545454545,0.14545454545454545,0.14545454545454545,0.14853994490358127,0.14853994490358127,0.14853994490358127
520,52.0,0.06186069167072577,0.06186069167072577,0.06186069167072577,0.06290486710073932,0.06290486710073932,0.06290486710073932
521,104.0,3.1850917991589767,3.1850917991589767,3.1850917991589767,13.860966465940232,13.860966465940232,13.860966465940232
522,156.0,0.13386396526772792,0.13386396526772792,0.13386396526772792,0.1557417991501233,0.1557417991501233,0.1557417991501233
523,208.0,0.12518611362119914,0.12518611362119914,0.12518611362119914,0.13867815242448853,0.13867815242448853,0.13867815242448853
524,260.0,0.14756525490001537,0.14756525490001537,0.14756525490001537,0.30873444453956755,0.30873444453956755,0.30873444453956755
525,312.0,0.7661674817088553,0.7661674817088553,0.7661674817088553,3.7278479646357825,3.7278479646357825,3.7278479646357825
526,364.0,0.6083417023593005,0.6083417023593005,0.6083417023593005,0.7351109091686066,0.7351109091686066,0.7351109091686066
527,416.0,0.08896492728828058,0.08896492728828058,0.08896492728828058,0.08190560099402808,0.08190560099402808,0.08190560099402808
528,468.0,0.036306538480178965,0.036306538480178965,0.036306538480178965,0.03494514100672614,0.03494514100672614,0.03494514100672614
529,520.0,0.1261682242990654,0.1261682242990654,0.1261682242990654,0.12894139226133286,0.12894139226133286,0.12894139226133286
530,572.0,0.10126145218780189,0.10126145218780189,0.10126145218780189,0.11474724126711515,0.11474724126711515,0.11474724126711515
531,624.0,0.16682375117813383,0.16682375117813383,0.16682375117813383,0.1389935872209899,0.1389935872209899,0.1389935872209899
532,676.0,0.07575757575757576,0.07575757575757576,0.07575757575757576,0.07001836547291093,0.07001836547291093,0.07001836547291093
533,728.0,2.0664370766468814,2.0664370766468814,2.0664370766468814,3.9616598367605467,3.9616598367605467,3.9616598367605467
534,780.0,0.5413366679548586,0.5413366679548586,0.5413366679548586,0.4867988326511998,0.4867988326511998,0.4867988326511998
535,832.0,0.28733421774239315,0.28733421774239315,0.28733421774239315,0.3006780436551936,0.3006780436551936,0.3006780436551936
536,884.0,0.017676111255523784,0.017676111255523784,0.017676111255523784,0.018403437596731055,0.018403437596731055,0.018403437596731055
537,936.0,167.59608729798356,167.59608729798356,167.59608729798356,141.36329989711115,141.36329989711115,141.36329989711115
538,988.0,0.09065019986781854,0.09065019986781854,0.09065019986781854,0.10954215626975884,0.10954215626975884,0.10954215626975884
539,1040.0,0.19101123595505617,0.19101123595505617,0.19101123595505617,0.17699785380633754,0.17699785380633754,0.17699785380633754
540,52.0,1.3280855747597304,1.3280855747597304,1.3280855747597304,3.007069912527092,3.007069912527092,3.007069912527092
541,104.0,0.13418217433888344,0.13418217433888344,0.13418217433888344,0.11617731842857296,0.11617731842857296,0.11617731842857296
542,156.0,0.24789915966386555,0.24789915966386555,0.24789915966386555,0.23686533436904172,0.23686533436904172,0.23686533436904172
543,208.0,29.30802668724903,29.30802668724903,29.30802668724903,43.79848429572372,43.79848429572372,43.79848429572372
544,260.0,0.17558612341664548,0.17558612341664548,0.17558612341664548,0.17649687323636967,0.17649687323636967,0.17649687323636967
545,312.0,0.3375,0.3375,0.3375,1.4235937499999998,1.4235937499999998,1.4235937499999998
546,364.0,0.3525660181844495,0.3525660181844495,0.3525660181844495,0.37882369861141657,0.37882369861141657,0.37882369861141657
547,416.0,0.007652431498395458,0.007652431498395458,0.007652431498395458,0.00808757704851882,0.00808757704851882,0.00808757704851882
548,468.0,0.1506099749180408,0.1506099749180408,0.1506099749180408,0.16141737860686756,0.16141737860686756,0.16141737860686756
549,520.0,0.4048042807103438,0.4048042807103438,0.4048042807103438,0.4699172381189336,0.4699172381189336,0.4699172381189336
550,572.0,0.0,0.0,0.0,0.0,0.0,0.0
551,624.0,0.17842031029619182,0.17842031029619182,0.17842031029619182,0.17338481064531977,0.17338481064531977,0.17338481064531977
552,676.0,0.10625603215457072,0.10625603215457072,0.10625603215457072,0.1073961637436301,0.1073961637436301,0.1073961637436301
553,728.0,0.13074626865671643,0.13074626865671643,0.13074626865671643,0.1267860102472711,0.1267860102472711,0.1267860102472711
554,780.0,0.25745587340231285,0.25745587340231285,0.25745587340231285,0.22647362480269118,0.22647362480269118,0.22647362480269118
555,832.0,0.3701417621858899,0.3701417621858899,0.3701417621858899,0.47359050505525563,0.47359050505525563,0.47359050505525563
556,884.0,0.24354041585989988,0.24354041585989988,0.24354041585989988,0.30381988558756096,0.30381988558756096,0.30381988558756096
557,936.0,99.36101331225942,99.36101331225942,99.36101331225942,87.57883225109714,87.57883225109714,87.57883225109714
558,988.0,0.12065678725776267,0.12065678725776267,0.12065678725776267,0.11585174801954184,0.11585174801954184,0.11585174801954184
559,1040.0,0.23424764414193525,0.23424764414193525,0.23424764414193525,0.19532623009209185,0.19532623009209185,0.19532623009209185
560,52.0,0.043795620437956206,0.043795620437956206,0.043795620437956206,0.04552719910490704,0.04552719910490704,0.04552719910490704
561,104.0,0.30900129922244063,0.30900129922244063,0.30900129922244063,0.2882588891146355,0.2882588891146355,0.2882588891146355
562,156.0,0.23040935419694866,0.23040935419694866,0.23040935419694866,0.5163380527109708,0.5163380527109708,0.5163380527109708
563,208.0,0.4844010039616714,0.4844010039616714,0.4844010039616714,0.5687906876480966,0.5687906876480966,0.5687906876480966
564,260.0,0.3880181049025591,0.3880181049025591,0.3880181049025591,0.5302636125915068,0.5302636125915068,0.5302636125915068
565,312.0,0.413646893790355,0.413646893790355,0.413646893790355,0.46420715014406355,0.46420715014406355,0.46420715014406355
566,364.0,0.14156706009019027,0.14156706009019027,0.14156706009019027,0.11894322537201049,0.11894322537201049,0.11894322537201049
567,416.0,0.1689500037335017,0.1689500037335017,0.1689500037335017,0.1665463018746621,0.1665463018746621,0.1665463018746621
568,468.0,0.07703281027104136,0.07703281027104136,0.07703281027104136,0.07109875641278712,0.07109875641278712,0.07109875641278712
569,520.0,0.07112375533428165,0.07112375533428165,0.07112375533428165,0.07649665087712555,0.07649665087712555,0.07649665087712555
570,572.0,0.16001880826109177,0.16001880826109177,0.16001880826109177,0.1451488420459342,0.1451488420459342,0.1451488420459342
571,624.0,0.271060222275982,0.271060222275982,0.271060222275982,0.3275105631295346,0.3275105631295346,0.3275105631295346
572,676.0,0.2779962473627473,0.2779962473627473,0.2779962473627473,0.2344568915994366,0.2344568915994366,0.2344568915994366
573,728.0,0.4097565383527858,0.4097565383527858,0.4097565383527858,0.5276779303959598,0.5276779303959598,0.5276779303959598
574,780.0,0.3168903592489142,0.3168903592489142,0.3168903592489142,0.2923939992999056,0.2923939992999056,0.2923939992999056
575,832.0,0.6713776639181642,0.6713776639181642,0.6713776639181642,0.7788281449213823,0.7788281449213823,0.7788281449213823
576,884.0,70.19834563075077,70.19834563075077,70.19834563075077,67.77706489126123,67.77706489126123,67.77706489126123
577,936.0,0.2045028142589118,0.2045028142589118,0.2045028142589118,0.19207478407588233,0.19207478407588233,0.19207478407588233
578,988.0,0.0,0.0,0.0,0.0,0.0,0.0
579,1040.0,0.2938628886737817,0.2938628886737817,0.2938628886737817,0.2759697449053543,0.2759697449053543,0.2759697449053543
580,52.0,0.2808066227728299,0.2808066227728299,0.2808066227728299,0.3153133707109974,0.3153133707109974,0.3153133707109974
581,104.0,0.12142152948132663,0.12142152948132663,0.12142152948132663,0.24465067224289203,0.24465067224289203,0.24465067224289203
582,156.0,0.19849704540366003,0.19849704540366003,0.19849704540366003,0.21669779282297053,0.21669779282297053,0.21669779282297053
583,208.0,0.29779217322795876,0.29779217322795876,0.29779217322795876,0.4292636032396962,0.4292636032396962,0.4292636032396962
584,260.0,0.024254473161033796,0.024254473161033796,0.024254473161033796,0.023666193692714485,0.023666193692714485,0.023666193692714485
585,312.0,0.07857142857142857,0.07857142857142857,0.07857142857142857,0.07775510204081633,0.07775510204081633,0.07775510204081633
586,364.0,52.26854261227814,52.26854261227814,52.26854261227814,101.22603732460654,101.22603732460654,101.22603732460654
587,416.0,0.03642509330085657,0.03642509330085657,0.03642509330085657,0.032915021641248765,0.032915021641248765,0.032915021641248765
588,468.0,0.43909588387902976,0.43909588387902976,0.43909588387902976,0.4479779502202099,0.4479779502202099,0.4479779502202099
589,520.0,0.08485229415461974,0.08485229415461974,0.08485229415461974,0.08268066642936918,0.08268066642936918,0.08268066642936918
590,572.0,0.8029268292682927,0.8029268292682927,0.8029268292682927,1.155308506841166,1.155308506841166,1.155308506841166
591,624.0,0.018659881255301103,0.018659881255301103,0.018659881255301103,0.018311690086839166,0.018311690086839166,0.018311690086839166
592,676.0,98.65562620106019,98.65562620106019,98.65562620106019,88.94980401512409,88.94980401512409,88.94980401512409
593,728.0,0.6163833625549295,0.6163833625549295,0.6163833625549295,0.6676352810909658,0.6676352810909658,0.6676352810909658
594,780.0,0.3312666076173605,0.3312666076173605,0.3312666076173605,0.3083315223659054,0.3083315223659054,0.3083315223659054
595,832.0,0.2734225621414914,0.2734225621414914,0.2734225621414914,0.2904408673303379,0.2904408673303379,0.2904408673303379
596,884.0,0.2192449555868946,0.2192449555868946,0.2192449555868946,0.2661223104639082,0.2661223104639082,0.2661223104639082
597,936.0,0.26266154383513796,0.26266154383513796,0.26266154383513796,0.27540290570589465,0.27540290570589465,0.27540290570589465
598,988.0,0.04787228326401005,0.04787228326401005,0.04787228326401005,0.04702348882544074,0.04702348882544074,0.04702348882544074
599,1040.0,0.20339880235395424,0.20339880235395424,0.20339880235395424,0.194564922673582,0.194564922673582,0.194564922673582
600,52.0,0.14252540185693655,0.14252540185693655,0.14252540185693655,0.2301517115398129,0.2301517115398129,0.2301517115398129
601,104.0,0.32913767970348257,0.32913767970348257,0.32913767970348257,0.309403311775386,0.309403311775386,0.309403311775386
602,156.0,0.22864130100682006,0.22864130100682006,0.22864130100682006,0.25701401177818556,0.25701401177818556,0.25701401177818556
603,208.0,0.10563306017983083,0.10563306017983083,0.10563306017983083,0.10844132734245215,0.10844132734245215,0.10844132734245215
604,260.0,0.314181918231888,0.314181918231888,0.314181918231888,0.36787209444143343,0.36787209444143343,0.36787209444143343
605,312.0,0.4876290874593213,0.4876290874593213,0.4876290874593213,1.8418437513750803,1.8418437513750803,1.8418437513750803
606,364.0,11.508168248122463,11.508168248122463,11.508168248122463,15.784360486733071,15.784360486733071,15.784360486733071
607,416.0,0.07597027250206441,0.07597027250206441,0.07597027250206441,0.07474049127151945,0.07474049127151945,0.07474049127151945
608,468.0,0.0796812749003984,0.0796812749003984,0.0796812749003984,0.16894969921112363,0.16894969921112363,0.16894969921112363
609,520.0,0.16750539180445723,0.16750539180445723,0.16750539180445723,0.1696414404813526,0.1696414404813526,0.1696414404813526
610,572.0,0.6165757462725334,0.6165757462725334,0.6165757462725334,0.6899278983523318,0.6899278983523318,0.6899278983523318
611,624.0,100.77699077392349,100.77699077392349,100.77699077392349,120.81700912724972,120.81700912724972,120.81700912724972
612,676.0,0.34842356676196073,0.34842356676196073,0.34842356676196073,0.6949104219808273,0.6949104219808273,0.6949104219808273
613,728.0,0.2962791937937772,0.2962791937937772,0.2962791937937772,0.5135905368585325,0.5135905368585325,0.5135905368585325
614,780.0,0.002447708055184691,0.002447708055184691,0.002447708055184691,0.002441716780461275,0.002441716780461275,0.002441716780461275
615,832.0,0.0475873544093178,0.0475873544093178,0.0475873544093178,0.05197837215290102,0.05197837215290102,0.05197837215290102
616,884.0,0.288295698387131,0.288295698387131,0.288295698387131,0.32838387134100094,0.32838387134100094,0.32838387134100094
617,936.0,0.08268330733229329,0.08268330733229329,0.08268330733229329,0.07584677802088682,0.07584677802088682,0.07584677802088682
618,988.0,0.0018165304268846503,0.0018165304268846503,0.0018165304268846503,0.0018132306440928523,0.0018132306440928523,0.0018132306440928523
619,1040.0,0.19900759205209015,0.19900759205209015,0.19900759205209015,0.24844043062571713,0.24844043062571713,0.24844043062571713
620,52.0,0.06611570247933884,0.06611570247933884,0.06611570247933884,0.0782733419848371,0.0782733419848371,0.0782733419848371
621,104.0,0.2885146910413736,0.2885146910413736,0.2885146910413736,0.508908289608454,0.508908289608454,0.508908289608454
622,156.0,0.3380155826662174,0.3380155826662174,0.3380155826662174,0.351149154067627,0.351149154067627,0.351149154067627
623,208.0,0.2848655447757877,0.2848655447757877,0.2848655447757877,0.294877405279401,0.294877405279401,0.294877405279401
624,260.0,0.419116086816994,0.419116086816994,0.419116086816994,0.2974899999619027,0.2974899999619027,0.2974899999619027
625,312.0,0.14639767022500563,0.14639767022500563,0.14639767022500563,0.14878453282319895,0.14878453282319895,0.14878453282319895
626,364.0,26.593343383811625,26.593343383811625,26.593343383811625,36.378845814448034,36.378845814448034,36.378845814448034
627,416.0,0.3473401504796607,0.3473401504796607,0.3473401504796607,0.4400385955653603,0.4400385955653603,0.4400385955653603
628,468.0,0.018298261665141813,0.018298261665141813,0.018298261665141813,0.017963435285175813,0.017963435285175813,0.017963435285175813
629,520.0,0.29545454545454547,0.29545454545454547,0.29545454545454547,0.27634297520661155,0.27634297520661155,0.27634297520661155
630,572.0,0.17532005689900426,0.17532005689900426,0.17532005689900426,0.18867966285518878,0.18867966285518878,0.18867966285518878
631,624.0,0.13523998121669584,0.13523998121669584,0.13523998121669584,0.11593831348138849,0.11593831348138849,0.11593831348138849
632,676.0,0.5446790802946769,0.5446790802946769,0.5446790802946769,0.6128245591239937,0.6128245591239937,0.6128245591239937
633,728.0,0.31934728490428604,0.31934728490428604,0.31934728490428604,0.44050539774355846,0.44050539774355846,0.44050539774355846
634,780.0,0.3558534108402697,0.3558534108402697,0.3558534108402697,0.35599635167744875,0.35599635167744875,0.35599635167744875
635,832.0,0.10497069122122023,0.10497069122122023,0.10497069122122023,0.25806508187048405,0.25806508187048405,0.25806508187048405
636,884.0,0.20173466806948792,0.20173466806948792,0.20173466806948792,0.23302345260424906,0.23302345260424906,0.23302345260424906
637,936.0,0.45122700916260294,0.45122700916260294,0.45122700916260294,0.60015793081644,0.60015793081644,0.60015793081644
638,988.0,0.14852811324173876,0.14852811324173876,0.14852811324173876,0.17882767281103892,0.17882767281103892,0.17882767281103892
639,1040.0,0.032771961766044605,0.032771961766044605,0.032771961766044605,0.03260829255932854,0.03260829255932854,0.03260829255932854
640,52.0,0.14764930346568458,0.14764930346568458,0.14764930346568458,0.15503403440832114,0.15503403440832114,0.15503403440832114
641,104.0,0.6737594034741342,0.6737594034741342,0.6737594034741342,0.7633843848136898,0.7633843848136898,0.7633843848136898
642,156.0,0.37183329335587884,0.37183329335587884,0.37183329335587884,0.3975328561237521,0.3975328561237521,0.3975328561237521
643,208.0,0.14146643250722482,0.14146643250722482,0.14146643250722482,0.17874702712690813,0.17874702712690813,0.17874702712690813
644,260.0,0.16233136339931897,0.16233136339931897,0.16233136339931897,0.43715208819410983,0.43715208819410983,0.43715208819410983
645,312.0,0.30345697093595736,0.30345697093595736,0.30345697093595736,0.3664125466083952,0.3664125466083952,0.3664125466083952
646,364.0,0.19766167336499818,0.19766167336499818,0.19766167336499818,0.7738637320824027,0.7738637320824027,0.7738637320824027
647,416.0,2.1225568668840884,2.1225568668840884,2.1225568668840884,1.7892733351259456,1.7892733351259456,1.7892733351259456
648,468.0,61.617574145466584,61.617574145466584,61.617574145466584,85.15138518042735,85.15138518042735,85.15138518042735
649,520.0,0.24267119620963054,0.24267119620963054,0.24267119620963054,0.4176010769414879,0.4176010769414879,0.4176010769414879
650,572.0,0.12353294262316032,0.12353294262316032,0.12353294262316032,0.10802883951828159,0.10802883951828159,0.10802883951828159
651,624.0,0.1203551376870438,0.1203551376870438,0.1203551376870438,0.1710759725196179,0.1710759725196179,0.1710759725196179
652,676.0,0.10184667039731393,0.10184667039731393,0.10184667039731393,0.09147392612629483,0.09147392612629483,0.09147392612629483
653,728.0,0.5055756716043076,0.5055756716043076,0.5055756716043076,0.6403323733919354,0.6403323733919354,0.6403323733919354
654,780.0,115.99159259312111,115.99159259312111,115.99159259312111,283.4066940901274,283.4066940901274,283.4066940901274
655,832.0,0.022413448068841303,0.022413448068841303,0.022413448068841303,0.021911085414506665,0.021911085414506665,0.021911085414506665
656,884.0,0.19699636934512801,0.19699636934512801,0.19699636934512801,0.3052379835264131,0.3052379835264131,0.3052379835264131
657,936.0,0.010028140728097209,0.010028140728097209,0.010028140728097209,0.009182822944729524,0.009182822944729524,0.009182822944729524
658,988.0,0.27757375270097995,0.27757375270097995,0.27757375270097995,0.3273900005422639,0.3273900005422639,0.3273900005422639
659,1040.0,0.2911611713893515,0.2911611713893515,0.2911611713893515,0.3303543160831512,0.3303543160831512,0.3303543160831512
660,52.0,0.3224660427498639,0.3224660427498639,0.3224660427498639,0.3413349788187438,0.3413349788187438,0.3413349788187438
661,104.0,0.1688888888888889,0.1688888888888889,0.1688888888888889,0.1670320987654321,0.1670320987654321,0.1670320987654321
662,156.0,0.6229102904121512,0.6229102904121512,0.6229102904121512,0.6040221696897788,0.6040221696897788,0.6040221696897788
663,208.0,0.31619802289529264,0.31619802289529264,0.31619802289529264,0.30545501346375864,0.30545501346375864,0.30545501346375864
664,260.0,0.32000549488207913,0.32000549488207913,0.32000549488207913,0.2992622174382183,0.2992622174382183,0.2992622174382183
665,312.0,0.1254295532646048,0.1254295532646048,0.1254295532646048,0.11656983266612347,0.11656983266612347,0.11656983266612347
666,364.0,27.246223361962077,27.246223361962077,27.246223361962077,26.369125720545494,26.369125720545494,26.369125720545494
667,416.0,0.5241676005786987,0.5241676005786987,0.5241676005786987,2.7078108790041147,2.7078108790041147,2.7078108790041147
668,468.0,0.09047894527621134,0.09047894527621134,0.09047894527621134,0.09591353887983495,0.09591353887983495,0.09591353887983495
669,520.0,5.219237870518809,5.219237870518809,5.219237870518809,7.893859267976341,7.893859267976341,7.893859267976341
670,572.0,0.3333333333333333,0.3333333333333333,0.3333333333333333,0.40496852135443256,0.40496852135443256,0.40496852135443256
671,624.0,0.0861545138888889,0.0861545138888889,0.0861545138888889,0.08697844140323593,0.08697844140323593,0.08697844140323593
672,676.0,0.17907819989041535,0.17907819989041535,0.17907819989041535,0.16507837237907677,0.16507837237907677,0.16507837237907677
673,728.0,0.36878511702437394,0.36878511702437394,0.36878511702437394,0.49034197624121073,0.49034197624121073,0.49034197624121073
674,780.0,0.4607787758226214,0.4607787758226214,0.4607787758226214,0.4949259626175271,0.4949259626175271,0.4949259626175271
675,832.0,0.4161939143888602,0.4161939143888602,0.4161939143888602,0.5121874734853995,0.5121874734853995,0.5121874734853995
676,884.0,0.08571428571428572,0.08571428571428572,0.08571428571428572,0.08979591836734695,0.08979591836734695,0.08979591836734695
677,936.0,0.09193154034229829,0.09193154034229829,0.09193154034229829,0.08445812734261511,0.08445812734261511,0.08445812734261511
678,988.0,0.265301262205287,0.265301262205287,0.265301262205287,0.24540471395649205,0.24540471395649205,0.24540471395649205
679,1040.0,0.5164031805259055,0.5164031805259055,0.5164031805259055,0.5701238569913988,0.5701238569913988,0.5701238569913988
680,52.0,0.19159499084639625,0.19159499084639625,0.19159499084639625,0.18569648963205582,0.18569648963205582,0.18569648963205582
681,104.0,0.32809803257443093,0.32809803257443093,0.32809803257443093,0.6707714847942101,0.6707714847942101,0.6707714847942101
682,156.0,0.8088951818822109,0.8088951818822109,0.8088951818822109,1.5720683209446087,1.5720683209446087,1.5720683209446087
683,208.0,0.7884239879545598,0.7884239879545598,0.7884239879545598,0.8096374750139242,0.8096374750139242,0.8096374750139242
684,260.0,0.31849581936216265,0.31849581936216265,0.31849581936216265,0.3880012806445277,0.3880012806445277,0.3880012806445277
685,312.0,0.1783427771936324,0.1783427771936324,0.1783427771936324,0.28395836540177516,0.28395836540177516,0.28395836540177516
686,364.0,0.43511948743635565,0.43511948743635565,0.43511948743635565,0.3616980138912942,0.3616980138912942,0.3616980138912942
687,416.0,0.25894138765004276,0.25894138765004276,0.25894138765004276,0.21854139243486104,0.21854139243486104,0.21854139243486104
688,468.0,0.15025149997116197,0.15025149997116197,0.15025149997116197,0.15051387895219628,0.15051387895219628,0.15051387895219628
689,520.0,0.1906357805943031,0.1906357805943031,0.1906357805943031,0.17781996048729906,0.17781996048729906,0.17781996048729906
690,572.0,0.13285457809694792,0.13285457809694792,0.13285457809694792,0.11520423917562993,0.11520423917562993,0.11520423917562993
691,624.0,0.0026246719160104987,0.0026246719160104987,0.0026246719160104987,0.002617783013343804,0.002617783013343804,0.002617783013343804
692,676.0,0.0590513068731849,0.0590513068731849,0.0590513068731849,0.060404521084932945,0.060404521084932945,0.060404521084932945
693,728.0,0.1915629891071411,0.1915629891071411,0.1915629891071411,0.1696392366960513,0.1696392366960513,0.1696392366960513
694,780.0,0.47411828089913394,0.47411828089913394,0.47411828089913394,0.47846482426534453,0.47846482426534453,0.47846482426534453
695,832.0,0.31570914316039733,0.31570914316039733,0.31570914316039733,0.3951212847019841,0.3951212847019841,0.3951212847019841
696,884.0,0.18455010290672272,0.18455010290672272,0.18455010290672272,0.20587655408211109,0.20587655408211109,0.20587655408211109
697,936.0,0.2570806100217865,0.2570806100217865,0.2570806100217865,0.2258485577721769,0.2258485577721769,0.2258485577721769
698,988.0,0.1757188498402556,0.1757188498402556,0.1757188498402556,0.18765323724851743,0.18765323724851743,0.18765323724851743
699,1040.0,0.2243829468960359,0.2243829468960359,0.2243829468960359,0.2832349408610242,0.2832349408610242,0.2832349408610242
700,52.0,0.10116051576127603,0.10116051576127603,0.10116051576127603,0.10414674756595693,0.10414674756595693,0.10414674756595693
701,104.0,0.18042905675502613,0.18042905675502613,0.18042905675502613,0.3679459899030385,0.3679459899030385,0.3679459899030385
702,156.0,0.20189817299835802,0.20189817299835802,0.20189817299835802,0.5967770218484157,0.5967770218484157,0.5967770218484157
703,208.0,0.2539633127375972,0.2539633127375972,0.2539633127375972,0.7349207451323216,0.7349207451323216,0.7349207451323216
704,260.0,0.2611506898074343,0.2611506898074343,0.2611506898074343,0.41412272044898996,0.41412272044898996,0.41412272044898996
705,312.0,0.23924789280311218,0.23924789280311218,0.23924789280311218,0.23992923766305488,0.23992923766305488,0.23992923766305488
706,364.0,27.01143066464967,27.01143066464967,27.01143066464967,36.72661745953169,36.72661745953169,36.72661745953169
707,416.0,0.13197442455713024,0.13197442455713024,0.13197442455713024,0.20306085659593542,0.20306085659593542,0.20306085659593542
708,468.0,0.12988855116514691,0.12988855116514691,0.12988855116514691,0.14787060561360504,0.14787060561360504,0.14787060561360504
709,520.0,0.2880936294199595,0.2880936294199595,0.2880936294199595,0.26605600172666366,0.26605600172666366,0.26605600172666366
710,572.0,0.03389830508474576,0.03389830508474576,0.03389830508474576,0.032749209997127264,0.032749209997127264,0.032749209997127264
711,624.0,0.1370070973181914,0.1370070973181914,0.1370070973181914,0.19574232792728144,0.19574232792728144,0.19574232792728144
712,676.0,0.1624367440815679,0.1624367440815679,0.1624367440815679,0.12389333053914214,0.12389333053914214,0.12389333053914214
713,728.0,0.27394807336409677,0.27394807336409677,0.27394807336409677,0.1877241719239423,0.1877241719239423,0.1877241719239423
714,780.0,0.1685082872928177,0.1685082872928177,0.1685082872928177,0.25613534385397274,0.25613534385397274,0.25613534385397274
715,832.0,0.13997985901309165,0.13997985901309165,0.13997985901309165,0.29964028156815736,0.29964028156815736,0.29964028156815736
716,884.0,0.13624500153636304,0.13624500153636304,0.13624500153636304,0.12936328123096022,0.12936328123096022,0.12936328123096022
717,936.0,0.124238952561555,0.124238952561555,0.124238952561555,0.1450395539303529,0.1450395539303529,0.1450395539303529
718,988.0,0.10493077483604567,0.10493077483604567,0.10493077483604567,0.10120716669196704,0.10120716669196704,0.10120716669196704
719,1040.0,0.38241616509028376,0.38241616509028376,0.38241616509028376,0.36128152242140693,0.36128152242140693,0.36128152242140693
720,52.0,0.2686768893238378,0.2686768893238378,0.2686768893238378,0.48990805612807464,0.48990805612807464,0.48990805612807464
721,104.0,0.11441277541944612,0.11441277541944612,0.11441277541944612,0.10172677766577591,0.10172677766577591,0.10172677766577591
722,156.0,0.12719298245614036,0.12719298245614036,0.12719298245614036,0.11978685749461375,0.11978685749461375,0.11978685749461375
723,208.0,0.18548636470909663,0.18548636470909663,0.18548636470909663,0.23266838769458972,0.23266838769458972,0.23266838769458972
724,260.0,0.0795006570302234,0.0795006570302234,0.0795006570302234,0.07318030256198618,0.07318030256198618,0.07318030256198618
725,312.0,0.5475008824061895,0.5475008824061895,0.5475008824061895,0.7387595263874405,0.7387595263874405,0.7387595263874405
726,364.0,0.1039978101468423,0.1039978101468423,0.1039978101468423,0.10075563602643929,0.10075563602643929,0.10075563602643929
727,416.0,0.270265652097592,0.270265652097592,0.270265652097592,0.2585333891545707,0.2585333891545707,0.2585333891545707
728,468.0,0.5204858475295154,0.5204858475295154,0.5204858475295154,0.5261990640358053,0.5261990640358053,0.5261990640358053
729,520.0,0.30692995203797635,0.30692995203797635,0.30692995203797635,0.33033264845709176,0.33033264845709176,0.33033264845709176
730,572.0,0.036720763175015075,0.036720763175015075,0.036720763175015075,0.03667758823960274,0.03667758823960274,0.03667758823960274
731,624.0,0.30244278357186677,0.30244278357186677,0.30244278357186677,0.3892125184465553,0.3892125184465553,0.3892125184465553
732,676.0,116.51568221519285,116.51568221519285,116.51568221519285,165.02116384895712,165.02116384895712,165.02116384895712
733,728.0,0.023130429871754732,0.023130429871754732,0.023130429871754732,0.022774537450849792,0.022774537450849792,0.022774537450849792
734,780.0,0.15184049079754602,0.15184049079754602,0.15184049079754602,0.1574148130026221,0.1574148130026221,0.1574148130026221
735,832.0,0.8210851490621067,0.8210851490621067,0.8210851490621067,0.8772339443522521,0.8772339443522521,0.8772339443522521
736,884.0,0.7485304777712121,0.7485304777712121,0.7485304777712121,5.800521327104487,5.800521327104487,5.800521327104487
737,936.0,142.92814746227762,142.92814746227762,142.92814746227762,202.97706343619075,202.97706343619075,202.97706343619075
738,988.0,0.05622489959839357,0.05622489959839357,0.05622489959839357,0.05765344798586198,0.05765344798586198,0.05765344798586198
739,1040.0,0.5940251690333015,0.5940251690333015,0.5940251690333015,0.7079767163161584,0.7079767163161584,0.7079767163161584
740,52.0,0.20572838828206638,0.20572838828206638,0.20572838828206638,0.169392425724886,0.169392425724886,0.169392425724886
741,104.0,0.5574904441336458,0.5574904441336458,0.5574904441336458,0.6837148516752873,0.6837148516752873,0.6837148516752873
742,156.0,0.4330796465452871,0.4330796465452871,0.4330796465452871,0.43406718146109813,0.43406718146109813,0.43406718146109813
743,208.0,0.0062176165803108805,0.0062176165803108805,0.0062176165803108805,0.006178957824371126,0.006178957824371126,0.006178957824371126
744,260.0,0.3193411072117951,0.3193411072117951,0.3193411072117951,0.40614215208304505,0.40614215208304505,0.40614215208304505
745,312.0,0.03153347732181425,0.03153347732181425,0.03153347732181425,0.03053911712980888,0.03053911712980888,0.03053911712980888
746,364.0,0.37381516838503587,0.37381516838503587,0.37381516838503587,0.46044064728597345,0.46044064728597345,0.46044064728597345
747,416.0,54.09690666226318,54.09690666226318,54.09690666226318,70.35417546790826,70.35417546790826,70.35417546790826
748,468.0,1.393053381246489,1.393053381246489,1.393053381246489,20.735496992085494,20.735496992085494,20.735496992085494
749,520.0,0.2517596295023335,0.2517596295023335,0.2517596295023335,0.32887655275873057,0.32887655275873057,0.32887655275873057
750,572.0,23.167202246332632,23.167202246332632,23.167202246332632,75.9778668463141,75.9778668463141,75.9778668463141
751,624.0,0.3760475412333365,0.3760475412333365,0.3760475412333365,0.33683124761224303,0.33683124761224303,0.33683124761224303
752,676.0,0.24145299145299146,0.24145299145299146,0.24145299145299146,0.19597395719190594,0.19597395719190594,0.19597395719190594
753,728.0,0.37990767522994334,0.37990767522994334,0.37990767522994334,0.3423988523216339,0.3423988523216339,0.3423988523216339
754,780.0,0.40532024079105866,0.40532024079105866,0.40532024079105866,0.42824326836396165,0.42824326836396165,0.42824326836396165
755,832.0,0.2709707383637235,0.2709707383637235,0.2709707383637235,0.3104073523545732,0.3104073523545732,0.3104073523545732
756,884.0,0.409819233275774,0.409819233275774,0.409819233275774,0.44253887470615183,0.44253887470615183,0.44253887470615183
757,936.0,0.27486565289508214,0.27486565289508214,0.27486565289508214,0.31364149446368206,0.31364149446368206,0.31364149446368206
758,988.0,0.17337461300309598,0.17337461300309598,0.17337461300309598,0.15260378226571708,0.15260378226571708,0.15260378226571708
759,1040.0,0.15265200517464425,0.15265200517464425,0.15265200517464425,0.17592116867967914,0.17592116867967914,0.17592116867967914
760,52.0,0.2783782129302733,0.2783782129302733,0.2783782129302733,0.36029280083607196,0.36029280083607196,0.36029280083607196
761,104.0,0.18337730870712401,0.18337730870712401,0.18337730870712401,0.1655812059231,0.1655812059231,0.1655812059231
762,156.0,0.5209804515844199,0.5209804515844199,0.5209804515844199,1.3477685540680255,1.3477685540680255,1.3477685540680255
763,208.0,0.4539092316200888,0.4539092316200888,0.4539092316200888,0.6171966391679526,0.6171966391679526,0.6171966391679526
764,260.0,0.14820594902756318,0.14820594902756318,0.14820594902756318,0.14770656824493583,0.14770656824493583,0.14770656824493583
765,312.0,0.18635063342868818,0.18635063342868818,0.18635063342868818,0.20965431596098005,0.20965431596098005,0.20965431596098005
766,364.0,0.39659367396593675,0.39659367396593675,0.39659367396593675,0.34636309280669664,0.34636309280669664,0.34636309280669664
767,416.0,0.150786308973173,0.150786308973173,0.150786308973173,0.1354503530410479,0.1354503530410479,0.1354503530410479
768,468.0,0.17834941216583974,0.17834941216583974,0.17834941216583974,0.16235484222903146,0.16235484222903146,0.16235484222903146
769,520.0,15.104358925149588,15.104358925149588,15.104358925149588,17.34898827406947,17.34898827406947,17.34898827406947
770,572.0,0.2966226138032305,0.2966226138032305,0.2966226138032305,0.8018828663902312,0.8018828663902312,0.8018828663902312
771,624.0,0.07858889276982187,0.07858889276982187,0.07858889276982187,0.08149406186754805,0.08149406186754805,0.08149406186754805
772,676.0,0.3733938237501883,0.3733938237501883,0.3733938237501883,0.41753523418952726,0.41753523418952726,0.41753523418952726
773,728.0,0.015053763440860216,0.015053763440860216,0.015053763440860216,0.014827147647126839,0.014827147647126839,0.014827147647126839
774,780.0,0.09626603571465638,0.09626603571465638,0.09626603571465638,0.08506182529635332,0.08506182529635332,0.08506182529635332
775,832.0,0.03962460896767466,0.03962460896767466,0.03962460896767466,0.040140005066974314,0.040140005066974314,0.040140005066974314
776,884.0,0.08303434136340339,0.08303434136340339,0.08303434136340339,0.07818987016869743,0.07818987016869743,0.07818987016869743
777,936.0,0.07103730044894663,0.07103730044894663,0.07103730044894663,0.06888026106923925,0.06888026106923925,0.06888026106923925
778,988.0,0.24264517937607955,0.24264517937607955,0.24264517937607955,0.25108276405942387,0.25108276405942387,0.25108276405942387
779,1040.0,0.1494511680270194,0.1494511680270194,0.1494511680270194,0.12711551640237903,0.12711551640237903,0.12711551640237903
780,52.0,8.427995971802618,8.427995971802618,8.427995971802618,6.885298803609151,6.885298803609151,6.885298803609151
781,104.0,0.18016491268906693,0.18016491268906693,0.18016491268906693,0.21770622747110094,0.21770622747110094,0.21770622747110094
782,156.0,0.20821114369501467,0.20821114369501467,0.20821114369501467,0.5695513454476655,0.5695513454476655,0.5695513454476655
783,208.0,0.20409042056567844,0.20409042056567844,0.20409042056567844,0.2294009254796658,0.2294009254796658,0.2294009254796658
784,260.0,0.11108472968102455,0.11108472968102455,0.11108472968102455,0.08821712708941139,0.08821712708941139,0.08821712708941139
785,312.0,0.3746149605616289,0.3746149605616289,0.3746149605616289,0.7530061796183731,0.7530061796183731,0.7530061796183731
786,364.0,0.05339105339105339,0.05339105339105339,0.05339105339105339,0.05342645169484996,0.05342645169484996,0.05342645169484996
787,416.0,0.4989652897051622,0.4989652897051622,0.4989652897051622,1.043120931537358,1.043120931537358,1.043120931537358
788,468.0,0.2601559294214198,0.2601559294214198,0.2601559294214198,0.2786463441718588,0.2786463441718588,0.2786463441718588
789,520.0,0.12236590038314177,0.12236590038314177,0.12236590038314177,0.1073924868065648,0.1073924868065648,0.1073924868065648
790,572.0,0.07407407407407407,0.07407407407407407,0.07407407407407407,0.08509759201414713,0.08509759201414713,0.08509759201414713
791,624.0,0.4398401422790358,0.4398401422790358,0.4398401422790358,0.564226738278323,0.564226738278323,0.564226738278323
792,676.0,0.451351699162017,0.451351699162017,0.451351699162017,0.4996000535814999,0.4996000535814999,0.4996000535814999
793,728.0,0.1449598599750954,0.1449598599750954,0.1449598599750954,0.1478248730835962,0.1478248730835962,0.1478248730835962
794,780.0,0.21227681774577103,0.21227681774577103,0.21227681774577103,0.18047999320092797,0.18047999320092797,0.18047999320092797
795,832.0,0.44480476341381103,0.44480476341381103,0.44480476341381103,0.5140702182844469,0.5140702182844469,0.5140702182844469
796,884.0,0.13340714088015498,0.13340714088015498,0.13340714088015498,0.12003812845163725,0.12003812845163725,0.12003812845163725
797,936.0,0.34811112969442626,0.34811112969442626,0.34811112969442626,0.3361112135392764,0.3361112135392764,0.3361112135392764
798,988.0,0.381470807741058,0.381470807741058,0.381470807741058,0.47303039024429117,0.47303039024429117,0.47303039024429117
799,1040.0,0.11849294695291626,0.11849294695291626,0.11849294695291626,0.1399274344889786,0.1399274344889786,0.1399274344889786
800,52.0,0.010893246187363835,0.010893246187363835,0.010893246187363835,0.010774583374865317,0.010774583374865317,0.010774583374865317
801,104.0,0.20765027322404372,0.20765027322404372,0.20765027322404372,0.28475021648899645,0.28475021648899645,0.28475021648899645
802,156.0,0.2616692039817868,0.2616692039817868,0.2616692039817868,0.2845681841593969,0.2845681841593969,0.2845681841593969
803,208.0,0.36966902620773023,0.36966902620773023,0.36966902620773023,0.3609243532768068,0.3609243532768068,0.3609243532768068
804,260.0,0.275750202757502,0.275750202757502,0.275750202757502,0.4073357105129354,0.4073357105129354,0.4073357105129354
805,312.0,0.19021174383608858,0.19021174383608858,0.19021174383608858,0.27870982068637706,0.27870982068637706,0.27870982068637706
806,364.0,0.19120578842141733,0.19120578842141733,0.19120578842141733,0.21406153101334796,0.21406153101334796,0.21406153101334796
807,416.0,51.327479922890724,51.327479922890724,51.327479922890724,56.90544564271244,56.90544564271244,56.90544564271244
808,468.0,2.6231942693932484,2.6231942693932484,2.6231942693932484,45.7963247242146,45.7963247242146,45.7963247242146
809,520.0,0.44913186976282427,0.44913186976282427,0.44913186976282427,0.3676464691719765,0.3676464691719765,0.3676464691719765
810,572.0,0.18198874296435272,0.18198874296435272,0.18198874296435272,0.14886884039860748,0.14886884039860748,0.14886884039860748
811,624.0,0.15830985915492957,0.15830985915492957,0.15830985915492957,0.15916334060702245,0.15916334060702245,0.15916334060702245
812,676.0,0.3274586597040905,0.3274586597040905,0.3274586597040905,0.3050858827557319,0.3050858827557319,0.3050858827557319
813,728.0,0.34398976982097185,0.34398976982097185,0.34398976982097185,0.353538045931149,0.353538045931149,0.353538045931149
814,780.0,0.35405235595622786,0.35405235595622786,0.35405235595622786,0.3581457484548023,0.3581457484548023,0.3581457484548023
815,832.0,0.032061835827609214,0.032061835827609214,0.032061835827609214,0.02895494868822383,0.02895494868822383,0.02895494868822383
816,884.0,0.3952503904061515,0.3952503904061515,0.3952503904061515,0.3878471213684018,0.3878471213684018,0.3878471213684018
817,936.0,0.5038247127677055,0.5038247127677055,0.5038247127677055,0.5053473807541904,0.5053473807541904,0.5053473807541904
818,988.0,0.07986638323716976,0.07986638323716976,0.07986638323716976,0.07348774406578328,0.07348774406578328,0.07348774406578328
819,1040.0,0.15394836674230306,0.15394836674230306,0.15394836674230306,0.18155301266184326,0.18155301266184326,0.18155301266184326
820,52.0,0.17009387054878233,0.17009387054878233,0.17009387054878233,0.2218908808972074,0.2218908808972074,0.2218908808972074
821,104.0,6.388284276822647,6.388284276822647,6.388284276822647,13.909856573213725,13.909856573213725,13.909856573213725
822,156.0,0.16806722689075632,0.16806722689075632,0.16806722689075632,0.25746769295953675,0.25746769295953675,0.25746769295953675
823,208.0,0.20569491005457,0.20569491005457,0.20569491005457,0.29855585561935755,0.29855585561935755,0.29855585561935755
824,260.0,0.27061942240971343,0.27061942240971343,0.27061942240971343,0.2591845241764225,0.2591845241764225,0.2591845241764225
825,312.0,0.10382256632792855,0.10382256632792855,0.10382256632792855,0.1436742217663914,0.1436742217663914,0.1436742217663914
826,364.0,0.10838901262063845,0.10838901262063845,0.10838901262063845,0.10257995854297458,0.10257995854297458,0.10257995854297458
827,416.0,0.1354989117191113,0.1354989117191113,0.1354989117191113,0.12337566676225481,0.12337566676225481,0.12337566676225481
828,468.0,0.09202127659574467,0.09202127659574467,0.09202127659574467,0.08993633997283838,0.08993633997283838,0.08993633997283838
829,520.0,0.15839750324305846,0.15839750324305846,0.15839750324305846,0.2444566091099598,0.2444566091099598,0.2444566091099598
830,572.0,0.15952605154687938,0.15952605154687938,0.15952605154687938,0.1339516035064051,0.1339516035064051,0.1339516035064051
831,624.0,0.31551646260399097,0.31551646260399097,0.31551646260399097,0.3636076855056467,0.3636076855056467,0.3636076855056467
832,676.0,0.02001305199042854,0.02001305199042854,0.02001305199042854,0.020047596088074948,0.020047596088074948,0.020047596088074948
833,728.0,0.2282400389691702,0.2282400389691702,0.2282400389691702,0.24205527154556183,0.24205527154556183,0.24205527154556183
834,780.0,0.029498525073746312,0.029498525073746312,0.029498525073746312,0.029471177094326912,0.029471177094326912,0.029471177094326912
835,832.0,0.20518555070322897,0.20518555070322897,0.20518555070322897,0.629037582665705,0.629037582665705,0.629037582665705
836,884.0,0.1344294003868472,0.1344294003868472,0.1344294003868472,0.11829237267526911,0.11829237267526911,0.11829237267526911
837,936.0,0.042452294323153256,0.042452294323153256,0.042452294323153256,0.037543811701355276,0.037543811701355276,0.037543811701355276
838,988.0,0.05920426116820472,0.05920426116820472,0.05920426116820472,0.07237561594947495,0.07237561594947495,0.07237561594947495
839,1040.0,0.20262485914439365,0.20262485914439365,0.20262485914439365,0.25783151490496126,0.25783151490496126,0.25783151490496126
840,52.0,0.025203252032520326,0.025203252032520326,0.025203252032520326,0.02565205895961399,0.02565205895961399,0.02565205895961399
841,104.0,0.28487229862475444,0.28487229862475444,0.28487229862475444,1.091735789193341,1.091735789193341,1.091735789193341
842,156.0,0.22196538797732399,0.22196538797732399,0.22196538797732399,0.25683833088414637,0.25683833088414637,0.25683833088414637
843,208.0,0.23586958720062062,0.23586958720062062,0.23586958720062062,0.3679669767021207,0.3679669767021207,0.3679669767021207
844,260.0,0.034664116662682286,0.034664116662682286,0.034664116662682286,0.04493753360839374,0.04493753360839374,0.04493753360839374
845,312.0,0.9162160527371253,0.9162160527371253,0.9162160527371253,1.0076082217497877,1.0076082217497877,1.0076082217497877
846,364.0,0.4259818731117825,0.4259818731117825,0.4259818731117825,0.33515575797957303,0.33515575797957303,0.33515575797957303
847,416.0,0.30747178924103924,0.30747178924103924,0.30747178924103924,0.4741172002047628,0.4741172002047628,0.4741172002047628
848,468.0,8.291724277990463,8.291724277990463,8.291724277990463,27.487567438008057,27.487567438008057,27.487567438008057
849,520.0,0.32172386522996804,0.32172386522996804,0.32172386522996804,0.33389061986039487,0.33389061986039487,0.33389061986039487
850,572.0,78.15398138086243,78.15398138086243,78.15398138086243,102.60833513128442,102.60833513128442,102.60833513128442
851,624.0,0.2687990819670516,0.2687990819670516,0.2687990819670516,0.35831030816997606,0.35831030816997606,0.35831030816997606
852,676.0,0.6192960729614195,0.6192960729614195,0.6192960729614195,0.937711842127329,0.937711842127329,0.937711842127329
853,728.0,0.1702014846235419,0.1702014846235419,0.1702014846235419,0.17304630086736114,0.17304630086736114,0.17304630086736114
854,780.0,0.20745131119345722,0.20745131119345722,0.20745131119345722,0.21220360415084288,0.21220360415084288,0.21220360415084288
855,832.0,0.3441112994042473,0.3441112994042473,0.3441112994042473,0.5814998810517876,0.5814998810517876,0.5814998810517876
856,884.0,0.26687222965449936,0.26687222965449936,0.26687222965449936,0.509073910760547,0.509073910760547,0.509073910760547
857,936.0,0.005113454777884308,0.005113454777884308,0.005113454777884308,0.005087307358118841,0.005087307358118841,0.005087307358118841
858,988.0,0.47785475084340173,0.47785475084340173,0.47785475084340173,0.5284988103999648,0.5284988103999648,0.5284988103999648
859,1040.0,0.18382352941176472,0.18382352941176472,0.18382352941176472,0.15003243944636677,0.15003243944636677,0.15003243944636677
860,52.0,0.148358821498295,0.148358821498295,0.148358821498295,0.14809025339604553,0.14809025339604553,0.14809025339604553
861,104.0,0.013563153433173212,0.013563153433173212,0.013563153433173212,0.015074588481268072,0.015074588481268072,0.015074588481268072
862,156.0,0.004605111673958094,0.004605111673958094,0.004605111673958094,0.004583904620428467,0.004583904620428467,0.004583904620428467
863,208.0,0.09262710808342442,0.09262710808342442,0.09262710808342442,0.09616002647764926,0.09616002647764926,0.09616002647764926
864,260.0,0.22287615358356463,0.22287615358356463,0.22287615358356463,0.2668169189218127,0.2668169189218127,0.2668169189218127
865,312.0,0.26265174419728776,0.26265174419728776,0.26265174419728776,0.49677089244684536,0.49677089244684536,0.49677089244684536
866,364.0,0.07661932074288591,0.07661932074288591,0.07661932074288591,0.07286623356172202,0.07286623356172202,0.07286623356172202
867,416.0,0.010444955086693127,0.010444955086693127,0.010444955086693127,0.01033585799993009,0.01033585799993009,0.01033585799993009
868,468.0,0.19064368624692227,0.19064368624692227,0.19064368624692227,0.3266518192241182,0.3266518192241182,0.3266518192241182
869,520.0,0.158366166394861,0.158366166394861,0.158366166394861,0.1482506983541012,0.1482506983541012,0.1482506983541012
870,572.0,0.2007503375660516,0.2007503375660516,0.2007503375660516,0.14644596749129987,0.14644596749129987,0.14644596749129987
871,624.0,0.37123925674884284,0.37123925674884284,0.37123925674884284,0.40995176852962106,0.40995176852962106,0.40995176852962106
872,676.0,0.17635024549918166,0.17635024549918166,0.17635024549918166,0.17061908518406413,0.17061908518406413,0.17061908518406413
873,728.0,0.18919465803318494,0.18919465803318494,0.18919465803318494,0.15340003940489114,0.15340003940489114,0.15340003940489114
874,780.0,0.1543274244004171,0.1543274244004171,0.1543274244004171,0.13051047047835065,0.13051047047835065,0.13051047047835065
875,832.0,0.2408404404789908,0.2408404404789908,0.2408404404789908,0.2431277292053707,0.2431277292053707,0.2431277292053707
876,884.0,73.48898303887579,73.48898303887579,73.48898303887579,105.4520600913079,105.4520600913079,105.4520600913079
877,936.0,0.3886232331051516,0.3886232331051516,0.3886232331051516,0.4742408844003848,0.4742408844003848,0.4742408844003848
878,988.0,0.18469104007749654,0.18469104007749654,0.18469104007749654,0.24790463144959693,0.24790463144959693,0.24790463144959693
879,1040.0,0.2689833855477017,0.2689833855477017,0.2689833855477017,0.2961156698183685,0.2961156698183685,0.2961156698183685
880,52.0,0.4291539245667686,0.4291539245667686,0.4291539245667686,0.5609849110676763,0.5609849110676763,0.5609849110676763
881,104.0,11.582184543071875,11.582184543071875,11.582184543071875,12.130085983364856,12.130085983364856,12.130085983364856
882,156.0,1.1356844374898922,1.1356844374898922,1.1356844374898922,1.632314630050332,1.632314630050332,1.632314630050332
883,208.0,0.07102526002971768,0.07102526002971768,0.07102526002971768,0.11531202462196061,0.11531202462196061,0.11531202462196061
884,260.0,0.07058823529411765,0.07058823529411765,0.07058823529411765,0.06560553633217993,0.06560553633217993,0.06560553633217993
885,312.0,0.49829536736007213,0.49829536736007213,0.49829536736007213,0.9324075420273235,0.9324075420273235,0.9324075420273235
886,364.0,0.41529324155589564,0.41529324155589564,0.41529324155589564,0.4151141054857538,0.4151141054857538,0.4151141054857538
887,416.0,0.048760369775623216,0.048760369775623216,0.048760369775623216,0.05082606573840829,0.05082606573840829,0.05082606573840829
888,468.0,48.65131445533631,48.65131445533631,48.65131445533631,43.812850367845655,43.812850367845655,43.812850367845655
889,520.0,0.4969740717069297,0.4969740717069297,0.4969740717069297,0.6116207629543907,0.6116207629543907,0.6116207629543907
890,572.0,0.055494184649265796,0.055494184649265796,0.055494184649265796,0.06153148437864786,0.06153148437864786,0.06153148437864786
891,624.0,0.5087719298245614,0.5087719298245614,0.5087719298245614,0.5797476146506617,0.5797476146506617,0.5797476146506617
892,676.0,0.1348794920583053,0.1348794920583053,0.1348794920583053,0.15768361212932736,0.15768361212932736,0.15768361212932736
893,728.0,90.66506607913928,90.66506607913928,90.66506607913928,83.22093771122061,83.22093771122061,83.22093771122061
894,780.0,0.2932944606413994,0.2932944606413994,0.2932944606413994,0.3297217995903068,0.3297217995903068,0.3297217995903068
895,832.0,110.94354837330899,110.94354837330899,110.94354837330899,137.64819172585263,137.64819172585263,137.64819172585263
896,884.0,0.20383279948096542,0.20383279948096542,0.20383279948096542,1.0325208255707892,1.0325208255707892,1.0325208255707892
897,936.0,5.245155349806913,5.245155349806913,5.245155349806913,4.332249613734678,4.332249613734678,4.332249613734678
898,988.0,0.0,0.0,0.0,0.0,0.0,0.0
899,1040.0,0.5035415909687864,0.5035415909687864,0.5035415909687864,0.5457510056362493,0.5457510056362493,0.5457510056362493
900,52.0,0.011943127677660712,0.011943127677660712,0.011943127677660712,0.012583761760542603,0.012583761760542603,0.012583761760542603
901,104.0,0.5130401619964674,0.5130401619964674,0.5130401619964674,0.6403581244653347,0.6403581244653347,0.6403581244653347
902,156.0,0.2573660894067419,0.2573660894067419,0.2573660894067419,0.5187679701722293,0.5187679701722293,0.5187679701722293
903,208.0,3.725122009890252,3.725122009890252,3.725122009890252,5.225356484329985,5.225356484329985,5.225356484329985
904,260.0,0.2222742842068407,0.2222742842068407,0.2222742842068407,0.28637985353361356,0.28637985353361356,0.28637985353361356
905,312.0,0.0586478414336139,0.0586478414336139,0.0586478414336139,0.055751307697621356,0.055751307697621356,0.055751307697621356
906,364.0,0.07039669800504471,0.07039669800504471,0.07039669800504471,0.0663582237359439,0.0663582237359439,0.0663582237359439
907,416.0,0.7699487150832803,0.7699487150832803,0.7699487150832803,0.8153782368450346,0.8153782368450346,0.8153782368450346
908,468.0,0.15075959485307966,0.15075959485307966,0.15075959485307966,0.21863314305973594,0.21863314305973594,0.21863314305973594
909,520.0,0.006278777731268313,0.006278777731268313,0.006278777731268313,0.006239354681469642,0.006239354681469642,0.006239354681469642
910,572.0,0.5900425750178966,0.5900425750178966,0.5900425750178966,0.5804163864050275,0.5804163864050275,0.5804163864050275
911,624.0,0.14084507042253522,0.14084507042253522,0.14084507042253522,0.15762745487006544,0.15762745487006544,0.15762745487006544
912,676.0,2.390657297618571,2.390657297618571,2.390657297618571,32.88938362673096,32.88938362673096,32.88938362673096
913,728.0,0.594545403429658,0.594545403429658,0.594545403429658,0.5196493546239178,0.5196493546239178,0.5196493546239178
914,780.0,0.5823783256304281,0.5823783256304281,0.5823783256304281,0.7236753438347102,0.7236753438347102,0.7236753438347102
915,832.0,0.8859377476086583,0.8859377476086583,0.8859377476086583,1.1874636959059115,1.1874636959059115,1.1874636959059115
916,884.0,0.07001556934369185,0.07001556934369185,0.07001556934369185,0.07306348156391566,0.07306348156391566,0.07306348156391566
917,936.0,0.15915089738218877,0.15915089738218877,0.15915089738218877,0.1592446715952774,0.1592446715952774,0.1592446715952774
918,988.0,0.18810843877285993,0.18810843877285993,0.18810843877285993,0.20997792183535696,0.20997792183535696,0.20997792183535696
919,1040.0,0.044563279857397504,0.044563279857397504,0.044563279857397504,0.042577393945748776,0.042577393945748776,0.042577393945748776
920,52.0,0.3079735689532449,0.3079735689532449,0.3079735689532449,0.4363849337628167,0.4363849337628167,0.4363849337628167
921,104.0,0.5099522831887059,0.5099522831887059,0.5099522831887059,0.588892100080112,0.588892100080112,0.588892100080112
922,156.0,0.12702975992927387,0.12702975992927387,0.12702975992927387,0.13626197361614603,0.13626197361614603,0.13626197361614603
923,208.0,0.29934938116217996,0.29934938116217996,0.29934938116217996,0.28765951536393985,0.28765951536393985,0.28765951536393985
924,260.0,0.2384206529992407,0.2384206529992407,0.2384206529992407,0.2377645519804392,0.2377645519804392,0.2377645519804392
925,312.0,0.14835456475583864,0.14835456475583864,0.14835456475583864,0.15713105050464068,0.15713105050464068,0.15713105050464068
926,364.0,0.15219252433156874,0.15219252433156874,0.15219252433156874,0.16082180115757777,0.16082180115757777,0.16082180115757777
927,416.0,16.82688807095341,16.82688807095341,16.82688807095341,21.68473894620919,21.68473894620919,21.68473894620919
928,468.0,0.25062581141118523,0.25062581141118523,0.25062581141118523,0.2952683067230654,0.2952683067230654,0.2952683067230654
929,520.0,0.22987840185292416,0.22987840185292416,0.22987840185292416,0.217567037906421,0.217567037906421,0.217567037906421
930,572.0,0.46,0.46,0.46,0.5284,0.5284,0.5284
931,624.0,0.21020089629067132,0.21020089629067132,0.21020089629067132,0.20073176798029252,0.20073176798029252,0.20073176798029252
932,676.0,0.04017857142857143,0.04017857142857143,0.04017857142857143,0.040349968112244894,0.040349968112244894,0.040349968112244894
933,728.0,0.0688943652565996,0.0688943652565996,0.0688943652565996,0.07734135710279426,0.07734135710279426,0.07734135710279426
934,780.0,0.34391037965289983,0.34391037965289983,0.34391037965289983,0.5793147538984351,0.5793147538984351,0.5793147538984351
935,832.0,0.7849751578172844,0.7849751578172844,0.7849751578172844,0.9024040566823257,0.9024040566823257,0.9024040566823257
936,884.0,0.18501291989664082,0.18501291989664082,0.18501291989664082,0.15698468975555688,0.15698468975555688,0.15698468975555688
937,936.0,0.16188524590163936,0.16188524590163936,0.16188524590163936,0.1356784130610051,0.1356784130610051,0.1356784130610051
938,988.0,0.18676258992805755,0.18676258992805755,0.18676258992805755,0.23130678536307642,0.23130678536307642,0.23130678536307642
939,1040.0,2.9087382349477195,2.9087382349477195,2.9087382349477195,2.2159695955211207,2.2159695955211207,2.2159695955211207
940,52.0,0.19801728234753382,0.19801728234753382,0.19801728234753382,0.1869212157303099,0.1869212157303099,0.1869212157303099
941,104.0,0.1117499101688825,0.1117499101688825,0.1117499101688825,0.1006991656261148,0.1006991656261148,0.1006991656261148
942,156.0,0.035283194057567316,0.035283194057567316,0.035283194057567316,0.03775231070177572,0.03775231070177572,0.03775231070177572
943,208.0,0.11365876000843625,0.11365876000843625,0.11365876000843625,0.17565131150112798,0.17565131150112798,0.17565131150112798
944,260.0,0.17634412049574458,0.17634412049574458,0.17634412049574458,0.27538104986024103,0.27538104986024103,0.27538104986024103
945,312.0,0.051286595147283655,0.051286595147283655,0.051286595147283655,0.05010133110312582,0.05010133110312582,0.05010133110312582
946,364.0,0.04560260586319218,0.04560260586319218,0.04560260586319218,0.04922333393457756,0.04922333393457756,0.04922333393457756
947,416.0,0.220675944333996,0.220675944333996,0.220675944333996,0.1958349307732136,0.1958349307732136,0.1958349307732136
948,468.0,0.39075419687497526,0.39075419687497526,0.39075419687497526,0.6602094976444446,0.6602094976444446,0.6602094976444446
949,520.0,0.1466346153846154,0.1466346153846154,0.1466346153846154,0.16840213572485208,0.16840213572485208,0.16840213572485208
950,572.0,0.022786799371398637,0.022786799371398637,0.022786799371398637,0.02383906455073032,0.02383906455073032,0.02383906455073032
951,624.0,0.042112776588151324,0.042112776588151324,0.042112776588151324,0.04033929063618778,0.04033929063618778,0.04033929063618778
952,676.0,0.1596906775214835,0.1596906775214835,0.1596906775214835,0.2502057162580329,0.2502057162580329,0.2502057162580329
953,728.0,0.05448871819491118,0.05448871819491118,0.05448871819491118,0.05247985140896668,0.05247985140896668,0.05247985140896668
954,780.0,0.15099457504520797,0.15099457504520797,0.15099457504520797,0.1312090771254825,0.1312090771254825,0.1312090771254825
955,832.0,0.1349645923058713,0.1349645923058713,0.1349645923058713,0.31202720382026516,0.31202720382026516,0.31202720382026516
956,884.0,0.011986301369863013,0.011986301369863013,0.011986301369863013,0.011842629949333834,0.011842629949333834,0.011842629949333834
957,936.0,0.3800141269552065,0.3800141269552065,0.3800141269552065,0.38697640123864896,0.38697640123864896,0.38697640123864896
958,988.0,0.25580218964705587,0.25580218964705587,0.25580218964705587,0.569488289758346,0.569488289758346,0.569488289758346
959,1040.0,0.09757096179043859,0.09757096179043859,0.09757096179043859,0.11471341894167357,0.11471341894167357,0.11471341894167357
960,52.0,2.223130106851037,2.223130106851037,2.223130106851037,2.138145073581321,2.138145073581321,2.138145073581321
961,104.0,0.36214190780667904,0.36214190780667904,0.36214190780667904,0.5256691027868259,0.5256691027868259,0.5256691027868259
962,156.0,0.2529833865661769,0.2529833865661769,0.2529833865661769,0.30967481345740605,0.30967481345740605,0.30967481345740605
963,208.0,0.12339440537945544,0.12339440537945544,0.12339440537945544,0.12596788417552232,0.12596788417552232,0.12596788417552232
964,260.0,0.4305073362265258,0.4305073362265258,0.4305073362265258,0.7167727868724535,0.7167727868724535,0.7167727868724535
965,312.0,0.14972584441712902,0.14972584441712902,0.14972584441712902,0.15588981637765487,0.15588981637765487,0.15588981637765487
966,364.0,0.281474242244701,0.281474242244701,0.281474242244701,1.7210418278109905,1.7210418278109905,1.7210418278109905
967,416.0,8.773848203952754,8.773848203952754,8.773848203952754,145.15068162371503,145.15068162371503,145.15068162371503
968,468.0,0.079537869106686,0.079537869106686,0.079537869106686,0.07423692632284994,0.07423692632284994,0.07423692632284994
969,520.0,0.3586579466599169,0.3586579466599169,0.3586579466599169,0.5178458743483344,0.5178458743483344,0.5178458743483344
970,572.0,0.07058823529411765,0.07058823529411765,0.07058823529411765,0.08913494809688584,0.08913494809688584,0.08913494809688584
971,624.0,19.604900908002488,19.604900908002488,19.604900908002488,74.01118897180451,74.01118897180451,74.01118897180451
972,676.0,0.17482517482517482,0.17482517482517482,0.17482517482517482,0.17223336104454984,0.17223336104454984,0.17223336104454984
973,728.0,0.12590787908671405,0.12590787908671405,0.12590787908671405,0.15220098994620965,0.15220098994620965,0.15220098994620965
974,780.0,0.19786568750850053,0.19786568750850053,0.19786568750850053,0.16819250312383496,0.16819250312383496,0.16819250312383496
975,832.0,0.13690105787181084,0.13690105787181084,0.13690105787181084,0.13558292922725676,0.13558292922725676,0.13558292922725676
976,884.0,0.20990424682235403,0.20990424682235403,0.20990424682235403,0.19897163246003602,0.19897163246003602,0.19897163246003602
977,936.0,0.09926470588235294,0.09926470588235294,0.09926470588235294,0.09921514561707034,0.09921514561707034,0.09921514561707034
978,988.0,0.029187633174980656,0.029187633174980656,0.029187633174980656,0.029239161616245186,0.029239161616245186,0.029239161616245186
979,1040.0,0.40125589066155,0.40125589066155,0.40125589066155,0.5258872454804225,0.5258872454804225,0.5258872454804225
980,52.0,0.1310624311499379,0.1310624311499379,0.1310624311499379,0.10707971167223305,0.10707971167223305,0.10707971167223305
981,104.0,11.764844025685997,11.764844025685997,11.764844025685997,10.22234231411819,10.22234231411819,10.22234231411819
982,156.0,0.0004261666311527807,0.0004261666311527807,0.0004261666311527807,0.00042598501315527264,0.00042598501315527264,0.00042598501315527264
983,208.0,30.38622484837668,30.38622484837668,30.38622484837668,30.706080991792447,30.706080991792447,30.706080991792447
984,260.0,0.015853658536585366,0.015853658536585366,0.015853658536585366,0.016008824112631367,0.016008824112631367,0.016008824112631367
985,312.0,0.19168415543780395,0.19168415543780395,0.19168415543780395,0.18833430938220064,0.18833430938220064,0.18833430938220064
986,364.0,0.10662239130674374,0.10662239130674374,0.10662239130674374,0.1268123078377579,0.1268123078377579,0.1268123078377579
987,416.0,0.1333654309099663,0.1333654309099663,0.1333654309099663,0.13483763872794383,0.13483763872794383,0.13483763872794383
988,468.0,0.22637317288106698,0.22637317288106698,0.22637317288106698,0.3226639656209509,0.3226639656209509,0.3226639656209509
989,520.0,0.4616900027856944,0.4616900027856944,0.4616900027856944,0.42653783683583574,0.42653783683583574,0.42653783683583574
990,572.0,0.5388344474894837,0.5388344474894837,0.5388344474894837,0.5777316550884981,0.5777316550884981,0.5777316550884981
991,624.0,0.07472798740394801,0.07472798740394801,0.07472798740394801,0.08615328764163792,0.08615328764163792,0.08615328764163792
992,676.0,0.041666666666666664,0.041666666666666664,0.041666666666666664,0.04333191609977326,0.04333191609977326,0.04333191609977326
993,728.0,0.10515117006943205,0.10515117006943205,0.10515117006943205,0.08963201202406693,0.08963201202406693,0.08963201202406693
994,780.0,0.2071122916265112,0.2071122916265112,0.2071122916265112,0.17731733968737612,0.17731733968737612,0.17731733968737612
995,832.0,0.28929884095549263,0.28929884095549263,0.28929884095549263,0.2626563238343121,0.2626563238343121,0.2626563238343121
996,884.0,0.25419613493529775,0.25419613493529775,0.25419613493529775,0.8491707306778472,0.8491707306778472,0.8491707306778472
997,936.0,0.971142803360176,0.971142803360176,0.971142803360176,0.771288266583649,0.771288266583649,0.771288266583649
998,988.0,0.005674153036800074,0.005674153036800074,0.005674153036800074,0.005197219905036671,0.005197219905036671,0.005197219905036671
999,1040.0,0.30785640790233326,0.30785640790233326,0.30785640790233326,0.27260245044619913,0.27260245044619913,0.27260245044619913
