,time,meanH,meanB,meanC,varH,varB,varC
0,52.0,0.26032077234473744,0.26032077234473744,0.26032077234473744,0.2677874801808395,0.2677874801808395,0.2677874801808395
1,104.0,0.1488933601609658,0.1488933601609658,0.1488933601609658,0.12739481827247862,0.12739481827247862,0.12739481827247862
2,156.0,0.21745617813315274,0.21745617813315274,0.21745617813315274,0.1786298368848539,0.1786298368848539,0.1786298368848539
3,208.0,0.16006934033516002,0.16006934033516002,0.16006934033516002,0.1483711790879522,0.1483711790879522,0.1483711790879522
4,260.0,0.09235209235209235,0.09235209235209235,0.09235209235209235,0.0895951891622887,0.0895951891622887,0.0895951891622887
5,312.0,0.34156913822839147,0.34156913822839147,0.34156913822839147,0.3373509256351507,0.3373509256351507,0.3373509256351507
6,364.0,0.3460581635124487,0.3460581635124487,0.3460581635124487,0.5114444235958219,0.5114444235958219,0.5114444235958219
7,416.0,0.30859566754194145,0.30859566754194145,0.30859566754194145,0.26993565677771075,0.26993565677771075,0.26993565677771075
8,468.0,0.01669291338582677,0.01669291338582677,0.01669291338582677,0.016414260028520058,0.016414260028520058,0.016414260028520058
9,520.0,0.003878975950349108,0.003878975950349108,0.003878975950349108,0.0038639294959257214,0.0038639294959257214,0.0038639294959257214
10,572.0,0.03125,0.03125,0.03125,0.0302734375,0.0302734375,0.0302734375
11,624.0,0.546669356129768,0.546669356129768,0.546669356129768,0.49620652781148317,0.49620652781148317,0.49620652781148317
12,676.0,0.029855868222374744,0.029855868222374744,0.029855868222374744,0.033082546144356004,0.033082546144356004,0.033082546144356004
13,728.0,0.06594005449591281,0.06594005449591281,0.06594005449591281,0.06213692283705427,0.06213692283705427,0.06213692283705427
14,780.0,0.23917556997708173,0.23917556997708173,0.23917556997708173,0.21438226057219384,0.21438226057219384,0.21438226057219384
15,832.0,0.5254160349320715,0.5254160349320715,0.5254160349320715,0.8812106621313168,0.8812106621313168,0.8812106621313168
16,884.0,0.19779257274659023,0.19779257274659023,0.19779257274659023,0.18483026426329366,0.18483026426329366,0.18483026426329366
17,936.0,0.45880843753282596,0.45880843753282596,0.45880843753282596,0.5249260471586872,0.5249260471586872,0.5249260471586872
18,988.0,0.3242599943315992,0.3242599943315992,0.3242599943315992,0.3723529265951042,0.3723529265951042,0.3723529265951042
19,1040.0,2.330691723067503,2.330691723067503,2.330691723067503,19.944074517664593,19.944074517664593,19.944074517664593
20,52.0,0.29394639372966064,0.29394639372966064,0.29394639372966064,0.33054798819527786,0.33054798819527786,0.33054798819527786
21,104.0,14.775371259865068,14.775371259865068,14.775371259865068,20.601371632630705,20.601371632630705,20.601371632630705
22,156.0,0.31639355045336987,0.31639355045336987,0.31639355045336987,0.3462788529378006,0.3462788529378006,0.3462788529378006
23,208.0,0.008766303185802866,0.008766303185802866,0.008766303185802866,0.008689455114257448,0.008689455114257448,0.008689455114257448
24,260.0,0.0069767441860465115,0.0069767441860465115,0.0069767441860465115,0.006928069226608977,0.006928069226608977,0.006928069226608977
25,312.0,0.013356251770434303,0.013356251770434303,0.013356251770434303,0.011458292468667803,0.011458292468667803,0.011458292468667803
26,364.0,0.11733731001803895,0.11733731001803895,0.11733731001803895,0.12042371081408876,0.12042371081408876,0.12042371081408876
27,416.0,0.2523313554477827,0.2523313554477827,0.2523313554477827,0.2603039478792547,0.2603039478792547,0.2603039478792547
28,468.0,0.2680923780492829,0.2680923780492829,0.2680923780492829,0.3935922582953999,0.3935922582953999,0.3935922582953999
29,520.0,44.89367753226865,44.89367753226865,44.89367753226865,39.84430699643023,39.84430699643023,39.84430699643023
30,572.0,0.0800996796012816,0.0800996796012816,0.0800996796012816,0.07510771523307641,0.07510771523307641,0.07510771523307641
31,624.0,0.062170413544268666,0.062170413544268666,0.062170413544268666,0.0666316478951107,0.0666316478951107,0.0666316478951107
32,676.0,0.3933007006626041,0.3933007006626041,0.3933007006626041,0.5490201644114276,0.5490201644114276,0.5490201644114276
33,728.0,0.6239435395962192,0.6239435395962192,0.6239435395962192,0.8578139081785445,0.8578139081785445,0.8578139081785445
34,780.0,0.00946643717728055,0.00946643717728055,0.00946643717728055,0.009376823744449153,0.009376823744449153,0.009376823744449153
35,832.0,0.4902082138556845,0.4902082138556845,0.4902082138556845,2.4982508699338646,2.4982508699338646,2.4982508699338646
36,884.0,0.19750603378921963,0.19750603378921963,0.19750603378921963,0.2220533135195065,0.2220533135195065,0.2220533135195065
37,936.0,139.037332733246,139.037332733246,139.037332733246,351.49575620001303,351.49575620001303,351.49575620001303
38,988.0,0.08851113716295428,0.08851113716295428,0.08851113716295428,0.08067691576107497,0.08067691576107497,0.08067691576107497
39,1040.0,0.027239709443099273,0.027239709443099273,0.027239709443099273,0.029524342055121396,0.029524342055121396,0.029524342055121396
40,52.0,0.3467166706597407,0.3467166706597407,0.3467166706597407,0.40002126286588197,0.40002126286588197,0.40002126286588197
41,104.0,0.09864864864864865,0.09864864864864865,0.09864864864864865,0.10040357925493062,0.10040357925493062,0.10040357925493062
42,156.0,0.13022854678740836,0.13022854678740836,0.13022854678740836,0.11844371663225642,0.11844371663225642,0.11844371663225642
43,208.0,0.3778166430661684,0.3778166430661684,0.3778166430661684,1.4748780778005341,1.4748780778005341,1.4748780778005341
44,260.0,0.06240713224368499,0.06240713224368499,0.06240713224368499,0.059007776789150916,0.059007776789150916,0.059007776789150916
45,312.0,0.1892443600589282,0.1892443600589282,0.1892443600589282,0.20420761489852607,0.20420761489852607,0.20420761489852607
46,364.0,0.12274368231046931,0.12274368231046931,0.12274368231046931,0.10767767076333588,0.10767767076333588,0.10767767076333588
47,416.0,0.18281199210453078,0.18281199210453078,0.18281199210453078,0.18359310944118087,0.18359310944118087,0.18359310944118087
48,468.0,0.3966951084736492,0.3966951084736492,0.3966951084736492,0.4200014910855016,0.4200014910855016,0.4200014910855016
49,520.0,0.22668588873500975,0.22668588873500975,0.22668588873500975,0.25979367056344976,0.25979367056344976,0.25979367056344976
50,572.0,60.08596118870096,60.08596118870096,60.08596118870096,59.29711381224241,59.29711381224241,59.29711381224241
51,624.0,0.061105965176545124,0.061105965176545124,0.061105965176545124,0.05652621082557347,0.05652621082557347,0.05652621082557347
52,676.0,0.3526254604930274,0.3526254604930274,0.3526254604930274,0.3201240138912725,0.3201240138912725,0.3201240138912725
53,728.0,0.07045454545454545,0.07045454545454545,0.07045454545454545,0.06549070247933883,0.06549070247933883,0.06549070247933883
54,780.0,0.18619968121030378,0.18619968121030378,0.18619968121030378,0.18325627020095586,0.18325627020095586,0.18325627020095586
55,832.0,0.48865071099906854,0.48865071099906854,0.48865071099906854,1.2983271840572945,1.2983271840572945,1.2983271840572945
56,884.0,0.3020217056980173,0.3020217056980173,0.3020217056980173,0.4477866973124735,0.4477866973124735,0.4477866973124735
57,936.0,84.6612121979928,84.6612121979928,84.6612121979928,90.7253679055121,90.7253679055121,90.7253679055121
58,988.0,0.05123247945867569,0.05123247945867569,0.05123247945867569,0.04957436306301613,0.04957436306301613,0.04957436306301613
59,1040.0,81.97177666424639,81.97177666424639,81.97177666424639,92.5219009199512,92.5219009199512,92.5219009199512
60,52.0,0.22157954728384088,0.22157954728384088,0.22157954728384088,0.20771692833351407,0.20771692833351407,0.20771692833351407
61,104.0,0.11542442862692978,0.11542442862692978,0.11542442862692978,0.12061242623214892,0.12061242623214892,0.12061242623214892
62,156.0,0.06261022927689594,0.06261022927689594,0.06261022927689594,0.060453856897125555,0.060453856897125555,0.060453856897125555
63,208.0,0.08267500401312138,0.08267500401312138,0.08267500401312138,0.09023431558678115,0.09023431558678115,0.09023431558678115
64,260.0,0.1238462779301642,0.1238462779301642,0.1238462779301642,0.13259675656774825,0.13259675656774825,0.13259675656774825
65,312.0,0.27540810953133227,0.27540810953133227,0.27540810953133227,0.29645158436814806,0.29645158436814806,0.29645158436814806
66,364.0,0.6249234223508605,0.6249234223508605,0.6249234223508605,13.293278890460781,13.293278890460781,13.293278890460781
67,416.0,0.19380415077058805,0.19380415077058805,0.19380415077058805,0.2892972264076929,0.2892972264076929,0.2892972264076929
68,468.0,0.08674013508709563,0.08674013508709563,0.08674013508709563,0.09059203947342646,0.09059203947342646,0.09059203947342646
69,520.0,0.1611804767309875,0.1611804767309875,0.1611804767309875,0.1380390151012483,0.1380390151012483,0.1380390151012483
70,572.0,0.34628133401624145,0.34628133401624145,0.34628133401624145,0.34962322857407196,0.34962322857407196,0.34962322857407196
71,624.0,0.05693069306930693,0.05693069306930693,0.05693069306930693,0.09824404470149985,0.09824404470149985,0.09824404470149985
72,676.0,0.2060311316974846,0.2060311316974846,0.2060311316974846,0.1795591637591941,0.1795591637591941,0.1795591637591941
73,728.0,0.2,0.2,0.2,0.16,0.16,0.16
74,780.0,0.16646562123039807,0.16646562123039807,0.16646562123039807,0.21474999308830525,0.21474999308830525,0.21474999308830525
75,832.0,0.12195755207745035,0.12195755207745035,0.12195755207745035,0.12967117651482887,0.12967117651482887,0.12967117651482887
76,884.0,0.32116387592643425,0.32116387592643425,0.32116387592643425,0.34099321031185065,0.34099321031185065,0.34099321031185065
77,936.0,0.21007357525945436,0.21007357525945436,0.21007357525945436,0.19483031923415822,0.19483031923415822,0.19483031923415822
78,988.0,0.4840838599369612,0.4840838599369612,0.4840838599369612,1.950683549436616,1.950683549436616,1.950683549436616
79,1040.0,0.14911276382998156,0.14911276382998156,0.14911276382998156,0.20886939266951485,0.20886939266951485,0.20886939266951485
80,52.0,1.4118074633400772,1.4118074633400772,1.4118074633400772,2.9153418178609694,2.9153418178609694,2.9153418178609694
81,104.0,0.138671875,0.138671875,0.138671875,0.13506698608398438,0.13506698608398438,0.13506698608398438
82,156.0,0.1595151824826135,0.1595151824826135,0.1595151824826135,0.14523260177536243,0.14523260177536243,0.14523260177536243
83,208.0,0.1531838007161422,0.1531838007161422,0.1531838007161422,0.19120384289065193,0.19120384289065193,0.19120384289065193
84,260.0,0.17849392939042952,0.17849392939042952,0.17849392939042952,0.19606638742195895,0.19606638742195895,0.19606638742195895
85,312.0,0.2876712328767123,0.2876712328767123,0.2876712328767123,0.3145055357477951,0.3145055357477951,0.3145055357477951
86,364.0,0.47751691837919,0.47751691837919,0.47751691837919,0.556837580512422,0.556837580512422,0.556837580512422
87,416.0,0.010270254856496162,0.010270254856496162,0.010270254856496162,0.007287570857534563,0.007287570857534563,0.007287570857534563
88,468.0,31.720303119977086,31.720303119977086,31.720303119977086,109.92512083317604,109.92512083317604,109.92512083317604
89,520.0,0.3849620536874337,0.3849620536874337,0.3849620536874337,0.41188783415408675,0.41188783415408675,0.41188783415408675
90,572.0,0.70638979559857,0.70638979559857,0.70638979559857,1.115563962731595,1.115563962731595,1.115563962731595
91,624.0,0.1281162198703387,0.1281162198703387,0.1281162198703387,0.1296830255200093,0.1296830255200093,0.1296830255200093
92,676.0,0.28173023671302483,0.28173023671302483,0.28173023671302483,0.29208216895571915,0.29208216895571915,0.29208216895571915
93,728.0,0.45316565481352994,0.45316565481352994,0.45316565481352994,0.5955949222549269,0.5955949222549269,0.5955949222549269
94,780.0,0.278998699652929,0.278998699652929,0.278998699652929,0.25834250109653173,0.25834250109653173,0.25834250109653173
95,832.0,0.14955611199635785,0.14955611199635785,0.14955611199635785,0.16543174013621506,0.16543174013621506,0.16543174013621506
96,884.0,0.3719005222180837,0.3719005222180837,0.3719005222180837,0.650778892874048,0.650778892874048,0.650778892874048
97,936.0,0.23519477808225306,0.23519477808225306,0.23519477808225306,0.23539847266809352,0.23539847266809352,0.23539847266809352
98,988.0,0.015664690939881456,0.015664690939881456,0.015664690939881456,0.016266048448443857,0.016266048448443857,0.016266048448443857
99,1040.0,0.2382899809324607,0.2382899809324607,0.2382899809324607,0.24530918868239102,0.24530918868239102,0.24530918868239102
100,52.0,0.11877836535865458,0.11877836535865458,0.11877836535865458,0.17382950904899852,0.17382950904899852,0.17382950904899852
101,104.0,2.120458878714867,2.120458878714867,2.120458878714867,6.1717553834183665,6.1717553834183665,6.1717553834183665
102,156.0,0.22413793103448276,0.22413793103448276,0.22413793103448276,0.19023405720007514,0.19023405720007514,0.19023405720007514
103,208.0,0.6306257895652216,0.6306257895652216,0.6306257895652216,0.9980403938810916,0.9980403938810916,0.9980403938810916
104,260.0,0.02821603042477534,0.02821603042477534,0.02821603042477534,0.029899751716976536,0.029899751716976536,0.029899751716976536
105,312.0,0.0741074107410741,0.0741074107410741,0.0741074107410741,0.07221586245033146,0.07221586245033146,0.07221586245033146
106,364.0,0.31407080322932573,0.31407080322932573,0.31407080322932573,0.37122832409673057,0.37122832409673057,0.37122832409673057
107,416.0,0.20385312867477937,0.20385312867477937,0.20385312867477937,0.18848846930283278,0.18848846930283278,0.18848846930283278
108,468.0,0.6141888621993506,0.6141888621993506,0.6141888621993506,0.7165339273818402,0.7165339273818402,0.7165339273818402
109,520.0,0.02464704474754726,0.02464704474754726,0.02464704474754726,0.024518151325915914,0.024518151325915914,0.024518151325915914
110,572.0,0.053126729385722195,0.053126729385722195,0.053126729385722195,0.05030428001049844,0.05030428001049844,0.05030428001049844
111,624.0,0.20899718837863168,0.20899718837863168,0.20899718837863168,0.17656384910174802,0.17656384910174802,0.17656384910174802
112,676.0,0.16322089394342548,0.16322089394342548,0.16322089394342548,0.18403173425948335,0.18403173425948335,0.18403173425948335
113,728.0,0.2364102491124329,0.2364102491124329,0.2364102491124329,0.21286222030598653,0.21286222030598653,0.21286222030598653
114,780.0,0.010894941634241245,0.010894941634241245,0.010894941634241245,0.010776241881027725,0.010776241881027725,0.010776241881027725
115,832.0,0.5987186568347228,0.5987186568347228,0.5987186568347228,1.3205058704470658,1.3205058704470658,1.3205058704470658
116,884.0,0.15846915319607116,0.15846915319607116,0.15846915319607116,0.15730072880831994,0.15730072880831994,0.15730072880831994
117,936.0,0.20589866490441117,0.20589866490441117,0.20589866490441117,0.31317219844430116,0.31317219844430116,0.31317219844430116
118,988.0,0.08671399594320486,0.08671399594320486,0.08671399594320486,0.09440766059518862,0.09440766059518862,0.09440766059518862
119,1040.0,0.11728395061728394,0.11728395061728394,0.11728395061728394,0.122046944063405,0.122046944063405,0.122046944063405
120,52.0,0.17845959391383517,0.17845959391383517,0.17845959391383517,0.30023406939645925,0.30023406939645925,0.30023406939645925
121,104.0,0.3244197821797187,0.3244197821797187,0.3244197821797187,0.4707471157321055,0.4707471157321055,0.4707471157321055
122,156.0,0.23832145684877276,0.23832145684877276,0.23832145684877276,0.22005693440632307,0.22005693440632307,0.22005693440632307
123,208.0,1.3672283622168808,1.3672283622168808,1.3672283622168808,9.878317176522915,9.878317176522915,9.878317176522915
124,260.0,0.21019577402621276,0.21019577402621276,0.21019577402621276,0.2798532391288475,0.2798532391288475,0.2798532391288475
125,312.0,1.017415133827477,1.017415133827477,1.017415133827477,22.75707623041307,22.75707623041307,22.75707623041307
126,364.0,0.2790792475694591,0.2790792475694591,0.2790792475694591,0.5123658526157892,0.5123658526157892,0.5123658526157892
127,416.0,0.14809570626793075,0.14809570626793075,0.14809570626793075,0.15606913483730506,0.15606913483730506,0.15606913483730506
128,468.0,0.12761020881670534,0.12761020881670534,0.12761020881670534,0.15424927729717217,0.15424927729717217,0.15424927729717217
129,520.0,0.2828596993738923,0.2828596993738923,0.2828596993738923,0.41203042398754597,0.41203042398754597,0.41203042398754597
130,572.0,0.2761491143609065,0.2761491143609065,0.2761491143609065,0.3177677299619924,0.3177677299619924,0.3177677299619924
131,624.0,0.19124860741490216,0.19124860741490216,0.19124860741490216,0.20458928940457513,0.20458928940457513,0.20458928940457513
132,676.0,0.3606010016694491,0.3606010016694491,0.3606010016694491,0.46874265493500117,0.46874265493500117,0.46874265493500117
133,728.0,36.79249157674191,36.79249157674191,36.79249157674191,120.2866987238405,120.2866987238405,120.2866987238405
134,780.0,0.055927835051546394,0.055927835051546394,0.055927835051546394,0.05795455149325114,0.05795455149325114,0.05795455149325114
135,832.0,0.16355140186915887,0.16355140186915887,0.16355140186915887,0.20689579875971698,0.20689579875971698,0.20689579875971698
136,884.0,0.06750572082379863,0.06750572082379863,0.06750572082379863,0.06409286323958338,0.06409286323958338,0.06409286323958338
137,936.0,0.5651659681794465,0.5651659681794465,0.5651659681794465,0.7133818887363419,0.7133818887363419,0.7133818887363419
138,988.0,161.33877241710223,161.33877241710223,161.33877241710223,200.3521068971604,200.3521068971604,200.3521068971604
139,1040.0,0.2133171567122038,0.2133171567122038,0.2133171567122038,0.2215897393849961,0.2215897393849961,0.2215897393849961
140,52.0,0.24588884142493597,0.24588884142493597,0.24588884142493597,0.25438209987478877,0.25438209987478877,0.25438209987478877
141,104.0,0.5966865834557722,0.5966865834557722,0.5966865834557722,0.765460865017181,0.765460865017181,0.765460865017181
142,156.0,0.1804733364254302,0.1804733364254302,0.1804733364254302,0.1834155468334604,0.1834155468334604,0.1834155468334604
143,208.0,0.3547582193737371,0.3547582193737371,0.3547582193737371,0.3614639263921795,0.3614639263921795,0.3614639263921795
144,260.0,0.13508992042124876,0.13508992042124876,0.13508992042124876,0.15346901905115964,0.15346901905115964,0.15346901905115964
145,312.0,45.201663394200295,45.201663394200295,45.201663394200295,49.35568255678029,49.35568255678029,49.35568255678029
146,364.0,0.7332383917974261,0.7332383917974261,0.7332383917974261,0.38377517962006474,0.38377517962006474,0.38377517962006474
147,416.0,0.07660050321498463,0.07660050321498463,0.07660050321498463,0.07296937716496905,0.07296937716496905,0.07296937716496905
148,468.0,0.002583979328165375,0.002583979328165375,0.002583979328165375,0.0025773023789969884,0.0025773023789969884,0.0025773023789969884
149,520.0,0.2244268077601411,0.2244268077601411,0.2244268077601411,0.25783366615965086,0.25783366615965086,0.25783366615965086
150,572.0,0.11439114391143912,0.11439114391143912,0.11439114391143912,0.12713606840865457,0.12713606840865457,0.12713606840865457
151,624.0,0.06871743984123047,0.06871743984123047,0.06871743984123047,0.07094152050706505,0.07094152050706505,0.07094152050706505
152,676.0,0.1528883293446676,0.1528883293446676,0.1528883293446676,0.18763989762414607,0.18763989762414607,0.18763989762414607
153,728.0,0.16021704362919714,0.16021704362919714,0.16021704362919714,0.16405179496583552,0.16405179496583552,0.16405179496583552
154,780.0,0.4910626493544293,0.4910626493544293,0.4910626493544293,0.4680725047595425,0.4680725047595425,0.4680725047595425
155,832.0,0.15532425940752603,0.15532425940752603,0.15532425940752603,0.1311986338470296,0.1311986338470296,0.1311986338470296
156,884.0,0.35017854501231044,0.35017854501231044,0.35017854501231044,0.7797423231689088,0.7797423231689088,0.7797423231689088
157,936.0,0.19042975097116696,0.19042975097116696,0.19042975097116696,0.20779565820858564,0.20779565820858564,0.20779565820858564
158,988.0,0.07257448433919023,0.07257448433919023,0.07257448433919023,0.0729096694584494,0.0729096694584494,0.0729096694584494
159,1040.0,0.20254013982152994,0.20254013982152994,0.20254013982152994,0.23794106734998607,0.23794106734998607,0.23794106734998607
160,52.0,0.013517166801838334,0.013517166801838334,0.013517166801838334,0.014415826347636676,0.014415826347636676,0.014415826347636676
161,104.0,0.6299435356820731,0.6299435356820731,0.6299435356820731,0.6396044072516809,0.6396044072516809,0.6396044072516809
162,156.0,16.227182374038748,16.227182374038748,16.227182374038748,23.244080828031557,23.244080828031557,23.244080828031557
163,208.0,0.1630626294893727,0.1630626294893727,0.1630626294893727,0.12315065089126442,0.12315065089126442,0.12315065089126442
164,260.0,0.4049645866405356,0.4049645866405356,0.4049645866405356,0.4664544700790267,0.4664544700790267,0.4664544700790267
165,312.0,0.06471734892787524,0.06471734892787524,0.06471734892787524,0.07378437429940457,0.07378437429940457,0.07378437429940457
166,364.0,0.21655552977430975,0.21655552977430975,0.21655552977430975,0.18165070218757146,0.18165070218757146,0.18165070218757146
167,416.0,0.08358031723920124,0.08358031723920124,0.08358031723920124,0.0779271046649991,0.0779271046649991,0.0779271046649991
168,468.0,0.14076143904994762,0.14076143904994762,0.14076143904994762,0.12374192806946249,0.12374192806946249,0.12374192806946249
169,520.0,0.22034550826578084,0.22034550826578084,0.22034550826578084,0.3186582437008017,0.3186582437008017,0.3186582437008017
170,572.0,12.124048109795467,12.124048109795467,12.124048109795467,17.113619175244942,17.113619175244942,17.113619175244942
171,624.0,0.40584090095038505,0.40584090095038505,0.40584090095038505,0.48204444939946084,0.48204444939946084,0.48204444939946084
172,676.0,0.20789677283080263,0.20789677283080263,0.20789677283080263,0.1808076676800956,0.1808076676800956,0.1808076676800956
173,728.0,0.3210696610563189,0.3210696610563189,0.3210696610563189,1.2483425296947475,1.2483425296947475,1.2483425296947475
174,780.0,0.030032582070596347,0.030032582070596347,0.030032582070596347,0.024990854829654994,0.024990854829654994,0.024990854829654994
175,832.0,0.39794419970631423,0.39794419970631423,0.39794419970631423,0.3668484413307716,0.3668484413307716,0.3668484413307716
176,884.0,79.4115229625874,79.4115229625874,79.4115229625874,134.02535139978454,134.02535139978454,134.02535139978454
177,936.0,0.14992486049073325,0.14992486049073325,0.14992486049073325,0.18411716037970605,0.18411716037970605,0.18411716037970605
178,988.0,0.48296475298472685,0.48296475298472685,0.48296475298472685,0.5419776255766037,0.5419776255766037,0.5419776255766037
179,1040.0,0.18503120133896622,0.18503120133896622,0.18503120133896622,0.21738528104579183,0.21738528104579183,0.21738528104579183
180,52.0,0.6529909662157356,0.6529909662157356,0.6529909662157356,0.8061688652037277,0.8061688652037277,0.8061688652037277
181,104.0,0.32889245401455797,0.32889245401455797,0.32889245401455797,0.3053096676288967,0.3053096676288967,0.3053096676288967
182,156.0,0.3730253793306956,0.3730253793306956,0.3730253793306956,0.42819900309704295,0.42819900309704295,0.42819900309704295
183,208.0,0.04384724186704385,0.04384724186704385,0.04384724186704385,0.04333908840469822,0.04333908840469822,0.04333908840469822
184,260.0,1.712724496184243,1.712724496184243,1.712724496184243,1.7450632448837209,1.7450632448837209,1.7450632448837209
185,312.0,0.0791801918876611,0.0791801918876611,0.0791801918876611,0.08486112778967962,0.08486112778967962,0.08486112778967962
186,364.0,0.1110611510791367,0.1110611510791367,0.1110611510791367,0.09962585237565343,0.09962585237565343,0.09962585237565343
187,416.0,0.2690360906459634,0.2690360906459634,0.2690360906459634,0.2345973490469642,0.2345973490469642,0.2345973490469642
188,468.0,0.11966564012318522,0.11966564012318522,0.11966564012318522,0.12382355736317362,0.12382355736317362,0.12382355736317362
189,520.0,0.19137120888509185,0.19137120888509185,0.19137120888509185,0.15987428381865823,0.15987428381865823,0.15987428381865823
190,572.0,0.2458783621286818,0.2458783621286818,0.2458783621286818,0.3023578404963565,0.3023578404963565,0.3023578404963565
191,624.0,0.4532849584396568,0.4532849584396568,0.4532849584396568,0.5901480355349524,0.5901480355349524,0.5901480355349524
192,676.0,0.15711252653927812,0.15711252653927812,0.15711252653927812,0.13879760729531512,0.13879760729531512,0.13879760729531512
193,728.0,0.5680242310169452,0.5680242310169452,0.5680242310169452,2.0013106758820736,2.0013106758820736,2.0013106758820736
194,780.0,0.1751863684771033,0.1751863684771033,0.1751863684771033,0.15674317612941052,0.15674317612941052,0.15674317612941052
195,832.0,0.16404231581066792,0.16404231581066792,0.16404231581066792,0.2867892963754918,0.2867892963754918,0.2867892963754918
196,884.0,0.10969011313330054,0.10969011313330054,0.10969011313330054,0.09765819221410427,0.09765819221410427,0.09765819221410427
197,936.0,0.1384541295449073,0.1384541295449073,0.1384541295449073,0.15684779087687895,0.15684779087687895,0.15684779087687895
198,988.0,0.38776731944021886,0.38776731944021886,0.38776731944021886,0.5399658689461695,0.5399658689461695,0.5399658689461695
199,1040.0,22.231082249823494,22.231082249823494,22.231082249823494,47.372434759876356,47.372434759876356,47.372434759876356
200,52.0,2.248164016812501,2.248164016812501,2.248164016812501,1.6400078735468937,1.6400078735468937,1.6400078735468937
201,104.0,0.1044687787328363,0.1044687787328363,0.1044687787328363,0.12822770211966428,0.12822770211966428,0.12822770211966428
202,156.0,0.8554045920848621,0.8554045920848621,0.8554045920848621,1.1647898667971164,1.1647898667971164,1.1647898667971164
203,208.0,0.2453570816398876,0.2453570816398876,0.2453570816398876,0.2860138553255442,0.2860138553255442,0.2860138553255442
204,260.0,0.05952380952380952,0.05952380952380952,0.05952380952380952,0.055980725623582764,0.055980725623582764,0.055980725623582764
205,312.0,0.11378434746668953,0.11378434746668953,0.11378434746668953,0.10137018007520503,0.10137018007520503,0.10137018007520503
206,364.0,1.1429555204697253,1.1429555204697253,1.1429555204697253,0.6811744373139891,0.6811744373139891,0.6811744373139891
207,416.0,0.2629539308353906,0.2629539308353906,0.2629539308353906,0.355777428921429,0.355777428921429,0.355777428921429
208,468.0,0.6719757364214689,0.6719757364214689,0.6719757364214689,1.5680478669017708,1.5680478669017708,1.5680478669017708
209,520.0,82.98955335646922,82.98955335646922,82.98955335646922,80.97391629840462,80.97391629840462,80.97391629840462
210,572.0,0.2760461403422827,0.2760461403422827,0.2760461403422827,0.5090670089815565,0.5090670089815565,0.5090670089815565
211,624.0,0.13058706302442472,0.13058706302442472,0.13058706302442472,0.2579093273633138,0.2579093273633138,0.2579093273633138
212,676.0,0.15697346132128742,0.15697346132128742,0.15697346132128742,0.13233279376210172,0.13233279376210172,0.13233279376210172
213,728.0,0.2376598647568345,0.2376598647568345,0.2376598647568345,0.23538237135987936,0.23538237135987936,0.23538237135987936
214,780.0,0.29033328347752246,0.29033328347752246,0.29033328347752246,0.5574482919629995,0.5574482919629995,0.5574482919629995
215,832.0,0.33207103469823607,0.33207103469823607,0.33207103469823607,0.6261738440510373,0.6261738440510373,0.6261738440510373
216,884.0,0.24694610778443113,0.24694610778443113,0.24694610778443113,0.21949666176628774,0.21949666176628774,0.21949666176628774
217,936.0,0.15416666666666667,0.15416666666666667,0.15416666666666667,0.16095486111111112,0.16095486111111112,0.16095486111111112
218,988.0,0.07095391211146838,0.07095391211146838,0.07095391211146838,0.06763435264546709,0.06763435264546709,0.06763435264546709
219,1040.0,0.6150447146085078,0.6150447146085078,0.6150447146085078,0.6998102014171677,0.6998102014171677,0.6998102014171677
220,52.0,0.3338172451842483,0.3338172451842483,0.3338172451842483,0.4129535858112722,0.4129535858112722,0.4129535858112722
221,104.0,0.09230256673128526,0.09230256673128526,0.09230256673128526,0.09986550305433767,0.09986550305433767,0.09986550305433767
222,156.0,0.17455368205001578,0.17455368205001578,0.17455368205001578,0.19063651885742508,0.19063651885742508,0.19063651885742508
223,208.0,0.07102349446394815,0.07102349446394815,0.07102349446394815,0.06705936293707308,0.06705936293707308,0.06705936293707308
224,260.0,0.21063469944084126,0.21063469944084126,0.21063469944084126,0.2084454645407563,0.2084454645407563,0.2084454645407563
225,312.0,0.3360902255639098,0.3360902255639098,0.3360902255639098,0.39406090414004935,0.39406090414004935,0.39406090414004935
226,364.0,0.5250151442922935,0.5250151442922935,0.5250151442922935,0.6357691136113396,0.6357691136113396,0.6357691136113396
227,416.0,0.490608276899515,0.490608276899515,0.490608276899515,0.5058916428663213,0.5058916428663213,0.5058916428663213
228,468.0,0.32114549412801824,0.32114549412801824,0.32114549412801824,0.5113913568570292,0.5113913568570292,0.5113913568570292
229,520.0,0.015235457063711912,0.015235457063711912,0.015235457063711912,0.015003337911771705,0.015003337911771705,0.015003337911771705
230,572.0,0.5506475496642019,0.5506475496642019,0.5506475496642019,0.6175048386198061,0.6175048386198061,0.6175048386198061
231,624.0,0.16789970176040744,0.16789970176040744,0.16789970176040744,0.1491180532366472,0.1491180532366472,0.1491180532366472
232,676.0,0.20641358960731013,0.20641358960731013,0.20641358960731013,0.3032495487789316,0.3032495487789316,0.3032495487789316
233,728.0,0.10220440881763528,0.10220440881763528,0.10220440881763528,0.14185886803667455,0.14185886803667455,0.14185886803667455
234,780.0,0.16989933709796218,0.16989933709796218,0.16989933709796218,0.18080767462023328,0.18080767462023328,0.18080767462023328
235,832.0,0.0004579803068468056,0.0004579803068468056,0.0004579803068468056,0.0004577705608853461,0.0004577705608853461,0.0004577705608853461
236,884.0,0.3982385056036943,0.3982385056036943,0.3982385056036943,0.456202374678736,0.456202374678736,0.456202374678736
237,936.0,0.32629558541266795,0.32629558541266795,0.32629558541266795,0.27932773604577055,0.27932773604577055,0.27932773604577055
238,988.0,0.20614035087719298,0.20614035087719298,0.20614035087719298,0.19873422591566636,0.19873422591566636,0.19873422591566636
239,1040.0,0.2548877624909486,0.2548877624909486,0.2548877624909486,0.2681241908784837,0.2681241908784837,0.2681241908784837
240,52.0,0.06788511749347259,0.06788511749347259,0.06788511749347259,0.07110962648869376,0.07110962648869376,0.07110962648869376
241,104.0,0.08138635778659017,0.08138635778659017,0.08138635778659017,0.08045306124695782,0.08045306124695782,0.08045306124695782
242,156.0,0.10946353226290502,0.10946353226290502,0.10946353226290502,0.11509500657284184,0.11509500657284184,0.11509500657284184
243,208.0,0.22300812738346018,0.22300812738346018,0.22300812738346018,0.250451701750121,0.250451701750121,0.250451701750121
244,260.0,0.18410504874234965,0.18410504874234965,0.18410504874234965,0.23162206328623877,0.23162206328623877,0.23162206328623877
245,312.0,0.013124568270780566,0.013124568270780566,0.013124568270780566,0.012952313978486186,0.012952313978486186,0.012952313978486186
246,364.0,0.5199444919586337,0.5199444919586337,0.5199444919586337,0.5410200346396971,0.5410200346396971,0.5410200346396971
247,416.0,0.11083244080376538,0.11083244080376538,0.11083244080376538,0.13931517096906956,0.13931517096906956,0.13931517096906956
248,468.0,0.19387192056619,0.19387192056619,0.19387192056619,0.20886918243371239,0.20886918243371239,0.20886918243371239
249,520.0,0.6653386862070546,0.6653386862070546,0.6653386862070546,0.6133296946420776,0.6133296946420776,0.6133296946420776
250,572.0,0.31562858234619795,0.31562858234619795,0.31562858234619795,0.3291137909751779,0.3291137909751779,0.3291137909751779
251,624.0,0.17878314054574607,0.17878314054574607,0.17878314054574607,0.30978313869110125,0.30978313869110125,0.30978313869110125
252,676.0,0.0,0.0,0.0,0.0,0.0,0.0
253,728.0,0.5861512730162467,0.5861512730162467,0.5861512730162467,0.6059176933866582,0.6059176933866582,0.6059176933866582
254,780.0,0.11747929001935535,0.11747929001935535,0.11747929001935535,0.08573127421929107,0.08573127421929107,0.08573127421929107
255,832.0,0.5345925297113752,0.5345925297113752,0.5345925297113752,0.6163755130851117,0.6163755130851117,0.6163755130851117
256,884.0,0.031578947368421054,0.031578947368421054,0.031578947368421054,0.030581717451523546,0.030581717451523546,0.030581717451523546
257,936.0,0.6403246608029343,0.6403246608029343,0.6403246608029343,0.6839278234776526,0.6839278234776526,0.6839278234776526
258,988.0,0.1460381893644036,0.1460381893644036,0.1460381893644036,0.15654086624717647,0.15654086624717647,0.15654086624717647
259,1040.0,0.43378125718109584,0.43378125718109584,0.43378125718109584,0.45779997136492556,0.45779997136492556,0.45779997136492556
260,52.0,0.6309063079692034,0.6309063079692034,0.6309063079692034,0.6284651387969955,0.6284651387969955,0.6284651387969955
261,104.0,0.1176044429870251,0.1176044429870251,0.1176044429870251,0.10939312138842758,0.10939312138842758,0.10939312138842758
262,156.0,0.45958203095634875,0.45958203095634875,0.45958203095634875,0.4792046482156166,0.4792046482156166,0.4792046482156166
263,208.0,0.3821292042520141,0.3821292042520141,0.3821292042520141,0.3729304135449548,0.3729304135449548,0.3729304135449548
264,260.0,0.10928605021442761,0.10928605021442761,0.10928605021442761,0.08219625551799536,0.08219625551799536,0.08219625551799536
265,312.0,1.0876828937425378,1.0876828937425378,1.0876828937425378,1.4100666257973506,1.4100666257973506,1.4100666257973506
266,364.0,0.23659305993690852,0.23659305993690852,0.23659305993690852,0.25842961252807106,0.25842961252807106,0.25842961252807106
267,416.0,0.16981132075471697,0.16981132075471697,0.16981132075471697,0.16613266880265812,0.16613266880265812,0.16613266880265812
268,468.0,5.338204586220847,5.338204586220847,5.338204586220847,26.518087284814914,26.518087284814914,26.518087284814914
269,520.0,0.1995889472482302,0.1995889472482302,0.1995889472482302,0.2912900799509128,0.2912900799509128,0.2912900799509128
270,572.0,0.16731581844514748,0.16731581844514748,0.16731581844514748,0.15798188562953497,0.15798188562953497,0.15798188562953497
271,624.0,0.14105123087159016,0.14105123087159016,0.14105123087159016,0.1364585090187777,0.1364585090187777,0.1364585090187777
272,676.0,0.19310323349122235,0.19310323349122235,0.19310323349122235,0.2899198603611079,0.2899198603611079,0.2899198603611079
273,728.0,0.2397583624282204,0.2397583624282204,0.2397583624282204,0.2622407453985746,0.2622407453985746,0.2622407453985746
274,780.0,0.33595182104343446,0.33595182104343446,0.33595182104343446,0.40012427009737705,0.40012427009737705,0.40012427009737705
275,832.0,0.04162731600244256,0.04162731600244256,0.04162731600244256,0.04376488387424993,0.04376488387424993,0.04376488387424993
276,884.0,0.39371846069214156,0.39371846069214156,0.39371846069214156,0.3881351654950659,0.3881351654950659,0.3881351654950659
277,936.0,0.15753292368959942,0.15753292368959942,0.15753292368959942,0.18218817526519163,0.18218817526519163,0.18218817526519163
278,988.0,0.07535223648120232,0.07535223648120232,0.07535223648120232,0.06744583080681267,0.06744583080681267,0.06744583080681267
279,1040.0,0.20013297872340424,0.20013297872340424,0.20013297872340424,0.20130317380602084,0.20130317380602084,0.20130317380602084
280,52.0,6.337959257628863,6.337959257628863,6.337959257628863,8.133169518740065,8.133169518740065,8.133169518740065
281,104.0,0.26972527503957405,0.26972527503957405,0.26972527503957405,0.35030144191190593,0.35030144191190593,0.35030144191190593
282,156.0,0.1861656571351121,0.1861656571351121,0.1861656571351121,0.1619868548494277,0.1619868548494277,0.1619868548494277
283,208.0,0.0784313725490196,0.0784313725490196,0.0784313725490196,0.09188773548635143,0.09188773548635143,0.09188773548635143
284,260.0,0.03148345784418356,0.03148345784418356,0.03148345784418356,0.03903013659935601,0.03903013659935601,0.03903013659935601
285,312.0,0.25803738301424867,0.25803738301424867,0.25803738301424867,0.8257368361798217,0.8257368361798217,0.8257368361798217
286,364.0,0.12399272160124773,0.12399272160124773,0.12399272160124773,0.11225772596730045,0.11225772596730045,0.11225772596730045
287,416.0,0.096826688364524,0.096826688364524,0.096826688364524,0.09070595938537154,0.09070595938537154,0.09070595938537154
288,468.0,34.67049449110975,34.67049449110975,34.67049449110975,186.53935737691882,186.53935737691882,186.53935737691882
289,520.0,85.343374389497,85.343374389497,85.343374389497,88.93687334397532,88.93687334397532,88.93687334397532
290,572.0,0.1727810650887574,0.1727810650887574,0.1727810650887574,0.17843072721543365,0.17843072721543365,0.17843072721543365
291,624.0,0.23667711598746083,0.23667711598746083,0.23667711598746083,0.21514381737600854,0.21514381737600854,0.21514381737600854
292,676.0,0.46375617792421747,0.46375617792421747,0.46375617792421747,1.192673205789675,1.192673205789675,1.192673205789675
293,728.0,0.13404255319148936,0.13404255319148936,0.13404255319148936,0.14586238116794925,0.14586238116794925,0.14586238116794925
294,780.0,0.11416060722820517,0.11416060722820517,0.11416060722820517,0.11166016628340782,0.11166016628340782,0.11166016628340782
295,832.0,0.4740983644542473,0.4740983644542473,0.4740983644542473,1.0382513648685903,1.0382513648685903,1.0382513648685903
296,884.0,0.05102040816326531,0.05102040816326531,0.05102040816326531,0.05862140774677218,0.05862140774677218,0.05862140774677218
297,936.0,0.42407324961484816,0.42407324961484816,0.42407324961484816,0.4250376110055586,0.4250376110055586,0.4250376110055586
298,988.0,0.27197595792637114,0.27197595792637114,0.27197595792637114,0.295675960353609,0.295675960353609,0.295675960353609
299,1040.0,0.0969595403399569,0.0969595403399569,0.0969595403399569,0.13352439218633408,0.13352439218633408,0.13352439218633408
300,52.0,0.19006211180124225,0.19006211180124225,0.19006211180124225,0.15393850545889431,0.15393850545889431,0.15393850545889431
301,104.0,0.21725673615815944,0.21725673615815944,0.21725673615815944,0.267834285975101,0.267834285975101,0.267834285975101
302,156.0,0.05022658610271903,0.05022658610271903,0.05022658610271903,0.05072502418743896,0.05072502418743896,0.05072502418743896
303,208.0,0.19716882483973378,0.19716882483973378,0.19716882483973378,0.2041861184996693,0.2041861184996693,0.2041861184996693
304,260.0,0.3197519231820894,0.3197519231820894,0.3197519231820894,0.28853345307189676,0.28853345307189676,0.28853345307189676
305,312.0,0.195955711704096,0.195955711704096,0.195955711704096,0.24004879873027965,0.24004879873027965,0.24004879873027965
306,364.0,0.5278176798985138,0.5278176798985138,0.5278176798985138,0.759677930584935,0.759677930584935,0.759677930584935
307,416.0,0.316971181953053,0.316971181953053,0.316971181953053,0.5114135550911095,0.5114135550911095,0.5114135550911095
308,468.0,0.031007751937984496,0.031007751937984496,0.031007751937984496,0.03575822556210248,0.03575822556210248,0.03575822556210248
309,520.0,0.11664335664335665,0.11664335664335665,0.11664335664335665,1.4300306909873346,1.4300306909873346,1.4300306909873346
310,572.0,0.23447967355684596,0.23447967355684596,0.23447967355684596,0.34081918430674074,0.34081918430674074,0.34081918430674074
311,624.0,0.08096154758306034,0.08096154758306034,0.08096154758306034,0.08990404510487349,0.08990404510487349,0.08990404510487349
312,676.0,0.018386108273748723,0.018386108273748723,0.018386108273748723,0.018048059296294716,0.018048059296294716,0.018048059296294716
313,728.0,0.4543003958823314,0.4543003958823314,0.4543003958823314,1.7545550562211554,1.7545550562211554,1.7545550562211554
314,780.0,105.13837433100298,105.13837433100298,105.13837433100298,92.91845447482764,92.91845447482764,92.91845447482764
315,832.0,0.01956745623069001,0.01956745623069001,0.01956745623069001,0.019184570887350042,0.019184570887350042,0.019184570887350042
316,884.0,0.1303236797274276,0.1303236797274276,0.1303236797274276,0.1252644608191683,0.1252644608191683,0.1252644608191683
317,936.0,0.6713671291608588,0.6713671291608588,0.6713671291608588,0.7747162378312986,0.7747162378312986,0.7747162378312986
318,988.0,0.48898433925983614,0.48898433925983614,0.48898433925983614,0.5983070460487829,0.5983070460487829,0.5983070460487829
319,1040.0,0.14430913030859685,0.14430913030859685,0.14430913030859685,0.131613094572068,0.131613094572068,0.131613094572068
320,52.0,0.3012583271650629,0.3012583271650629,0.3012583271650629,0.39703024488809724,0.39703024488809724,0.39703024488809724
321,104.0,0.18726653383515732,0.18726653383515732,0.18726653383515732,0.18674003910869896,0.18674003910869896,0.18674003910869896
322,156.0,0.3161512027491409,0.3161512027491409,0.3161512027491409,0.2780552898525053,0.2780552898525053,0.2780552898525053
323,208.0,0.07216494845360824,0.07216494845360824,0.07216494845360824,0.09444857760300422,0.09444857760300422,0.09444857760300422
324,260.0,0.29975703904703277,0.29975703904703277,0.29975703904703277,0.40779515232824787,0.40779515232824787,0.40779515232824787
325,312.0,0.2839186856559128,0.2839186856559128,0.2839186856559128,0.17587048455966364,0.17587048455966364,0.17587048455966364
326,364.0,0.10014238253440912,0.10014238253440912,0.10014238253440912,0.13093021228535343,0.13093021228535343,0.13093021228535343
327,416.0,0.7722912462043003,0.7722912462043003,0.7722912462043003,0.6954716588560192,0.6954716588560192,0.6954716588560192
328,468.0,0.5492910522726784,0.5492910522726784,0.5492910522726784,0.5506650727460506,0.5506650727460506,0.5506650727460506
329,520.0,0.28735632183908044,0.28735632183908044,0.28735632183908044,0.5830847431698547,0.5830847431698547,0.5830847431698547
330,572.0,0.25681360002309056,0.25681360002309056,0.25681360002309056,0.22552169183911355,0.22552169183911355,0.22552169183911355
331,624.0,0.18706697459584296,0.18706697459584296,0.18706697459584296,0.20519070452133192,0.20519070452133192,0.20519070452133192
332,676.0,0.00787878787878788,0.00787878787878788,0.00787878787878788,0.007816712580348942,0.007816712580348942,0.007816712580348942
333,728.0,0.043478260869565216,0.043478260869565216,0.043478260869565216,0.04158790170132326,0.04158790170132326,0.04158790170132326
334,780.0,0.0706713780918728,0.0706713780918728,0.0706713780918728,0.06567693441046836,0.06567693441046836,0.06567693441046836
335,832.0,0.3926435714383643,0.3926435714383643,0.3926435714383643,0.6572056102337214,0.6572056102337214,0.6572056102337214
336,884.0,0.2592637285673658,0.2592637285673658,0.2592637285673658,0.2626528324579631,0.2626528324579631,0.2626528324579631
337,936.0,0.1970260223048327,0.1970260223048327,0.1970260223048327,0.179835697531694,0.179835697531694,0.179835697531694
338,988.0,0.11836682225372105,0.11836682225372105,0.11836682225372105,0.13261559823872945,0.13261559823872945,0.13261559823872945
339,1040.0,0.15780998389694043,0.15780998389694043,0.15780998389694043,0.14095752267004805,0.14095752267004805,0.14095752267004805
340,52.0,0.17465753424657535,0.17465753424657535,0.17465753424657535,0.21949474573090644,0.21949474573090644,0.21949474573090644
341,104.0,0.4732800432479624,0.4732800432479624,0.4732800432479624,0.8409885659273821,0.8409885659273821,0.8409885659273821
342,156.0,0.8260300192824498,0.8260300192824498,0.8260300192824498,1.0291018126452065,1.0291018126452065,1.0291018126452065
343,208.0,0.12057879242443216,0.12057879242443216,0.12057879242443216,0.11837302764454348,0.11837302764454348,0.11837302764454348
344,260.0,0.27181913251709494,0.27181913251709494,0.27181913251709494,0.2815900504308314,0.2815900504308314,0.2815900504308314
345,312.0,0.4434541093574847,0.4434541093574847,0.4434541093574847,0.5457543779042465,0.5457543779042465,0.5457543779042465
346,364.0,0.20848161983384025,0.20848161983384025,0.20848161983384025,0.20493537689499414,0.20493537689499414,0.20493537689499414
347,416.0,0.10723708300593691,0.10723708300593691,0.10723708300593691,0.12110218966481771,0.12110218966481771,0.12110218966481771
348,468.0,0.05505552264778612,0.05505552264778612,0.05505552264778612,0.05455836696016268,0.05455836696016268,0.05455836696016268
349,520.0,0.5376130744787663,0.5376130744787663,0.5376130744787663,1.5998082208542168,1.5998082208542168,1.5998082208542168
350,572.0,0.08391608391608392,0.08391608391608392,0.08391608391608392,0.07687417477627269,0.07687417477627269,0.07687417477627269
351,624.0,0.5947970429558723,0.5947970429558723,0.5947970429558723,1.7458004661955961,1.7458004661955961,1.7458004661955961
352,676.0,0.011788384128809662,0.011788384128809662,0.011788384128809662,0.011649418128441287,0.011649418128441287,0.011649418128441287
353,728.0,0.3392198137784321,0.3392198137784321,0.3392198137784321,0.37713394199777434,0.37713394199777434,0.37713394199777434
354,780.0,0.18587592197199354,0.18587592197199354,0.18587592197199354,0.22658448687017085,0.22658448687017085,0.22658448687017085
355,832.0,0.2901286069490236,0.2901286069490236,0.2901286069490236,0.8634998388310486,0.8634998388310486,0.8634998388310486
356,884.0,0.027272571473708693,0.027272571473708693,0.027272571473708693,0.026235613102286486,0.026235613102286486,0.026235613102286486
357,936.0,0.1360076946077596,0.1360076946077596,0.1360076946077596,0.11804801055283709,0.11804801055283709,0.11804801055283709
358,988.0,0.2170307640252472,0.2170307640252472,0.2170307640252472,0.16158340508702113,0.16158340508702113,0.16158340508702113
359,1040.0,0.27258593730421216,0.27258593730421216,0.27258593730421216,0.3694913698190429,0.3694913698190429,0.3694913698190429
360,52.0,0.028726159642100305,0.028726159642100305,0.028726159642100305,0.028842808694057868,0.028842808694057868,0.028842808694057868
361,104.0,0.3424992088371277,0.3424992088371277,0.3424992088371277,0.24109968968514442,0.24109968968514442,0.24109968968514442
362,156.0,0.5788583699538338,0.5788583699538338,0.5788583699538338,4.74103203109524,4.74103203109524,4.74103203109524
363,208.0,0.26888620463964613,0.26888620463964613,0.26888620463964613,0.23296244342371933,0.23296244342371933,0.23296244342371933
364,260.0,0.11188811188811189,0.11188811188811189,0.11188811188811189,0.10636216929923224,0.10636216929923224,0.10636216929923224
365,312.0,15.388229129573539,15.388229129573539,15.388229129573539,29.476132548814228,29.476132548814228,29.476132548814228
366,364.0,0.03800265134776845,0.03800265134776845,0.03800265134776845,0.036558449838308395,0.036558449838308395,0.036558449838308395
367,416.0,0.1391609798436253,0.1391609798436253,0.1391609798436253,0.12132986651646768,0.12132986651646768,0.12132986651646768
368,468.0,0.036270898271465006,0.036270898271465006,0.036270898271465006,0.03552205299553767,0.03552205299553767,0.03552205299553767
369,520.0,0.0672052882849798,0.0672052882849798,0.0672052882849798,0.07003357776123711,0.07003357776123711,0.07003357776123711
370,572.0,0.27346624028132055,0.27346624028132055,0.27346624028132055,0.45768099905124193,0.45768099905124193,0.45768099905124193
371,624.0,0.09670834396529727,0.09670834396529727,0.09670834396529727,0.10062453116538718,0.10062453116538718,0.10062453116538718
372,676.0,0.9336559062668582,0.9336559062668582,0.9336559062668582,1.003766602857925,1.003766602857925,1.003766602857925
373,728.0,0.06528662420382166,0.06528662420382166,0.06528662420382166,0.06898606434338106,0.06898606434338106,0.06898606434338106
374,780.0,0.22574212849021794,0.22574212849021794,0.22574212849021794,0.18562331322050962,0.18562331322050962,0.18562331322050962
375,832.0,0.1588785046728972,0.1588785046728972,0.1588785046728972,0.1336361254258014,0.1336361254258014,0.1336361254258014
376,884.0,0.8954113040407212,0.8954113040407212,0.8954113040407212,4.819777742534051,4.819777742534051,4.819777742534051
377,936.0,0.23947135088473792,0.23947135088473792,0.23947135088473792,0.21882692242673088,0.21882692242673088,0.21882692242673088
378,988.0,0.006392329204954055,0.006392329204954055,0.006392329204954055,0.006351467332289548,0.006351467332289548,0.006351467332289548
379,1040.0,0.21081819218976627,0.21081819218976627,0.21081819218976627,0.21960024215919785,0.21960024215919785,0.21960024215919785
380,52.0,0.1207833249492043,0.1207833249492043,0.1207833249492043,0.11344257917034445,0.11344257917034445,0.11344257917034445
381,104.0,0.13603646833013436,0.13603646833013436,0.13603646833013436,0.17175319636679792,0.17175319636679792,0.17175319636679792
382,156.0,0.13749666873404276,0.13749666873404276,0.13749666873404276,0.11183617667902955,0.11183617667902955,0.11183617667902955
383,208.0,0.23333333333333334,0.23333333333333334,0.23333333333333334,0.19793650793650797,0.19793650793650797,0.19793650793650797
384,260.0,0.8794768627528164,0.8794768627528164,0.8794768627528164,4.793604642613212,4.793604642613212,4.793604642613212
385,312.0,0.09157506737624568,0.09157506737624568,0.09157506737624568,0.09931814113284695,0.09931814113284695,0.09931814113284695
386,364.0,0.06658411548985903,0.06658411548985903,0.06658411548985903,0.06365224549137015,0.06365224549137015,0.06365224549137015
387,416.0,0.06386481433444065,0.06386481433444065,0.06386481433444065,0.06270379507837044,0.06270379507837044,0.06270379507837044
388,468.0,0.05747126436781609,0.05747126436781609,0.05747126436781609,0.05608402695204122,0.05608402695204122,0.05608402695204122
389,520.0,0.2729439809296782,0.2729439809296782,0.2729439809296782,0.35458382403707234,0.35458382403707234,0.35458382403707234
390,572.0,0.15025995525547908,0.15025995525547908,0.15025995525547908,0.3332449494670551,0.3332449494670551,0.3332449494670551
391,624.0,0.5788134359683978,0.5788134359683978,0.5788134359683978,1.0110614773958504,1.0110614773958504,1.0110614773958504
392,676.0,0.08782128669095668,0.08782128669095668,0.08782128669095668,0.08914580583248395,0.08914580583248395,0.08914580583248395
393,728.0,52.40277310003313,52.40277310003313,52.40277310003313,111.95104094430255,111.95104094430255,111.95104094430255
394,780.0,0.008602150537634409,0.008602150537634409,0.008602150537634409,0.010678691178170887,0.010678691178170887,0.010678691178170887
395,832.0,0.09672027942782802,0.09672027942782802,0.09672027942782802,0.09602126498138029,0.09602126498138029,0.09602126498138029
396,884.0,0.35705673375648644,0.35705673375648644,0.35705673375648644,0.32627322945562104,0.32627322945562104,0.32627322945562104
397,936.0,0.666946723592616,0.666946723592616,0.666946723592616,0.6862522313914986,0.6862522313914986,0.6862522313914986
398,988.0,0.14779658857658506,0.14779658857658506,0.14779658857658506,0.16290566073534632,0.16290566073534632,0.16290566073534632
399,1040.0,0.12535511363636365,0.12535511363636365,0.12535511363636365,0.14870370912157796,0.14870370912157796,0.14870370912157796
400,52.0,0.225043504858663,0.225043504858663,0.225043504858663,0.38685401179594225,0.38685401179594225,0.38685401179594225
401,104.0,0.01466414380321665,0.01466414380321665,0.01466414380321665,0.014449106689735229,0.014449106689735229,0.014449106689735229
402,156.0,0.2337805146250275,0.2337805146250275,0.2337805146250275,0.2072776144608744,0.2072776144608744,0.2072776144608744
403,208.0,0.40410227474269683,0.40410227474269683,0.40410227474269683,0.5222083298688094,0.5222083298688094,0.5222083298688094
404,260.0,0.21332345136758937,0.21332345136758937,0.21332345136758937,0.2842771387782538,0.2842771387782538,0.2842771387782538
405,312.0,0.004404073768235618,0.004404073768235618,0.004404073768235618,0.004384677902479557,0.004384677902479557,0.004384677902479557
406,364.0,0.23945366894872536,0.23945366894872536,0.23945366894872536,0.27337402241072073,0.27337402241072073,0.27337402241072073
407,416.0,0.21333485779968714,0.21333485779968714,0.21333485779968714,0.1704134903020948,0.1704134903020948,0.1704134903020948
408,468.0,0.17440637841757822,0.17440637841757822,0.17440637841757822,0.41665734627814355,0.41665734627814355,0.41665734627814355
409,520.0,0.06295817162570073,0.06295817162570073,0.06295817162570073,0.07279349156647161,0.07279349156647161,0.07279349156647161
410,572.0,0.07618213660245184,0.07618213660245184,0.07618213660245184,0.07388104563536486,0.07388104563536486,0.07388104563536486
411,624.0,0.04949698189134809,0.04949698189134809,0.04949698189134809,0.055900149387269275,0.055900149387269275,0.055900149387269275
412,676.0,0.09759211646135167,0.09759211646135167,0.09759211646135167,0.10881869023667051,0.10881869023667051,0.10881869023667051
413,728.0,0.21296441623939158,0.21296441623939158,0.21296441623939158,0.5795781475327033,0.5795781475327033,0.5795781475327033
414,780.0,0.36962882838496763,0.36962882838496763,0.36962882838496763,0.38270465726417163,0.38270465726417163,0.38270465726417163
415,832.0,0.41081842924747025,0.41081842924747025,0.41081842924747025,0.9979492748039053,0.9979492748039053,0.9979492748039053
416,884.0,0.0851525115902129,0.0851525115902129,0.0851525115902129,0.08316230400926261,0.08316230400926261,0.08316230400926261
417,936.0,0.14161459318380068,0.14161459318380068,0.14161459318380068,0.2181573076085465,0.2181573076085465,0.2181573076085465
418,988.0,0.2775453277545328,0.2775453277545328,0.2775453277545328,0.6747119662159666,0.6747119662159666,0.6747119662159666
419,1040.0,0.20393243998741875,0.20393243998741875,0.20393243998741875,0.24109551903356718,0.24109551903356718,0.24109551903356718
420,52.0,0.16347995851900302,0.16347995851900302,0.16347995851900302,0.1441007659825308,0.1441007659825308,0.1441007659825308
421,104.0,0.21642259574895048,0.21642259574895048,0.21642259574895048,0.293530648757425,0.293530648757425,0.293530648757425
422,156.0,0.70992713518221,0.70992713518221,0.70992713518221,2.90282709950592,2.90282709950592,2.90282709950592
423,208.0,1.7324745767709722,1.7324745767709722,1.7324745767709722,2.4481041533146204,2.4481041533146204,2.4481041533146204
424,260.0,0.17952659083922534,0.17952659083922534,0.17952659083922534,0.15344496494002222,0.15344496494002222,0.15344496494002222
425,312.0,0.9182586642775897,0.9182586642775897,0.9182586642775897,1.178412328665495,1.178412328665495,1.178412328665495
426,364.0,0.08849557522123894,0.08849557522123894,0.08849557522123894,0.08066410838750096,0.08066410838750096,0.08066410838750096
427,416.0,0.13290484062272867,0.13290484062272867,0.13290484062272867,0.15557823127411208,0.15557823127411208,0.15557823127411208
428,468.0,0.33503237425236393,0.33503237425236393,0.33503237425236393,0.4174953966736819,0.4174953966736819,0.4174953966736819
429,520.0,0.4983164983164983,0.4983164983164983,0.4983164983164983,1.2803001961251121,1.2803001961251121,1.2803001961251121
430,572.0,0.17751479289940827,0.17751479289940827,0.17751479289940827,0.1515259736470478,0.1515259736470478,0.1515259736470478
431,624.0,0.6527785549446538,0.6527785549446538,0.6527785549446538,0.6147005932416822,0.6147005932416822,0.6147005932416822
432,676.0,0.17966267416279638,0.17966267416279638,0.17966267416279638,0.16889463077251154,0.16889463077251154,0.16889463077251154
433,728.0,0.23464553578888192,0.23464553578888192,0.23464553578888192,0.20398545006476362,0.20398545006476362,0.20398545006476362
434,780.0,0.04292084726867335,0.04292084726867335,0.04292084726867335,0.043308302541979996,0.043308302541979996,0.043308302541979996
435,832.0,0.3246753246753247,0.3246753246753247,0.3246753246753247,0.34171023781413395,0.34171023781413395,0.34171023781413395
436,884.0,0.07890222984562607,0.07890222984562607,0.07890222984562607,0.07610719970343258,0.07610719970343258,0.07610719970343258
437,936.0,0.5591677601778956,0.5591677601778956,0.5591677601778956,0.5044830704202966,0.5044830704202966,0.5044830704202966
438,988.0,0.0595446584938704,0.0595446584938704,0.0595446584938704,0.05950171910894644,0.05950171910894644,0.05950171910894644
439,1040.0,0.12771005628603205,0.12771005628603205,0.12771005628603205,0.13998320869153366,0.13998320869153366,0.13998320869153366
440,52.0,0.8770819579892072,0.8770819579892072,0.8770819579892072,0.717624728183259,0.717624728183259,0.717624728183259
441,104.0,0.40466124769831063,0.40466124769831063,0.40466124769831063,0.5390821081602835,0.5390821081602835,0.5390821081602835
442,156.0,0.08949252474205095,0.08949252474205095,0.08949252474205095,0.08695844956509337,0.08695844956509337,0.08695844956509337
443,208.0,0.08110516934046345,0.08110516934046345,0.08110516934046345,0.07809218323531,0.07809218323531,0.07809218323531
444,260.0,0.3040866719933713,0.3040866719933713,0.3040866719933713,0.2691376968420227,0.2691376968420227,0.2691376968420227
445,312.0,0.26053066297742633,0.26053066297742633,0.26053066297742633,0.246212721442144,0.246212721442144,0.246212721442144
446,364.0,0.33404688634302854,0.33404688634302854,0.33404688634302854,0.37344663481402485,0.37344663481402485,0.37344663481402485
447,416.0,0.028791643193499115,0.028791643193499115,0.028791643193499115,0.027910411972670565,0.027910411972670565,0.027910411972670565
448,468.0,0.11389582937909759,0.11389582937909759,0.11389582937909759,0.12820144228850192,0.12820144228850192,0.12820144228850192
449,520.0,60.57049026507155,60.57049026507155,60.57049026507155,53.15941066745156,53.15941066745156,53.15941066745156
450,572.0,0.1777511397099024,0.1777511397099024,0.1777511397099024,0.23209870552501116,0.23209870552501116,0.23209870552501116
451,624.0,0.13459119496855346,0.13459119496855346,0.13459119496855346,0.12402357501681104,0.12402357501681104,0.12402357501681104
452,676.0,0.2119089838246599,0.2119089838246599,0.2119089838246599,0.2007336990464155,0.2007336990464155,0.2007336990464155
453,728.0,0.11774461028192372,0.11774461028192372,0.11774461028192372,0.15694881039798245,0.15694881039798245,0.15694881039798245
454,780.0,0.2718373365545134,0.2718373365545134,0.2718373365545134,0.32583202459383154,0.32583202459383154,0.32583202459383154
455,832.0,0.29022525395560334,0.29022525395560334,0.29022525395560334,0.6591399273026087,0.6591399273026087,0.6591399273026087
456,884.0,0.15209254848587955,0.15209254848587955,0.15209254848587955,0.13304342661681248,0.13304342661681248,0.13304342661681248
457,936.0,0.018132975151108125,0.018132975151108125,0.018132975151108125,0.017804170363277423,0.017804170363277423,0.017804170363277423
458,988.0,23.1041720196779,23.1041720196779,23.1041720196779,218.76070267865097,218.76070267865097,218.76070267865097
459,1040.0,0.23370786516853934,0.23370786516853934,0.23370786516853934,0.19257164499431892,0.19257164499431892,0.19257164499431892
460,52.0,0.3192493356082626,0.3192493356082626,0.3192493356082626,0.3503162879662997,0.3503162879662997,0.3503162879662997
461,104.0,0.1716867469879518,0.1716867469879518,0.1716867469879518,0.14823450428218898,0.14823450428218898,0.14823450428218898
462,156.0,0.27473054873650715,0.27473054873650715,0.27473054873650715,0.3266749458092864,0.3266749458092864,0.3266749458092864
463,208.0,0.4402559883695536,0.4402559883695536,0.4402559883695536,0.6002110040945379,0.6002110040945379,0.6002110040945379
464,260.0,0.10280319131468811,0.10280319131468811,0.10280319131468811,0.10807815363728966,0.10807815363728966,0.10807815363728966
465,312.0,0.04849340866290019,0.04849340866290019,0.04849340866290019,0.04802503715052791,0.04802503715052791,0.04802503715052791
466,364.0,0.2975188356005212,0.2975188356005212,0.2975188356005212,0.293463662499524,0.293463662499524,0.293463662499524
467,416.0,0.2044392626164353,0.2044392626164353,0.2044392626164353,0.20682609688197223,0.20682609688197223,0.20682609688197223
468,468.0,0.37255594651152785,0.37255594651152785,0.37255594651152785,0.37218239408189246,0.37218239408189246,0.37218239408189246
469,520.0,0.3975260566933217,0.3975260566933217,0.3975260566933217,0.7562813097922225,0.7562813097922225,0.7562813097922225
470,572.0,0.0804953560371517,0.0804953560371517,0.0804953560371517,0.08020780415800015,0.08020780415800015,0.08020780415800015
471,624.0,0.32870460135268587,0.32870460135268587,0.32870460135268587,0.3438745772599148,0.3438745772599148,0.3438745772599148
472,676.0,0.1410056062808227,0.1410056062808227,0.1410056062808227,0.13345361089738458,0.13345361089738458,0.13345361089738458
473,728.0,64.99476143443204,64.99476143443204,64.99476143443204,451.2871979205491,451.2871979205491,451.2871979205491
474,780.0,0.09841075794621026,0.09841075794621026,0.09841075794621026,0.11195346452974338,0.11195346452974338,0.11195346452974338
475,832.0,0.3532739029052507,0.3532739029052507,0.3532739029052507,0.3646809955234336,0.3646809955234336,0.3646809955234336
476,884.0,0.3064113238967527,0.3064113238967527,0.3064113238967527,0.30411376586677347,0.30411376586677347,0.30411376586677347
477,936.0,0.22440013805914277,0.22440013805914277,0.22440013805914277,0.22337645380889107,0.22337645380889107,0.22337645380889107
478,988.0,0.15015646188165094,0.15015646188165094,0.15015646188165094,0.17020570699389323,0.17020570699389323,0.17020570699389323
479,1040.0,0.004548900682335102,0.004548900682335102,0.004548900682335102,0.004528208184917354,0.004528208184917354,0.004528208184917354
480,52.0,0.259775951445398,0.259775951445398,0.259775951445398,0.32611736478091635,0.32611736478091635,0.32611736478091635
481,104.0,0.8129805151999846,0.8129805151999846,0.8129805151999846,1.099124925590757,1.099124925590757,1.099124925590757
482,156.0,0.7259964956579588,0.7259964956579588,0.7259964956579588,0.9724722673784466,0.9724722673784466,0.9724722673784466
483,208.0,0.16829045486053518,0.16829045486053518,0.16829045486053518,0.1549626175229626,0.1549626175229626,0.1549626175229626
484,260.0,0.17015468607825296,0.17015468607825296,0.17015468607825296,0.14484174131334548,0.14484174131334548,0.14484174131334548
485,312.0,0.033179012345679014,0.033179012345679014,0.033179012345679014,0.03207816548544429,0.03207816548544429,0.03207816548544429
486,364.0,0.1152572788245157,0.1152572788245157,0.1152572788245157,0.19138467330593942,0.19138467330593942,0.19138467330593942
487,416.0,0.4266500372680536,0.4266500372680536,0.4266500372680536,0.40915861100435735,0.40915861100435735,0.40915861100435735
488,468.0,0.22952071596860207,0.22952071596860207,0.22952071596860207,0.21400800487933253,0.21400800487933253,0.21400800487933253
489,520.0,0.20742207941010554,0.20742207941010554,0.20742207941010554,0.23099845219334436,0.23099845219334436,0.23099845219334436
490,572.0,0.1387575962187711,0.1387575962187711,0.1387575962187711,0.11950392571035959,0.11950392571035959,0.11950392571035959
491,624.0,0.09840425531914894,0.09840425531914894,0.09840425531914894,0.08872085785423268,0.08872085785423268,0.08872085785423268
492,676.0,0.03814713896457766,0.03814713896457766,0.03814713896457766,0.036691934753394856,0.036691934753394856,0.036691934753394856
493,728.0,0.002715751357875679,0.002715751357875679,0.002715751357875679,0.0027083760524378754,0.0027083760524378754,0.0027083760524378754
494,780.0,0.003409090909090909,0.003409090909090909,0.003409090909090909,0.003397469008264464,0.003397469008264464,0.003397469008264464
495,832.0,0.12,0.12,0.12,0.10765128205128205,0.10765128205128205,0.10765128205128205
496,884.0,0.2856120870112557,0.2856120870112557,0.2856120870112557,0.28332497234874665,0.28332497234874665,0.28332497234874665
497,936.0,0.05693717277486911,0.05693717277486911,0.05693717277486911,0.053695331131273824,0.053695331131273824,0.053695331131273824
498,988.0,0.1564748201438849,0.1564748201438849,0.1564748201438849,0.13199045080482377,0.13199045080482377,0.13199045080482377
499,1040.0,0.6175920481541433,0.6175920481541433,0.6175920481541433,0.7496222784166383,0.7496222784166383,0.7496222784166383
500,52.0,0.18758085381630013,0.18758085381630013,0.18758085381630013,0.2507125177188052,0.2507125177188052,0.2507125177188052
501,104.0,0.0034285714285714284,0.0034285714285714284,0.0034285714285714284,0.003416816326530611,0.003416816326530611,0.003416816326530611
502,156.0,0.8305769959770636,0.8305769959770636,0.8305769959770636,1.9256190340298047,1.9256190340298047,1.9256190340298047
503,208.0,21.829528609546397,21.829528609546397,21.829528609546397,19.79157395508129,19.79157395508129,19.79157395508129
504,260.0,0.22429577464788733,0.22429577464788733,0.22429577464788733,0.21553647589763933,0.21553647589763933,0.21553647589763933
505,312.0,0.18983264455454096,0.18983264455454096,0.18983264455454096,0.17276743945117998,0.17276743945117998,0.17276743945117998
506,364.0,0.1233320768289893,0.1233320768289893,0.1233320768289893,0.11302225551130361,0.11302225551130361,0.11302225551130361
507,416.0,0.2498972490813727,0.2498972490813727,0.2498972490813727,0.3442314852211002,0.3442314852211002,0.3442314852211002
508,468.0,0.04294871794871795,0.04294871794871795,0.04294871794871795,0.041531476002629845,0.041531476002629845,0.041531476002629845
509,520.0,0.49639299209893506,0.49639299209893506,0.49639299209893506,0.7721443237434005,0.7721443237434005,0.7721443237434005
510,572.0,0.1288056206088993,0.1288056206088993,0.1288056206088993,0.13095009570611368,0.13095009570611368,0.13095009570611368
511,624.0,0.1129014223722473,0.1129014223722473,0.1129014223722473,0.11563800627859068,0.11563800627859068,0.11563800627859068
512,676.0,0.9121256635526611,0.9121256635526611,0.9121256635526611,21.916150287743818,21.916150287743818,21.916150287743818
513,728.0,73.42079791690611,73.42079791690611,73.42079791690611,170.03806367230058,170.03806367230058,170.03806367230058
514,780.0,0.3790926236233357,0.3790926236233357,0.3790926236233357,0.4098291145088733,0.4098291145088733,0.4098291145088733
515,832.0,0.2936128404112243,0.2936128404112243,0.2936128404112243,1.4832916255595783,1.4832916255595783,1.4832916255595783
516,884.0,0.541279996405689,0.541279996405689,0.541279996405689,0.611852125710178,0.611852125710178,0.611852125710178
517,936.0,0.14675755882642103,0.14675755882642103,0.14675755882642103,0.13291582336345664,0.13291582336345664,0.13291582336345664
518,988.0,0.03903903903903904,0.03903903903903904,0.03903903903903904,0.037514992469947425,0.037514992469947425,0.037514992469947425
519,1040.0,0.13268608414239483,0.13268608414239483,0.13268608414239483,0.1851991495690242,0.1851991495690242,0.1851991495690242
520,52.0,0.19075074600154246,0.19075074600154246,0.19075074600154246,0.2033883209653603,0.2033883209653603,0.2033883209653603
521,104.0,0.13028413153020005,0.13028413153020005,0.13028413153020005,0.1402149116798347,0.1402149116798347,0.1402149116798347
522,156.0,0.0985797827903091,0.0985797827903091,0.0985797827903091,0.10222855942418003,0.10222855942418003,0.10222855942418003
523,208.0,0.07417534672392469,0.07417534672392469,0.07417534672392469,0.06981799490814804,0.06981799490814804,0.06981799490814804
524,260.0,0.2528914959815348,0.2528914959815348,0.2528914959815348,0.23362356523334343,0.23362356523334343,0.23362356523334343
525,312.0,0.09385265133740028,0.09385265133740028,0.09385265133740028,0.08692138420108866,0.08692138420108866,0.08692138420108866
526,364.0,0.1931015752308528,0.1931015752308528,0.1931015752308528,0.17971341119252138,0.17971341119252138,0.17971341119252138
527,416.0,0.21525178024908678,0.21525178024908678,0.21525178024908678,0.19780270961675303,0.19780270961675303,0.19780270961675303
528,468.0,0.5082872418025923,0.5082872418025923,0.5082872418025923,6.6785932769108,6.6785932769108,6.6785932769108
529,520.0,0.33802916516152237,0.33802916516152237,0.33802916516152237,1.9944508154757496,1.9944508154757496,1.9944508154757496
530,572.0,0.2450654601737281,0.2450654601737281,0.2450654601737281,0.2633407655968324,0.2633407655968324,0.2633407655968324
531,624.0,0.1431994824204902,0.1431994824204902,0.1431994824204902,0.14722292111138305,0.14722292111138305,0.14722292111138305
532,676.0,0.2941169866756665,0.2941169866756665,0.2941169866756665,0.3322031532683842,0.3322031532683842,0.3322031532683842
533,728.0,0.008985200845665961,0.008985200845665961,0.008985200845665961,0.008904467011429001,0.008904467011429001,0.008904467011429001
534,780.0,0.2,0.2,0.2,0.16000000000000003,0.16000000000000003,0.16000000000000003
535,832.0,0.08052753441617982,0.08052753441617982,0.08052753441617982,0.08846795816431469,0.08846795816431469,0.08846795816431469
536,884.0,0.43230117727194717,0.43230117727194717,0.43230117727194717,0.4761766483712897,0.4761766483712897,0.4761766483712897
537,936.0,0.5046324689870182,0.5046324689870182,0.5046324689870182,0.535275691944901,0.535275691944901,0.535275691944901
538,988.0,0.1859504132231405,0.1859504132231405,0.1859504132231405,0.15623430575699992,0.15623430575699992,0.15623430575699992
539,1040.0,0.18215037142485946,0.18215037142485946,0.18215037142485946,0.15327259790882178,0.15327259790882178,0.15327259790882178
540,52.0,0.2736618626769973,0.2736618626769973,0.2736618626769973,0.43042671076550354,0.43042671076550354,0.43042671076550354
541,104.0,0.0945945945945946,0.0945945945945946,0.0945945945945946,0.10186267348429512,0.10186267348429512,0.10186267348429512
542,156.0,0.4151053860423963,0.4151053860423963,0.4151053860423963,0.4348662690237104,0.4348662690237104,0.4348662690237104
543,208.0,0.14656113537117904,0.14656113537117904,0.14656113537117904,0.12617267202665852,0.12617267202665852,0.12617267202665852
544,260.0,0.24170616113744076,0.24170616113744076,0.24170616113744076,0.2717519073396075,0.2717519073396075,0.2717519073396075
545,312.0,0.40279311933056067,0.40279311933056067,0.40279311933056067,0.4927754554536647,0.4927754554536647,0.4927754554536647
546,364.0,0.2655261984663393,0.2655261984663393,0.2655261984663393,0.4200678637620335,0.4200678637620335,0.4200678637620335
547,416.0,0.20299265951439865,0.20299265951439865,0.20299265951439865,0.18437274924030134,0.18437274924030134,0.18437274924030134
548,468.0,0.4196747894294935,0.4196747894294935,0.4196747894294935,0.5471236823015395,0.5471236823015395,0.5471236823015395
549,520.0,0.08452575836305636,0.08452575836305636,0.08452575836305636,0.08440465007300231,0.08440465007300231,0.08440465007300231
550,572.0,0.5851476594153117,0.5851476594153117,0.5851476594153117,0.6225776548088047,0.6225776548088047,0.6225776548088047
551,624.0,0.27347242921013415,0.27347242921013415,0.27347242921013415,0.3238715487927577,0.3238715487927577,0.3238715487927577
552,676.0,0.014165666266506602,0.014165666266506602,0.014165666266506602,0.014925384319394027,0.014925384319394027,0.014925384319394027
553,728.0,0.12032085561497326,0.12032085561497326,0.12032085561497326,0.1272341216506048,0.1272341216506048,0.1272341216506048
554,780.0,0.26207337051979285,0.26207337051979285,0.26207337051979285,0.2666363914603305,0.2666363914603305,0.2666363914603305
555,832.0,0.08871805526698524,0.08871805526698524,0.08871805526698524,0.08084716193662939,0.08084716193662939,0.08084716193662939
556,884.0,0.07209724502533568,0.07209724502533568,0.07209724502533568,0.05028001113438738,0.05028001113438738,0.05028001113438738
557,936.0,0.3759409208997601,0.3759409208997601,0.3759409208997601,0.8412485994794561,0.8412485994794561,0.8412485994794561
558,988.0,0.011516314779270634,0.011516314779270634,0.011516314779270634,0.011383689273175386,0.011383689273175386,0.011383689273175386
559,1040.0,0.03311659477350379,0.03311659477350379,0.03311659477350379,0.028135320062156875,0.028135320062156875,0.028135320062156875
560,52.0,0.2748128968065535,0.2748128968065535,0.2748128968065535,0.33633945879099875,0.33633945879099875,0.33633945879099875
561,104.0,0.3751443358877378,0.3751443358877378,0.3751443358877378,0.6085479179658401,0.6085479179658401,0.6085479179658401
562,156.0,0.1308411214953271,0.1308411214953271,0.1308411214953271,0.11639194939046453,0.11639194939046453,0.11639194939046453
563,208.0,0.5475728928848181,0.5475728928848181,0.5475728928848181,0.5135748546970834,0.5135748546970834,0.5135748546970834
564,260.0,0.8991202798399535,0.8991202798399535,0.8991202798399535,5.506771850972065,5.506771850972065,5.506771850972065
565,312.0,0.313759434459644,0.313759434459644,0.313759434459644,0.3270388820541982,0.3270388820541982,0.3270388820541982
566,364.0,0.006396733218949417,0.006396733218949417,0.006396733218949417,0.004803035933899783,0.004803035933899783,0.004803035933899783
567,416.0,0.2608329827513673,0.2608329827513673,0.2608329827513673,0.3425677537627902,0.3425677537627902,0.3425677537627902
568,468.0,0.4236426161101488,0.4236426161101488,0.4236426161101488,0.41044236394285094,0.41044236394285094,0.41044236394285094
569,520.0,38.837653655529564,38.837653655529564,38.837653655529564,70.69390686737215,70.69390686737215,70.69390686737215
570,572.0,0.12321734169994296,0.12321734169994296,0.12321734169994296,0.13427555858118218,0.13427555858118218,0.13427555858118218
571,624.0,4.436214881870022,4.436214881870022,4.436214881870022,61.0990488838669,61.0990488838669,61.0990488838669
572,676.0,0.4062900794931089,0.4062900794931089,0.4062900794931089,0.3577676318837913,0.3577676318837913,0.3577676318837913
573,728.0,128.4428038829197,128.4428038829197,128.4428038829197,117.60196021115684,117.60196021115684,117.60196021115684
574,780.0,67.48158523739163,67.48158523739163,67.48158523739163,81.34716727831267,81.34716727831267,81.34716727831267
575,832.0,0.20969441517386722,0.20969441517386722,0.20969441517386722,0.21419474328809318,0.21419474328809318,0.21419474328809318
576,884.0,0.22045132379594193,0.22045132379594193,0.22045132379594193,0.2003880724738369,0.2003880724738369,0.2003880724738369
577,936.0,0.07196423823026896,0.07196423823026896,0.07196423823026896,0.08367482409793209,0.08367482409793209,0.08367482409793209
578,988.0,0.1468978102189781,0.1468978102189781,0.1468978102189781,0.1307932961265917,0.1307932961265917,0.1307932961265917
579,1040.0,0.01353637901861252,0.01353637901861252,0.01353637901861252,0.013353145461676987,0.013353145461676987,0.013353145461676987
580,52.0,0.09104865977127401,0.09104865977127401,0.09104865977127401,0.11800762979307329,0.11800762979307329,0.11800762979307329
581,104.0,0.1764603948779917,0.1764603948779917,0.1764603948779917,0.14472309561038224,0.14472309561038224,0.14472309561038224
582,156.0,0.5560635107569499,0.5560635107569499,0.5560635107569499,0.6597010828802796,0.6597010828802796,0.6597010828802796
583,208.0,0.055967614831436835,0.055967614831436835,0.055967614831436835,0.05465696496561421,0.05465696496561421,0.05465696496561421
584,260.0,0.26869391824526423,0.26869391824526423,0.26869391824526423,0.26080457530698037,0.26080457530698037,0.26080457530698037
585,312.0,0.13793103448275862,0.13793103448275862,0.13793103448275862,0.11890606420927469,0.11890606420927469,0.11890606420927469
586,364.0,0.9545538508537866,0.9545538508537866,0.9545538508537866,4.114498555242813,4.114498555242813,4.114498555242813
587,416.0,43.270866141732284,43.270866141732284,43.270866141732284,40.1848992497985,40.1848992497985,40.1848992497985
588,468.0,0.5461837216250849,0.5461837216250849,0.5461837216250849,0.6033002152822382,0.6033002152822382,0.6033002152822382
589,520.0,0.08316520959426138,0.08316520959426138,0.08316520959426138,0.08252537709942366,0.08252537709942366,0.08252537709942366
590,572.0,0.3795520354687002,0.3795520354687002,0.3795520354687002,0.4685551496043039,0.4685551496043039,0.4685551496043039
591,624.0,0.01848179914528218,0.01848179914528218,0.01848179914528218,0.01765941165061288,0.01765941165061288,0.01765941165061288
592,676.0,0.1923758327486123,0.1923758327486123,0.1923758327486123,0.18278381576564745,0.18278381576564745,0.18278381576564745
593,728.0,0.2395455852455777,0.2395455852455777,0.2395455852455777,0.24102879845500116,0.24102879845500116,0.24102879845500116
594,780.0,0.46578066827294134,0.46578066827294134,0.46578066827294134,1.857073394093588,1.857073394093588,1.857073394093588
595,832.0,0.31484626171292107,0.31484626171292107,0.31484626171292107,0.38731561693314914,0.38731561693314914,0.38731561693314914
596,884.0,91.33378498270577,91.33378498270577,91.33378498270577,80.4799744174941,80.4799744174941,80.4799744174941
597,936.0,0.040978189028420355,0.040978189028420355,0.040978189028420355,0.04855211651040181,0.04855211651040181,0.04855211651040181
598,988.0,0.45831473143527807,0.45831473143527807,0.45831473143527807,0.5249991461858946,0.5249991461858946,0.5249991461858946
599,1040.0,0.14534883720930233,0.14534883720930233,0.14534883720930233,0.2986411573823689,0.2986411573823689,0.2986411573823689
600,52.0,0.33178287061519834,0.33178287061519834,0.33178287061519834,0.3443960732928628,0.3443960732928628,0.3443960732928628
601,104.0,0.10592709325048982,0.10592709325048982,0.10592709325048982,0.1729774492540316,0.1729774492540316,0.1729774492540316
602,156.0,8.944365466102097,8.944365466102097,8.944365466102097,8.72498199915663,8.72498199915663,8.72498199915663
603,208.0,0.041217972521351655,0.041217972521351655,0.041217972521351655,0.04397504829191608,0.04397504829191608,0.04397504829191608
604,260.0,0.8781859185346889,0.8781859185346889,0.8781859185346889,12.120458737037435,12.120458737037435,12.120458737037435
605,312.0,0.13154472271576578,0.13154472271576578,0.13154472271576578,0.18586379303427014,0.18586379303427014,0.18586379303427014
606,364.0,0.009085402786190187,0.009085402786190187,0.009085402786190187,0.010214245280561566,0.010214245280561566,0.010214245280561566
607,416.0,0.2607464120412391,0.2607464120412391,0.2607464120412391,0.29305489252970435,0.29305489252970435,0.29305489252970435
608,468.0,0.16497283359297837,0.16497283359297837,0.16497283359297837,0.12899776750883804,0.12899776750883804,0.12899776750883804
609,520.0,0.19631410256410256,0.19631410256410256,0.19631410256410256,0.24271077313445102,0.24271077313445102,0.24271077313445102
610,572.0,0.16264890833478077,0.16264890833478077,0.16264890833478077,0.13864169440223267,0.13864169440223267,0.13864169440223267
611,624.0,0.4195276934675468,0.4195276934675468,0.4195276934675468,8.52343266176877,8.52343266176877,8.52343266176877
612,676.0,0.20400363933422355,0.20400363933422355,0.20400363933422355,0.2584444157812678,0.2584444157812678,0.2584444157812678
613,728.0,88.67368614322399,88.67368614322399,88.67368614322399,88.46532956848051,88.46532956848051,88.46532956848051
614,780.0,0.7547194475574778,0.7547194475574778,0.7547194475574778,0.9658233719173857,0.9658233719173857,0.9658233719173857
615,832.0,0.05718506013926989,0.05718506013926989,0.05718506013926989,0.05602507885677525,0.05602507885677525,0.05602507885677525
616,884.0,0.5815364517451992,0.5815364517451992,0.5815364517451992,0.654009786101435,0.654009786101435,0.654009786101435
617,936.0,0.09181886414811108,0.09181886414811108,0.09181886414811108,0.08438891089758399,0.08438891089758399,0.08438891089758399
618,988.0,0.16739853368946167,0.16739853368946167,0.16739853368946167,0.15857834364422696,0.15857834364422696,0.15857834364422696
619,1040.0,0.36280584544099226,0.36280584544099226,0.36280584544099226,0.41093808681757726,0.41093808681757726,0.41093808681757726
620,52.0,0.1488649890043266,0.1488649890043266,0.1488649890043266,0.27350622181906525,0.27350622181906525,0.27350622181906525
621,104.0,0.05425601039636127,0.05425601039636127,0.05425601039636127,0.053911386050619764,0.053911386050619764,0.053911386050619764
622,156.0,0.20931900942972137,0.20931900942972137,0.20931900942972137,0.23452637160862963,0.23452637160862963,0.23452637160862963
623,208.0,0.29789263861477994,0.29789263861477994,0.29789263861477994,0.4427001457789089,0.4427001457789089,0.4427001457789089
624,260.0,0.5720458370717754,0.5720458370717754,0.5720458370717754,0.7180844032065838,0.7180844032065838,0.7180844032065838
625,312.0,0.06434782608695652,0.06434782608695652,0.06434782608695652,0.06994631379962192,0.06994631379962192,0.06994631379962192
626,364.0,0.33279659698834885,0.33279659698834885,0.33279659698834885,0.4399540234842037,0.4399540234842037,0.4399540234842037
627,416.0,0.3564649888180873,0.3564649888180873,0.3564649888180873,0.3953658176943177,0.3953658176943177,0.3953658176943177
628,468.0,0.36699497403746,0.36699497403746,0.36699497403746,0.3417615829123956,0.3417615829123956,0.3417615829123956
629,520.0,0.16017378616065833,0.16017378616065833,0.16017378616065833,0.15792754201286477,0.15792754201286477,0.15792754201286477
630,572.0,0.10640394088669951,0.10640394088669951,0.10640394088669951,0.09508214225047928,0.09508214225047928,0.09508214225047928
631,624.0,0.2627534860932082,0.2627534860932082,0.2627534860932082,0.301554585518916,0.301554585518916,0.301554585518916
632,676.0,0.051131081499845056,0.051131081499845056,0.051131081499845056,0.05037600605904109,0.05037600605904109,0.05037600605904109
633,728.0,0.22578073233117266,0.22578073233117266,0.22578073233117266,0.3076013594419824,0.3076013594419824,0.3076013594419824
634,780.0,0.2723331311293064,0.2723331311293064,0.2723331311293064,0.2547146997761195,0.2547146997761195,0.2547146997761195
635,832.0,0.1950597390565902,0.1950597390565902,0.1950597390565902,0.22838713950668516,0.22838713950668516,0.22838713950668516
636,884.0,0.053677367371158004,0.053677367371158004,0.053677367371158004,0.04978681508004551,0.04978681508004551,0.04978681508004551
637,936.0,0.1275608200094357,0.1275608200094357,0.1275608200094357,0.14726540790443965,0.14726540790443965,0.14726540790443965
638,988.0,0.09517273125444986,0.09517273125444986,0.09517273125444986,0.10542765613581535,0.10542765613581535,0.10542765613581535
639,1040.0,0.230284647690154,0.230284647690154,0.230284647690154,0.20058540660985022,0.20058540660985022,0.20058540660985022
640,52.0,0.3571067319163847,0.3571067319163847,0.3571067319163847,0.4274741649803271,0.4274741649803271,0.4274741649803271
641,104.0,0.06612174726619716,0.06612174726619716,0.06612174726619716,0.09890352707691674,0.09890352707691674,0.09890352707691674
642,156.0,0.5579560245775302,0.5579560245775302,0.5579560245775302,1.0126696126850605,1.0126696126850605,1.0126696126850605
643,208.0,0.24746551139358297,0.24746551139358297,0.24746551139358297,0.3024515169201185,0.3024515169201185,0.3024515169201185
644,260.0,0.030080069249080285,0.030080069249080285,0.030080069249080285,0.029608065434836142,0.029608065434836142,0.029608065434836142
645,312.0,0.37544720920671143,0.37544720920671143,0.37544720920671143,0.3289334046804092,0.3289334046804092,0.3289334046804092
646,364.0,0.2514763470175517,0.2514763470175517,0.2514763470175517,0.26613865884047644,0.26613865884047644,0.26613865884047644
647,416.0,0.11877586134448274,0.11877586134448274,0.11877586134448274,0.13224070668433313,0.13224070668433313,0.13224070668433313
648,468.0,0.14837554361729344,0.14837554361729344,0.14837554361729344,0.12840680089587359,0.12840680089587359,0.12840680089587359
649,520.0,0.09799382716049383,0.09799382716049383,0.09799382716049383,0.09533548144337753,0.09533548144337753,0.09533548144337753
650,572.0,54.6934249912962,54.6934249912962,54.6934249912962,277.38961550485806,277.38961550485806,277.38961550485806
651,624.0,0.34622823984526113,0.34622823984526113,0.34622823984526113,0.4120408995506735,0.4120408995506735,0.4120408995506735
652,676.0,0.08286668737855885,0.08286668737855885,0.08286668737855885,0.08813025389751276,0.08813025389751276,0.08813025389751276
653,728.0,0.07468464166695118,0.07468464166695118,0.07468464166695118,0.07551881685126323,0.07551881685126323,0.07551881685126323
654,780.0,0.2484816646320363,0.2484816646320363,0.2484816646320363,0.23478608140408294,0.23478608140408294,0.23478608140408294
655,832.0,0.03994996468357886,0.03994996468357886,0.03994996468357886,0.041601120882708224,0.041601120882708224,0.041601120882708224
656,884.0,0.14359841020036485,0.14359841020036485,0.14359841020036485,0.1441351641560782,0.1441351641560782,0.1441351641560782
657,936.0,0.1505917422461714,0.1505917422461714,0.1505917422461714,0.170739817031813,0.170739817031813,0.170739817031813
658,988.0,0.501009874073068,0.501009874073068,0.501009874073068,0.6016332551397197,0.6016332551397197,0.6016332551397197
659,1040.0,0.1484079870480302,0.1484079870480302,0.1484079870480302,0.30986929496049204,0.30986929496049204,0.30986929496049204
660,52.0,0.2092544843568228,0.2092544843568228,0.2092544843568228,0.24806367187315925,0.24806367187315925,0.24806367187315925
661,104.0,0.15084658799384298,0.15084658799384298,0.15084658799384298,0.15169374198553623,0.15169374198553623,0.15169374198553623
662,156.0,0.28236074568145,0.28236074568145,0.28236074568145,0.5940650739776308,0.5940650739776308,0.5940650739776308
663,208.0,0.668496909060942,0.668496909060942,0.668496909060942,1.1999996502044985,1.1999996502044985,1.1999996502044985
664,260.0,0.1680479750935847,0.1680479750935847,0.1680479750935847,0.7856074677451207,0.7856074677451207,0.7856074677451207
665,312.0,3.0565792897672672,3.0565792897672672,3.0565792897672672,8.068387264995453,8.068387264995453,8.068387264995453
666,364.0,0.1255318466927165,0.1255318466927165,0.1255318466927165,0.1292670418317166,0.1292670418317166,0.1292670418317166
667,416.0,0.2144109774009947,0.2144109774009947,0.2144109774009947,0.225253804997923,0.225253804997923,0.225253804997923
668,468.0,0.6302974496866284,0.6302974496866284,0.6302974496866284,0.6423852244749115,0.6423852244749115,0.6423852244749115
669,520.0,0.13156324308595438,0.13156324308595438,0.13156324308595438,0.17004360805477123,0.17004360805477123,0.17004360805477123
670,572.0,0.06025369978858351,0.06025369978858351,0.06025369978858351,0.05662319145037076,0.05662319145037076,0.05662319145037076
671,624.0,0.22609472743521,0.22609472743521,0.22609472743521,0.332259190311789,0.332259190311789,0.332259190311789
672,676.0,0.3504557312897852,0.3504557312897852,0.3504557312897852,0.27641360249382513,0.27641360249382513,0.27641360249382513
673,728.0,0.2799338302752982,0.2799338302752982,0.2799338302752982,0.2988099645579586,0.2988099645579586,0.2988099645579586
674,780.0,0.0812720848056537,0.0812720848056537,0.0812720848056537,0.07466693303699634,0.07466693303699634,0.07466693303699634
675,832.0,0.26518066848184413,0.26518066848184413,0.26518066848184413,0.28710195668230654,0.28710195668230654,0.28710195668230654
676,884.0,0.01167981586072807,0.01167981586072807,0.01167981586072807,0.01089551140839904,0.01089551140839904,0.01089551140839904
677,936.0,0.322354547213853,0.322354547213853,0.322354547213853,0.4645020870329254,0.4645020870329254,0.4645020870329254
678,988.0,0.0835700638540244,0.0835700638540244,0.0835700638540244,0.10226896374271097,0.10226896374271097,0.10226896374271097
679,1040.0,0.08153241650294696,0.08153241650294696,0.08153241650294696,0.07488488156213693,0.07488488156213693,0.07488488156213693
680,52.0,0.14780941509568796,0.14780941509568796,0.14780941509568796,0.15500623695248708,0.15500623695248708,0.15500623695248708
681,104.0,0.007974481658692184,0.007974481658692184,0.007974481658692184,0.007910889300967366,0.007910889300967366,0.007910889300967366
682,156.0,0.5180804144636405,0.5180804144636405,0.5180804144636405,0.5094229023008189,0.5094229023008189,0.5094229023008189
683,208.0,0.6578104251278393,0.6578104251278393,0.6578104251278393,1.011248475432195,1.011248475432195,1.011248475432195
684,260.0,0.07333747669359851,0.07333747669359851,0.07333747669359851,0.09779128511507483,0.09779128511507483,0.09779128511507483
685,312.0,0.4820122181728781,0.4820122181728781,0.4820122181728781,0.4120927942273267,0.4120927942273267,0.4120927942273267
686,364.0,0.24283455316611352,0.24283455316611352,0.24283455316611352,0.3294078093015724,0.3294078093015724,0.3294078093015724
687,416.0,24.107808052141692,24.107808052141692,24.107808052141692,25.771758233444643,25.771758233444643,25.771758233444643
688,468.0,0.024390243902439025,0.024390243902439025,0.024390243902439025,0.035990481856038065,0.035990481856038065,0.035990481856038065
689,520.0,0.21318351414829326,0.21318351414829326,0.21318351414829326,0.2684408191718848,0.2684408191718848,0.2684408191718848
690,572.0,0.1706135629709365,0.1706135629709365,0.1706135629709365,0.16195667413251513,0.16195667413251513,0.16195667413251513
691,624.0,0.25850780783155997,0.25850780783155997,0.25850780783155997,0.2628583009777383,0.2628583009777383,0.2628583009777383
692,676.0,0.34350409465469084,0.34350409465469084,0.34350409465469084,0.43049780887072275,0.43049780887072275,0.43049780887072275
693,728.0,0.07443629702330548,0.07443629702330548,0.07443629702330548,0.0894815286212571,0.0894815286212571,0.0894815286212571
694,780.0,0.177218161460075,0.177218161460075,0.177218161460075,0.24349353904263424,0.24349353904263424,0.24349353904263424
695,832.0,0.7539415940196317,0.7539415940196317,0.7539415940196317,0.9171152323907733,0.9171152323907733,0.9171152323907733
696,884.0,0.5106923333214551,0.5106923333214551,0.5106923333214551,0.5578863945908569,0.5578863945908569,0.5578863945908569
697,936.0,0.27093152343646154,0.27093152343646154,0.27093152343646154,0.2849081668633493,0.2849081668633493,0.2849081668633493
698,988.0,0.3376029277218664,0.3376029277218664,0.3376029277218664,0.49139175328206575,0.49139175328206575,0.49139175328206575
699,1040.0,0.09282896263634254,0.09282896263634254,0.09282896263634254,0.13201866208991947,0.13201866208991947,0.13201866208991947
700,52.0,0.12326882779595996,0.12326882779595996,0.12326882779595996,0.12379882373724192,0.12379882373724192,0.12379882373724192
701,104.0,0.20716318773202644,0.20716318773202644,0.20716318773202644,0.19682086973961882,0.19682086973961882,0.19682086973961882
702,156.0,0.20256423764217382,0.20256423764217382,0.20256423764217382,0.21691030169142098,0.21691030169142098,0.21691030169142098
703,208.0,0.09825865988903494,0.09825865988903494,0.09825865988903494,0.09961588895740954,0.09961588895740954,0.09961588895740954
704,260.0,0.0014641288433382138,0.0014641288433382138,0.0014641288433382138,0.0014619851700683186,0.0014619851700683186,0.0014619851700683186
705,312.0,0.16639004149377593,0.16639004149377593,0.16639004149377593,0.16194091010829703,0.16194091010829703,0.16194091010829703
706,364.0,0.07487587975426345,0.07487587975426345,0.07487587975426345,0.07652448949939447,0.07652448949939447,0.07652448949939447
707,416.0,0.1893939393939394,0.1893939393939394,0.1893939393939394,0.16867539026629932,0.16867539026629932,0.16867539026629932
708,468.0,0.19350981883891358,0.19350981883891358,0.19350981883891358,0.17861731982667803,0.17861731982667803,0.17861731982667803
709,520.0,0.20861671114419506,0.20861671114419506,0.20861671114419506,0.293043255838886,0.293043255838886,0.293043255838886
710,572.0,0.38509129754694227,0.38509129754694227,0.38509129754694227,0.8218905940172231,0.8218905940172231,0.8218905940172231
711,624.0,0.2581462864318573,0.2581462864318573,0.2581462864318573,0.31538558413930073,0.31538558413930073,0.31538558413930073
712,676.0,0.3401111503014114,0.3401111503014114,0.3401111503014114,0.3488259688014738,0.3488259688014738,0.3488259688014738
713,728.0,0.340171613213792,0.340171613213792,0.340171613213792,0.34962004536301305,0.34962004536301305,0.34962004536301305
714,780.0,0.14049066890333403,0.14049066890333403,0.14049066890333403,0.1824011851194729,0.1824011851194729,0.1824011851194729
715,832.0,0.06604758843731476,0.06604758843731476,0.06604758843731476,0.07176321185606548,0.07176321185606548,0.07176321185606548
716,884.0,0.1762997012948272,0.1762997012948272,0.1762997012948272,0.15588157989930304,0.15588157989930304,0.15588157989930304
717,936.0,0.07112970711297072,0.07112970711297072,0.07112970711297072,0.06816232208819875,0.06816232208819875,0.06816232208819875
718,988.0,0.12238493723849372,0.12238493723849372,0.12238493723849372,0.18481272211620944,0.18481272211620944,0.18481272211620944
719,1040.0,0.028934010152284265,0.028934010152284265,0.028934010152284265,0.028096833208791777,0.028096833208791777,0.028096833208791777
720,52.0,0.2659974905897114,0.2659974905897114,0.2659974905897114,0.22786515934125623,0.22786515934125623,0.22786515934125623
721,104.0,0.1482481232167804,0.1482481232167804,0.1482481232167804,0.11169958406859724,0.11169958406859724,0.11169958406859724
722,156.0,0.2744939836553108,0.2744939836553108,0.2744939836553108,0.9864153932421259,0.9864153932421259,0.9864153932421259
723,208.0,0.05227474744576935,0.05227474744576935,0.05227474744576935,0.07537606730436179,0.07537606730436179,0.07537606730436179
724,260.0,0.014573991031390135,0.014573991031390135,0.014573991031390135,0.015482666049990946,0.015482666049990946,0.015482666049990946
725,312.0,0.20444235994570814,0.20444235994570814,0.20444235994570814,0.2159554062997442,0.2159554062997442,0.2159554062997442
726,364.0,0.04976442873969376,0.04976442873969376,0.04976442873969376,0.0472879303719057,0.0472879303719057,0.0472879303719057
727,416.0,0.46907974934909585,0.46907974934909585,0.46907974934909585,0.46306373537250867,0.46306373537250867,0.46306373537250867
728,468.0,0.14026053798668114,0.14026053798668114,0.14026053798668114,0.12338901028973845,0.12338901028973845,0.12338901028973845
729,520.0,0.24408468244084683,0.24408468244084683,0.24408468244084683,0.29409639133448817,0.29409639133448817,0.29409639133448817
730,572.0,0.3812769528541579,0.3812769528541579,0.3812769528541579,0.4444261299803983,0.4444261299803983,0.4444261299803983
731,624.0,113.783636304196,113.783636304196,113.783636304196,104.28280639898821,104.28280639898821,104.28280639898821
732,676.0,0.29010248775500236,0.29010248775500236,0.29010248775500236,0.4152472262100696,0.4152472262100696,0.4152472262100696
733,728.0,0.10232222234874169,0.10232222234874169,0.10232222234874169,0.09862946061988424,0.09862946061988424,0.09862946061988424
734,780.0,0.2066260102735704,0.2066260102735704,0.2066260102735704,0.21987746610753472,0.21987746610753472,0.21987746610753472
735,832.0,0.1478978978978979,0.1478978978978979,0.1478978978978979,0.16055864422981542,0.16055864422981542,0.16055864422981542
736,884.0,0.5038231006370173,0.5038231006370173,0.5038231006370173,0.5011952482522107,0.5011952482522107,0.5011952482522107
737,936.0,0.3433628318584071,0.3433628318584071,0.3433628318584071,0.3292996058161694,0.3292996058161694,0.3292996058161694
738,988.0,0.21451067784676894,0.21451067784676894,0.21451067784676894,0.25788985068750914,0.25788985068750914,0.25788985068750914
739,1040.0,0.38236291899453656,0.38236291899453656,0.38236291899453656,0.6422832344680723,0.6422832344680723,0.6422832344680723
740,52.0,0.8854181239128738,0.8854181239128738,0.8854181239128738,1.9641494175662781,1.9641494175662781,1.9641494175662781
741,104.0,0.18016928657799275,0.18016928657799275,0.18016928657799275,0.2105861865778465,0.2105861865778465,0.2105861865778465
742,156.0,0.3437896145087926,0.3437896145087926,0.3437896145087926,0.3367957579858235,0.3367957579858235,0.3367957579858235
743,208.0,0.16760516727393177,0.16760516727393177,0.16760516727393177,0.15872533466690641,0.15872533466690641,0.15872533466690641
744,260.0,0.17243738853870982,0.17243738853870982,0.17243738853870982,0.14321180626675156,0.14321180626675156,0.14321180626675156
745,312.0,38.473927118797,38.473927118797,38.473927118797,47.98173703869731,47.98173703869731,47.98173703869731
746,364.0,0.27267636164218695,0.27267636164218695,0.27267636164218695,0.3050460050150527,0.3050460050150527,0.3050460050150527
747,416.0,0.3736956335484809,0.3736956335484809,0.3736956335484809,0.4197005420717893,0.4197005420717893,0.4197005420717893
748,468.0,0.19686204854943753,0.19686204854943753,0.19686204854943753,0.1581073823903564,0.1581073823903564,0.1581073823903564
749,520.0,0.12271984045255765,0.12271984045255765,0.12271984045255765,0.20385944826231706,0.20385944826231706,0.20385944826231706
750,572.0,0.09967320261437909,0.09967320261437909,0.09967320261437909,0.09300642915118115,0.09300642915118115,0.09300642915118115
751,624.0,0.0948509485094851,0.0948509485094851,0.0948509485094851,0.11295451707904616,0.11295451707904616,0.11295451707904616
752,676.0,0.005722460658082976,0.005722460658082976,0.005722460658082976,0.0056897141020996675,0.0056897141020996675,0.0056897141020996675
753,728.0,0.07503075030750307,0.07503075030750307,0.07503075030750307,0.0708771515759438,0.0708771515759438,0.0708771515759438
754,780.0,45.287267018691644,45.287267018691644,45.287267018691644,67.94653878596404,67.94653878596404,67.94653878596404
755,832.0,0.18974358974358974,0.18974358974358974,0.18974358974358974,0.21527942143326756,0.21527942143326756,0.21527942143326756
756,884.0,0.4915307617130268,0.4915307617130268,0.4915307617130268,0.6568875817037182,0.6568875817037182,0.6568875817037182
757,936.0,0.12120165518170446,0.12120165518170446,0.12120165518170446,0.11482317448596614,0.11482317448596614,0.11482317448596614
758,988.0,0.22863233759474724,0.22863233759474724,0.22863233759474724,0.3008646072636657,0.3008646072636657,0.3008646072636657
759,1040.0,0.05070656691604322,0.05070656691604322,0.05070656691604322,0.054785452550391814,0.054785452550391814,0.054785452550391814
760,52.0,0.10615273294013776,0.10615273294013776,0.10615273294013776,0.10894038774757661,0.10894038774757661,0.10894038774757661
761,104.0,0.25709779179810727,0.25709779179810727,0.25709779179810727,0.22569883270805763,0.22569883270805763,0.22569883270805763
762,156.0,0.3018168451912197,0.3018168451912197,0.3018168451912197,0.31094145672932105,0.31094145672932105,0.31094145672932105
763,208.0,0.039603960396039604,0.039603960396039604,0.039603960396039604,0.038035486716988545,0.038035486716988545,0.038035486716988545
764,260.0,0.27206061252914265,0.27206061252914265,0.27206061252914265,0.5706341760948401,0.5706341760948401,0.5706341760948401
765,312.0,0.5329010288396485,0.5329010288396485,0.5329010288396485,0.5227916270863502,0.5227916270863502,0.5227916270863502
766,364.0,0.09778597785977859,0.09778597785977859,0.09778597785977859,0.08822388039378548,0.08822388039378548,0.08822388039378548
767,416.0,0.14804540401189337,0.14804540401189337,0.14804540401189337,0.14018524319305187,0.14018524319305187,0.14018524319305187
768,468.0,0.16582491582491582,0.16582491582491582,0.16582491582491582,0.13832701311657536,0.13832701311657536,0.13832701311657536
769,520.0,0.09252217997465145,0.09252217997465145,0.09252217997465145,0.11564750426090045,0.11564750426090045,0.11564750426090045
770,572.0,0.2883214928028642,0.2883214928028642,0.2883214928028642,0.29263882535342883,0.29263882535342883,0.29263882535342883
771,624.0,0.37664648896290376,0.37664648896290376,0.37664648896290376,0.3723427708793751,0.3723427708793751,0.3723427708793751
772,676.0,121.62690613351407,121.62690613351407,121.62690613351407,100.15392194273093,100.15392194273093,100.15392194273093
773,728.0,0.29937099227428166,0.29937099227428166,0.29937099227428166,0.41991024550619876,0.41991024550619876,0.41991024550619876
774,780.0,0.0004224757076468103,0.0004224757076468103,0.0004224757076468103,0.0004222972219232586,0.0004222972219232586,0.0004222972219232586
775,832.0,0.035083291267036854,0.035083291267036854,0.035083291267036854,0.03486204505650728,0.03486204505650728,0.03486204505650728
776,884.0,1.4444220346037298,1.4444220346037298,1.4444220346037298,11.521549000668317,11.521549000668317,11.521549000668317
777,936.0,168.30277092786113,168.30277092786113,168.30277092786113,171.9230136021589,171.9230136021589,171.9230136021589
778,988.0,0.19980818414322252,0.19980818414322252,0.19980818414322252,0.15988487369261056,0.15988487369261056,0.15988487369261056
779,1040.0,0.25029585798816567,0.25029585798816567,0.25029585798816567,0.25273659885858335,0.25273659885858335,0.25273659885858335
780,52.0,0.09414066274220574,0.09414066274220574,0.09414066274220574,0.10746596414301732,0.10746596414301732,0.10746596414301732
781,104.0,0.22742474916387959,0.22742474916387959,0.22742474916387959,0.2124920302904889,0.2124920302904889,0.2124920302904889
782,156.0,27.76693793444545,27.76693793444545,27.76693793444545,28.080490009484578,28.080490009484578,28.080490009484578
783,208.0,19.865764447695685,19.865764447695685,19.865764447695685,18.51709420347634,18.51709420347634,18.51709420347634
784,260.0,0.2830943744340546,0.2830943744340546,0.2830943744340546,0.32266638395575525,0.32266638395575525,0.32266638395575525
785,312.0,0.28386067193479697,0.28386067193479697,0.28386067193479697,0.41456126219891376,0.41456126219891376,0.41456126219891376
786,364.0,0.12418032786885246,0.12418032786885246,0.12418032786885246,0.16449727895726957,0.16449727895726957,0.16449727895726957
787,416.0,0.4107713381828507,0.4107713381828507,0.4107713381828507,0.38905770051774646,0.38905770051774646,0.38905770051774646
788,468.0,0.06703146374829001,0.06703146374829001,0.06703146374829001,0.07621813717692721,0.07621813717692721,0.07621813717692721
789,520.0,0.0027861620617599257,0.0027861620617599257,0.0027861620617599257,0.0027783993627255345,0.0027783993627255345,0.0027783993627255345
790,572.0,0.1763053996110939,0.1763053996110939,0.1763053996110939,0.2120499407116307,0.2120499407116307,0.2120499407116307
791,624.0,0.28470358598168843,0.28470358598168843,0.28470358598168843,0.25073492806391356,0.25073492806391356,0.25073492806391356
792,676.0,0.502671726264541,0.502671726264541,0.502671726264541,0.33412772604123425,0.33412772604123425,0.33412772604123425
793,728.0,0.19661166184542994,0.19661166184542994,0.19661166184542994,0.2111492390846321,0.2111492390846321,0.2111492390846321
794,780.0,0.49184010278503376,0.49184010278503376,0.49184010278503376,0.6712323451474459,0.6712323451474459,0.6712323451474459
795,832.0,0.42816104874933913,0.42816104874933913,0.42816104874933913,0.488471078852058,0.488471078852058,0.488471078852058
796,884.0,0.4906462158043656,0.4906462158043656,0.4906462158043656,0.5935914549904258,0.5935914549904258,0.5935914549904258
797,936.0,0.2782258064516129,0.2782258064516129,0.2782258064516129,0.2330742715920916,0.2330742715920916,0.2330742715920916
798,988.0,63.23198388876097,63.23198388876097,63.23198388876097,77.8918125227013,77.8918125227013,77.8918125227013
799,1040.0,0.17557651991614256,0.17557651991614256,0.17557651991614256,0.15732802192248024,0.15732802192248024,0.15732802192248024
800,52.0,8.302731008377904,8.302731008377904,8.302731008377904,7.737934796102326,7.737934796102326,7.737934796102326
801,104.0,0.47251461988304094,0.47251461988304094,0.47251461988304094,0.5135720392599432,0.5135720392599432,0.5135720392599432
802,156.0,0.33164961112948577,0.33164961112948577,0.33164961112948577,0.40447456958028083,0.40447456958028083,0.40447456958028083
803,208.0,0.12026577496310363,0.12026577496310363,0.12026577496310363,0.09919538179055509,0.09919538179055509,0.09919538179055509
804,260.0,0.14598765432098765,0.14598765432098765,0.14598765432098765,0.16171229614388047,0.16171229614388047,0.16171229614388047
805,312.0,0.20853365384615385,0.20853365384615385,0.20853365384615385,0.19429416393152119,0.19429416393152119,0.19429416393152119
806,364.0,0.38493150684931504,0.38493150684931504,0.38493150684931504,0.3655263651717019,0.3655263651717019,0.3655263651717019
807,416.0,0.011834319526627219,0.011834319526627219,0.011834319526627219,0.014652848289625712,0.014652848289625712,0.014652848289625712
808,468.0,0.19248178082780104,0.19248178082780104,0.19248178082780104,0.40229190379610147,0.40229190379610147,0.40229190379610147
809,520.0,0.5302717774459216,0.5302717774459216,0.5302717774459216,0.4909693524446057,0.4909693524446057,0.4909693524446057
810,572.0,0.17385684013518768,0.17385684013518768,0.17385684013518768,0.1775651052500573,0.1775651052500573,0.1775651052500573
811,624.0,0.04826732673267327,0.04826732673267327,0.04826732673267327,0.051713169460510404,0.051713169460510404,0.051713169460510404
812,676.0,0.036036036036036036,0.036036036036036036,0.036036036036036036,0.03473744014284555,0.03473744014284555,0.03473744014284555
813,728.0,0.5754364660957857,0.5754364660957857,0.5754364660957857,0.5805707155912627,0.5805707155912627,0.5805707155912627
814,780.0,0.10338117246412065,0.10338117246412065,0.10338117246412065,0.09318000527918965,0.09318000527918965,0.09318000527918965
815,832.0,0.4497346058934677,0.4497346058934677,0.4497346058934677,0.46975610514891836,0.46975610514891836,0.46975610514891836
816,884.0,0.5131752985246413,0.5131752985246413,0.5131752985246413,0.4792655580036101,0.4792655580036101,0.4792655580036101
817,936.0,0.017698526759773674,0.017698526759773674,0.017698526759773674,0.017111583242703957,0.017111583242703957,0.017111583242703957
818,988.0,0.6667023752432444,0.6667023752432444,0.6667023752432444,1.4188692430752607,1.4188692430752607,1.4188692430752607
819,1040.0,0.36699942878445285,0.36699942878445285,0.36699942878445285,0.4454602660485798,0.4454602660485798,0.4454602660485798
820,52.0,0.14722331745363137,0.14722331745363137,0.14722331745363137,0.1760249180178365,0.1760249180178365,0.1760249180178365
821,104.0,0.6241073418470431,0.6241073418470431,0.6241073418470431,0.7140078966322918,0.7140078966322918,0.7140078966322918
822,156.0,25.207950936053194,25.207950936053194,25.207950936053194,23.118808671786205,23.118808671786205,23.118808671786205
823,208.0,0.188188582976936,0.188188582976936,0.188188582976936,0.18641782174386484,0.18641782174386484,0.18641782174386484
824,260.0,0.20559311616472034,0.20559311616472034,0.20559311616472034,0.22601665804726556,0.22601665804726556,0.22601665804726556
825,312.0,0.18082095053218347,0.18082095053218347,0.18082095053218347,0.18825203313272457,0.18825203313272457,0.18825203313272457
826,364.0,0.08871914764392144,0.08871914764392144,0.08871914764392144,0.09563269235344414,0.09563269235344414,0.09563269235344414
827,416.0,41.21002436611774,41.21002436611774,41.21002436611774,39.669522861935064,39.669522861935064,39.669522861935064
828,468.0,0.31432830970595754,0.31432830970595754,0.31432830970595754,0.23955517409386673,0.23955517409386673,0.23955517409386673
829,520.0,0.4955756424594973,0.4955756424594973,0.4955756424594973,0.5609873913292246,0.5609873913292246,0.5609873913292246
830,572.0,0.05851495863926549,0.05851495863926549,0.05851495863926549,0.05720632529817424,0.05720632529817424,0.05720632529817424
831,624.0,0.6958581842846243,0.6958581842846243,0.6958581842846243,0.6602424333867812,0.6602424333867812,0.6602424333867812
832,676.0,0.05051778262721624,0.05051778262721624,0.05051778262721624,0.050764806111264014,0.050764806111264014,0.050764806111264014
833,728.0,0.2191780821917808,0.2191780821917808,0.2191780821917808,0.1985363107524864,0.1985363107524864,0.1985363107524864
834,780.0,0.11615024274244888,0.11615024274244888,0.11615024274244888,0.11184516572260587,0.11184516572260587,0.11184516572260587
835,832.0,0.25128883071754554,0.25128883071754554,0.25128883071754554,0.3354745910780353,0.3354745910780353,0.3354745910780353
836,884.0,0.10580080262677855,0.10580080262677855,0.10580080262677855,0.10190359986801689,0.10190359986801689,0.10190359986801689
837,936.0,0.12251729524659674,0.12251729524659674,0.12251729524659674,0.12848426800036114,0.12848426800036114,0.12848426800036114
838,988.0,2.2361162392024148,2.2361162392024148,2.2361162392024148,2.0000525877386113,2.0000525877386113,2.0000525877386113
839,1040.0,0.22038450949784638,0.22038450949784638,0.22038450949784638,0.23218972859188003,0.23218972859188003,0.23218972859188003
840,52.0,0.19643290581223513,0.19643290581223513,0.19643290581223513,0.26430891498529524,0.26430891498529524,0.26430891498529524
841,104.0,0.11491250979367981,0.11491250979367981,0.11491250979367981,0.10170762488659725,0.10170762488659725,0.10170762488659725
842,156.0,0.3531047146571435,0.3531047146571435,0.3531047146571435,0.3429920232910091,0.3429920232910091,0.3429920232910091
843,208.0,0.17449271310098027,0.17449271310098027,0.17449271310098027,0.1496779156553836,0.1496779156553836,0.1496779156553836
844,260.0,1.0364459641078427,1.0364459641078427,1.0364459641078427,1.2227406841224473,1.2227406841224473,1.2227406841224473
845,312.0,0.006521739130434782,0.006521739130434782,0.006521739130434782,0.006479206049149338,0.006479206049149338,0.006479206049149338
846,364.0,1.572251162355052,1.572251162355052,1.572251162355052,21.63945031777768,21.63945031777768,21.63945031777768
847,416.0,0.07948476280238768,0.07948476280238768,0.07948476280238768,0.08384868206440337,0.08384868206440337,0.08384868206440337
848,468.0,0.07692307692307693,0.07692307692307693,0.07692307692307693,0.07100591715976333,0.07100591715976333,0.07100591715976333
849,520.0,0.07866492161149488,0.07866492161149488,0.07866492161149488,0.08753845621581684,0.08753845621581684,0.08753845621581684
850,572.0,0.1109310281362138,0.1109310281362138,0.1109310281362138,0.11482296634255502,0.11482296634255502,0.11482296634255502
851,624.0,0.2853297442799462,0.2853297442799462,0.2853297442799462,0.34658155344905983,0.34658155344905983,0.34658155344905983
852,676.0,0.0974264705882353,0.0974264705882353,0.0974264705882353,0.09773847498558248,0.09773847498558248,0.09773847498558248
853,728.0,0.08804627872358674,0.08804627872358674,0.08804627872358674,0.09421663024628883,0.09421663024628883,0.09421663024628883
854,780.0,0.43366792238294744,0.43366792238294744,0.43366792238294744,0.37329752522016546,0.37329752522016546,0.37329752522016546
855,832.0,0.1432192648922687,0.1432192648922687,0.1432192648922687,0.1581954664983189,0.1581954664983189,0.1581954664983189
856,884.0,0.14836223506743737,0.14836223506743737,0.14836223506743737,0.18158530744985352,0.18158530744985352,0.18158530744985352
857,936.0,0.11148086522462562,0.11148086522462562,0.11148086522462562,0.14120485085404896,0.14120485085404896,0.14120485085404896
858,988.0,0.35713787711724365,0.35713787711724365,0.35713787711724365,0.3929697012582429,0.3929697012582429,0.3929697012582429
859,1040.0,0.1348993288590604,0.1348993288590604,0.1348993288590604,0.11670149993243545,0.11670149993243545,0.11670149993243545
860,52.0,0.06891941735767945,0.06891941735767945,0.06891941735767945,0.05934829514457501,0.05934829514457501,0.05934829514457501
861,104.0,0.3065715391911277,0.3065715391911277,0.3065715391911277,0.29261697444468615,0.29261697444468615,0.29261697444468615
862,156.0,0.12390924956369982,0.12390924956369982,0.12390924956369982,0.10855574743626056,0.10855574743626056,0.10855574743626056
863,208.0,0.09483344663494221,0.09483344663494221,0.09483344663494221,0.10283530536670672,0.10283530536670672,0.10283530536670672
864,260.0,0.046296296296296294,0.046296296296296294,0.046296296296296294,0.04538751714677641,0.04538751714677641,0.04538751714677641
865,312.0,0.10865702598921372,0.10865702598921372,0.10865702598921372,0.10978562703022678,0.10978562703022678,0.10978562703022678
866,364.0,0.4592752049585693,0.4592752049585693,0.4592752049585693,0.5854618693392205,0.5854618693392205,0.5854618693392205
867,416.0,0.10583679308424898,0.10583679308424898,0.10583679308424898,0.11500856504796027,0.11500856504796027,0.11500856504796027
868,468.0,0.21276001183843596,0.21276001183843596,0.21276001183843596,0.18564424486162717,0.18564424486162717,0.18564424486162717
869,520.0,0.09160660311555452,0.09160660311555452,0.09160660311555452,0.11995047625493407,0.11995047625493407,0.11995047625493407
870,572.0,0.07090358841331604,0.07090358841331604,0.07090358841331604,0.06587626956343111,0.06587626956343111,0.06587626956343111
871,624.0,28.645034642032332,28.645034642032332,28.645034642032332,27.818803289793,27.818803289793,27.818803289793
872,676.0,52.172109709099914,52.172109709099914,52.172109709099914,148.61777747393955,148.61777747393955,148.61777747393955
873,728.0,0.43390931912503516,0.43390931912503516,0.43390931912503516,0.7598220369398319,0.7598220369398319,0.7598220369398319
874,780.0,0.2755370714875347,0.2755370714875347,0.2755370714875347,0.2662496224595622,0.2662496224595622,0.2662496224595622
875,832.0,1.5231033382903538,1.5231033382903538,1.5231033382903538,2.186941431296343,2.186941431296343,2.186941431296343
876,884.0,0.210876386204651,0.210876386204651,0.210876386204651,0.2400564095870233,0.2400564095870233,0.2400564095870233
877,936.0,0.2303312629399586,0.2303312629399586,0.2303312629399586,0.22386262318411934,0.22386262318411934,0.22386262318411934
878,988.0,0.08754310524445448,0.08754310524445448,0.08754310524445448,0.08804130740016601,0.08804130740016601,0.08804130740016601
879,1040.0,0.07428571428571429,0.07428571428571429,0.07428571428571429,0.06876734693877552,0.06876734693877552,0.06876734693877552
880,52.0,0.18090452261306533,0.18090452261306533,0.18090452261306533,0.1582283275674857,0.1582283275674857,0.1582283275674857
881,104.0,0.39528122406351,0.39528122406351,0.39528122406351,1.1142923084629346,1.1142923084629346,1.1142923084629346
882,156.0,0.18338658146964856,0.18338658146964856,0.18338658146964856,0.1970402882544478,0.1970402882544478,0.1970402882544478
883,208.0,0.1879825956919765,0.1879825956919765,0.1879825956919765,0.24998825459876617,0.24998825459876617,0.24998825459876617
884,260.0,4.75254070253012,4.75254070253012,4.75254070253012,2.850069267751653,2.850069267751653,2.850069267751653
885,312.0,2.773276913301024,2.773276913301024,2.773276913301024,9.013283319624101,9.013283319624101,9.013283319624101
886,364.0,0.1832196925577847,0.1832196925577847,0.1832196925577847,0.28692780781197597,0.28692780781197597,0.28692780781197597
887,416.0,0.1390532544378698,0.1390532544378698,0.1390532544378698,0.1907233640278702,0.1907233640278702,0.1907233640278702
888,468.0,13.965700302584684,13.965700302584684,13.965700302584684,33.91533908285334,33.91533908285334,33.91533908285334
889,520.0,0.19233909025372167,0.19233909025372167,0.19233909025372167,0.20554734583229026,0.20554734583229026,0.20554734583229026
890,572.0,0.10620560237430932,0.10620560237430932,0.10620560237430932,0.14908590711437636,0.14908590711437636,0.14908590711437636
891,624.0,0.047619047619047616,0.047619047619047616,0.047619047619047616,0.04535147392290248,0.04535147392290248,0.04535147392290248
892,676.0,0.04698791402099292,0.04698791402099292,0.04698791402099292,0.045212619063005936,0.045212619063005936,0.045212619063005936
893,728.0,0.16287531112746528,0.16287531112746528,0.16287531112746528,0.20514559560380938,0.20514559560380938,0.20514559560380938
894,780.0,0.355712278898023,0.355712278898023,0.355712278898023,0.3738456321848676,0.3738456321848676,0.3738456321848676
895,832.0,0.02631578947368421,0.02631578947368421,0.02631578947368421,0.02562326869806095,0.02562326869806095,0.02562326869806095
896,884.0,0.24756275787079313,0.24756275787079313,0.24756275787079313,0.2171728777779846,0.2171728777779846,0.2171728777779846
897,936.0,0.05730763037316082,0.05730763037316082,0.05730763037316082,0.05577003779130591,0.05577003779130591,0.05577003779130591
898,988.0,0.13955102985420043,0.13955102985420043,0.13955102985420043,0.15247644734966842,0.15247644734966842,0.15247644734966842
899,1040.0,0.11947104423164615,0.11947104423164615,0.11947104423164615,0.11522963356648824,0.11522963356648824,0.11522963356648824
900,52.0,0.2762212327154564,0.2762212327154564,0.2762212327154564,0.4946999227482026,0.4946999227482026,0.4946999227482026
901,104.0,0.09189426975573568,0.09189426975573568,0.09189426975573568,0.09044419779133255,0.09044419779133255,0.09044419779133255
902,156.0,0.33225590569953173,0.33225590569953173,0.33225590569953173,0.26464869062220153,0.26464869062220153,0.26464869062220153
903,208.0,0.24771536024757038,0.24771536024757038,0.24771536024757038,0.38399258835861944,0.38399258835861944,0.38399258835861944
904,260.0,0.207874160673038,0.207874160673038,0.207874160673038,0.2916697153202544,0.2916697153202544,0.2916697153202544
905,312.0,6.083016700491911,6.083016700491911,6.083016700491911,13.631598364540226,13.631598364540226,13.631598364540226
906,364.0,0.13688760806916425,0.13688760806916425,0.13688760806916425,0.1354404571086879,0.1354404571086879,0.1354404571086879
907,416.0,0.49792131476629325,0.49792131476629325,0.49792131476629325,0.5496322585899769,0.5496322585899769,0.5496322585899769
908,468.0,0.0398037976599554,0.0398037976599554,0.0398037976599554,0.04551896333969502,0.04551896333969502,0.04551896333969502
909,520.0,0.15789473684210525,0.15789473684210525,0.15789473684210525,0.16805170821791318,0.16805170821791318,0.16805170821791318
910,572.0,0.2374426802446886,0.2374426802446886,0.2374426802446886,0.23445380463151508,0.23445380463151508,0.23445380463151508
911,624.0,0.13584896407465227,0.13584896407465227,0.13584896407465227,0.14495316399511185,0.14495316399511185,0.14495316399511185
912,676.0,0.14556884446781723,0.14556884446781723,0.14556884446781723,0.1495856633424414,0.1495856633424414,0.1495856633424414
913,728.0,0.2503288031565103,0.2503288031565103,0.2503288031565103,0.32795364024446844,0.32795364024446844,0.32795364024446844
914,780.0,0.07794830371567044,0.07794830371567044,0.07794830371567044,0.07591113787676722,0.07591113787676722,0.07591113787676722
915,832.0,0.18787878787878787,0.18787878787878787,0.18787878787878787,0.18490358126721762,0.18490358126721762,0.18490358126721762
916,884.0,0.8541645383753738,0.8541645383753738,0.8541645383753738,1.2229133378447399,1.2229133378447399,1.2229133378447399
917,936.0,0.28125,0.28125,0.28125,0.2021484375,0.2021484375,0.2021484375
918,988.0,0.14619377162629757,0.14619377162629757,0.14619377162629757,0.14731250224494438,0.14731250224494438,0.14731250224494438
919,1040.0,0.44878553355102524,0.44878553355102524,0.44878553355102524,0.5617047491097934,0.5617047491097934,0.5617047491097934
920,52.0,0.00556043312847527,0.00556043312847527,0.00556043312847527,0.005529514711899023,0.005529514711899023,0.005529514711899023
921,104.0,0.006758331391284083,0.006758331391284083,0.006758331391284083,0.0067126563480896665,0.0067126563480896665,0.0067126563480896665
922,156.0,0.8123255761595604,0.8123255761595604,0.8123255761595604,0.8312147925731469,0.8312147925731469,0.8312147925731469
923,208.0,0.320935556407593,0.320935556407593,0.320935556407593,0.32207480625964635,0.32207480625964635,0.32207480625964635
924,260.0,0.1373593842510361,0.1373593842510361,0.1373593842510361,0.12914897741489617,0.12914897741489617,0.12914897741489617
925,312.0,0.10770311659996298,0.10770311659996298,0.10770311659996298,0.17470271370513066,0.17470271370513066,0.17470271370513066
926,364.0,0.3156265942752431,0.3156265942752431,0.3156265942752431,0.3153618494043111,0.3153618494043111,0.3153618494043111
927,416.0,0.18300477229226472,0.18300477229226472,0.18300477229226472,0.15408707068361097,0.15408707068361097,0.15408707068361097
928,468.0,0.2549407114624506,0.2549407114624506,0.2549407114624506,0.24844396881688507,0.24844396881688507,0.24844396881688507
929,520.0,0.12025027801363779,0.12025027801363779,0.12025027801363779,0.11066299608929168,0.11066299608929168,0.11066299608929168
930,572.0,0.3473381431175294,0.3473381431175294,0.3473381431175294,0.5040200386696874,0.5040200386696874,0.5040200386696874
931,624.0,0.4172537671664309,0.4172537671664309,0.4172537671664309,0.4163003237697036,0.4163003237697036,0.4163003237697036
932,676.0,0.1742627345844504,0.1742627345844504,0.1742627345844504,0.17070488539413062,0.17070488539413062,0.17070488539413062
933,728.0,0.15834583046210146,0.15834583046210146,0.15834583046210146,0.1464882094005913,0.1464882094005913,0.1464882094005913
934,780.0,0.19197744742593154,0.19197744742593154,0.19197744742593154,0.16783167461254472,0.16783167461254472,0.16783167461254472
935,832.0,0.26666666666666666,0.26666666666666666,0.26666666666666666,0.24842911877394638,0.24842911877394638,0.24842911877394638
936,884.0,0.2966700302724521,0.2966700302724521,0.2966700302724521,0.2752563179615531,0.2752563179615531,0.2752563179615531
937,936.0,0.13536328007235454,0.13536328007235454,0.13536328007235454,0.13211392440383263,0.13211392440383263,0.13211392440383263
938,988.0,0.14969748602803343,0.14969748602803343,0.14969748602803343,0.16887865288762888,0.16887865288762888,0.16887865288762888
939,1040.0,0.1618320610687023,0.1618320610687023,0.1618320610687023,0.14480275042246957,0.14480275042246957,0.14480275042246957
940,52.0,0.12735118151737768,0.12735118151737768,0.12735118151737768,0.13946413495267812,0.13946413495267812,0.13946413495267812
941,104.0,0.05309734513274336,0.05309734513274336,0.05309734513274336,0.055105048448301636,0.055105048448301636,0.055105048448301636
942,156.0,0.18288726682887266,0.18288726682887266,0.18288726682887266,0.159171874558061,0.159171874558061,0.159171874558061
943,208.0,0.6454340811240411,0.6454340811240411,0.6454340811240411,1.8449569286090604,1.8449569286090604,1.8449569286090604
944,260.0,0.1384882264627422,0.1384882264627422,0.1384882264627422,0.13888548204867146,0.13888548204867146,0.13888548204867146
945,312.0,0.45725420973928177,0.45725420973928177,0.45725420973928177,0.4411825405220944,0.4411825405220944,0.4411825405220944
946,364.0,0.1820638715558315,0.1820638715558315,0.1820638715558315,0.19039144011397166,0.19039144011397166,0.19039144011397166
947,416.0,0.05984898336054405,0.05984898336054405,0.05984898336054405,0.05823438379602961,0.05823438379602961,0.05823438379602961
948,468.0,8.297353763105844,8.297353763105844,8.297353763105844,107.68816841945494,107.68816841945494,107.68816841945494
949,520.0,0.27879392213459453,0.27879392213459453,0.27879392213459453,0.3294610332952417,0.3294610332952417,0.3294610332952417
950,572.0,0.11432907877133756,0.11432907877133756,0.11432907877133756,0.12166061371439646,0.12166061371439646,0.12166061371439646
951,624.0,0.2947646855618667,0.2947646855618667,0.2947646855618667,0.2038460393005247,0.2038460393005247,0.2038460393005247
952,676.0,0.34703596605911036,0.34703596605911036,0.34703596605911036,0.469588986249298,0.469588986249298,0.469588986249298
953,728.0,0.2402279568821959,0.2402279568821959,0.2402279568821959,0.29269537801870665,0.29269537801870665,0.29269537801870665
954,780.0,0.21685061861473964,0.21685061861473964,0.21685061861473964,0.21551008711457673,0.21551008711457673,0.21551008711457673
955,832.0,0.305673913207357,0.305673913207357,0.305673913207357,0.2980026351177247,0.2980026351177247,0.2980026351177247
956,884.0,0.0484196368527236,0.0484196368527236,0.0484196368527236,0.04607517561977398,0.04607517561977398,0.04607517561977398
957,936.0,0.08241151232840101,0.08241151232840101,0.08241151232840101,0.08815186778952651,0.08815186778952651,0.08815186778952651
958,988.0,101.80856956039673,101.80856956039673,101.80856956039673,154.90379006242293,154.90379006242293,154.90379006242293
959,1040.0,0.0,0.0,0.0,0.0,0.0,0.0
960,52.0,0.1744186046511628,0.1744186046511628,0.1744186046511628,0.14399675500270417,0.14399675500270417,0.14399675500270417
961,104.0,0.083994708994709,0.083994708994709,0.083994708994709,0.08156922748523279,0.08156922748523279,0.08156922748523279
962,156.0,0.21061216055335044,0.21061216055335044,0.21061216055335044,0.2271062476953523,0.2271062476953523,0.2271062476953523
963,208.0,0.4285780019577631,0.4285780019577631,0.4285780019577631,0.4159359798448768,0.4159359798448768,0.4159359798448768
964,260.0,0.40581071284021836,0.40581071284021836,0.40581071284021836,0.43046486580538657,0.43046486580538657,0.43046486580538657
965,312.0,0.081572292228629,0.081572292228629,0.081572292228629,0.08512941267329523,0.08512941267329523,0.08512941267329523
966,364.0,0.21731414643039182,0.21731414643039182,0.21731414643039182,0.25709010050371983,0.25709010050371983,0.25709010050371983
967,416.0,0.17669172932330826,0.17669172932330826,0.17669172932330826,0.17930634857821243,0.17930634857821243,0.17930634857821243
968,468.0,46.57050934661241,46.57050934661241,46.57050934661241,42.915746128197405,42.915746128197405,42.915746128197405
969,520.0,0.2731129968736043,0.2731129968736043,0.2731129968736043,0.2932074151012912,0.2932074151012912,0.2932074151012912
970,572.0,37.89243714348289,37.89243714348289,37.89243714348289,445.61055197552986,445.61055197552986,445.61055197552986
971,624.0,0.430498233368226,0.430498233368226,0.430498233368226,0.5658880960577992,0.5658880960577992,0.5658880960577992
972,676.0,0.5089553189062525,0.5089553189062525,0.5089553189062525,0.4254484223970384,0.4254484223970384,0.4254484223970384
973,728.0,0.004040948275862069,0.004040948275862069,0.004040948275862069,0.004024619012893877,0.004024619012893877,0.004024619012893877
974,780.0,0.10648138970946039,0.10648138970946039,0.10648138970946039,0.10726747915438858,0.10726747915438858,0.10726747915438858
975,832.0,0.10739519547809703,0.10739519547809703,0.10739519547809703,0.12223923477672817,0.12223923477672817,0.12223923477672817
976,884.0,0.22533873447925148,0.22533873447925148,0.22533873447925148,0.30695788232539184,0.30695788232539184,0.30695788232539184
977,936.0,0.07687338501291989,0.07687338501291989,0.07687338501291989,0.07160986252161664,0.07160986252161664,0.07160986252161664
978,988.0,0.026243849097867686,0.026243849097867686,0.026243849097867686,0.02555510948239604,0.02555510948239604,0.02555510948239604
979,1040.0,0.3871650568611457,0.3871650568611457,0.3871650568611457,0.4682646706549373,0.4682646706549373,0.4682646706549373
980,52.0,0.07975460122699386,0.07975460122699386,0.07975460122699386,0.07339380481011706,0.07339380481011706,0.07339380481011706
981,104.0,0.2054715199674984,0.2054715199674984,0.2054715199674984,0.3097730223633839,0.3097730223633839,0.3097730223633839
982,156.0,0.41202049497573767,0.41202049497573767,0.41202049497573767,0.4138902752031285,0.4138902752031285,0.4138902752031285
983,208.0,0.062385321100917435,0.062385321100917435,0.062385321100917435,0.05849339281205285,0.05849339281205285,0.05849339281205285
984,260.0,0.1916376306620209,0.1916376306620209,0.1916376306620209,0.15871372614807644,0.15871372614807644,0.15871372614807644
985,312.0,0.08671489297598832,0.08671489297598832,0.08671489297598832,0.08370445797205776,0.08370445797205776,0.08370445797205776
986,364.0,0.21919628030554633,0.21919628030554633,0.21919628030554633,0.32060128030499485,0.32060128030499485,0.32060128030499485
987,416.0,0.24950213908214045,0.24950213908214045,0.24950213908214045,3.489654736461393,3.489654736461393,3.489654736461393
988,468.0,0.16328021526969053,0.16328021526969053,0.16328021526969053,0.17139653828906126,0.17139653828906126,0.17139653828906126
989,520.0,0.03773346480578071,0.03773346480578071,0.03773346480578071,0.03511147617667575,0.03511147617667575,0.03511147617667575
990,572.0,37.615553810568485,37.615553810568485,37.615553810568485,37.37422259653762,37.37422259653762,37.37422259653762
991,624.0,0.06623586429725363,0.06623586429725363,0.06623586429725363,0.06184867457804944,0.06184867457804944,0.06184867457804944
992,676.0,0.5358762092249932,0.5358762092249932,0.5358762092249932,2.3371599295935614,2.3371599295935614,2.3371599295935614
993,728.0,0.22025129342202512,0.22025129342202512,0.22025129342202512,0.25895426057667154,0.25895426057667154,0.25895426057667154
994,780.0,0.29590760264502747,0.29590760264502747,0.29590760264502747,0.33981934907891104,0.33981934907891104,0.33981934907891104
995,832.0,0.04336513443191674,0.04336513443191674,0.04336513443191674,0.04900122284915076,0.04900122284915076,0.04900122284915076
996,884.0,107.48663513697358,107.48663513697358,107.48663513697358,117.9036615978438,117.9036615978438,117.9036615978438
997,936.0,0.07344632768361582,0.07344632768361582,0.07344632768361582,0.07773719465761983,0.07773719465761983,0.07773719465761983
998,988.0,0.0,0.0,0.0,0.0,0.0,0.0
999,1040.0,0.0611764705882353,0.0611764705882353,0.0611764705882353,0.05743391003460207,0.05743391003460207,0.05743391003460207
