,time,meanH,meanB,meanC,varH,varB,varC
0,52.0,0.297246613572232,0.297246613572232,0.297246613572232,0.3205837241403136,0.3205837241403136,0.3205837241403136
1,104.0,0.252282076812372,0.252282076812372,0.252282076812372,0.22037599908736727,0.22037599908736727,0.22037599908736727
2,156.0,0.32911213934953326,0.32911213934953326,0.32911213934953326,0.4730798618219208,0.4730798618219208,0.4730798618219208
3,208.0,0.41564452704373056,0.41564452704373056,0.41564452704373056,0.4151119783545772,0.4151119783545772,0.4151119783545772
4,260.0,0.14130711784259609,0.14130711784259609,0.14130711784259609,0.14443554480965334,0.14443554480965334,0.14443554480965334
5,312.0,0.35225686365751513,0.35225686365751513,0.35225686365751513,0.3598611234114756,0.3598611234114756,0.3598611234114756
6,364.0,0.16477490864401914,0.16477490864401914,0.16477490864401914,0.11878154567989516,0.11878154567989516,0.11878154567989516
7,416.0,0.1629271763290693,0.1629271763290693,0.1629271763290693,0.23509121053275703,0.23509121053275703,0.23509121053275703
8,468.0,0.18844301765650082,0.18844301765650082,0.18844301765650082,0.1946657941045374,0.1946657941045374,0.1946657941045374
9,520.0,0.4779304551096352,0.4779304551096352,0.4779304551096352,1.0386533960490953,1.0386533960490953,1.0386533960490953
10,572.0,0.5924605677655934,0.5924605677655934,0.5924605677655934,9.221908510068879,9.221908510068879,9.221908510068879
11,624.0,0.03213378893920457,0.03213378893920457,0.03213378893920457,0.029135979098427838,0.029135979098427838,0.029135979098427838
12,676.0,1.0669047102552365,1.0669047102552365,1.0669047102552365,1.2092415389733557,1.2092415389733557,1.2092415389733557
13,728.0,0.3382256124653713,0.3382256124653713,0.3382256124653713,0.3542862892562003,0.3542862892562003,0.3542862892562003
14,780.0,0.0755549116982836,0.0755549116982836,0.0755549116982836,0.07796128796968596,0.07796128796968596,0.07796128796968596
15,832.0,0.6469095354029206,0.6469095354029206,0.6469095354029206,0.7096166528559962,0.7096166528559962,0.7096166528559962
16,884.0,0.04649446494464945,0.04649446494464945,0.04649446494464945,0.0443327296741602,0.0443327296741602,0.0443327296741602
17,936.0,140.8078676101019,140.8078676101019,140.8078676101019,457.1952891121732,457.1952891121732,457.1952891121732
18,988.0,169.0936975638308,169.0936975638308,169.0936975638308,143.65659096776952,143.65659096776952,143.65659096776952
19,1040.0,0.4881997871358791,0.4881997871358791,0.4881997871358791,0.5898060026194227,0.5898060026194227,0.5898060026194227
20,52.0,0.03308823529411765,0.03308823529411765,0.03308823529411765,0.031993403979238756,0.031993403979238756,0.031993403979238756
21,104.0,0.5505646460089307,0.5505646460089307,0.5505646460089307,0.6056287223340105,0.6056287223340105,0.6056287223340105
22,156.0,0.5110151067408003,0.5110151067408003,0.5110151067408003,0.5660338614222882,0.5660338614222882,0.5660338614222882
23,208.0,0.14759358288770053,0.14759358288770053,0.14759358288770053,0.13008779204438217,0.13008779204438217,0.13008779204438217
24,260.0,0.20873398545636573,0.20873398545636573,0.20873398545636573,0.1998410415208373,0.1998410415208373,0.1998410415208373
25,312.0,0.3216072772863426,0.3216072772863426,0.3216072772863426,0.3550647512334322,0.3550647512334322,0.3550647512334322
26,364.0,0.3649484536082474,0.3649484536082474,0.3649484536082474,0.5534105643532788,0.5534105643532788,0.5534105643532788
27,416.0,0.0983300778271402,0.0983300778271402,0.0983300778271402,0.1036697297344439,0.1036697297344439,0.1036697297344439
28,468.0,0.18666275771003538,0.18666275771003538,0.18666275771003538,0.21356250162808876,0.21356250162808876,0.21356250162808876
29,520.0,0.4626039821806903,0.4626039821806903,0.4626039821806903,1.2860156523359285,1.2860156523359285,1.2860156523359285
30,572.0,0.3136534083247199,0.3136534083247199,0.3136534083247199,0.3301189444010841,0.3301189444010841,0.3301189444010841
31,624.0,0.5866569356488758,0.5866569356488758,0.5866569356488758,0.7977525079653295,0.7977525079653295,0.7977525079653295
32,676.0,0.06823329784344674,0.06823329784344674,0.06823329784344674,0.07095029779087167,0.07095029779087167,0.07095029779087167
33,728.0,0.021048584567423992,0.021048584567423992,0.021048584567423992,0.022431711665899988,0.022431711665899988,0.022431711665899988
34,780.0,0.22623320111845988,0.22623320111845988,0.22623320111845988,0.26874584341396823,0.26874584341396823,0.26874584341396823
35,832.0,95.08518840275575,95.08518840275575,95.08518840275575,91.35260265031047,91.35260265031047,91.35260265031047
36,884.0,0.4767469713332398,0.4767469713332398,0.4767469713332398,0.5473697328189912,0.5473697328189912,0.5473697328189912
37,936.0,50.32894991407399,50.32894991407399,50.32894991407399,373.60264320497845,373.60264320497845,373.60264320497845
38,988.0,0.15512630014858841,0.15512630014858841,0.15512630014858841,0.13284519207204662,0.13284519207204662,0.13284519207204662
39,1040.0,0.09047333732774117,0.09047333732774117,0.09047333732774117,0.09307281369892817,0.09307281369892817,0.09307281369892817
40,52.0,0.15644754293953284,0.15644754293953284,0.15644754293953284,0.16657932320937807,0.16657932320937807,0.16657932320937807
41,104.0,0.2864286117751015,0.2864286117751015,0.2864286117751015,0.2755998569847224,0.2755998569847224,0.2755998569847224
42,156.0,0.2213368943518698,0.2213368943518698,0.2213368943518698,0.2714184890025166,0.2714184890025166,0.2714184890025166
43,208.0,0.025815217391304348,0.025815217391304348,0.025815217391304348,0.025148791942344057,0.025148791942344057,0.025148791942344057
44,260.0,0.7661203317671038,0.7661203317671038,0.7661203317671038,0.8571984557387929,0.8571984557387929,0.8571984557387929
45,312.0,0.2440127213368516,0.2440127213368516,0.2440127213368516,0.2934078746603418,0.2934078746603418,0.2934078746603418
46,364.0,0.11436170212765957,0.11436170212765957,0.11436170212765957,0.15447459257582616,0.15447459257582616,0.15447459257582616
47,416.0,0.11846543001686341,0.11846543001686341,0.11846543001686341,0.24524081541537163,0.24524081541537163,0.24524081541537163
48,468.0,0.1642104949611944,0.1642104949611944,0.1642104949611944,0.24963728026527948,0.24963728026527948,0.24963728026527948
49,520.0,0.08115823817292006,0.08115823817292006,0.08115823817292006,0.07701856060505255,0.07701856060505255,0.07701856060505255
50,572.0,1.3529311120594916,1.3529311120594916,1.3529311120594916,1.7251220882506078,1.7251220882506078,1.7251220882506078
51,624.0,0.21067415730337077,0.21067415730337077,0.21067415730337077,0.23370628708496402,0.23370628708496402,0.23370628708496402
52,676.0,0.1092729019953433,0.1092729019953433,0.1092729019953433,0.08619188576037658,0.08619188576037658,0.08619188576037658
53,728.0,0.11245438605715875,0.11245438605715875,0.11245438605715875,0.09562457654753932,0.09562457654753932,0.09562457654753932
54,780.0,0.18093385214007782,0.18093385214007782,0.18093385214007782,0.230881618192554,0.230881618192554,0.230881618192554
55,832.0,0.597235192122806,0.597235192122806,0.597235192122806,0.6312848440623051,0.6312848440623051,0.6312848440623051
56,884.0,0.012266379333052645,0.012266379333052645,0.012266379333052645,0.012073319965884517,0.012073319965884517,0.012073319965884517
57,936.0,71.4251881006955,71.4251881006955,71.4251881006955,176.0475329444402,176.0475329444402,176.0475329444402
58,988.0,0.21041101954730426,0.21041101954730426,0.21041101954730426,0.25872506834618686,0.25872506834618686,0.25872506834618686
59,1040.0,109.43212789842799,109.43212789842799,109.43212789842799,113.19891049150293,113.19891049150293,113.19891049150293
60,52.0,0.07385229540918163,0.07385229540918163,0.07385229540918163,0.07039414185600854,0.07039414185600854,0.07039414185600854
61,104.0,0.2140140118417819,0.2140140118417819,0.2140140118417819,0.316321785643085,0.316321785643085,0.316321785643085
62,156.0,0.23867686144687725,0.23867686144687725,0.23867686144687725,0.2984771631059843,0.2984771631059843,0.2984771631059843
63,208.0,0.16013940098503054,0.16013940098503054,0.16013940098503054,0.18426875184322242,0.18426875184322242,0.18426875184322242
64,260.0,0.10712093308778392,0.10712093308778392,0.10712093308778392,0.11406224504369655,0.11406224504369655,0.11406224504369655
65,312.0,0.1540743959826495,0.1540743959826495,0.1540743959826495,0.15343334279256846,0.15343334279256846,0.15343334279256846
66,364.0,0.5004248376818916,0.5004248376818916,0.5004248376818916,10.217054704707214,10.217054704707214,10.217054704707214
67,416.0,0.21428571428571427,0.21428571428571427,0.21428571428571427,0.23979591836734698,0.23979591836734698,0.23979591836734698
68,468.0,0.3366097539237647,0.3366097539237647,0.3366097539237647,0.3095516735156209,0.3095516735156209,0.3095516735156209
69,520.0,0.1516760589451857,0.1516760589451857,0.1516760589451857,0.1450136877597031,0.1450136877597031,0.1450136877597031
70,572.0,0.19532719782087996,0.19532719782087996,0.19532719782087996,0.23014292384518056,0.23014292384518056,0.23014292384518056
71,624.0,0.0915246322671025,0.0915246322671025,0.0915246322671025,0.08781749805073448,0.08781749805073448,0.08781749805073448
72,676.0,61.3911406729052,61.3911406729052,61.3911406729052,76.2234067060369,76.2234067060369,76.2234067060369
73,728.0,0.22472626240558713,0.22472626240558713,0.22472626240558713,0.18889236333565534,0.18889236333565534,0.18889236333565534
74,780.0,0.2860181959248586,0.2860181959248586,0.2860181959248586,0.462096159001301,0.462096159001301,0.462096159001301
75,832.0,0.5250115785945841,0.5250115785945841,0.5250115785945841,0.6318551113537204,0.6318551113537204,0.6318551113537204
76,884.0,0.0,0.0,0.0,0.0,0.0,0.0
77,936.0,0.05723234624145786,0.05723234624145786,0.05723234624145786,0.06135999385121497,0.06135999385121497,0.06135999385121497
78,988.0,0.3288964236756681,0.3288964236756681,0.3288964236756681,0.34568641341605955,0.34568641341605955,0.34568641341605955
79,1040.0,0.753930651407665,0.753930651407665,0.753930651407665,0.5731993135408932,0.5731993135408932,0.5731993135408932
80,52.0,1.0438344606842491,1.0438344606842491,1.0438344606842491,2.86546429407386,2.86546429407386,2.86546429407386
81,104.0,0.20488301119023397,0.20488301119023397,0.20488301119023397,0.1808103372800477,0.1808103372800477,0.1808103372800477
82,156.0,0.12771969482904774,0.12771969482904774,0.12771969482904774,0.13401263010377804,0.13401263010377804,0.13401263010377804
83,208.0,0.1898989898989899,0.1898989898989899,0.1898989898989899,0.16191817161514135,0.16191817161514135,0.16191817161514135
84,260.0,16.68754849940166,16.68754849940166,16.68754849940166,89.46988442404327,89.46988442404327,89.46988442404327
85,312.0,0.13087077853706214,0.13087077853706214,0.13087077853706214,0.12290720375109176,0.12290720375109176,0.12290720375109176
86,364.0,0.0,0.0,0.0,0.0,0.0,0.0
87,416.0,0.14339960908646876,0.14339960908646876,0.14339960908646876,0.3459104136956504,0.3459104136956504,0.3459104136956504
88,468.0,0.21269625026293476,0.21269625026293476,0.21269625026293476,0.25931930483649146,0.25931930483649146,0.25931930483649146
89,520.0,0.15588029002201814,0.15588029002201814,0.15588029002201814,0.1820958279452775,0.1820958279452775,0.1820958279452775
90,572.0,0.12854777098757883,0.12854777098757883,0.12854777098757883,0.15419637630473756,0.15419637630473756,0.15419637630473756
91,624.0,0.3002521578604709,0.3002521578604709,0.3002521578604709,0.40038444621234603,0.40038444621234603,0.40038444621234603
92,676.0,0.2897827675496637,0.2897827675496637,0.2897827675496637,0.33335763631042986,0.33335763631042986,0.33335763631042986
93,728.0,0.038289205702647655,0.038289205702647655,0.038289205702647655,0.03845247033154832,0.03845247033154832,0.03845247033154832
94,780.0,0.1962025316455696,0.1962025316455696,0.1962025316455696,0.25264380708219836,0.25264380708219836,0.25264380708219836
95,832.0,0.4158501662937017,0.4158501662937017,0.4158501662937017,0.5349751460285621,0.5349751460285621,0.5349751460285621
96,884.0,0.17391304347826086,0.17391304347826086,0.17391304347826086,0.1871455576559546,0.1871455576559546,0.1871455576559546
97,936.0,0.010501750291715286,0.010501750291715286,0.010501750291715286,0.01116937096154169,0.01116937096154169,0.01116937096154169
98,988.0,0.5437387869072798,0.5437387869072798,0.5437387869072798,0.7431369325849858,0.7431369325849858,0.7431369325849858
99,1040.0,0.8352658481129329,0.8352658481129329,0.8352658481129329,1.008172558338648,1.008172558338648,1.008172558338648
100,52.0,0.11465270806790041,0.11465270806790041,0.11465270806790041,0.11562736602881471,0.11562736602881471,0.11562736602881471
101,104.0,0.19609012553709693,0.19609012553709693,0.19609012553709693,0.17572481888224534,0.17572481888224534,0.17572481888224534
102,156.0,0.47476758405546676,0.47476758405546676,0.47476758405546676,0.46198276279053463,0.46198276279053463,0.46198276279053463
103,208.0,0.013848396501457727,0.013848396501457727,0.013848396501457727,0.013656618415796143,0.013656618415796143,0.013656618415796143
104,260.0,0.2823227462303497,0.2823227462303497,0.2823227462303497,0.39895925034241,0.39895925034241,0.39895925034241
105,312.0,0.1095890410958904,0.1095890410958904,0.1095890410958904,0.10956558453743667,0.10956558453743667,0.10956558453743667
106,364.0,0.0525251830416465,0.0525251830416465,0.0525251830416465,0.06287482831347295,0.06287482831347295,0.06287482831347295
107,416.0,0.03952843273231623,0.03952843273231623,0.03952843273231623,0.03796593573804299,0.03796593573804299,0.03796593573804299
108,468.0,0.1717112044794642,0.1717112044794642,0.1717112044794642,0.2828369736088539,0.2828369736088539,0.2828369736088539
109,520.0,0.1114290395529856,0.1114290395529856,0.1114290395529856,0.11677400013951784,0.11677400013951784,0.11677400013951784
110,572.0,0.17911792704277482,0.17911792704277482,0.17911792704277482,0.5869062735706113,0.5869062735706113,0.5869062735706113
111,624.0,0.09541577825159915,0.09541577825159915,0.09541577825159915,0.08844380367428772,0.08844380367428772,0.08844380367428772
112,676.0,0.18767803577876316,0.18767803577876316,0.18767803577876316,0.14895726438059748,0.14895726438059748,0.14895726438059748
113,728.0,0.04617044228694714,0.04617044228694714,0.04617044228694714,0.04403873254597483,0.04403873254597483,0.04403873254597483
114,780.0,0.8071841486581691,0.8071841486581691,0.8071841486581691,0.7901621289668972,0.7901621289668972,0.7901621289668972
115,832.0,0.1828107202929211,0.1828107202929211,0.1828107202929211,0.18834227369100817,0.18834227369100817,0.18834227369100817
116,884.0,0.26026245133208314,0.26026245133208314,0.26026245133208314,0.30959863403680493,0.30959863403680493,0.30959863403680493
117,936.0,0.24540230034021462,0.24540230034021462,0.24540230034021462,0.23048748845202627,0.23048748845202627,0.23048748845202627
118,988.0,0.19407040800393657,0.19407040800393657,0.19407040800393657,0.18304447516739764,0.18304447516739764,0.18304447516739764
119,1040.0,0.1101547637989144,0.1101547637989144,0.1101547637989144,0.11777282220314456,0.11777282220314456,0.11777282220314456
120,52.0,0.04775549188156638,0.04775549188156638,0.04775549188156638,0.04547490487671602,0.04547490487671602,0.04547490487671602
121,104.0,0.29592611241323513,0.29592611241323513,0.29592611241323513,0.40042553170003,0.40042553170003,0.40042553170003
122,156.0,0.4658820296506732,0.4658820296506732,0.4658820296506732,0.5160870542074166,0.5160870542074166,0.5160870542074166
123,208.0,0.22482937880914527,0.22482937880914527,0.22482937880914527,0.24329775004860546,0.24329775004860546,0.24329775004860546
124,260.0,0.07289002557544758,0.07289002557544758,0.07289002557544758,0.06860008764987147,0.06860008764987147,0.06860008764987147
125,312.0,0.2702450970164077,0.2702450970164077,0.2702450970164077,0.3721418141734338,0.3721418141734338,0.3721418141734338
126,364.0,0.14325018977183018,0.14325018977183018,0.14325018977183018,0.19179394748701747,0.19179394748701747,0.19179394748701747
127,416.0,0.6721117218755721,0.6721117218755721,0.6721117218755721,0.6713629884093787,0.6713629884093787,0.6713629884093787
128,468.0,6.024924623546165,6.024924623546165,6.024924623546165,8.064588153302742,8.064588153302742,8.064588153302742
129,520.0,0.3937795542739922,0.3937795542739922,0.3937795542739922,0.4540725118656082,0.4540725118656082,0.4540725118656082
130,572.0,0.04958349861166204,0.04958349861166204,0.04958349861166204,0.04712497527708934,0.04712497527708934,0.04712497527708934
131,624.0,0.28303345440591654,0.28303345440591654,0.28303345440591654,0.31802572737640483,0.31802572737640483,0.31802572737640483
132,676.0,0.18898473952149097,0.18898473952149097,0.18898473952149097,0.5255200086528347,0.5255200086528347,0.5255200086528347
133,728.0,0.45057771027456356,0.45057771027456356,0.45057771027456356,0.47984107998473907,0.47984107998473907,0.47984107998473907
134,780.0,0.1523809523809524,0.1523809523809524,0.1523809523809524,0.1291609977324263,0.1291609977324263,0.1291609977324263
135,832.0,0.12079701120797011,0.12079701120797011,0.12079701120797011,0.11467333737587408,0.11467333737587408,0.11467333737587408
136,884.0,0.2661385690050872,0.2661385690050872,0.2661385690050872,0.2494390974465554,0.2494390974465554,0.2494390974465554
137,936.0,0.11795874287932669,0.11795874287932669,0.11795874287932669,0.1095432265656184,0.1095432265656184,0.1095432265656184
138,988.0,0.08128193218764515,0.08128193218764515,0.08128193218764515,0.07560411605534702,0.07560411605534702,0.07560411605534702
139,1040.0,0.13917525773195877,0.13917525773195877,0.13917525773195877,0.11980550536720162,0.11980550536720162,0.11980550536720162
140,52.0,1.3339979256072614,1.3339979256072614,1.3339979256072614,1.534941882221259,1.534941882221259,1.534941882221259
141,104.0,10.002309531478513,10.002309531478513,10.002309531478513,21.19902356664136,21.19902356664136,21.19902356664136
142,156.0,0.6794284479471575,0.6794284479471575,0.6794284479471575,0.6121447482582361,0.6121447482582361,0.6121447482582361
143,208.0,23.761470633245338,23.761470633245338,23.761470633245338,21.14828162813148,21.14828162813148,21.14828162813148
144,260.0,33.52457407742715,33.52457407742715,33.52457407742715,46.01303633234413,46.01303633234413,46.01303633234413
145,312.0,0.029404178488522052,0.029404178488522052,0.029404178488522052,0.02905543555643757,0.02905543555643757,0.02905543555643757
146,364.0,0.006545454545454545,0.006545454545454545,0.006545454545454545,0.006502611570247935,0.006502611570247935,0.006502611570247935
147,416.0,0.2749835958287442,0.2749835958287442,0.2749835958287442,1.02145235107768,1.02145235107768,1.02145235107768
148,468.0,0.43367202354165146,0.43367202354165146,0.43367202354165146,0.31160221490031065,0.31160221490031065,0.31160221490031065
149,520.0,0.3598990045969746,0.3598990045969746,0.3598990045969746,0.36551725999519685,0.36551725999519685,0.36551725999519685
150,572.0,1.363010135689919,1.363010135689919,1.363010135689919,1.7847587104335794,1.7847587104335794,1.7847587104335794
151,624.0,0.17865429234338748,0.17865429234338748,0.17865429234338748,0.15137730740036928,0.15137730740036928,0.15137730740036928
152,676.0,0.3414925229491713,0.3414925229491713,0.3414925229491713,0.40977594818101404,0.40977594818101404,0.40977594818101404
153,728.0,0.3216496712576611,0.3216496712576611,0.3216496712576611,0.27194122409884963,0.27194122409884963,0.27194122409884963
154,780.0,0.11566018423746162,0.11566018423746162,0.11566018423746162,0.12275373508819533,0.12275373508819533,0.12275373508819533
155,832.0,0.07168160033340279,0.07168160033340279,0.07168160033340279,0.06862711595859751,0.06862711595859751,0.06862711595859751
156,884.0,116.19997799407938,116.19997799407938,116.19997799407938,237.4752131576809,237.4752131576809,237.4752131576809
157,936.0,0.21724890829694324,0.21724890829694324,0.21724890829694324,0.18140553193112258,0.18140553193112258,0.18140553193112258
158,988.0,0.03232916972814107,0.03232916972814107,0.03232916972814107,0.03275350222774563,0.03275350222774563,0.03275350222774563
159,1040.0,0.08077865136541723,0.08077865136541723,0.08077865136541723,0.07821565767650934,0.07821565767650934,0.07821565767650934
160,52.0,0.14502273875694796,0.14502273875694796,0.14502273875694796,0.13510786961938148,0.13510786961938148,0.13510786961938148
161,104.0,0.531235546888063,0.531235546888063,0.531235546888063,0.5572298386794319,0.5572298386794319,0.5572298386794319
162,156.0,0.10886288608491382,0.10886288608491382,0.10886288608491382,0.11045377154042657,0.11045377154042657,0.11045377154042657
163,208.0,0.2016874479892189,0.2016874479892189,0.2016874479892189,0.2591931912905624,0.2591931912905624,0.2591931912905624
164,260.0,0.4510356739951748,0.4510356739951748,0.4510356739951748,0.6015537104445213,0.6015537104445213,0.6015537104445213
165,312.0,0.23427582742295608,0.23427582742295608,0.23427582742295608,0.28613493257875144,0.28613493257875144,0.28613493257875144
166,364.0,0.21470000015352486,0.21470000015352486,0.21470000015352486,0.207107509397501,0.207107509397501,0.207107509397501
167,416.0,0.34942869161479495,0.34942869161479495,0.34942869161479495,0.3733325402736352,0.3733325402736352,0.3733325402736352
168,468.0,0.33430444282592864,0.33430444282592864,0.33430444282592864,0.32305481481638654,0.32305481481638654,0.32305481481638654
169,520.0,0.20210024472129476,0.20210024472129476,0.20210024472129476,0.2876048866553911,0.2876048866553911,0.2876048866553911
170,572.0,0.1493007860804126,0.1493007860804126,0.1493007860804126,0.2290091016468831,0.2290091016468831,0.2290091016468831
171,624.0,0.03594771241830065,0.03594771241830065,0.03594771241830065,0.03465547439019181,0.03465547439019181,0.03465547439019181
172,676.0,0.23350238987567185,0.23350238987567185,0.23350238987567185,0.2484682161180103,0.2484682161180103,0.2484682161180103
173,728.0,1.5500866136353633,1.5500866136353633,1.5500866136353633,1.0082496210801868,1.0082496210801868,1.0082496210801868
174,780.0,0.3817160820766267,0.3817160820766267,0.3817160820766267,0.4179590287969909,0.4179590287969909,0.4179590287969909
175,832.0,0.16527288732394366,0.16527288732394366,0.16527288732394366,0.1520422670818042,0.1520422670818042,0.1520422670818042
176,884.0,0.125,0.125,0.125,0.109375,0.109375,0.109375
177,936.0,0.09298780487804878,0.09298780487804878,0.09298780487804878,0.09043863399762046,0.09043863399762046,0.09043863399762046
178,988.0,0.09989959839357429,0.09989959839357429,0.09989959839357429,0.08991966863437686,0.08991966863437686,0.08991966863437686
179,1040.0,0.9563541547581014,0.9563541547581014,0.9563541547581014,1.4768865354718699,1.4768865354718699,1.4768865354718699
180,52.0,0.4755765987692587,0.4755765987692587,0.4755765987692587,0.420585709368204,0.420585709368204,0.420585709368204
181,104.0,0.7058871746357215,0.7058871746357215,0.7058871746357215,0.43473315584746186,0.43473315584746186,0.43473315584746186
182,156.0,0.13036186775378591,0.13036186775378591,0.13036186775378591,0.25186698335210694,0.25186698335210694,0.25186698335210694
183,208.0,0.004197530864197531,0.004197530864197531,0.004197530864197531,0.004179911598841641,0.004179911598841641,0.004179911598841641
184,260.0,14.019978537602482,14.019978537602482,14.019978537602482,16.283972626054034,16.283972626054034,16.283972626054034
185,312.0,0.06631593356935714,0.06631593356935714,0.06631593356935714,0.0513371896673533,0.0513371896673533,0.0513371896673533
186,364.0,0.029716212627670362,0.029716212627670362,0.029716212627670362,0.032284461184657505,0.032284461184657505,0.032284461184657505
187,416.0,0.8389939940905605,0.8389939940905605,0.8389939940905605,1.015336823729584,1.015336823729584,1.015336823729584
188,468.0,0.0014955134596211367,0.0014955134596211367,0.0014955134596211367,0.0014932768991132283,0.0014932768991132283,0.0014932768991132283
189,520.0,0.05293440736478711,0.05293440736478711,0.05293440736478711,0.05070772987482139,0.05070772987482139,0.05070772987482139
190,572.0,0.14923132154046556,0.14923132154046556,0.14923132154046556,0.1799503177672434,0.1799503177672434,0.1799503177672434
191,624.0,52.12706536998032,52.12706536998032,52.12706536998032,70.48870433552759,70.48870433552759,70.48870433552759
192,676.0,0.36272960917748814,0.36272960917748814,0.36272960917748814,0.36378746671381335,0.36378746671381335,0.36378746671381335
193,728.0,0.15865384615384615,0.15865384615384615,0.15865384615384615,0.1430981878698225,0.1430981878698225,0.1430981878698225
194,780.0,0.056508577194752774,0.056508577194752774,0.056508577194752774,0.053315357898177436,0.053315357898177436,0.053315357898177436
195,832.0,0.28996822026659824,0.28996822026659824,0.28996822026659824,0.28423917580517083,0.28423917580517083,0.28423917580517083
196,884.0,0.18930726024547534,0.18930726024547534,0.18930726024547534,0.17468907700782554,0.17468907700782554,0.17468907700782554
197,936.0,0.0274079874706343,0.0274079874706343,0.0274079874706343,0.028222960406051528,0.028222960406051528,0.028222960406051528
198,988.0,0.39156962631264963,0.39156962631264963,0.39156962631264963,1.0082530732982615,1.0082530732982615,1.0082530732982615
199,1040.0,2.63916384975212,2.63916384975212,2.63916384975212,1.8062700526756021,1.8062700526756021,1.8062700526756021
200,52.0,0.528487018734013,0.528487018734013,0.528487018734013,0.7883718095095001,0.7883718095095001,0.7883718095095001
201,104.0,0.7418044332612022,0.7418044332612022,0.7418044332612022,1.7641005088441213,1.7641005088441213,1.7641005088441213
202,156.0,0.1261020494560415,0.1261020494560415,0.1261020494560415,0.13182074574298586,0.13182074574298586,0.13182074574298586
203,208.0,0.15578119361088885,0.15578119361088885,0.15578119361088885,0.19703425305377187,0.19703425305377187,0.19703425305377187
204,260.0,0.163829548755504,0.163829548755504,0.163829548755504,0.1755007960461315,0.1755007960461315,0.1755007960461315
205,312.0,0.43252703363240225,0.43252703363240225,0.43252703363240225,0.6090113066496465,0.6090113066496465,0.6090113066496465
206,364.0,0.23451013007142985,0.23451013007142985,0.23451013007142985,0.2755785394741678,0.2755785394741678,0.2755785394741678
207,416.0,0.2154290105310652,0.2154290105310652,0.2154290105310652,0.20822574185778148,0.20822574185778148,0.20822574185778148
208,468.0,0.07029269790390598,0.07029269790390598,0.07029269790390598,0.07203970275149915,0.07203970275149915,0.07203970275149915
209,520.0,0.39180556585264403,0.39180556585264403,0.39180556585264403,6.1279320792378735,6.1279320792378735,6.1279320792378735
210,572.0,0.021845283988691854,0.021845283988691854,0.021845283988691854,0.02136806755614526,0.02136806755614526,0.02136806755614526
211,624.0,0.2653848983336567,0.2653848983336567,0.2653848983336567,0.3085423056064118,0.3085423056064118,0.3085423056064118
212,676.0,0.6246756986466103,0.6246756986466103,0.6246756986466103,0.11622530659671905,0.11622530659671905,0.11622530659671905
213,728.0,0.21941098786203536,0.21941098786203536,0.21941098786203536,0.17151678352240007,0.17151678352240007,0.17151678352240007
214,780.0,0.48584722485816817,0.48584722485816817,0.48584722485816817,0.5573758978449452,0.5573758978449452,0.5573758978449452
215,832.0,1.1422907597806622,1.1422907597806622,1.1422907597806622,1.0182755616078736,1.0182755616078736,1.0182755616078736
216,884.0,0.0544464609800363,0.0544464609800363,0.0544464609800363,0.05511180793212143,0.05511180793212143,0.05511180793212143
217,936.0,100.98088500431541,100.98088500431541,100.98088500431541,144.86298812479185,144.86298812479185,144.86298812479185
218,988.0,0.2206423142927188,0.2206423142927188,0.2206423142927188,0.2317778664222979,0.2317778664222979,0.2317778664222979
219,1040.0,0.023465703971119134,0.023465703971119134,0.023465703971119134,0.022915064708258936,0.022915064708258936,0.022915064708258936
220,52.0,0.2141426294478599,0.2141426294478599,0.2141426294478599,0.23081376115647334,0.23081376115647334,0.23081376115647334
221,104.0,0.07468196291306102,0.07468196291306102,0.07468196291306102,0.07892982497422879,0.07892982497422879,0.07892982497422879
222,156.0,0.09993734857829978,0.09993734857829978,0.09993734857829978,0.11272313362095483,0.11272313362095483,0.11272313362095483
223,208.0,0.1383029379168493,0.1383029379168493,0.1383029379168493,0.16392164604257498,0.16392164604257498,0.16392164604257498
224,260.0,0.17045454545454544,0.17045454545454544,0.17045454545454544,0.17068301017164655,0.17068301017164655,0.17068301017164655
225,312.0,0.001568627450980392,0.001568627450980392,0.001568627450980392,0.0015661668589004227,0.0015661668589004227,0.0015661668589004227
226,364.0,0.09519572953736655,0.09519572953736655,0.09519572953736655,0.09325094033763502,0.09325094033763502,0.09325094033763502
227,416.0,0.3445597822253494,0.3445597822253494,0.3445597822253494,0.9103669163840807,0.9103669163840807,0.9103669163840807
228,468.0,56.04187708809146,56.04187708809146,56.04187708809146,50.69332516853438,50.69332516853438,50.69332516853438
229,520.0,0.7087718854759327,0.7087718854759327,0.7087718854759327,0.7986551536408321,0.7986551536408321,0.7986551536408321
230,572.0,45.935492870870306,45.935492870870306,45.935492870870306,105.97180771297313,105.97180771297313,105.97180771297313
231,624.0,0.2032933255844365,0.2032933255844365,0.2032933255844365,0.20154503018560455,0.20154503018560455,0.20154503018560455
232,676.0,0.1612274343041516,0.1612274343041516,0.1612274343041516,0.1897175031166497,0.1897175031166497,0.1897175031166497
233,728.0,0.6045779337367403,0.6045779337367403,0.6045779337367403,0.7197115478593666,0.7197115478593666,0.7197115478593666
234,780.0,0.004784688995215311,0.004784688995215311,0.004784688995215311,0.004761795746434375,0.004761795746434375,0.004761795746434375
235,832.0,0.058924731182795696,0.058924731182795696,0.058924731182795696,0.06835583304428258,0.06835583304428258,0.06835583304428258
236,884.0,0.3164433065635383,0.3164433065635383,0.3164433065635383,0.3515160655124463,0.3515160655124463,0.3515160655124463
237,936.0,0.06219728188135626,0.06219728188135626,0.06219728188135626,0.057196969471178645,0.057196969471178645,0.057196969471178645
238,988.0,0.5410950807297551,0.5410950807297551,0.5410950807297551,0.3875314675001015,0.3875314675001015,0.3875314675001015
239,1040.0,0.0021849963583394027,0.0021849963583394027,0.0021849963583394027,0.0021802221492534463,0.0021802221492534463,0.0021802221492534463
240,52.0,1.3312503819194914,1.3312503819194914,1.3312503819194914,2.404413267356402,2.404413267356402,2.404413267356402
241,104.0,0.2993670281455815,0.2993670281455815,0.2993670281455815,0.3485768350702722,0.3485768350702722,0.3485768350702722
242,156.0,0.10842486329421014,0.10842486329421014,0.10842486329421014,0.11764786042903126,0.11764786042903126,0.11764786042903126
243,208.0,0.46873898933965635,0.46873898933965635,0.46873898933965635,1.1862864742700139,1.1862864742700139,1.1862864742700139
244,260.0,0.1392931392931393,0.1392931392931393,0.1392931392931393,0.12820656895500968,0.12820656895500968,0.12820656895500968
245,312.0,0.14342695569086047,0.14342695569086047,0.14342695569086047,0.1651327827029125,0.1651327827029125,0.1651327827029125
246,364.0,46.741596008882276,46.741596008882276,46.741596008882276,57.13934500352662,57.13934500352662,57.13934500352662
247,416.0,0.10199106054449411,0.10199106054449411,0.10199106054449411,0.09158888411350342,0.09158888411350342,0.09158888411350342
248,468.0,0.0392210641799232,0.0392210641799232,0.0392210641799232,0.037682772304517546,0.037682772304517546,0.037682772304517546
249,520.0,0.11391372159877855,0.11391372159877855,0.11391372159877855,0.12936580202601783,0.12936580202601783,0.12936580202601783
250,572.0,0.19121427686167577,0.19121427686167577,0.19121427686167577,0.24729826393303497,0.24729826393303497,0.24729826393303497
251,624.0,0.4332227368493372,0.4332227368493372,0.4332227368493372,0.4329647237686377,0.4329647237686377,0.4329647237686377
252,676.0,0.08847352024922119,0.08847352024922119,0.08847352024922119,0.10058365116798167,0.10058365116798167,0.10058365116798167
253,728.0,0.033946324606846816,0.033946324606846816,0.033946324606846816,0.032716517153366584,0.032716517153366584,0.032716517153366584
254,780.0,0.29893136477738635,0.29893136477738635,0.29893136477738635,0.2969810677761997,0.2969810677761997,0.2969810677761997
255,832.0,0.4067756455816157,0.4067756455816157,0.4067756455816157,0.3815603450690277,0.3815603450690277,0.3815603450690277
256,884.0,0.03322008305020763,0.03322008305020763,0.03322008305020763,0.03211650913234493,0.03211650913234493,0.03211650913234493
257,936.0,0.45535714285714285,0.45535714285714285,0.45535714285714285,0.5694355867346939,0.5694355867346939,0.5694355867346939
258,988.0,0.07171437365343182,0.07171437365343182,0.07171437365343182,0.07580503260657138,0.07580503260657138,0.07580503260657138
259,1040.0,0.07764705882352942,0.07764705882352942,0.07764705882352942,0.0797463353255741,0.0797463353255741,0.0797463353255741
260,52.0,0.17998656816655473,0.17998656816655473,0.17998656816655473,0.1704255203031319,0.1704255203031319,0.1704255203031319
261,104.0,0.23018867924528302,0.23018867924528302,0.23018867924528302,0.3356924172303312,0.3356924172303312,0.3356924172303312
262,156.0,0.14770853939993406,0.14770853939993406,0.14770853939993406,0.1318254448891624,0.1318254448891624,0.1318254448891624
263,208.0,0.19411784367030904,0.19411784367030904,0.19411784367030904,0.16854923057154084,0.16854923057154084,0.16854923057154084
264,260.0,0.09744094488188976,0.09744094488188976,0.09744094488188976,0.10074148273296546,0.10074148273296546,0.10074148273296546
265,312.0,0.19510324716966074,0.19510324716966074,0.19510324716966074,0.24905759790016926,0.24905759790016926,0.24905759790016926
266,364.0,0.44608658379808575,0.44608658379808575,0.44608658379808575,0.44335952101520665,0.44335952101520665,0.44335952101520665
267,416.0,0.21594202898550724,0.21594202898550724,0.21594202898550724,0.18235454736399917,0.18235454736399917,0.18235454736399917
268,468.0,0.462526581581001,0.462526581581001,0.462526581581001,1.5155591283281034,1.5155591283281034,1.5155591283281034
269,520.0,0.30658368920394796,0.30658368920394796,0.30658368920394796,0.26309791740506977,0.26309791740506977,0.26309791740506977
270,572.0,0.06969040689811586,0.06969040689811586,0.06969040689811586,0.07018416513643379,0.07018416513643379,0.07018416513643379
271,624.0,0.25471383824974586,0.25471383824974586,0.25471383824974586,0.5942306469153907,0.5942306469153907,0.5942306469153907
272,676.0,0.3333333333333333,0.3333333333333333,0.3333333333333333,0.3333333333333335,0.3333333333333335,0.3333333333333335
273,728.0,0.2592843532860917,0.2592843532860917,0.2592843532860917,0.26465200096152836,0.26465200096152836,0.26465200096152836
274,780.0,0.24128819716894198,0.24128819716894198,0.24128819716894198,0.5455767974255462,0.5455767974255462,0.5455767974255462
275,832.0,93.55959671311633,93.55959671311633,93.55959671311633,172.33056113152907,172.33056113152907,172.33056113152907
276,884.0,0.27194319517671156,0.27194319517671156,0.27194319517671156,0.2943474323178291,0.2943474323178291,0.2943474323178291
277,936.0,0.09495101733232857,0.09495101733232857,0.09495101733232857,0.08593532163988442,0.08593532163988442,0.08593532163988442
278,988.0,1.8575172007394563,1.8575172007394563,1.8575172007394563,1.5668540216336238,1.5668540216336238,1.5668540216336238
279,1040.0,5.405535881078764,5.405535881078764,5.405535881078764,207.078630730011,207.078630730011,207.078630730011
280,52.0,0.9474538082322044,0.9474538082322044,0.9474538082322044,1.2540882761460779,1.2540882761460779,1.2540882761460779
281,104.0,0.10541253799352633,0.10541253799352633,0.10541253799352633,0.10771834574000572,0.10771834574000572,0.10771834574000572
282,156.0,2.6463330246914247,2.6463330246914247,2.6463330246914247,8.719515795326226,8.719515795326226,8.719515795326226
283,208.0,0.38220275598324793,0.38220275598324793,0.38220275598324793,0.8217296543996607,0.8217296543996607,0.8217296543996607
284,260.0,0.38255286593709503,0.38255286593709503,0.38255286593709503,0.6205775588921707,0.6205775588921707,0.6205775588921707
285,312.0,2.0874610243289196,2.0874610243289196,2.0874610243289196,9.667929332531804,9.667929332531804,9.667929332531804
286,364.0,19.971441485469768,19.971441485469768,19.971441485469768,29.405956394770975,29.405956394770975,29.405956394770975
287,416.0,0.14611486486486486,0.14611486486486486,0.14611486486486486,0.35280585167092776,0.35280585167092776,0.35280585167092776
288,468.0,0.44866092205353825,0.44866092205353825,0.44866092205353825,1.470848949758275,1.470848949758275,1.470848949758275
289,520.0,0.3932512776677316,0.3932512776677316,0.3932512776677316,0.4190336798999546,0.4190336798999546,0.4190336798999546
290,572.0,0.005791505791505791,0.005791505791505791,0.005791505791505791,0.0057579642521727445,0.0057579642521727445,0.0057579642521727445
291,624.0,0.0273972602739726,0.0273972602739726,0.0273972602739726,0.026646650403452803,0.026646650403452803,0.026646650403452803
292,676.0,0.12272950417280314,0.12272950417280314,0.12272950417280314,0.22352362491742722,0.22352362491742722,0.22352362491742722
293,728.0,0.3534661682142526,0.3534661682142526,0.3534661682142526,0.35574751251232944,0.35574751251232944,0.35574751251232944
294,780.0,1.0280347131150214,1.0280347131150214,1.0280347131150214,0.943561559989702,0.943561559989702,0.943561559989702
295,832.0,0.422013130608878,0.422013130608878,0.422013130608878,1.7507588420701965,1.7507588420701965,1.7507588420701965
296,884.0,0.30066170388751035,0.30066170388751035,0.30066170388751035,0.2830516713291067,0.2830516713291067,0.2830516713291067
297,936.0,0.33193989307002675,0.33193989307002675,0.33193989307002675,0.4709846611684027,0.4709846611684027,0.4709846611684027
298,988.0,1.442263855545433,1.442263855545433,1.442263855545433,1.3150369613487802,1.3150369613487802,1.3150369613487802
299,1040.0,0.22720305720857428,0.22720305720857428,0.22720305720857428,0.1905534717128245,0.1905534717128245,0.1905534717128245
300,52.0,0.20526633800827482,0.20526633800827482,0.20526633800827482,0.17888429547744836,0.17888429547744836,0.17888429547744836
301,104.0,0.21973761431413058,0.21973761431413058,0.21973761431413058,0.503113811705279,0.503113811705279,0.503113811705279
302,156.0,0.23489492119089317,0.23489492119089317,0.23489492119089317,0.23006955988664005,0.23006955988664005,0.23006955988664005
303,208.0,0.125,0.125,0.125,0.109375,0.109375,0.109375
304,260.0,0.03433001107419712,0.03433001107419712,0.03433001107419712,0.03315146141384261,0.03315146141384261,0.03315146141384261
305,312.0,0.3316609587210041,0.3316609587210041,0.3316609587210041,0.4341420532393928,0.4341420532393928,0.4341420532393928
306,364.0,0.4422632159701894,0.4422632159701894,0.4422632159701894,0.5464297283660594,0.5464297283660594,0.5464297283660594
307,416.0,0.046775502834119076,0.046775502834119076,0.046775502834119076,0.05026579863243503,0.05026579863243503,0.05026579863243503
308,468.0,0.2243796980528333,0.2243796980528333,0.2243796980528333,0.3668526639972605,0.3668526639972605,0.3668526639972605
309,520.0,0.10993249758919961,0.10993249758919961,0.10993249758919961,0.10556190479733003,0.10556190479733003,0.10556190479733003
310,572.0,0.5769230769230769,0.5769230769230769,0.5769230769230769,0.9556213017751479,0.9556213017751479,0.9556213017751479
311,624.0,0.23845450347362487,0.23845450347362487,0.23845450347362487,0.22095470943199985,0.22095470943199985,0.22095470943199985
312,676.0,0.09582790091264667,0.09582790091264667,0.09582790091264667,0.10880919072088718,0.10880919072088718,0.10880919072088718
313,728.0,0.1455026455026455,0.1455026455026455,0.1455026455026455,0.13491363623638758,0.13491363623638758,0.13491363623638758
314,780.0,0.25691699604743085,0.25691699604743085,0.25691699604743085,0.23307139100230695,0.23307139100230695,0.23307139100230695
315,832.0,0.2982027334019082,0.2982027334019082,0.2982027334019082,0.31162125393588713,0.31162125393588713,0.31162125393588713
316,884.0,0.055018695434124076,0.055018695434124076,0.055018695434124076,0.05245969007952358,0.05245969007952358,0.05245969007952358
317,936.0,0.08421337665854318,0.08421337665854318,0.08421337665854318,0.08145400483595802,0.08145400483595802,0.08145400483595802
318,988.0,0.34645785787053485,0.34645785787053485,0.34645785787053485,0.6257284875740963,0.6257284875740963,0.6257284875740963
319,1040.0,0.027237354085603113,0.027237354085603113,0.027237354085603113,0.026495480628018583,0.026495480628018583,0.026495480628018583
320,52.0,0.1775254924908621,0.1775254924908621,0.1775254924908621,0.20591461096517708,0.20591461096517708,0.20591461096517708
321,104.0,0.14049474360953831,0.14049474360953831,0.14049474360953831,0.17256783113242538,0.17256783113242538,0.17256783113242538
322,156.0,0.09541984732824428,0.09541984732824428,0.09541984732824428,0.08822329701066371,0.08822329701066371,0.08822329701066371
323,208.0,0.14975759902299013,0.14975759902299013,0.14975759902299013,0.1675729449100035,0.1675729449100035,0.1675729449100035
324,260.0,0.1452481198270857,0.1452481198270857,0.1452481198270857,0.49200701512704326,0.49200701512704326,0.49200701512704326
325,312.0,0.2111420490311042,0.2111420490311042,0.2111420490311042,0.2650967015065904,0.2650967015065904,0.2650967015065904
326,364.0,0.38204581422521,0.38204581422521,0.38204581422521,0.7149184908172147,0.7149184908172147,0.7149184908172147
327,416.0,11.753729456384324,11.753729456384324,11.753729456384324,11.41343425803245,11.41343425803245,11.41343425803245
328,468.0,0.6600844545267004,0.6600844545267004,0.6600844545267004,0.6823265172007804,0.6823265172007804,0.6823265172007804
329,520.0,0.4,0.4,0.4,0.3542857142857143,0.3542857142857143,0.3542857142857143
330,572.0,0.4484351052409673,0.4484351052409673,0.4484351052409673,1.948391708497109,1.948391708497109,1.948391708497109
331,624.0,0.2116056381424855,0.2116056381424855,0.2116056381424855,0.2834832036406651,0.2834832036406651,0.2834832036406651
332,676.0,0.39285803784857937,0.39285803784857937,0.39285803784857937,0.44864117416022814,0.44864117416022814,0.44864117416022814
333,728.0,0.2352834030514004,0.2352834030514004,0.2352834030514004,0.2183087076244698,0.2183087076244698,0.2183087076244698
334,780.0,0.40271493212669685,0.40271493212669685,0.40271493212669685,0.40946472567446757,0.40946472567446757,0.40946472567446757
335,832.0,0.15789473684210525,0.15789473684210525,0.15789473684210525,0.14528201803500912,0.14528201803500912,0.14528201803500912
336,884.0,0.3624161073825503,0.3624161073825503,0.3624161073825503,0.3921444979955859,0.3921444979955859,0.3921444979955859
337,936.0,0.33142162859161955,0.33142162859161955,0.33142162859161955,0.8985502346085517,0.8985502346085517,0.8985502346085517
338,988.0,0.5073905368804899,0.5073905368804899,0.5073905368804899,0.4554704375205862,0.4554704375205862,0.4554704375205862
339,1040.0,0.01906467324510853,0.01906467324510853,0.01906467324510853,0.01569809090342306,0.01569809090342306,0.01569809090342306
340,52.0,0.13427470239884132,0.13427470239884132,0.13427470239884132,0.15619338806587404,0.15619338806587404,0.15619338806587404
341,104.0,0.16675154027391112,0.16675154027391112,0.16675154027391112,0.14657213568387656,0.14657213568387656,0.14657213568387656
342,156.0,0.041492036881810565,0.041492036881810565,0.041492036881810565,0.044799785561064856,0.044799785561064856,0.044799785561064856
343,208.0,0.2304681666465511,0.2304681666465511,0.2304681666465511,0.2716668933633081,0.2716668933633081,0.2716668933633081
344,260.0,25.218516638943605,25.218516638943605,25.218516638943605,99.9739781494867,99.9739781494867,99.9739781494867
345,312.0,0.26001654129293716,0.26001654129293716,0.26001654129293716,0.248134663014412,0.248134663014412,0.248134663014412
346,364.0,0.3742964286035325,0.3742964286035325,0.3742964286035325,0.3796149119958656,0.3796149119958656,0.3796149119958656
347,416.0,0.04262295081967213,0.04262295081967213,0.04262295081967213,0.04080623488309593,0.04080623488309593,0.04080623488309593
348,468.0,0.12534059945504086,0.12534059945504086,0.12534059945504086,0.1273415052454172,0.1273415052454172,0.1273415052454172
349,520.0,0.1335203366058906,0.1335203366058906,0.1335203366058906,0.1336449704840382,0.1336449704840382,0.1336449704840382
350,572.0,0.32040129086609964,0.32040129086609964,0.32040129086609964,0.5943807543619133,0.5943807543619133,0.5943807543619133
351,624.0,111.20477983216652,111.20477983216652,111.20477983216652,92.74269942075028,92.74269942075028,92.74269942075028
352,676.0,0.45539376885120814,0.45539376885120814,0.45539376885120814,0.5457535427265664,0.5457535427265664,0.5457535427265664
353,728.0,0.3983050847457627,0.3983050847457627,0.3983050847457627,0.38009397956252305,0.38009397956252305,0.38009397956252305
354,780.0,0.03480278422273782,0.03480278422273782,0.03480278422273782,0.03359155043308337,0.03359155043308337,0.03359155043308337
355,832.0,0.04844290657439446,0.04844290657439446,0.04844290657439446,0.04609619137701896,0.04609619137701896,0.04609619137701896
356,884.0,0.24223681657865775,0.24223681657865775,0.24223681657865775,0.31623524887951676,0.31623524887951676,0.31623524887951676
357,936.0,0.007329842931937173,0.007329842931937173,0.007329842931937173,0.007276116334530304,0.007276116334530304,0.007276116334530304
358,988.0,0.7398367265918248,0.7398367265918248,0.7398367265918248,0.8323932132628304,0.8323932132628304,0.8323932132628304
359,1040.0,0.0953757225433526,0.0953757225433526,0.0953757225433526,0.3521751478499116,0.3521751478499116,0.3521751478499116
360,52.0,0.6560099475413157,0.6560099475413157,0.6560099475413157,1.3418602895598328,1.3418602895598328,1.3418602895598328
361,104.0,0.3711077182717905,0.3711077182717905,0.3711077182717905,0.3363909008937344,0.3363909008937344,0.3363909008937344
362,156.0,0.06523855890944498,0.06523855890944498,0.06523855890944498,0.06731160326491449,0.06731160326491449,0.06731160326491449
363,208.0,0.40397350993377484,0.40397350993377484,0.40397350993377484,0.3268716284373493,0.3268716284373493,0.3268716284373493
364,260.0,0.25531221987777614,0.25531221987777614,0.25531221987777614,0.4118710543112687,0.4118710543112687,0.4118710543112687
365,312.0,0.0,0.0,0.0,0.0,0.0,0.0
366,364.0,0.9355693669513785,0.9355693669513785,0.9355693669513785,3.1830512167407146,3.1830512167407146,3.1830512167407146
367,416.0,0.17328351237739373,0.17328351237739373,0.17328351237739373,0.14605876548714944,0.14605876548714944,0.14605876548714944
368,468.0,0.4056927181302874,0.4056927181302874,0.4056927181302874,8.23321541797925,8.23321541797925,8.23321541797925
369,520.0,0.6088971269694161,0.6088971269694161,0.6088971269694161,0.6273907206497624,0.6273907206497624,0.6273907206497624
370,572.0,0.2694096550390161,0.2694096550390161,0.2694096550390161,0.3691562217105473,0.3691562217105473,0.3691562217105473
371,624.0,0.836816633293077,0.836816633293077,0.836816633293077,1.1197938185526835,1.1197938185526835,1.1197938185526835
372,676.0,0.32554877573957763,0.32554877573957763,0.32554877573957763,0.5069424478884332,0.5069424478884332,0.5069424478884332
373,728.0,0.5698823994632398,0.5698823994632398,0.5698823994632398,0.5052038902287004,0.5052038902287004,0.5052038902287004
374,780.0,0.15194805194805194,0.15194805194805194,0.15194805194805194,0.14963906223646486,0.14963906223646486,0.14963906223646486
375,832.0,0.18824239983893698,0.18824239983893698,0.18824239983893698,0.18542245946257174,0.18542245946257174,0.18542245946257174
376,884.0,0.04023762494827313,0.04023762494827313,0.04023762494827313,0.04104952419982694,0.04104952419982694,0.04104952419982694
377,936.0,0.1605062839182326,0.1605062839182326,0.1605062839182326,0.27450155808471166,0.27450155808471166,0.27450155808471166
378,988.0,0.07359915810346121,0.07359915810346121,0.07359915810346121,0.07322027448378209,0.07322027448378209,0.07322027448378209
379,1040.0,0.13316095669036845,0.13316095669036845,0.13316095669036845,0.14257843757064262,0.14257843757064262,0.14257843757064262
380,52.0,0.14366950384357416,0.14366950384357416,0.14366950384357416,0.1399936279660256,0.1399936279660256,0.1399936279660256
381,104.0,0.7427866322559342,0.7427866322559342,0.7427866322559342,0.7769114190069379,0.7769114190069379,0.7769114190069379
382,156.0,0.023032143761073147,0.023032143761073147,0.023032143761073147,0.023007865076624237,0.023007865076624237,0.023007865076624237
383,208.0,0.15487117865841868,0.15487117865841868,0.15487117865841868,0.16195202869258118,0.16195202869258118,0.16195202869258118
384,260.0,0.06798454197676007,0.06798454197676007,0.06798454197676007,0.07214151051558983,0.07214151051558983,0.07214151051558983
385,312.0,0.06541764258774546,0.06541764258774546,0.06541764258774546,0.07206428859930639,0.07206428859930639,0.07206428859930639
386,364.0,22.91237830319889,22.91237830319889,22.91237830319889,22.45546569276986,22.45546569276986,22.45546569276986
387,416.0,0.1270358306188925,0.1270358306188925,0.1270358306188925,0.12392704431877259,0.12392704431877259,0.12392704431877259
388,468.0,0.0862186503991809,0.0862186503991809,0.0862186503991809,0.08933929559177088,0.08933929559177088,0.08933929559177088
389,520.0,77.73963722463823,77.73963722463823,77.73963722463823,66.768512050528,66.768512050528,66.768512050528
390,572.0,0.15419452232046582,0.15419452232046582,0.15419452232046582,0.16794283298271875,0.16794283298271875,0.16794283298271875
391,624.0,0.24899444236726279,0.24899444236726279,0.24899444236726279,0.4697360303706232,0.4697360303706232,0.4697360303706232
392,676.0,64.88111549646554,64.88111549646554,64.88111549646554,59.591729383545214,59.591729383545214,59.591729383545214
393,728.0,0.04807692307692308,0.04807692307692308,0.04807692307692308,0.04576553254437869,0.04576553254437869,0.04576553254437869
394,780.0,86.40904747345996,86.40904747345996,86.40904747345996,99.09275752021364,99.09275752021364,99.09275752021364
395,832.0,0.18450184501845018,0.18450184501845018,0.18450184501845018,0.22109876343887322,0.22109876343887322,0.22109876343887322
396,884.0,0.07639208467556374,0.07639208467556374,0.07639208467556374,0.0751582668862662,0.0751582668862662,0.0751582668862662
397,936.0,0.007757404795486601,0.007757404795486601,0.007757404795486601,0.007697227466325565,0.007697227466325565,0.007697227466325565
398,988.0,137.89508928772514,137.89508928772514,137.89508928772514,121.39042074546407,121.39042074546407,121.39042074546407
399,1040.0,0.12058663769690385,0.12058663769690385,0.12058663769690385,0.10821823271661453,0.10821823271661453,0.10821823271661453
400,52.0,6.400542189088444,6.400542189088444,6.400542189088444,5.71486246441798,5.71486246441798,5.71486246441798
401,104.0,0.2,0.2,0.2,0.2933333333333334,0.2933333333333334,0.2933333333333334
402,156.0,0.060948081264108354,0.060948081264108354,0.060948081264108354,0.057233412654331996,0.057233412654331996,0.057233412654331996
403,208.0,0.16210526315789472,0.16210526315789472,0.16210526315789472,0.2053008310249307,0.2053008310249307,0.2053008310249307
404,260.0,0.5081325694646419,0.5081325694646419,0.5081325694646419,0.6597984994345597,0.6597984994345597,0.6597984994345597
405,312.0,0.2676998014094215,0.2676998014094215,0.2676998014094215,0.6321210432364816,0.6321210432364816,0.6321210432364816
406,364.0,0.07875994589275362,0.07875994589275362,0.07875994589275362,0.07864253589031786,0.07864253589031786,0.07864253589031786
407,416.0,0.3045199806076631,0.3045199806076631,0.3045199806076631,0.5920136567914945,0.5920136567914945,0.5920136567914945
408,468.0,0.10216635464027815,0.10216635464027815,0.10216635464027815,0.097077414422951,0.097077414422951,0.097077414422951
409,520.0,11.683563896648224,11.683563896648224,11.683563896648224,12.795936532956922,12.795936532956922,12.795936532956922
410,572.0,0.06344086021505377,0.06344086021505377,0.06344086021505377,0.06013296334836397,0.06013296334836397,0.06013296334836397
411,624.0,0.11705463474785853,0.11705463474785853,0.11705463474785853,0.11154624355213062,0.11154624355213062,0.11154624355213062
412,676.0,0.10130560928433269,0.10130560928433269,0.10130560928433269,0.10845090660296533,0.10845090660296533,0.10845090660296533
413,728.0,0.3821394761754497,0.3821394761754497,0.3821394761754497,0.6015238543236132,0.6015238543236132,0.6015238543236132
414,780.0,0.18197135636057288,0.18197135636057288,0.18197135636057288,0.15054270179116783,0.15054270179116783,0.15054270179116783
415,832.0,0.03872576273542345,0.03872576273542345,0.03872576273542345,0.03880518293051025,0.03880518293051025,0.03880518293051025
416,884.0,0.006213592233009709,0.006213592233009709,0.006213592233009709,0.00617498350457159,0.00617498350457159,0.00617498350457159
417,936.0,0.10977938739659504,0.10977938739659504,0.10977938739659504,0.11079221419374398,0.11079221419374398,0.11079221419374398
418,988.0,0.09667793949667648,0.09667793949667648,0.09667793949667648,0.1256399262276792,0.1256399262276792,0.1256399262276792
419,1040.0,0.950408079192069,0.950408079192069,0.950408079192069,1.0617780136272843,1.0617780136272843,1.0617780136272843
420,52.0,0.2952169358067057,0.2952169358067057,0.2952169358067057,0.4263696527270381,0.4263696527270381,0.4263696527270381
421,104.0,0.243571752859302,0.243571752859302,0.243571752859302,0.4430285731631743,0.4430285731631743,0.4430285731631743
422,156.0,12.358305648754078,12.358305648754078,12.358305648754078,14.862515960622366,14.862515960622366,14.862515960622366
423,208.0,0.2779833262109113,0.2779833262109113,0.2779833262109113,0.4246186855660837,0.4246186855660837,0.4246186855660837
424,260.0,0.4434606785825041,0.4434606785825041,0.4434606785825041,0.4936333675445535,0.4936333675445535,0.4936333675445535
425,312.0,0.32861176712151297,0.32861176712151297,0.32861176712151297,0.3977147616662807,0.3977147616662807,0.3977147616662807
426,364.0,0.19246791293592616,0.19246791293592616,0.19246791293592616,0.23217026007740066,0.23217026007740066,0.23217026007740066
427,416.0,0.041740674955595025,0.041740674955595025,0.041740674955595025,0.04044244074341653,0.04044244074341653,0.04044244074341653
428,468.0,0.07155888911412933,0.07155888911412933,0.07155888911412933,0.07008710969850239,0.07008710969850239,0.07008710969850239
429,520.0,0.06542056074766354,0.06542056074766354,0.06542056074766354,0.07360177016915598,0.07360177016915598,0.07360177016915598
430,572.0,0.4110169491525424,0.4110169491525424,0.4110169491525424,0.4878447285262856,0.4878447285262856,0.4878447285262856
431,624.0,0.3444176538769776,0.3444176538769776,0.3444176538769776,0.35054915721469343,0.35054915721469343,0.35054915721469343
432,676.0,101.983428756568,101.983428756568,101.983428756568,108.56360265532044,108.56360265532044,108.56360265532044
433,728.0,0.20276059019514517,0.20276059019514517,0.20276059019514517,0.26540884749017996,0.26540884749017996,0.26540884749017996
434,780.0,0.21386057778254053,0.21386057778254053,0.21386057778254053,0.17643680200062767,0.17643680200062767,0.17643680200062767
435,832.0,0.010170722847802398,0.010170722847802398,0.010170722847802398,0.010793759447970043,0.010793759447970043,0.010793759447970043
436,884.0,0.050505050505050504,0.050505050505050504,0.050505050505050504,0.05199469441893683,0.05199469441893683,0.05199469441893683
437,936.0,0.21999117387466902,0.21999117387466902,0.21999117387466902,0.23514315967496802,0.23514315967496802,0.23514315967496802
438,988.0,0.21029243741943413,0.21029243741943413,0.21029243741943413,0.31990666511429827,0.31990666511429827,0.31990666511429827
439,1040.0,68.18963458323383,68.18963458323383,68.18963458323383,63.6000549655869,63.6000549655869,63.6000549655869
440,52.0,3.19287913099233,3.19287913099233,3.19287913099233,8.339773436184775,8.339773436184775,8.339773436184775
441,104.0,2.341538327398133,2.341538327398133,2.341538327398133,14.084277945444205,14.084277945444205,14.084277945444205
442,156.0,5.416067620402466,5.416067620402466,5.416067620402466,18.875156683703104,18.875156683703104,18.875156683703104
443,208.0,0.05417986663322881,0.05417986663322881,0.05417986663322881,0.051557789068327996,0.051557789068327996,0.051557789068327996
444,260.0,0.2212871287128713,0.2212871287128713,0.2212871287128713,0.21835873933928043,0.21835873933928043,0.21835873933928043
445,312.0,0.15038759689922482,0.15038759689922482,0.15038759689922482,0.1347479117841476,0.1347479117841476,0.1347479117841476
446,364.0,0.07854454203262233,0.07854454203262233,0.07854454203262233,0.07237529694950794,0.07237529694950794,0.07237529694950794
447,416.0,0.1287712710339471,0.1287712710339471,0.1287712710339471,0.12523650478375722,0.12523650478375722,0.12523650478375722
448,468.0,0.14233906139374516,0.14233906139374516,0.14233906139374516,0.15833527190919253,0.15833527190919253,0.15833527190919253
449,520.0,0.1050228310502283,0.1050228310502283,0.1050228310502283,0.13052271637372037,0.13052271637372037,0.13052271637372037
450,572.0,0.1390532544378698,0.1390532544378698,0.1390532544378698,0.12740975456041456,0.12740975456041456,0.12740975456041456
451,624.0,0.34014249149069,0.34014249149069,0.34014249149069,0.4338280231860884,0.4338280231860884,0.4338280231860884
452,676.0,0.32148596309828076,0.32148596309828076,0.32148596309828076,0.4871967826860811,0.4871967826860811,0.4871967826860811
453,728.0,0.1416490486257928,0.1416490486257928,0.1416490486257928,0.24843448994095543,0.24843448994095543,0.24843448994095543
454,780.0,0.42577854714497554,0.42577854714497554,0.42577854714497554,0.4197676901378541,0.4197676901378541,0.4197676901378541
455,832.0,0.2894044246393036,0.2894044246393036,0.2894044246393036,0.2694586620041893,0.2694586620041893,0.2694586620041893
456,884.0,0.16301973555139065,0.16301973555139065,0.16301973555139065,0.20086084968150744,0.20086084968150744,0.20086084968150744
457,936.0,1.3011885887919528,1.3011885887919528,1.3011885887919528,1.1279597922757576,1.1279597922757576,1.1279597922757576
458,988.0,0.10702099297900779,0.10702099297900779,0.10702099297900779,0.12019406534025223,0.12019406534025223,0.12019406534025223
459,1040.0,0.11407942238267148,0.11407942238267148,0.11407942238267148,0.10323137275345699,0.10323137275345699,0.10323137275345699
460,52.0,0.35941667045182457,0.35941667045182457,0.35941667045182457,0.4730395576294799,0.4730395576294799,0.4730395576294799
461,104.0,0.0017346053772766695,0.0017346053772766695,0.0017346053772766695,0.0017315965214617921,0.0017315965214617921,0.0017315965214617921
462,156.0,0.3865687112411372,0.3865687112411372,0.3865687112411372,0.508265373737257,0.508265373737257,0.508265373737257
463,208.0,0.2590170764433139,0.2590170764433139,0.2590170764433139,0.32915597054525453,0.32915597054525453,0.32915597054525453
464,260.0,0.20833333333333334,0.20833333333333334,0.20833333333333334,0.2028093434343434,0.2028093434343434,0.2028093434343434
465,312.0,0.24752756640328963,0.24752756640328963,0.24752756640328963,0.2304019480153298,0.2304019480153298,0.2304019480153298
466,364.0,0.13234918446858582,0.13234918446858582,0.13234918446858582,0.12454776473832682,0.12454776473832682,0.12454776473832682
467,416.0,0.47682013921684807,0.47682013921684807,0.47682013921684807,0.4923537060444854,0.4923537060444854,0.4923537060444854
468,468.0,0.6228720408996502,0.6228720408996502,0.6228720408996502,0.8299994223930626,0.8299994223930626,0.8299994223930626
469,520.0,68.69563743579863,68.69563743579863,68.69563743579863,90.82853270691477,90.82853270691477,90.82853270691477
470,572.0,0.16304895504371575,0.16304895504371575,0.16304895504371575,0.1735342040678211,0.1735342040678211,0.1735342040678211
471,624.0,0.23486133127155343,0.23486133127155343,0.23486133127155343,0.22433666626176554,0.22433666626176554,0.22433666626176554
472,676.0,0.3,0.3,0.3,0.24999999999999992,0.24999999999999992,0.24999999999999992
473,728.0,0.15959302325581395,0.15959302325581395,0.15959302325581395,0.13644867157923202,0.13644867157923202,0.13644867157923202
474,780.0,0.8680864278510295,0.8680864278510295,0.8680864278510295,1.2196079638092785,1.2196079638092785,1.2196079638092785
475,832.0,0.1835511982570806,0.1835511982570806,0.1835511982570806,0.21413030838091712,0.21413030838091712,0.21413030838091712
476,884.0,0.17534537725823593,0.17534537725823593,0.17534537725823593,0.17860575212793953,0.17860575212793953,0.17860575212793953
477,936.0,0.045834218952412936,0.045834218952412936,0.045834218952412936,0.05564351934001707,0.05564351934001707,0.05564351934001707
478,988.0,0.18837535014005602,0.18837535014005602,0.18837535014005602,0.2383242512691351,0.2383242512691351,0.2383242512691351
479,1040.0,0.13684218088595362,0.13684218088595362,0.13684218088595362,0.17545906101839093,0.17545906101839093,0.17545906101839093
480,52.0,0.2097526250753679,0.2097526250753679,0.2097526250753679,0.22544810371292306,0.22544810371292306,0.22544810371292306
481,104.0,0.048628428927680795,0.048628428927680795,0.048628428927680795,0.05125123599977611,0.05125123599977611,0.05125123599977611
482,156.0,6.968189113994018,6.968189113994018,6.968189113994018,10.323393665691517,10.323393665691517,10.323393665691517
483,208.0,0.009419374722210133,0.009419374722210133,0.009419374722210133,0.007486795357919135,0.007486795357919135,0.007486795357919135
484,260.0,0.4184027777777778,0.4184027777777778,0.4184027777777778,0.3764437451774692,0.3764437451774692,0.3764437451774692
485,312.0,0.22832867167506296,0.22832867167506296,0.22832867167506296,0.22701270447872027,0.22701270447872027,0.22701270447872027
486,364.0,0.19283515253288552,0.19283515253288552,0.19283515253288552,0.1841971956072885,0.1841971956072885,0.1841971956072885
487,416.0,0.25753418379111864,0.25753418379111864,0.25753418379111864,0.19805204632190673,0.19805204632190673,0.19805204632190673
488,468.0,0.17351704810836058,0.17351704810836058,0.17351704810836058,0.14807959674345822,0.14807959674345822,0.14807959674345822
489,520.0,0.1555793746737713,0.1555793746737713,0.1555793746737713,0.1541155191776365,0.1541155191776365,0.1541155191776365
490,572.0,0.3477947619082322,0.3477947619082322,0.3477947619082322,0.3580162941648034,0.3580162941648034,0.3580162941648034
491,624.0,0.23975920891835195,0.23975920891835195,0.23975920891835195,0.20753574134115688,0.20753574134115688,0.20753574134115688
492,676.0,0.27378964941569284,0.27378964941569284,0.27378964941569284,0.26560684056064504,0.26560684056064504,0.26560684056064504
493,728.0,0.043707273504971327,0.043707273504971327,0.043707273504971327,0.042495284073700366,0.042495284073700366,0.042495284073700366
494,780.0,0.04412811387900356,0.04412811387900356,0.04412811387900356,0.0585509302060511,0.0585509302060511,0.0585509302060511
495,832.0,0.376787552706218,0.376787552706218,0.376787552706218,0.3955193410081205,0.3955193410081205,0.3955193410081205
496,884.0,0.15500313945261365,0.15500313945261365,0.15500313945261365,0.4464963995209027,0.4464963995209027,0.4464963995209027
497,936.0,0.2566815144766147,0.2566815144766147,0.2566815144766147,0.2431346446694213,0.2431346446694213,0.2431346446694213
498,988.0,0.3251458408992124,0.3251458408992124,0.3251458408992124,0.47863076141308575,0.47863076141308575,0.47863076141308575
499,1040.0,0.11441441441441441,0.11441441441441441,0.11441441441441441,0.11573817060303548,0.11573817060303548,0.11573817060303548
500,52.0,0.27720948280320434,0.27720948280320434,0.27720948280320434,0.28201335408902395,0.28201335408902395,0.28201335408902395
501,104.0,0.5033398767882736,0.5033398767882736,0.5033398767882736,0.6651043067706485,0.6651043067706485,0.6651043067706485
502,156.0,0.5691033086621573,0.5691033086621573,0.5691033086621573,0.6448494614118925,0.6448494614118925,0.6448494614118925
503,208.0,0.43815792470390075,0.43815792470390075,0.43815792470390075,0.9252393259082506,0.9252393259082506,0.9252393259082506
504,260.0,0.4865055225699249,0.4865055225699249,0.4865055225699249,0.6016270683967522,0.6016270683967522,0.6016270683967522
505,312.0,0.17513943598839135,0.17513943598839135,0.17513943598839135,0.15054800095167079,0.15054800095167079,0.15054800095167079
506,364.0,0.10238310148320767,0.10238310148320767,0.10238310148320767,0.10960812626244593,0.10960812626244593,0.10960812626244593
507,416.0,0.1956253047977324,0.1956253047977324,0.1956253047977324,0.22090078836248678,0.22090078836248678,0.22090078836248678
508,468.0,0.13207944253596815,0.13207944253596815,0.13207944253596815,0.1702608549776511,0.1702608549776511,0.1702608549776511
509,520.0,0.28046930832427536,0.28046930832427536,0.28046930832427536,0.3385698874079216,0.3385698874079216,0.3385698874079216
510,572.0,0.23720496812854855,0.23720496812854855,0.23720496812854855,0.25381514480543316,0.25381514480543316,0.25381514480543316
511,624.0,0.8421600923512056,0.8421600923512056,0.8421600923512056,1.9463999138855195,1.9463999138855195,1.9463999138855195
512,676.0,0.14998599378471722,0.14998599378471722,0.14998599378471722,0.17078457350344303,0.17078457350344303,0.17078457350344303
513,728.0,0.07977828847984289,0.07977828847984289,0.07977828847984289,0.07357497904851776,0.07357497904851776,0.07357497904851776
514,780.0,0.603094449941315,0.603094449941315,0.603094449941315,0.6179532710628026,0.6179532710628026,0.6179532710628026
515,832.0,0.08174386920980926,0.08174386920980926,0.08174386920980926,0.08051140033707284,0.08051140033707284,0.08051140033707284
516,884.0,0.5738276609059467,0.5738276609059467,0.5738276609059467,1.5639305287594272,1.5639305287594272,1.5639305287594272
517,936.0,0.15131094026139832,0.15131094026139832,0.15131094026139832,0.1612876583853755,0.1612876583853755,0.1612876583853755
518,988.0,0.03767958341337453,0.03767958341337453,0.03767958341337453,0.05306030255689032,0.05306030255689032,0.05306030255689032
519,1040.0,0.32044839582528023,0.32044839582528023,0.32044839582528023,0.3198099265020652,0.3198099265020652,0.3198099265020652
520,52.0,0.5281347369324983,0.5281347369324983,0.5281347369324983,0.7304036811106105,0.7304036811106105,0.7304036811106105
521,104.0,0.17123935666982024,0.17123935666982024,0.17123935666982024,0.1419164393971263,0.1419164393971263,0.1419164393971263
522,156.0,0.24273255813953487,0.24273255813953487,0.24273255813953487,0.24970493622678927,0.24970493622678927,0.24970493622678927
523,208.0,0.18375350140056024,0.18375350140056024,0.18375350140056024,0.1550301689303172,0.1550301689303172,0.1550301689303172
524,260.0,1.428640437317572,1.428640437317572,1.428640437317572,2.4356453625485393,2.4356453625485393,2.4356453625485393
525,312.0,0.33000509008896955,0.33000509008896955,0.33000509008896955,0.77360828934167,0.77360828934167,0.77360828934167
526,364.0,0.8127967423307422,0.8127967423307422,0.8127967423307422,0.7296783788536281,0.7296783788536281,0.7296783788536281
527,416.0,0.08181850652388789,0.08181850652388789,0.08181850652388789,0.08385880868417342,0.08385880868417342,0.08385880868417342
528,468.0,0.29331798134147674,0.29331798134147674,0.29331798134147674,1.7220130949131054,1.7220130949131054,1.7220130949131054
529,520.0,0.06450593950644402,0.06450593950644402,0.06450593950644402,0.19839002865320873,0.19839002865320873,0.19839002865320873
530,572.0,0.21108742004264391,0.21108742004264391,0.21108742004264391,0.20917344438332247,0.20917344438332247,0.20917344438332247
531,624.0,0.06010137581462708,0.06010137581462708,0.06010137581462708,0.06083387820954812,0.06083387820954812,0.06083387820954812
532,676.0,32.14704090186164,32.14704090186164,32.14704090186164,62.33782496803334,62.33782496803334,62.33782496803334
533,728.0,0.2342838378377987,0.2342838378377987,0.2342838378377987,0.19360518996830475,0.19360518996830475,0.19360518996830475
534,780.0,0.14015645371577576,0.14015645371577576,0.14015645371577576,0.12116451267999231,0.12116451267999231,0.12116451267999231
535,832.0,2.8762686429525925,2.8762686429525925,2.8762686429525925,46.503595805227604,46.503595805227604,46.503595805227604
536,884.0,0.32960705595740847,0.32960705595740847,0.32960705595740847,0.393792526387512,0.393792526387512,0.393792526387512
537,936.0,0.15482093663911844,0.15482093663911844,0.15482093663911844,0.15288998171041748,0.15288998171041748,0.15288998171041748
538,988.0,0.328125,0.328125,0.328125,0.470458984375,0.470458984375,0.470458984375
539,1040.0,0.3604587578422597,0.3604587578422597,0.3604587578422597,0.35348722806284594,0.35348722806284594,0.35348722806284594
540,52.0,0.12499904376674917,0.12499904376674917,0.12499904376674917,0.1309609620581395,0.1309609620581395,0.1309609620581395
541,104.0,0.20879850743916883,0.20879850743916883,0.20879850743916883,0.23954925733506952,0.23954925733506952,0.23954925733506952
542,156.0,0.1565217391304348,0.1565217391304348,0.1565217391304348,0.1320226843100189,0.1320226843100189,0.1320226843100189
543,208.0,0.00784313725490196,0.00784313725490196,0.00784313725490196,0.007781622452902729,0.007781622452902729,0.007781622452902729
544,260.0,6.48424670246046,6.48424670246046,6.48424670246046,11.612644913088946,11.612644913088946,11.612644913088946
545,312.0,1.0018584842151832,1.0018584842151832,1.0018584842151832,1.7998768542953134,1.7998768542953134,1.7998768542953134
546,364.0,0.11257768578060143,0.11257768578060143,0.11257768578060143,0.22375478587203684,0.22375478587203684,0.22375478587203684
547,416.0,0.04597701149425287,0.04597701149425287,0.04597701149425287,0.04386312590831023,0.04386312590831023,0.04386312590831023
548,468.0,0.12053699186602823,0.12053699186602823,0.12053699186602823,0.19961231375844674,0.19961231375844674,0.19961231375844674
549,520.0,0.11513687600644122,0.11513687600644122,0.11513687600644122,0.10724806231702541,0.10724806231702541,0.10724806231702541
550,572.0,0.197090184125809,0.197090184125809,0.197090184125809,0.19119657824810754,0.19119657824810754,0.19119657824810754
551,624.0,52.33099133238342,52.33099133238342,52.33099133238342,791.4827916548048,791.4827916548048,791.4827916548048
552,676.0,0.5751017013940052,0.5751017013940052,0.5751017013940052,0.6919162270269101,0.6919162270269101,0.6919162270269101
553,728.0,0.0012468827930174563,0.0012468827930174563,0.0012468827930174563,0.0012453280763179328,0.0012453280763179328,0.0012453280763179328
554,780.0,0.12956810631229235,0.12956810631229235,0.12956810631229235,0.1327137669562146,0.1327137669562146,0.1327137669562146
555,832.0,0.0533515731874145,0.0533515731874145,0.0533515731874145,0.05187317188193002,0.05187317188193002,0.05187317188193002
556,884.0,0.36154244357755894,0.36154244357755894,0.36154244357755894,0.5784119229735164,0.5784119229735164,0.5784119229735164
557,936.0,0.11208187718422366,0.11208187718422366,0.11208187718422366,0.11699331930711022,0.11699331930711022,0.11699331930711022
558,988.0,0.2741937680064559,0.2741937680064559,0.2741937680064559,0.26664274455102926,0.26664274455102926,0.26664274455102926
559,1040.0,0.7194208989926726,0.7194208989926726,0.7194208989926726,0.918656620294063,0.918656620294063,0.918656620294063
560,52.0,0.04569115095430885,0.04569115095430885,0.04569115095430885,0.048230421674152445,0.048230421674152445,0.048230421674152445
561,104.0,0.03877551020408163,0.03877551020408163,0.03877551020408163,0.04492503123698459,0.04492503123698459,0.04492503123698459
562,156.0,0.3542493235269735,0.3542493235269735,0.3542493235269735,0.48143500105509357,0.48143500105509357,0.48143500105509357
563,208.0,0.022782750203417412,0.022782750203417412,0.022782750203417412,0.022263696496586098,0.022263696496586098,0.022263696496586098
564,260.0,0.6497620730318456,0.6497620730318456,0.6497620730318456,0.7353599391059141,0.7353599391059141,0.7353599391059141
565,312.0,0.2546412531632338,0.2546412531632338,0.2546412531632338,0.30863250748497284,0.30863250748497284,0.30863250748497284
566,364.0,0.2046612095903527,0.2046612095903527,0.2046612095903527,0.2002864767735333,0.2002864767735333,0.2002864767735333
567,416.0,0.5764826194479077,0.5764826194479077,0.5764826194479077,1.1530691038021406,1.1530691038021406,1.1530691038021406
568,468.0,0.2501620502254388,0.2501620502254388,0.2501620502254388,0.26444276238781406,0.26444276238781406,0.26444276238781406
569,520.0,0.1544493692465053,0.1544493692465053,0.1544493692465053,0.14218698797522436,0.14218698797522436,0.14218698797522436
570,572.0,0.06987951807228916,0.06987951807228916,0.06987951807228916,0.06499637102627376,0.06499637102627376,0.06499637102627376
571,624.0,10.09953050044644,10.09953050044644,10.09953050044644,51.43248279088016,51.43248279088016,51.43248279088016
572,676.0,0.2755598831548199,0.2755598831548199,0.2755598831548199,0.33010375176941187,0.33010375176941187,0.33010375176941187
573,728.0,0.20271929839248534,0.20271929839248534,0.20271929839248534,0.19229250408962237,0.19229250408962237,0.19229250408962237
574,780.0,0.0734839894059417,0.0734839894059417,0.0734839894059417,0.06632797332176765,0.06632797332176765,0.06632797332176765
575,832.0,0.476313310573284,0.476313310573284,0.476313310573284,0.4694787080569151,0.4694787080569151,0.4694787080569151
576,884.0,0.627328373361671,0.627328373361671,0.627328373361671,4.052413705538621,4.052413705538621,4.052413705538621
577,936.0,0.17333618357922015,0.17333618357922015,0.17333618357922015,0.21099732580476102,0.21099732580476102,0.21099732580476102
578,988.0,0.17608695652173914,0.17608695652173914,0.17608695652173914,0.2233412098298677,0.2233412098298677,0.2233412098298677
579,1040.0,0.2643415377843895,0.2643415377843895,0.2643415377843895,0.2656733681251831,0.2656733681251831,0.2656733681251831
580,52.0,0.08579335793357934,0.08579335793357934,0.08579335793357934,0.08489042224370583,0.08489042224370583,0.08489042224370583
581,104.0,0.06673866090712743,0.06673866090712743,0.06673866090712743,0.0657403355895675,0.0657403355895675,0.0657403355895675
582,156.0,0.7555128716340183,0.7555128716340183,0.7555128716340183,1.6256791523068768,1.6256791523068768,1.6256791523068768
583,208.0,0.1872852233676976,0.1872852233676976,0.1872852233676976,0.17454623823525942,0.17454623823525942,0.17454623823525942
584,260.0,0.1151268549545237,0.1151268549545237,0.1151268549545237,0.10713833958039112,0.10713833958039112,0.10713833958039112
585,312.0,0.17381888702369452,0.17381888702369452,0.17381888702369452,0.13666419828101437,0.13666419828101437,0.13666419828101437
586,364.0,0.29261363636363635,0.29261363636363635,0.29261363636363635,0.3149454416322314,0.3149454416322314,0.3149454416322314
587,416.0,0.18077389641108918,0.18077389641108918,0.18077389641108918,0.2529163272512213,0.2529163272512213,0.2529163272512213
588,468.0,0.07898192635976031,0.07898192635976031,0.07898192635976031,0.07746086238236966,0.07746086238236966,0.07746086238236966
589,520.0,0.33629877079141396,0.33629877079141396,0.33629877079141396,0.2744979806968665,0.2744979806968665,0.2744979806968665
590,572.0,0.14034587137275395,0.14034587137275395,0.14034587137275395,0.1441075503120901,0.1441075503120901,0.1441075503120901
591,624.0,0.10088665228852145,0.10088665228852145,0.10088665228852145,0.10748303843434759,0.10748303843434759,0.10748303843434759
592,676.0,71.3266426191443,71.3266426191443,71.3266426191443,501.49218322025166,501.49218322025166,501.49218322025166
593,728.0,0.059677098178411,0.059677098178411,0.059677098178411,0.062387683942690404,0.062387683942690404,0.062387683942690404
594,780.0,0.4717514124293785,0.4717514124293785,0.4717514124293785,0.5712359156053497,0.5712359156053497,0.5712359156053497
595,832.0,0.19119878603945373,0.19119878603945373,0.19119878603945373,0.25175865395907254,0.25175865395907254,0.25175865395907254
596,884.0,0.04807692307692308,0.04807692307692308,0.04807692307692308,0.045765532544378686,0.045765532544378686,0.045765532544378686
597,936.0,0.132903981264637,0.132903981264637,0.132903981264637,0.11524051302864603,0.11524051302864603,0.11524051302864603
598,988.0,0.2471042471042471,0.2471042471042471,0.2471042471042471,0.34820590032945253,0.34820590032945253,0.34820590032945253
599,1040.0,0.17427385892116182,0.17427385892116182,0.17427385892116182,0.15773373966242546,0.15773373966242546,0.15773373966242546
600,52.0,0.16778523489932887,0.16778523489932887,0.16778523489932887,0.2470159001846763,0.2470159001846763,0.2470159001846763
601,104.0,0.25094318606802574,0.25094318606802574,0.25094318606802574,0.2532940087918262,0.2532940087918262,0.2532940087918262
602,156.0,0.20493002933945664,0.20493002933945664,0.20493002933945664,0.19932106768182947,0.19932106768182947,0.19932106768182947
603,208.0,0.07716049382716049,0.07716049382716049,0.07716049382716049,0.0835524310318549,0.0835524310318549,0.0835524310318549
604,260.0,0.33881565846510536,0.33881565846510536,0.33881565846510536,0.3529578616715982,0.3529578616715982,0.3529578616715982
605,312.0,0.3816426784189998,0.3816426784189998,0.3816426784189998,0.41614527698578246,0.41614527698578246,0.41614527698578246
606,364.0,0.01775147928994083,0.01775147928994083,0.01775147928994083,0.017436364272959633,0.017436364272959633,0.017436364272959633
607,416.0,1.6465761747347651,1.6465761747347651,1.6465761747347651,3.2925887558653755,3.2925887558653755,3.2925887558653755
608,468.0,23.047319596202104,23.047319596202104,23.047319596202104,62.07888856748851,62.07888856748851,62.07888856748851
609,520.0,0.1565039595793636,0.1565039595793636,0.1565039595793636,0.20558616287733442,0.20558616287733442,0.20558616287733442
610,572.0,0.06499261447562776,0.06499261447562776,0.06499261447562776,0.06372278428814235,0.06372278428814235,0.06372278428814235
611,624.0,0.5443715599168865,0.5443715599168865,0.5443715599168865,0.5019451770373673,0.5019451770373673,0.5019451770373673
612,676.0,0.3052720077446102,0.3052720077446102,0.3052720077446102,0.3252788874666531,0.3252788874666531,0.3252788874666531
613,728.0,0.21478161808070623,0.21478161808070623,0.21478161808070623,0.16274184291636312,0.16274184291636312,0.16274184291636312
614,780.0,0.11578044596912522,0.11578044596912522,0.11578044596912522,0.10237533430031569,0.10237533430031569,0.10237533430031569
615,832.0,0.10352362742420104,0.10352362742420104,0.10352362742420104,0.098815773069169,0.098815773069169,0.098815773069169
616,884.0,0.05167173252279635,0.05167173252279635,0.05167173252279635,0.04900176458088895,0.04900176458088895,0.04900176458088895
617,936.0,0.20920502092050208,0.20920502092050208,0.20920502092050208,0.21564748516307491,0.21564748516307491,0.21564748516307491
618,988.0,0.10164835164835165,0.10164835164835165,0.10164835164835165,0.10779948073904119,0.10779948073904119,0.10779948073904119
619,1040.0,0.23469918495213732,0.23469918495213732,0.23469918495213732,0.218756399803023,0.218756399803023,0.218756399803023
620,52.0,0.3881624663577664,0.3881624663577664,0.3881624663577664,0.44831164290570025,0.44831164290570025,0.44831164290570025
621,104.0,0.11695301034641939,0.11695301034641939,0.11695301034641939,0.12772019460910886,0.12772019460910886,0.12772019460910886
622,156.0,1.9083053773595093,1.9083053773595093,1.9083053773595093,6.6856493641740515,6.6856493641740515,6.6856493641740515
623,208.0,0.13345577944640613,0.13345577944640613,0.13345577944640613,0.16197959952847352,0.16197959952847352,0.16197959952847352
624,260.0,0.12342708081198221,0.12342708081198221,0.12342708081198221,0.12397046948686528,0.12397046948686528,0.12397046948686528
625,312.0,0.07079992784244175,0.07079992784244175,0.07079992784244175,0.0681736400181907,0.0681736400181907,0.0681736400181907
626,364.0,0.3917749669182301,0.3917749669182301,0.3917749669182301,0.46150754392416293,0.46150754392416293,0.46150754392416293
627,416.0,0.06979914082795274,0.06979914082795274,0.06979914082795274,0.056890666428441455,0.056890666428441455,0.056890666428441455
628,468.0,0.0069164265129683,0.0069164265129683,0.0069164265129683,0.00686858955725901,0.00686858955725901,0.00686858955725901
629,520.0,0.2716049382716049,0.2716049382716049,0.2716049382716049,0.26265051059289746,0.26265051059289746,0.26265051059289746
630,572.0,61.37537844290682,61.37537844290682,61.37537844290682,60.45407201346766,60.45407201346766,60.45407201346766
631,624.0,0.24023366892770096,0.24023366892770096,0.24023366892770096,0.35035614996266895,0.35035614996266895,0.35035614996266895
632,676.0,0.039821811426834046,0.039821811426834046,0.039821811426834046,0.03377918524853404,0.03377918524853404,0.03377918524853404
633,728.0,0.10374727856713595,0.10374727856713595,0.10374727856713595,0.11030835141919447,0.11030835141919447,0.11030835141919447
634,780.0,0.13429522752497225,0.13429522752497225,0.13429522752497225,0.3559936486897652,0.3559936486897652,0.3559936486897652
635,832.0,0.17736666142945978,0.17736666142945978,0.17736666142945978,0.17170380959438394,0.17170380959438394,0.17170380959438394
636,884.0,1.1986455674565848,1.1986455674565848,1.1986455674565848,24.61750044110604,24.61750044110604,24.61750044110604
637,936.0,0.34692240235688554,0.34692240235688554,0.34692240235688554,0.39598741341584487,0.39598741341584487,0.39598741341584487
638,988.0,98.166899458445,98.166899458445,98.166899458445,93.14054601035903,93.14054601035903,93.14054601035903
639,1040.0,0.4976415503569703,0.4976415503569703,0.4976415503569703,0.5436034344156818,0.5436034344156818,0.5436034344156818
640,52.0,0.12016806722689076,0.12016806722689076,0.12016806722689076,0.13766047595508793,0.13766047595508793,0.13766047595508793
641,104.0,1.114049713753416,1.114049713753416,1.114049713753416,1.2185286477634183,1.2185286477634183,1.2185286477634183
642,156.0,0.28292730009495376,0.28292730009495376,0.28292730009495376,0.267488922906433,0.267488922906433,0.267488922906433
643,208.0,0.14022169576391688,0.14022169576391688,0.14022169576391688,0.13226616026409396,0.13226616026409396,0.13226616026409396
644,260.0,0.5187845756652686,0.5187845756652686,0.5187845756652686,0.9318892562234324,0.9318892562234324,0.9318892562234324
645,312.0,0.4879469540629112,0.4879469540629112,0.4879469540629112,0.5087088305306078,0.5087088305306078,0.5087088305306078
646,364.0,10.613426289859587,10.613426289859587,10.613426289859587,13.617996625173022,13.617996625173022,13.617996625173022
647,416.0,0.14146064683363058,0.14146064683363058,0.14146064683363058,0.1269740819510631,0.1269740819510631,0.1269740819510631
648,468.0,0.5383067079463983,0.5383067079463983,0.5383067079463983,0.5271094028325994,0.5271094028325994,0.5271094028325994
649,520.0,0.07676075271234889,0.07676075271234889,0.07676075271234889,0.09679342715963109,0.09679342715963109,0.09679342715963109
650,572.0,0.08154909641956942,0.08154909641956942,0.08154909641956942,0.09536884730207296,0.09536884730207296,0.09536884730207296
651,624.0,0.043355325164938736,0.043355325164938736,0.043355325164938736,0.043360655082387206,0.043360655082387206,0.043360655082387206
652,676.0,0.29630162662857684,0.29630162662857684,0.29630162662857684,0.46664742045194385,0.46664742045194385,0.46664742045194385
653,728.0,0.027678832475592767,0.027678832475592767,0.027678832475592767,0.02883995065182097,0.02883995065182097,0.02883995065182097
654,780.0,0.21367521367521367,0.21367521367521367,0.21367521367521367,0.20220615092409966,0.20220615092409966,0.20220615092409966
655,832.0,0.07749711704910274,0.07749711704910274,0.07749711704910274,0.07641284289054408,0.07641284289054408,0.07641284289054408
656,884.0,0.01944156469774367,0.01944156469774367,0.01944156469774367,0.017544803965963092,0.017544803965963092,0.017544803965963092
657,936.0,0.3251256386559648,0.3251256386559648,0.3251256386559648,0.3417762692563316,0.3417762692563316,0.3417762692563316
658,988.0,0.06471452420170311,0.06471452420170311,0.06471452420170311,0.05615570030059892,0.05615570030059892,0.05615570030059892
659,1040.0,0.041149512919568636,0.041149512919568636,0.041149512919568636,0.047580072173811674,0.047580072173811674,0.047580072173811674
660,52.0,0.19388418998048146,0.19388418998048146,0.19388418998048146,0.16323303711937748,0.16323303711937748,0.16323303711937748
661,104.0,0.7640895640501922,0.7640895640501922,0.7640895640501922,1.374220803507985,1.374220803507985,1.374220803507985
662,156.0,0.07159353396321642,0.07159353396321642,0.07159353396321642,0.07589518525566426,0.07589518525566426,0.07589518525566426
663,208.0,0.19205648136050146,0.19205648136050146,0.19205648136050146,0.3888391502890922,0.3888391502890922,0.3888391502890922
664,260.0,0.28303005654801217,0.28303005654801217,0.28303005654801217,0.28478780018323396,0.28478780018323396,0.28478780018323396
665,312.0,0.06987637352198638,0.06987637352198638,0.06987637352198638,0.0755341109831925,0.0755341109831925,0.0755341109831925
666,364.0,0.49772665796397986,0.49772665796397986,0.49772665796397986,0.6444920578740639,0.6444920578740639,0.6444920578740639
667,416.0,0.04513440977716272,0.04513440977716272,0.04513440977716272,0.04100463572997351,0.04100463572997351,0.04100463572997351
668,468.0,0.013991271535477539,0.013991271535477539,0.013991271535477539,0.012358200553980979,0.012358200553980979,0.012358200553980979
669,520.0,0.6149669213972233,0.6149669213972233,0.6149669213972233,0.6280802497789305,0.6280802497789305,0.6280802497789305
670,572.0,0.2578241430700447,0.2578241430700447,0.2578241430700447,0.34038215089252205,0.34038215089252205,0.34038215089252205
671,624.0,0.3303954171880592,0.3303954171880592,0.3303954171880592,0.40555167825971683,0.40555167825971683,0.40555167825971683
672,676.0,0.3381328392269893,0.3381328392269893,0.3381328392269893,0.3994058833823668,0.3994058833823668,0.3994058833823668
673,728.0,0.006211180124223602,0.006211180124223602,0.006211180124223602,0.006172601365688051,0.006172601365688051,0.006172601365688051
674,780.0,0.10406155249436948,0.10406155249436948,0.10406155249436948,0.26648461014267916,0.26648461014267916,0.26648461014267916
675,832.0,0.20831499166336365,0.20831499166336365,0.20831499166336365,0.2424577096618993,0.2424577096618993,0.2424577096618993
676,884.0,0.6847623282187922,0.6847623282187922,0.6847623282187922,0.3794415456462665,0.3794415456462665,0.3794415456462665
677,936.0,0.4766395457442099,0.4766395457442099,0.4766395457442099,0.38046952794142264,0.38046952794142264,0.38046952794142264
678,988.0,0.39988434566533565,0.39988434566533565,0.39988434566533565,0.3920669618786942,0.3920669618786942,0.3920669618786942
679,1040.0,0.03309619548407052,0.03309619548407052,0.03309619548407052,0.032000837328550705,0.032000837328550705,0.032000837328550705
680,52.0,0.34185157555083984,0.34185157555083984,0.34185157555083984,0.6817844761975463,0.6817844761975463,0.6817844761975463
681,104.0,0.6311776325696116,0.6311776325696116,0.6311776325696116,0.7081138081688628,0.7081138081688628,0.7081138081688628
682,156.0,6.30655305715686,6.30655305715686,6.30655305715686,7.475684090701168,7.475684090701168,7.475684090701168
683,208.0,0.24836731107501017,0.24836731107501017,0.24836731107501017,0.1940161247564086,0.1940161247564086,0.1940161247564086
684,260.0,0.3716326762158479,0.3716326762158479,0.3716326762158479,0.4495869820050802,0.4495869820050802,0.4495869820050802
685,312.0,0.03644200626959248,0.03644200626959248,0.03644200626959248,0.03511398644863946,0.03511398644863946,0.03511398644863946
686,364.0,0.5605422155680679,0.5605422155680679,0.5605422155680679,0.5590798169664467,0.5590798169664467,0.5590798169664467
687,416.0,0.02247191011235955,0.02247191011235955,0.02247191011235955,0.02196692336826158,0.02196692336826158,0.02196692336826158
688,468.0,0.3305010532694151,0.3305010532694151,0.3305010532694151,0.33720906008419116,0.33720906008419116,0.33720906008419116
689,520.0,0.2191780821917808,0.2191780821917808,0.2191780821917808,0.20766873084381057,0.20766873084381057,0.20766873084381057
690,572.0,0.8555404801390613,0.8555404801390613,0.8555404801390613,1.1082794102403095,1.1082794102403095,1.1082794102403095
691,624.0,0.09557244548862594,0.09557244548862594,0.09557244548862594,0.1006477387730855,0.1006477387730855,0.1006477387730855
692,676.0,0.13671444321940462,0.13671444321940462,0.13671444321940462,0.14779207170980577,0.14779207170980577,0.14779207170980577
693,728.0,0.1736874601193873,0.1736874601193873,0.1736874601193873,0.1443665133628879,0.1443665133628879,0.1443665133628879
694,780.0,0.007377439314612089,0.007377439314612089,0.007377439314612089,0.007323012703771304,0.007323012703771304,0.007323012703771304
695,832.0,0.7409942317265426,0.7409942317265426,0.7409942317265426,1.607148506452316,1.607148506452316,1.607148506452316
696,884.0,0.8094887496501493,0.8094887496501493,0.8094887496501493,0.8928147832224004,0.8928147832224004,0.8928147832224004
697,936.0,0.3845978433849173,0.3845978433849173,0.3845978433849173,0.3449092989294428,0.3449092989294428,0.3449092989294428
698,988.0,0.28396392797989783,0.28396392797989783,0.28396392797989783,0.2211553795297015,0.2211553795297015,0.2211553795297015
699,1040.0,0.9333800397731568,0.9333800397731568,0.9333800397731568,10.359890654710908,10.359890654710908,10.359890654710908
700,52.0,0.32138269227856225,0.32138269227856225,0.32138269227856225,0.49368069347368077,0.49368069347368077,0.49368069347368077
701,104.0,0.14719496800344548,0.14719496800344548,0.14719496800344548,0.2618986704235896,0.2618986704235896,0.2618986704235896
702,156.0,0.15082704156934776,0.15082704156934776,0.15082704156934776,0.15561315905420084,0.15561315905420084,0.15561315905420084
703,208.0,0.2246942588851822,0.2246942588851822,0.2246942588851822,0.30408757774557627,0.30408757774557627,0.30408757774557627
704,260.0,0.08612909845924044,0.08612909845924044,0.08612909845924044,0.08368725781406221,0.08368725781406221,0.08368725781406221
705,312.0,0.3018912480364302,0.3018912480364302,0.3018912480364302,0.3135071536664743,0.3135071536664743,0.3135071536664743
706,364.0,39.48875804334341,39.48875804334341,39.48875804334341,48.093637656671255,48.093637656671255,48.093637656671255
707,416.0,0.0357653791130186,0.0357653791130186,0.0357653791130186,0.03543996021293449,0.03543996021293449,0.03543996021293449
708,468.0,0.43575081719933106,0.43575081719933106,0.43575081719933106,0.41357140126528924,0.41357140126528924,0.41357140126528924
709,520.0,0.19803655559602218,0.19803655559602218,0.19803655559602218,0.1581338932966239,0.1581338932966239,0.1581338932966239
710,572.0,0.02607561929595828,0.02607561929595828,0.02607561929595828,0.028003243303886354,0.028003243303886354,0.028003243303886354
711,624.0,0.39067055393586003,0.39067055393586003,0.39067055393586003,0.4217205416110635,0.4217205416110635,0.4217205416110635
712,676.0,0.5543467149633868,0.5543467149633868,0.5543467149633868,0.5963477576958607,0.5963477576958607,0.5963477576958607
713,728.0,0.13720316622691292,0.13720316622691292,0.13720316622691292,0.23975048906649218,0.23975048906649218,0.23975048906649218
714,780.0,0.3526149896973556,0.3526149896973556,0.3526149896973556,0.38101566432531697,0.38101566432531697,0.38101566432531697
715,832.0,0.11263157894736842,0.11263157894736842,0.11263157894736842,0.09994570637119111,0.09994570637119111,0.09994570637119111
716,884.0,0.463768115942029,0.463768115942029,0.463768115942029,0.437093047679059,0.437093047679059,0.437093047679059
717,936.0,121.61491991811998,121.61491991811998,121.61491991811998,144.72144048028144,144.72144048028144,144.72144048028144
718,988.0,0.256720951784309,0.256720951784309,0.256720951784309,0.29198310462119137,0.29198310462119137,0.29198310462119137
719,1040.0,0.39103729551125677,0.39103729551125677,0.39103729551125677,0.3790583989719311,0.3790583989719311,0.3790583989719311
720,52.0,0.37053327032942246,0.37053327032942246,0.37053327032942246,0.3245944147579559,0.3245944147579559,0.3245944147579559
721,104.0,0.21856840919241385,0.21856840919241385,0.21856840919241385,0.28744595650345206,0.28744595650345206,0.28744595650345206
722,156.0,0.34241992819261846,0.34241992819261846,0.34241992819261846,0.5286953112788277,0.5286953112788277,0.5286953112788277
723,208.0,0.27356096067608493,0.27356096067608493,0.27356096067608493,0.3402425466229339,0.3402425466229339,0.3402425466229339
724,260.0,0.12823230182280626,0.12823230182280626,0.12823230182280626,0.21437462005027602,0.21437462005027602,0.21437462005027602
725,312.0,0.08125915080527087,0.08125915080527087,0.08125915080527087,0.07612023005901533,0.07612023005901533,0.07612023005901533
726,364.0,0.1484415888271171,0.1484415888271171,0.1484415888271171,0.17958818699188556,0.17958818699188556,0.17958818699188556
727,416.0,0.055782898987723456,0.055782898987723456,0.055782898987723456,0.05740948291237985,0.05740948291237985,0.05740948291237985
728,468.0,0.1949367088607595,0.1949367088607595,0.1949367088607595,0.16832879346258614,0.16832879346258614,0.16832879346258614
729,520.0,0.16705684827278264,0.16705684827278264,0.16705684827278264,0.17686610602912017,0.17686610602912017,0.17686610602912017
730,572.0,0.12901885300667681,0.12901885300667681,0.12901885300667681,0.1340831635516543,0.1340831635516543,0.1340831635516543
731,624.0,0.40264026402640263,0.40264026402640263,0.40264026402640263,0.42533956365933623,0.42533956365933623,0.42533956365933623
732,676.0,0.13243379032766273,0.13243379032766273,0.13243379032766273,0.1462209292473024,0.1462209292473024,0.1462209292473024
733,728.0,0.011941618752764263,0.011941618752764263,0.011941618752764263,0.012241298670356195,0.012241298670356195,0.012241298670356195
734,780.0,0.09730941704035874,0.09730941704035874,0.09730941704035874,0.10039634820728346,0.10039634820728346,0.10039634820728346
735,832.0,0.4228657366994558,0.4228657366994558,0.4228657366994558,0.41391823544583134,0.41391823544583134,0.41391823544583134
736,884.0,0.18205987700967433,0.18205987700967433,0.18205987700967433,0.16733999120401385,0.16733999120401385,0.16733999120401385
737,936.0,0.33261556113053065,0.33261556113053065,0.33261556113053065,0.32092846319188134,0.32092846319188134,0.32092846319188134
738,988.0,0.14966212890705458,0.14966212890705458,0.14966212890705458,0.1741490911064637,0.1741490911064637,0.1741490911064637
739,1040.0,0.0734609415416451,0.0734609415416451,0.0734609415416451,0.06858176218369706,0.06858176218369706,0.06858176218369706
740,52.0,0.01986242335012131,0.01986242335012131,0.01986242335012131,0.017657104425179468,0.017657104425179468,0.017657104425179468
741,104.0,0.3156261220165904,0.3156261220165904,0.3156261220165904,0.32200725378604417,0.32200725378604417,0.32200725378604417
742,156.0,0.20748088332895173,0.20748088332895173,0.20748088332895173,0.21931946927709647,0.21931946927709647,0.21931946927709647
743,208.0,17.33328331840042,17.33328331840042,17.33328331840042,34.41636051346235,34.41636051346235,34.41636051346235
744,260.0,0.1735153678662513,0.1735153678662513,0.1735153678662513,0.1829680271160703,0.1829680271160703,0.1829680271160703
745,312.0,0.15578430118551703,0.15578430118551703,0.15578430118551703,0.16207187668093825,0.16207187668093825,0.16207187668093825
746,364.0,0.2708917520506675,0.2708917520506675,0.2708917520506675,0.27184221664368846,0.27184221664368846,0.27184221664368846
747,416.0,0.013050570962479609,0.013050570962479609,0.013050570962479609,0.013695914245187863,0.013695914245187863,0.013695914245187863
748,468.0,0.43844064806562383,0.43844064806562383,0.43844064806562383,0.39520103812087043,0.39520103812087043,0.39520103812087043
749,520.0,0.06359169957964816,0.06359169957964816,0.06359169957964816,0.04986340264682503,0.04986340264682503,0.04986340264682503
750,572.0,0.4600685260015553,0.4600685260015553,0.4600685260015553,0.4619227106883239,0.4619227106883239,0.4619227106883239
751,624.0,0.2339071410735622,0.2339071410735622,0.2339071410735622,0.2853052106482105,0.2853052106482105,0.2853052106482105
752,676.0,0.008762322015334063,0.008762322015334063,0.008762322015334063,0.008685543728233654,0.008685543728233654,0.008685543728233654
753,728.0,0.041986564299424184,0.041986564299424184,0.041986564299424184,0.0402236927177545,0.0402236927177545,0.0402236927177545
754,780.0,36.93660262687915,36.93660262687915,36.93660262687915,41.54782043814207,41.54782043814207,41.54782043814207
755,832.0,0.43498452012383904,0.43498452012383904,0.43498452012383904,0.6265779409368439,0.6265779409368439,0.6265779409368439
756,884.0,0.22271293375394322,0.22271293375394322,0.22271293375394322,0.24882166207246567,0.24882166207246567,0.24882166207246567
757,936.0,0.1111111111111111,0.1111111111111111,0.1111111111111111,0.11046133853151399,0.11046133853151399,0.11046133853151399
758,988.0,1.0339841084967352,1.0339841084967352,1.0339841084967352,0.6454398730264321,0.6454398730264321,0.6454398730264321
759,1040.0,0.03458799593082401,0.03458799593082401,0.03458799593082401,0.035426254464244133,0.035426254464244133,0.035426254464244133
760,52.0,0.29442323971442314,0.29442323971442314,0.29442323971442314,0.29838810809945915,0.29838810809945915,0.29838810809945915
761,104.0,0.04680105206044878,0.04680105206044878,0.04680105206044878,0.04558709970428159,0.04558709970428159,0.04558709970428159
762,156.0,0.13817059529414516,0.13817059529414516,0.13817059529414516,0.13668601504145486,0.13668601504145486,0.13668601504145486
763,208.0,0.05863341431875187,0.05863341431875187,0.05863341431875187,0.05109131166792383,0.05109131166792383,0.05109131166792383
764,260.0,0.32716353956792,0.32716353956792,0.32716353956792,0.4025615835427957,0.4025615835427957,0.4025615835427957
765,312.0,0.3686652794352111,0.3686652794352111,0.3686652794352111,0.5988572593392423,0.5988572593392423,0.5988572593392423
766,364.0,0.09966777408637874,0.09966777408637874,0.09966777408637874,0.1030231454398958,0.1030231454398958,0.1030231454398958
767,416.0,0.28930688880122185,0.28930688880122185,0.28930688880122185,0.3397736815413499,0.3397736815413499,0.3397736815413499
768,468.0,0.4050997644431433,0.4050997644431433,0.4050997644431433,0.45963142307690014,0.45963142307690014,0.45963142307690014
769,520.0,0.40826489642900815,0.40826489642900815,0.40826489642900815,0.5212335410755015,0.5212335410755015,0.5212335410755015
770,572.0,0.2525569590168859,0.2525569590168859,0.2525569590168859,0.23129779326351432,0.23129779326351432,0.23129779326351432
771,624.0,3.196741850597235,3.196741850597235,3.196741850597235,115.69760734292629,115.69760734292629,115.69760734292629
772,676.0,0.3963528413816033,0.3963528413816033,0.3963528413816033,0.3732579993215577,0.3732579993215577,0.3732579993215577
773,728.0,0.3367886771549987,0.3367886771549987,0.3367886771549987,0.42647643552023495,0.42647643552023495,0.42647643552023495
774,780.0,0.20380059209983586,0.20380059209983586,0.20380059209983586,0.3051907277753489,0.3051907277753489,0.3051907277753489
775,832.0,0.595757969144431,0.595757969144431,0.595757969144431,0.5702435389222525,0.5702435389222525,0.5702435389222525
776,884.0,0.24193927712099655,0.24193927712099655,0.24193927712099655,0.2928809856343944,0.2928809856343944,0.2928809856343944
777,936.0,0.30120481927710846,0.30120481927710846,0.30120481927710846,0.5237334881695457,0.5237334881695457,0.5237334881695457
778,988.0,0.14556475651730502,0.14556475651730502,0.14556475651730502,0.1239867502776527,0.1239867502776527,0.1239867502776527
779,1040.0,0.06678155829452818,0.06678155829452818,0.06678155829452818,0.06382004655470361,0.06382004655470361,0.06382004655470361
780,52.0,0.15553054231638094,0.15553054231638094,0.15553054231638094,0.19534735678525328,0.19534735678525328,0.19534735678525328
781,104.0,0.3145127368020866,0.3145127368020866,0.3145127368020866,0.39407331804208395,0.39407331804208395,0.39407331804208395
782,156.0,0.520345384493649,0.520345384493649,0.520345384493649,0.7582758467874755,0.7582758467874755,0.7582758467874755
783,208.0,16.77445789402233,16.77445789402233,16.77445789402233,69.39697606670005,69.39697606670005,69.39697606670005
784,260.0,0.21830849385300705,0.21830849385300705,0.21830849385300705,0.2642505294669745,0.2642505294669745,0.2642505294669745
785,312.0,0.07607192254495158,0.07607192254495158,0.07607192254495158,0.07212915296453803,0.07212915296453803,0.07212915296453803
786,364.0,0.22658404994840708,0.22658404994840708,0.22658404994840708,0.2478987590628948,0.2478987590628948,0.2478987590628948
787,416.0,4.861748295102294,4.861748295102294,4.861748295102294,4.911450632242908,4.911450632242908,4.911450632242908
788,468.0,0.4150626765487175,0.4150626765487175,0.4150626765487175,0.5032014653726077,0.5032014653726077,0.5032014653726077
789,520.0,0.0021593608291945584,0.0021593608291945584,0.0021593608291945584,0.002154697990003899,0.002154697990003899,0.002154697990003899
790,572.0,0.0039020929407591345,0.0039020929407591345,0.0039020929407591345,0.003886866611440811,0.003886866611440811,0.003886866611440811
791,624.0,0.012987012987012988,0.012987012987012988,0.012987012987012988,0.012818350480688143,0.012818350480688143,0.012818350480688143
792,676.0,0.20825951675160634,0.20825951675160634,0.20825951675160634,0.4272444267312863,0.4272444267312863,0.4272444267312863
793,728.0,0.03168304088650187,0.03168304088650187,0.03168304088650187,0.032878562343753186,0.032878562343753186,0.032878562343753186
794,780.0,16.270239827481294,16.270239827481294,16.270239827481294,32.04600595859191,32.04600595859191,32.04600595859191
795,832.0,0.228080420874415,0.228080420874415,0.228080420874415,0.26505382732337546,0.26505382732337546,0.26505382732337546
796,884.0,0.3036152019950894,0.3036152019950894,0.3036152019950894,0.3144057752399109,0.3144057752399109,0.3144057752399109
797,936.0,0.13847117794486216,0.13847117794486216,0.13847117794486216,0.13182823914422645,0.13182823914422645,0.13182823914422645
798,988.0,0.022727272727272728,0.022727272727272728,0.022727272727272728,0.02221074380165289,0.02221074380165289,0.02221074380165289
799,1040.0,0.32167832167832167,0.32167832167832167,0.32167832167832167,0.3860335468727078,0.3860335468727078,0.3860335468727078
800,52.0,1.6538808775607183,1.6538808775607183,1.6538808775607183,3.2185265380459254,3.2185265380459254,3.2185265380459254
801,104.0,0.22891245245097724,0.22891245245097724,0.22891245245097724,0.25856144280333254,0.25856144280333254,0.25856144280333254
802,156.0,0.14420062695924765,0.14420062695924765,0.14420062695924765,0.12340680614380756,0.12340680614380756,0.12340680614380756
803,208.0,0.18676778672336652,0.18676778672336652,0.18676778672336652,0.5026783923362362,0.5026783923362362,0.5026783923362362
804,260.0,1.1264773083638824,1.1264773083638824,1.1264773083638824,10.508542511644531,10.508542511644531,10.508542511644531
805,312.0,2.1898700040401553,2.1898700040401553,2.1898700040401553,24.28469243433649,24.28469243433649,24.28469243433649
806,364.0,0.316592221579099,0.316592221579099,0.316592221579099,1.7514869491848408,1.7514869491848408,1.7514869491848408
807,416.0,0.05330036524419587,0.05330036524419587,0.05330036524419587,0.051768804041015755,0.051768804041015755,0.051768804041015755
808,468.0,0.5952895933864848,0.5952895933864848,0.5952895933864848,1.427401650276825,1.427401650276825,1.427401650276825
809,520.0,0.5599843526599286,0.5599843526599286,0.5599843526599286,0.7146477826196522,0.7146477826196522,0.7146477826196522
810,572.0,0.09977185135239658,0.09977185135239658,0.09977185135239658,0.11039528157732663,0.11039528157732663,0.11039528157732663
811,624.0,0.08682798122903766,0.08682798122903766,0.08682798122903766,0.10918647022622731,0.10918647022622731,0.10918647022622731
812,676.0,0.18831021150784627,0.18831021150784627,0.18831021150784627,0.15830774274994386,0.15830774274994386,0.15830774274994386
813,728.0,0.058314171996879924,0.058314171996879924,0.058314171996879924,0.05818119252861232,0.05818119252861232,0.05818119252861232
814,780.0,0.3407760352157926,0.3407760352157926,0.3407760352157926,0.7000072902277216,0.7000072902277216,0.7000072902277216
815,832.0,0.13861879830466217,0.13861879830466217,0.13861879830466217,0.14932135331403837,0.14932135331403837,0.14932135331403837
816,884.0,0.6269402286254149,0.6269402286254149,0.6269402286254149,0.6560262945385376,0.6560262945385376,0.6560262945385376
817,936.0,0.03296703296703297,0.03296703296703297,0.03296703296703297,0.03188020770438354,0.03188020770438354,0.03188020770438354
818,988.0,0.3628616098597656,0.3628616098597656,0.3628616098597656,0.4171021291125767,0.4171021291125767,0.4171021291125767
819,1040.0,0.19058641975308643,0.19058641975308643,0.19058641975308643,0.1619792857415028,0.1619792857415028,0.1619792857415028
820,52.0,0.05011231257563774,0.05011231257563774,0.05011231257563774,0.053738549083212565,0.053738549083212565,0.053738549083212565
821,104.0,0.04232164449818621,0.04232164449818621,0.04232164449818621,0.04053052290515536,0.04053052290515536,0.04053052290515536
822,156.0,0.8337959789788302,0.8337959789788302,0.8337959789788302,1.123248144965271,1.123248144965271,1.123248144965271
823,208.0,0.3878931991551144,0.3878931991551144,0.3878931991551144,0.6111109137600002,0.6111109137600002,0.6111109137600002
824,260.0,1.029265916731572,1.029265916731572,1.029265916731572,1.0802821782237122,1.0802821782237122,1.0802821782237122
825,312.0,0.28307568568957864,0.28307568568957864,0.28307568568957864,0.42554133951607176,0.42554133951607176,0.42554133951607176
826,364.0,0.3899653970845894,0.3899653970845894,0.3899653970845894,0.4044473942289756,0.4044473942289756,0.4044473942289756
827,416.0,36.99761053993851,36.99761053993851,36.99761053993851,210.69237964864396,210.69237964864396,210.69237964864396
828,468.0,0.18504531722054382,0.18504531722054382,0.18504531722054382,0.15382469583154587,0.15382469583154587,0.15382469583154587
829,520.0,0.6824062966920432,0.6824062966920432,0.6824062966920432,0.7349653075127813,0.7349653075127813,0.7349653075127813
830,572.0,0.4082251575407774,0.4082251575407774,0.4082251575407774,0.3887221308059087,0.3887221308059087,0.3887221308059087
831,624.0,1.5695054347890414,1.5695054347890414,1.5695054347890414,1.4294713590344528,1.4294713590344528,1.4294713590344528
832,676.0,0.1969525959367946,0.1969525959367946,0.1969525959367946,0.19258665012305795,0.19258665012305795,0.19258665012305795
833,728.0,0.11480424956636477,0.11480424956636477,0.11480424956636477,0.14106420880473275,0.14106420880473275,0.14106420880473275
834,780.0,0.012835940633774568,0.012835940633774568,0.012835940633774568,0.012671179261820781,0.012671179261820781,0.012671179261820781
835,832.0,0.2228750489620055,0.2228750489620055,0.2228750489620055,0.19748691623212647,0.19748691623212647,0.19748691623212647
836,884.0,0.19609835399309083,0.19609835399309083,0.19609835399309083,0.16577221873535203,0.16577221873535203,0.16577221873535203
837,936.0,0.11692458855318104,0.11692458855318104,0.11692458855318104,0.10325322914485036,0.10325322914485036,0.10325322914485036
838,988.0,0.10106196299682513,0.10106196299682513,0.10106196299682513,0.09314349338019359,0.09314349338019359,0.09314349338019359
839,1040.0,0.046622264509990484,0.046622264509990484,0.046622264509990484,0.04540010374786913,0.04540010374786913,0.04540010374786913
840,52.0,0.3955849495697832,0.3955849495697832,0.3955849495697832,0.5757357494066799,0.5757357494066799,0.5757357494066799
841,104.0,0.7407603304308267,0.7407603304308267,0.7407603304308267,1.41616639440591,1.41616639440591,1.41616639440591
842,156.0,16.294744752766096,16.294744752766096,16.294744752766096,41.12848184110192,41.12848184110192,41.12848184110192
843,208.0,0.5003934614872763,0.5003934614872763,0.5003934614872763,0.734021533545623,0.734021533545623,0.734021533545623
844,260.0,43.55249512417015,43.55249512417015,43.55249512417015,46.759194589685585,46.759194589685585,46.759194589685585
845,312.0,0.2779503105590062,0.2779503105590062,0.2779503105590062,0.32802312796574207,0.32802312796574207,0.32802312796574207
846,364.0,0.29841227972625956,0.29841227972625956,0.29841227972625956,0.307804869514093,0.307804869514093,0.307804869514093
847,416.0,0.5928232073178787,0.5928232073178787,0.5928232073178787,0.9294162670823436,0.9294162670823436,0.9294162670823436
848,468.0,0.22917329283469004,0.22917329283469004,0.22917329283469004,0.3963681223539345,0.3963681223539345,0.3963681223539345
849,520.0,0.1106374674942105,0.1106374674942105,0.1106374674942105,0.09931979610842766,0.09931979610842766,0.09931979610842766
850,572.0,0.27266695461564133,0.27266695461564133,0.27266695461564133,0.26097119367861427,0.26097119367861427,0.26097119367861427
851,624.0,0.33150103248605933,0.33150103248605933,0.33150103248605933,0.3029846910673777,0.3029846910673777,0.3029846910673777
852,676.0,0.6045919474963168,0.6045919474963168,0.6045919474963168,0.6437122870536768,0.6437122870536768,0.6437122870536768
853,728.0,0.019553072625698324,0.019553072625698324,0.019553072625698324,0.019170749976592495,0.019170749976592495,0.019170749976592495
854,780.0,0.20289888027080796,0.20289888027080796,0.20289888027080796,0.24853249497847546,0.24853249497847546,0.24853249497847546
855,832.0,0.3698714622658137,0.3698714622658137,0.3698714622658137,0.4213641183103331,0.4213641183103331,0.4213641183103331
856,884.0,1.0846687301127276,1.0846687301127276,1.0846687301127276,1.006917182598343,1.006917182598343,1.006917182598343
857,936.0,0.003489995346672871,0.003489995346672871,0.003489995346672871,0.003477815279153073,0.003477815279153073,0.003477815279153073
858,988.0,0.18442044787643408,0.18442044787643408,0.18442044787643408,0.2503531246681272,0.2503531246681272,0.2503531246681272
859,1040.0,0.9230907555196648,0.9230907555196648,0.9230907555196648,1.1697808097097464,1.1697808097097464,1.1697808097097464
860,52.0,0.38372917206531154,0.38372917206531154,0.38372917206531154,0.46731387314579115,0.46731387314579115,0.46731387314579115
861,104.0,0.1397924043627803,0.1397924043627803,0.1397924043627803,0.22538549630079305,0.22538549630079305,0.22538549630079305
862,156.0,0.20413696407189313,0.20413696407189313,0.20413696407189313,0.24553644842328412,0.24553644842328412,0.24553644842328412
863,208.0,0.05922551252847381,0.05922551252847381,0.05922551252847381,0.05571785119421339,0.05571785119421339,0.05571785119421339
864,260.0,0.22579871242284083,0.22579871242284083,0.22579871242284083,0.2121883643782988,0.2121883643782988,0.2121883643782988
865,312.0,0.21029726509954003,0.21029726509954003,0.21029726509954003,0.19915381163720478,0.19915381163720478,0.19915381163720478
866,364.0,2.0380231131549094,2.0380231131549094,2.0380231131549094,7.491573108488692,7.491573108488692,7.491573108488692
867,416.0,0.06497386109036594,0.06497386109036594,0.06497386109036594,0.06672686638173127,0.06672686638173127,0.06672686638173127
868,468.0,0.37038171364325806,0.37038171364325806,0.37038171364325806,0.32063576727217696,0.32063576727217696,0.32063576727217696
869,520.0,0.44164123605493827,0.44164123605493827,0.44164123605493827,0.472185257047085,0.472185257047085,0.472185257047085
870,572.0,83.42902500588625,83.42902500588625,83.42902500588625,79.20092649284398,79.20092649284398,79.20092649284398
871,624.0,0.011759714039710656,0.011759714039710656,0.011759714039710656,0.010697419338090085,0.010697419338090085,0.010697419338090085
872,676.0,0.27073277753400615,0.27073277753400615,0.27073277753400615,0.3255629119181738,0.3255629119181738,0.3255629119181738
873,728.0,0.1176617503905127,0.1176617503905127,0.1176617503905127,0.15177340675417636,0.15177340675417636,0.15177340675417636
874,780.0,0.007109486085720089,0.007109486085720089,0.007109486085720089,0.007058941293317044,0.007058941293317044,0.007058941293317044
875,832.0,14.606000561565898,14.606000561565898,14.606000561565898,45.12780936725354,45.12780936725354,45.12780936725354
876,884.0,1.1056570191530617,1.1056570191530617,1.1056570191530617,1.0763448231059694,1.0763448231059694,1.0763448231059694
877,936.0,0.570834136343876,0.570834136343876,0.570834136343876,0.5702924630876386,0.5702924630876386,0.5702924630876386
878,988.0,0.13438379477892556,0.13438379477892556,0.13438379477892556,0.11902966806346206,0.11902966806346206,0.11902966806346206
879,1040.0,0.15767634854771784,0.15767634854771784,0.15767634854771784,0.13281451765637645,0.13281451765637645,0.13281451765637645
880,52.0,0.334103093683268,0.334103093683268,0.334103093683268,0.34870427866253806,0.34870427866253806,0.34870427866253806
881,104.0,0.3082089574693543,0.3082089574693543,0.3082089574693543,0.7925032881783338,0.7925032881783338,0.7925032881783338
882,156.0,0.6378122141137333,0.6378122141137333,0.6378122141137333,0.6773790072660734,0.6773790072660734,0.6773790072660734
883,208.0,0.014297729184188394,0.014297729184188394,0.014297729184188394,0.017457475697114217,0.017457475697114217,0.017457475697114217
884,260.0,0.2839942478841867,0.2839942478841867,0.2839942478841867,0.46340166485931356,0.46340166485931356,0.46340166485931356
885,312.0,13.091738643884435,13.091738643884435,13.091738643884435,23.03975825672326,23.03975825672326,23.03975825672326
886,364.0,0.21684992947789186,0.21684992947789186,0.21684992947789186,0.19520490654021477,0.19520490654021477,0.19520490654021477
887,416.0,0.5694174520362077,0.5694174520362077,0.5694174520362077,1.427963578883356,1.427963578883356,1.427963578883356
888,468.0,0.09820403726446768,0.09820403726446768,0.09820403726446768,0.0892746143474799,0.0892746143474799,0.0892746143474799
889,520.0,53.61331394384238,53.61331394384238,53.61331394384238,63.41585407789875,63.41585407789875,63.41585407789875
890,572.0,0.011058451816745656,0.011058451816745656,0.011058451816745656,0.010936162460162371,0.010936162460162371,0.010936162460162371
891,624.0,0.20334928229665072,0.20334928229665072,0.20334928229665072,0.28799516189342433,0.28799516189342433,0.28799516189342433
892,676.0,0.21023359288097887,0.21023359288097887,0.21023359288097887,0.16603542930533371,0.16603542930533371,0.16603542930533371
893,728.0,0.02123050259965338,0.02123050259965338,0.02123050259965338,0.02077976835901949,0.02077976835901949,0.02077976835901949
894,780.0,0.4892536521089304,0.4892536521089304,0.4892536521089304,0.5845836693254224,0.5845836693254224,0.5845836693254224
895,832.0,0.15160794590273877,0.15160794590273877,0.15160794590273877,0.16957129744779614,0.16957129744779614,0.16957129744779614
896,884.0,45.761340416836944,45.761340416836944,45.761340416836944,43.879290070875676,43.879290070875676,43.879290070875676
897,936.0,0.0512435496352667,0.0512435496352667,0.0512435496352667,0.05172439178085207,0.05172439178085207,0.05172439178085207
898,988.0,0.38253302407652084,0.38253302407652084,0.38253302407652084,0.533701014761103,0.533701014761103,0.533701014761103
899,1040.0,0.2236486470627848,0.2236486470627848,0.2236486470627848,0.21624161012269683,0.21624161012269683,0.21624161012269683
900,52.0,0.19150521609538004,0.19150521609538004,0.19150521609538004,0.16973409796086983,0.16973409796086983,0.16973409796086983
901,104.0,0.2845528455284553,0.2845528455284553,0.2845528455284553,0.34585894639434206,0.34585894639434206,0.34585894639434206
902,156.0,0.29332135410431487,0.29332135410431487,0.29332135410431487,0.38536934978929577,0.38536934978929577,0.38536934978929577
903,208.0,0.23680550035248374,0.23680550035248374,0.23680550035248374,0.30539637060637265,0.30539637060637265,0.30539637060637265
904,260.0,0.06997607655502393,0.06997607655502393,0.06997607655502393,0.06986411426020467,0.06986411426020467,0.06986411426020467
905,312.0,0.1600230976117367,0.1600230976117367,0.1600230976117367,0.20202501219072097,0.20202501219072097,0.20202501219072097
906,364.0,0.2191916713650901,0.2191916713650901,0.2191916713650901,0.23115004125078675,0.23115004125078675,0.23115004125078675
907,416.0,1.9280966534028072,1.9280966534028072,1.9280966534028072,17.128369663616034,17.128369663616034,17.128369663616034
908,468.0,0.014157458563535912,0.014157458563535912,0.014157458563535912,0.01395702493055768,0.01395702493055768,0.01395702493055768
909,520.0,0.23337695073516793,0.23337695073516793,0.23337695073516793,0.33310675998109796,0.33310675998109796,0.33310675998109796
910,572.0,0.4425706684186516,0.4425706684186516,0.4425706684186516,0.9026320735374602,0.9026320735374602,0.9026320735374602
911,624.0,0.07527572128839997,0.07527572128839997,0.07527572128839997,0.08754533527412872,0.08754533527412872,0.08754533527412872
912,676.0,0.0016939582156973462,0.0016939582156973462,0.0016939582156973462,0.001691088721260817,0.001691088721260817,0.001691088721260817
913,728.0,0.02112676056338028,0.02112676056338028,0.02112676056338028,0.020680420551477875,0.020680420551477875,0.020680420551477875
914,780.0,143.5383442309098,143.5383442309098,143.5383442309098,131.8690475714059,131.8690475714059,131.8690475714059
915,832.0,0.23983537096327365,0.23983537096327365,0.23983537096327365,0.2380911712461208,0.2380911712461208,0.2380911712461208
916,884.0,0.29048707961570525,0.29048707961570525,0.29048707961570525,0.291259455471553,0.291259455471553,0.291259455471553
917,936.0,0.14968768871665508,0.14968768871665508,0.14968768871665508,0.13473009898760208,0.13473009898760208,0.13473009898760208
918,988.0,0.07241063244729606,0.07241063244729606,0.07241063244729606,0.07266687446073661,0.07266687446073661,0.07266687446073661
919,1040.0,0.265883259226577,0.265883259226577,0.265883259226577,0.26141733835549186,0.26141733835549186,0.26141733835549186
920,52.0,0.23185011709601874,0.23185011709601874,0.23185011709601874,0.3092431812821876,0.3092431812821876,0.3092431812821876
921,104.0,0.1034928848641656,0.1034928848641656,0.1034928848641656,0.1121870235586892,0.1121870235586892,0.1121870235586892
922,156.0,0.3944087051995907,0.3944087051995907,0.3944087051995907,0.5092205486867648,0.5092205486867648,0.5092205486867648
923,208.0,0.1870719178082192,0.1870719178082192,0.1870719178082192,0.15764108386892475,0.15764108386892475,0.15764108386892475
924,260.0,0.15136128085313602,0.15136128085313602,0.15136128085313602,0.16956648627987272,0.16956648627987272,0.16956648627987272
925,312.0,0.16274201988487702,0.16274201988487702,0.16274201988487702,0.1681775153405564,0.1681775153405564,0.1681775153405564
926,364.0,0.034482758620689655,0.034482758620689655,0.034482758620689655,0.03329369797859692,0.03329369797859692,0.03329369797859692
927,416.0,2.4619045680838663,2.4619045680838663,2.4619045680838663,5.7430215289487885,5.7430215289487885,5.7430215289487885
928,468.0,0.7374090587447334,0.7374090587447334,0.7374090587447334,0.7622676472714203,0.7622676472714203,0.7622676472714203
929,520.0,0.0714436694145001,0.0714436694145001,0.0714436694145001,0.07690806166516571,0.07690806166516571,0.07690806166516571
930,572.0,0.03567596566523605,0.03567596566523605,0.03567596566523605,0.03654911388587005,0.03654911388587005,0.03654911388587005
931,624.0,0.4054141627297847,0.4054141627297847,0.4054141627297847,0.38914313529896305,0.38914313529896305,0.38914313529896305
932,676.0,90.20937576553565,90.20937576553565,90.20937576553565,97.66044468089028,97.66044468089028,97.66044468089028
933,728.0,0.059371362048894066,0.059371362048894066,0.059371362048894066,0.06050298083295275,0.06050298083295275,0.06050298083295275
934,780.0,24.217432571581714,24.217432571581714,24.217432571581714,134.06409916019985,134.06409916019985,134.06409916019985
935,832.0,0.17374673729778356,0.17374673729778356,0.17374673729778356,0.18233618744620972,0.18233618744620972,0.18233618744620972
936,884.0,0.531794089031315,0.531794089031315,0.531794089031315,0.61981736379287,0.61981736379287,0.61981736379287
937,936.0,0.15421535893155258,0.15421535893155258,0.15421535893155258,0.13251979335341874,0.13251979335341874,0.13251979335341874
938,988.0,0.12419426723967505,0.12419426723967505,0.12419426723967505,0.15325698356709425,0.15325698356709425,0.15325698356709425
939,1040.0,0.20523809523809525,0.20523809523809525,0.20523809523809525,0.21644875283446716,0.21644875283446716,0.21644875283446716
940,52.0,0.00390625,0.00390625,0.00390625,0.0038909912109375,0.0038909912109375,0.0038909912109375
941,104.0,0.3198523624593699,0.3198523624593699,0.3198523624593699,0.579270118285909,0.579270118285909,0.579270118285909
942,156.0,0.16545624536443723,0.16545624536443723,0.16545624536443723,0.18743379096765264,0.18743379096765264,0.18743379096765264
943,208.0,0.49485781705358606,0.49485781705358606,0.49485781705358606,0.5041999100933872,0.5041999100933872,0.5041999100933872
944,260.0,0.239556900545831,0.239556900545831,0.239556900545831,0.20357880711892642,0.20357880711892642,0.20357880711892642
945,312.0,0.46872371972456395,0.46872371972456395,0.46872371972456395,0.5012912614632108,0.5012912614632108,0.5012912614632108
946,364.0,0.47072204583201854,0.47072204583201854,0.47072204583201854,0.5027903981945828,0.5027903981945828,0.5027903981945828
947,416.0,0.12978723404255318,0.12978723404255318,0.12978723404255318,0.11719782707107286,0.11719782707107286,0.11719782707107286
948,468.0,0.02519975414874001,0.02519975414874001,0.02519975414874001,0.024564726539583068,0.024564726539583068,0.024564726539583068
949,520.0,0.10114884703327733,0.10114884703327733,0.10114884703327733,0.10625092435014587,0.10625092435014587,0.10625092435014587
950,572.0,0.2652251626259647,0.2652251626259647,0.2652251626259647,0.2824154162560552,0.2824154162560552,0.2824154162560552
951,624.0,0.19913151364764267,0.19913151364764267,0.19913151364764267,0.174366491389024,0.174366491389024,0.174366491389024
952,676.0,0.16951566951566951,0.16951566951566951,0.16951566951566951,0.1806661471903637,0.1806661471903637,0.1806661471903637
953,728.0,1.8042944548305946,1.8042944548305946,1.8042944548305946,67.24330132971177,67.24330132971177,67.24330132971177
954,780.0,0.14049114791547687,0.14049114791547687,0.14049114791547687,0.12189558972746582,0.12189558972746582,0.12189558972746582
955,832.0,0.7022776027546266,0.7022776027546266,0.7022776027546266,0.6881348239189239,0.6881348239189239,0.6881348239189239
956,884.0,0.1424296828246559,0.1424296828246559,0.1424296828246559,0.15386100268565644,0.15386100268565644,0.15386100268565644
957,936.0,0.4471729454595955,0.4471729454595955,0.4471729454595955,0.5111531418643006,0.5111531418643006,0.5111531418643006
958,988.0,0.24416084735601518,0.24416084735601518,0.24416084735601518,0.34269373979211093,0.34269373979211093,0.34269373979211093
959,1040.0,0.4457987857954642,0.4457987857954642,0.4457987857954642,4.887562915253995,4.887562915253995,4.887562915253995
960,52.0,0.604841370001284,0.604841370001284,0.604841370001284,0.6373864906377489,0.6373864906377489,0.6373864906377489
961,104.0,0.10621270633763641,0.10621270633763641,0.10621270633763641,0.13187398168213085,0.13187398168213085,0.13187398168213085
962,156.0,0.4245267869038153,0.4245267869038153,0.4245267869038153,0.42956854681921,0.42956854681921,0.42956854681921
963,208.0,0.38030025456047684,0.38030025456047684,0.38030025456047684,0.8779216438960787,0.8779216438960787,0.8779216438960787
964,260.0,0.5068964967542937,0.5068964967542937,0.5068964967542937,0.8217031430304553,0.8217031430304553,0.8217031430304553
965,312.0,0.3379072374952227,0.3379072374952227,0.3379072374952227,0.2733354013142289,0.2733354013142289,0.2733354013142289
966,364.0,0.08407940833008953,0.08407940833008953,0.08407940833008953,0.08012411358532529,0.08012411358532529,0.08012411358532529
967,416.0,0.22807017543859648,0.22807017543859648,0.22807017543859648,0.1760541705140043,0.1760541705140043,0.1760541705140043
968,468.0,0.22059282329870736,0.22059282329870736,0.22059282329870736,0.20524962368887484,0.20524962368887484,0.20524962368887484
969,520.0,0.39735711251315736,0.39735711251315736,0.39735711251315736,0.8739632254095613,0.8739632254095613,0.8739632254095613
970,572.0,0.21190336569114038,0.21190336569114038,0.21190336569114038,0.23309956996775327,0.23309956996775327,0.23309956996775327
971,624.0,0.06362050967794593,0.06362050967794593,0.06362050967794593,0.05806452408414865,0.05806452408414865,0.05806452408414865
972,676.0,6.740782253186843,6.740782253186843,6.740782253186843,27.362271981201825,27.362271981201825,27.362271981201825
973,728.0,0.3462360812746505,0.3462360812746505,0.3462360812746505,0.3831976340668948,0.3831976340668948,0.3831976340668948
974,780.0,0.2,0.2,0.2,0.16000000000000006,0.16000000000000006,0.16000000000000006
975,832.0,0.75,0.75,0.75,1.6875,1.6875,1.6875
976,884.0,0.12388072245195594,0.12388072245195594,0.12388072245195594,0.14030429496083058,0.14030429496083058,0.14030429496083058
977,936.0,0.5038201941925016,0.5038201941925016,0.5038201941925016,0.6629905967746912,0.6629905967746912,0.6629905967746912
978,988.0,0.5382215288611545,0.5382215288611545,0.5382215288611545,0.7671038573212197,0.7671038573212197,0.7671038573212197
979,1040.0,0.2354014598540146,0.2354014598540146,0.2354014598540146,0.25906303834336764,0.25906303834336764,0.25906303834336764
980,52.0,0.7904318545798872,0.7904318545798872,0.7904318545798872,1.2474195116275615,1.2474195116275615,1.2474195116275615
981,104.0,0.6887764958094647,0.6887764958094647,0.6887764958094647,0.9149353095872793,0.9149353095872793,0.9149353095872793
982,156.0,0.13339701307561724,0.13339701307561724,0.13339701307561724,0.14554406296067246,0.14554406296067246,0.14554406296067246
983,208.0,0.08075370121130551,0.08075370121130551,0.08075370121130551,0.0742325409519807,0.0742325409519807,0.0742325409519807
984,260.0,0.0006508298080052066,0.0006508298080052066,0.0006508298080052066,0.0006504062285662184,0.0006504062285662184,0.0006504062285662184
985,312.0,42.19174628512309,42.19174628512309,42.19174628512309,41.13096288492477,41.13096288492477,41.13096288492477
986,364.0,0.0,0.0,0.0,0.0,0.0,0.0
987,416.0,0.10680156208457993,0.10680156208457993,0.10680156208457993,0.11104639388354269,0.11104639388354269,0.11104639388354269
988,468.0,0.05186880244088482,0.05186880244088482,0.05186880244088482,0.053755088813134864,0.053755088813134864,0.053755088813134864
989,520.0,0.053691275167785234,0.053691275167785234,0.053691275167785234,0.054164226836628984,0.054164226836628984,0.054164226836628984
990,572.0,0.37216698665687553,0.37216698665687553,0.37216698665687553,0.40027745574935064,0.40027745574935064,0.40027745574935064
991,624.0,0.19621713211503608,0.19621713211503608,0.19621713211503608,0.23200648447048344,0.23200648447048344,0.23200648447048344
992,676.0,0.1383824216923796,0.1383824216923796,0.1383824216923796,0.1987091178957717,0.1987091178957717,0.1987091178957717
993,728.0,0.2107948085584402,0.2107948085584402,0.2107948085584402,0.23319818208125417,0.23319818208125417,0.23319818208125417
994,780.0,0.018001469507714914,0.018001469507714914,0.018001469507714914,0.02061643203310873,0.02061643203310873,0.02061643203310873
995,832.0,0.5310173002735482,0.5310173002735482,0.5310173002735482,0.5358824634113937,0.5358824634113937,0.5358824634113937
996,884.0,0.6273202827325288,0.6273202827325288,0.6273202827325288,0.6964246045734281,0.6964246045734281,0.6964246045734281
997,936.0,0.09836065573770492,0.09836065573770492,0.09836065573770492,0.08868583714055364,0.08868583714055364,0.08868583714055364
998,988.0,0.022102161100196464,0.022102161100196464,0.022102161100196464,0.021613655574897424,0.021613655574897424,0.021613655574897424
999,1040.0,0.3091140470807158,0.3091140470807158,0.3091140470807158,0.30073477947263244,0.30073477947263244,0.30073477947263244
