,time,meanH,meanB,meanC,varH,varB,varC
0,52.0,0.29554653458061325,0.29554653458061325,0.29554653458061325,0.37359838248866567,0.37359838248866567,0.37359838248866567
1,104.0,0.13359920239282153,0.13359920239282153,0.13359920239282153,0.2473556399594834,0.2473556399594834,0.2473556399594834
2,156.0,0.13188049596554957,0.13188049596554957,0.13188049596554957,0.12839303455605502,0.12839303455605502,0.12839303455605502
3,208.0,0.3089811167045931,0.3089811167045931,0.3089811167045931,0.3168883270093234,0.3168883270093234,0.3168883270093234
4,260.0,0.23236606487114086,0.23236606487114086,0.23236606487114086,0.25284782064295025,0.25284782064295025,0.25284782064295025
5,312.0,0.17267438747545472,0.17267438747545472,0.17267438747545472,0.19822881709968843,0.19822881709968843,0.19822881709968843
6,364.0,0.062359280647856175,0.062359280647856175,0.062359280647856175,0.0639600392426703,0.0639600392426703,0.0639600392426703
7,416.0,0.4360646620202253,0.4360646620202253,0.4360646620202253,0.6434969943225448,0.6434969943225448,0.6434969943225448
8,468.0,0.413111342351717,0.413111342351717,0.413111342351717,0.39021310831047695,0.39021310831047695,0.39021310831047695
9,520.0,0.5652418743009547,0.5652418743009547,0.5652418743009547,0.39297875032122626,0.39297875032122626,0.39297875032122626
10,572.0,0.4337845269659013,0.4337845269659013,0.4337845269659013,0.4296190027388233,0.4296190027388233,0.4296190027388233
11,624.0,0.17959183673469387,0.17959183673469387,0.17959183673469387,0.2667263640149937,0.2667263640149937,0.2667263640149937
12,676.0,0.13069454817027631,0.13069454817027631,0.13069454817027631,0.14049921887244332,0.14049921887244332,0.14049921887244332
13,728.0,7.324754508086174,7.324754508086174,7.324754508086174,264.7496298343766,264.7496298343766,264.7496298343766
14,780.0,0.11067840484829858,0.11067840484829858,0.11067840484829858,0.1488926551242595,0.1488926551242595,0.1488926551242595
15,832.0,0.615237803225672,0.615237803225672,0.615237803225672,0.6219049077122445,0.6219049077122445,0.6219049077122445
16,884.0,0.20604395604395603,0.20604395604395603,0.20604395604395603,0.1828206134524816,0.1828206134524816,0.1828206134524816
17,936.0,0.04409828872312418,0.04409828872312418,0.04409828872312418,0.04785788590755858,0.04785788590755858,0.04785788590755858
18,988.0,0.22060586777907942,0.22060586777907942,0.22060586777907942,0.22299495207945808,0.22299495207945808,0.22299495207945808
19,1040.0,0.07846153846153846,0.07846153846153846,0.07846153846153846,0.08256173570019724,0.08256173570019724,0.08256173570019724
20,52.0,0.4656487337145492,0.4656487337145492,0.4656487337145492,1.8295482780107017,1.8295482780107017,1.8295482780107017
21,104.0,0.19284042185571276,0.19284042185571276,0.19284042185571276,0.14271598441181135,0.14271598441181135,0.14271598441181135
22,156.0,0.16831683168316833,0.16831683168316833,0.16831683168316833,0.15978825605332816,0.15978825605332816,0.15978825605332816
23,208.0,0.23358560730645084,0.23358560730645084,0.23358560730645084,0.24922542255735036,0.24922542255735036,0.24922542255735036
24,260.0,0.35181536729524343,0.35181536729524343,0.35181536729524343,0.3231721899467903,0.3231721899467903,0.3231721899467903
25,312.0,0.1833672952503587,0.1833672952503587,0.1833672952503587,0.2207494547870233,0.2207494547870233,0.2207494547870233
26,364.0,0.015639342329016752,0.015639342329016752,0.015639342329016752,0.014640288724117408,0.014640288724117408,0.014640288724117408
27,416.0,0.13690036900369004,0.13690036900369004,0.13690036900369004,0.14472692365300038,0.14472692365300038,0.14472692365300038
28,468.0,0.0,0.0,0.0,0.0,0.0,0.0
29,520.0,0.1511521669750311,0.1511521669750311,0.1511521669750311,0.30799610897570084,0.30799610897570084,0.30799610897570084
30,572.0,1.0831075607348748,1.0831075607348748,1.0831075607348748,1.0762881601446406,1.0762881601446406,1.0762881601446406
31,624.0,2.5473612452444807,2.5473612452444807,2.5473612452444807,24.03765581776445,24.03765581776445,24.03765581776445
32,676.0,0.007042253521126761,0.007042253521126761,0.007042253521126761,0.006992660186470938,0.006992660186470938,0.006992660186470938
33,728.0,0.09036860879904875,0.09036860879904875,0.09036860879904875,0.08279665366381961,0.08279665366381961,0.08279665366381961
34,780.0,0.10299088313674735,0.10299088313674735,0.10299088313674735,0.0808611678125825,0.0808611678125825,0.0808611678125825
35,832.0,0.12080536912751678,0.12080536912751678,0.12080536912751678,0.1330570695013738,0.1330570695013738,0.1330570695013738
36,884.0,0.1996895805674,0.1996895805674,0.1996895805674,0.20892090028207494,0.20892090028207494,0.20892090028207494
37,936.0,0.2240995696484252,0.2240995696484252,0.2240995696484252,0.23104524566398588,0.23104524566398588,0.23104524566398588
38,988.0,0.08712958638182274,0.08712958638182274,0.08712958638182274,0.1202191385519339,0.1202191385519339,0.1202191385519339
39,1040.0,0.14827211377916139,0.14827211377916139,0.14827211377916139,0.1440144474339102,0.1440144474339102,0.1440144474339102
40,52.0,0.45158532108749405,0.45158532108749405,0.45158532108749405,0.4626042135803228,0.4626042135803228,0.4626042135803228
41,104.0,0.15478841870824053,0.15478841870824053,0.15478841870824053,0.19987128040039487,0.19987128040039487,0.19987128040039487
42,156.0,0.09210884868309804,0.09210884868309804,0.09210884868309804,0.08542758564067121,0.08542758564067121,0.08542758564067121
43,208.0,0.22726692478123955,0.22726692478123955,0.22726692478123955,0.24188336438169336,0.24188336438169336,0.24188336438169336
44,260.0,0.026570048309178744,0.026570048309178744,0.026570048309178744,0.02586408084202666,0.02586408084202666,0.02586408084202666
45,312.0,0.3767605570916411,0.3767605570916411,0.3767605570916411,0.4347905444905487,0.4347905444905487,0.4347905444905487
46,364.0,3.8739180581688175,3.8739180581688175,3.8739180581688175,18.30017188981062,18.30017188981062,18.30017188981062
47,416.0,0.8993758428644534,0.8993758428644534,0.8993758428644534,1.0281923958133825,1.0281923958133825,1.0281923958133825
48,468.0,0.06666666666666667,0.06666666666666667,0.06666666666666667,0.06222222222222224,0.06222222222222224,0.06222222222222224
49,520.0,0.12259800153727901,0.12259800153727901,0.12259800153727901,0.24515420350100234,0.24515420350100234,0.24515420350100234
50,572.0,48.092177717736384,48.092177717736384,48.092177717736384,48.8827899668182,48.8827899668182,48.8827899668182
51,624.0,0.4161307180247211,0.4161307180247211,0.4161307180247211,0.7894882264617838,0.7894882264617838,0.7894882264617838
52,676.0,0.9463825031330737,0.9463825031330737,0.9463825031330737,1.6705510200281553,1.6705510200281553,1.6705510200281553
53,728.0,0.026009211595773504,0.026009211595773504,0.026009211595773504,0.028042025382499527,0.028042025382499527,0.028042025382499527
54,780.0,0.22819260293091417,0.22819260293091417,0.22819260293091417,0.24730008293202443,0.24730008293202443,0.24730008293202443
55,832.0,0.25417912259104414,0.25417912259104414,0.25417912259104414,0.35006849649068933,0.35006849649068933,0.35006849649068933
56,884.0,0.26600750069844964,0.26600750069844964,0.26600750069844964,0.24076881199879419,0.24076881199879419,0.24076881199879419
57,936.0,0.27405493012295656,0.27405493012295656,0.27405493012295656,0.47907750442481717,0.47907750442481717,0.47907750442481717
58,988.0,75.54945235727651,75.54945235727651,75.54945235727651,948.6721538837828,948.6721538837828,948.6721538837828
59,1040.0,0.18604651162790697,0.18604651162790697,0.18604651162790697,0.1733210320363949,0.1733210320363949,0.1733210320363949
60,52.0,0.25,0.25,0.25,0.1875,0.1875,0.1875
61,104.0,0.09806891329042029,0.09806891329042029,0.09806891329042029,0.08996597934789138,0.08996597934789138,0.08996597934789138
62,156.0,0.09090909090909091,0.09090909090909091,0.09090909090909091,0.08264462809917354,0.08264462809917354,0.08264462809917354
63,208.0,0.20103678759540253,0.20103678759540253,0.20103678759540253,0.16435818145409778,0.16435818145409778,0.16435818145409778
64,260.0,0.01051560379918589,0.01051560379918589,0.01051560379918589,0.010405025875924432,0.010405025875924432,0.010405025875924432
65,312.0,0.3093291556207137,0.3093291556207137,0.3093291556207137,0.28840812723585313,0.28840812723585313,0.28840812723585313
66,364.0,56.651935719503285,56.651935719503285,56.651935719503285,49.261977626255174,49.261977626255174,49.261977626255174
67,416.0,0.1724755628180175,0.1724755628180175,0.1724755628180175,0.1701257067611154,0.1701257067611154,0.1701257067611154
68,468.0,0.9525788251565583,0.9525788251565583,0.9525788251565583,2.463869912364935,2.463869912364935,2.463869912364935
69,520.0,0.1931076188336156,0.1931076188336156,0.1931076188336156,0.25430267060733003,0.25430267060733003,0.25430267060733003
70,572.0,0.01968503937007874,0.01968503937007874,0.01968503937007874,0.019297538595077202,0.019297538595077202,0.019297538595077202
71,624.0,0.17727583846680356,0.17727583846680356,0.17727583846680356,0.15543159331765766,0.15543159331765766,0.15543159331765766
72,676.0,0.18694362017804153,0.18694362017804153,0.18694362017804153,0.18760401165811094,0.18760401165811094,0.18760401165811094
73,728.0,0.36982936546067874,0.36982936546067874,0.36982936546067874,0.39400399571551276,0.39400399571551276,0.39400399571551276
74,780.0,0.23492939163957513,0.23492939163957513,0.23492939163957513,0.29389304428501023,0.29389304428501023,0.29389304428501023
75,832.0,0.07735583684950774,0.07735583684950774,0.07735583684950774,0.0798107299202209,0.0798107299202209,0.0798107299202209
76,884.0,0.5691035663650182,0.5691035663650182,0.5691035663650182,0.7173033261230298,0.7173033261230298,0.7173033261230298
77,936.0,55.632433757458585,55.632433757458585,55.632433757458585,65.81805274512128,65.81805274512128,65.81805274512128
78,988.0,165.16535739797186,165.16535739797186,165.16535739797186,140.72862896003411,140.72862896003411,140.72862896003411
79,1040.0,22.26520524757373,22.26520524757373,22.26520524757373,86.47805527018973,86.47805527018973,86.47805527018973
80,52.0,0.22089825847846012,0.22089825847846012,0.22089825847846012,0.22893081549650882,0.22893081549650882,0.22893081549650882
81,104.0,0.1435117802917128,0.1435117802917128,0.1435117802917128,0.14905740622579094,0.14905740622579094,0.14905740622579094
82,156.0,0.23644200560673326,0.23644200560673326,0.23644200560673326,0.26192247038492145,0.26192247038492145,0.26192247038492145
83,208.0,0.27466775226816104,0.27466775226816104,0.27466775226816104,0.6429014615539796,0.6429014615539796,0.6429014615539796
84,260.0,0.24034323344081032,0.24034323344081032,0.24034323344081032,0.4164782729831369,0.4164782729831369,0.4164782729831369
85,312.0,0.6467117866586526,0.6467117866586526,0.6467117866586526,0.8527293721715219,0.8527293721715219,0.8527293721715219
86,364.0,65.78666947916578,65.78666947916578,65.78666947916578,54.25767756737503,54.25767756737503,54.25767756737503
87,416.0,0.6271450475383935,0.6271450475383935,0.6271450475383935,0.5125840910873388,0.5125840910873388,0.5125840910873388
88,468.0,0.974346306606146,0.974346306606146,0.974346306606146,0.8563708806882228,0.8563708806882228,0.8563708806882228
89,520.0,0.03759880367442854,0.03759880367442854,0.03759880367442854,0.04216676149397576,0.04216676149397576,0.04216676149397576
90,572.0,0.4036223149530565,0.4036223149530565,0.4036223149530565,0.45518863383597663,0.45518863383597663,0.45518863383597663
91,624.0,0.03755868544600939,0.03755868544600939,0.03755868544600939,0.04553770195507945,0.04553770195507945,0.04553770195507945
92,676.0,0.23009125441668193,0.23009125441668193,0.23009125441668193,0.20626268695535369,0.20626268695535369,0.20626268695535369
93,728.0,0.195013662310023,0.195013662310023,0.195013662310023,0.5886160557752489,0.5886160557752489,0.5886160557752489
94,780.0,0.18266504657756177,0.18266504657756177,0.18266504657756177,0.1517286609937301,0.1517286609937301,0.1517286609937301
95,832.0,0.16228493113157122,0.16228493113157122,0.16228493113157122,0.2001818940826743,0.2001818940826743,0.2001818940826743
96,884.0,19.41886925878629,19.41886925878629,19.41886925878629,807.4766708214361,807.4766708214361,807.4766708214361
97,936.0,0.2254179392903777,0.2254179392903777,0.2254179392903777,0.2768411674190583,0.2768411674190583,0.2768411674190583
98,988.0,0.20972670885283753,0.20972670885283753,0.20972670885283753,0.24447762242336776,0.24447762242336776,0.24447762242336776
99,1040.0,0.08181818181818182,0.08181818181818182,0.08181818181818182,0.08166942148760331,0.08166942148760331,0.08166942148760331
100,52.0,0.3205809238964917,0.3205809238964917,0.3205809238964917,0.37254325976126795,0.37254325976126795,0.37254325976126795
101,104.0,0.08333333333333333,0.08333333333333333,0.08333333333333333,0.0763888888888889,0.0763888888888889,0.0763888888888889
102,156.0,0.006335797254487857,0.006335797254487857,0.006335797254487857,0.006718041411270405,0.006718041411270405,0.006718041411270405
103,208.0,0.4000762246764211,0.4000762246764211,0.4000762246764211,0.7869422150175551,0.7869422150175551,0.7869422150175551
104,260.0,0.18798032546744478,0.18798032546744478,0.18798032546744478,0.1720148120640581,0.1720148120640581,0.1720148120640581
105,312.0,0.14116065155390492,0.14116065155390492,0.14116065155390492,0.14269932194526241,0.14269932194526241,0.14269932194526241
106,364.0,0.03309384684208907,0.03309384684208907,0.03309384684208907,0.03188686280861534,0.03188686280861534,0.03188686280861534
107,416.0,0.41436374014953276,0.41436374014953276,0.41436374014953276,0.4262783413799481,0.4262783413799481,0.4262783413799481
108,468.0,0.29024135419300867,0.29024135419300867,0.29024135419300867,0.6555800760233702,0.6555800760233702,0.6555800760233702
109,520.0,0.06099935107073329,0.06099935107073329,0.06099935107073329,0.059874147306522435,0.059874147306522435,0.059874147306522435
110,572.0,0.2783018867924528,0.2783018867924528,0.2783018867924528,0.47443485226059096,0.47443485226059096,0.47443485226059096
111,624.0,0.17699115044247787,0.17699115044247787,0.17699115044247787,0.17221395567389772,0.17221395567389772,0.17221395567389772
112,676.0,0.8400179143663365,0.8400179143663365,0.8400179143663365,8.381528877068243,8.381528877068243,8.381528877068243
113,728.0,0.11112189651575467,0.11112189651575467,0.11112189651575467,0.13119448380657706,0.13119448380657706,0.13119448380657706
114,780.0,0.05028660324261622,0.05028660324261622,0.05028660324261622,0.048679957808755496,0.048679957808755496,0.048679957808755496
115,832.0,0.10926729640030636,0.10926729640030636,0.10926729640030636,0.10805044604050774,0.10805044604050774,0.10805044604050774
116,884.0,0.0715953307392996,0.0715953307392996,0.0715953307392996,0.07165750680050668,0.07165750680050668,0.07165750680050668
117,936.0,0.16764673789968687,0.16764673789968687,0.16764673789968687,0.14536605172000266,0.14536605172000266,0.14536605172000266
118,988.0,0.05776515151515151,0.05776515151515151,0.05776515151515151,0.0563222781795225,0.0563222781795225,0.0563222781795225
119,1040.0,0.31508420868216447,0.31508420868216447,0.31508420868216447,0.43832073271715266,0.43832073271715266,0.43832073271715266
120,52.0,0.5422395032457313,0.5422395032457313,0.5422395032457313,0.6874511251912315,0.6874511251912315,0.6874511251912315
121,104.0,0.23852272562944984,0.23852272562944984,0.23852272562944984,0.32258647681298325,0.32258647681298325,0.32258647681298325
122,156.0,0.48944853719034853,0.48944853719034853,0.48944853719034853,0.5846052667622745,0.5846052667622745,0.5846052667622745
123,208.0,0.005393056168356468,0.005393056168356468,0.005393056168356468,0.005343698706699021,0.005343698706699021,0.005343698706699021
124,260.0,0.16498898090732778,0.16498898090732778,0.16498898090732778,0.1902668492617575,0.1902668492617575,0.1902668492617575
125,312.0,0.16316235960646422,0.16316235960646422,0.16316235960646422,0.16008233622736254,0.16008233622736254,0.16008233622736254
126,364.0,0.09900990099009901,0.09900990099009901,0.09900990099009901,0.08920694049602981,0.08920694049602981,0.08920694049602981
127,416.0,0.38187451587916343,0.38187451587916343,0.38187451587916343,0.4002601577626433,0.4002601577626433,0.4002601577626433
128,468.0,0.15688765126920667,0.15688765126920667,0.15688765126920667,0.175621983590676,0.175621983590676,0.175621983590676
129,520.0,0.036775106082036775,0.036775106082036775,0.036775106082036775,0.04108040628269738,0.04108040628269738,0.04108040628269738
130,572.0,0.1281999504885958,0.1281999504885958,0.1281999504885958,0.11326730657088932,0.11326730657088932,0.11326730657088932
131,624.0,0.17710745667548683,0.17710745667548683,0.17710745667548683,0.16290209385502455,0.16290209385502455,0.16290209385502455
132,676.0,0.47497818509832557,0.47497818509832557,0.47497818509832557,0.7349440076152908,0.7349440076152908,0.7349440076152908
133,728.0,0.18027571580063625,0.18027571580063625,0.18027571580063625,0.20928221454283336,0.20928221454283336,0.20928221454283336
134,780.0,0.09090909090909091,0.09090909090909091,0.09090909090909091,0.10082644628099173,0.10082644628099173,0.10082644628099173
135,832.0,0.43400501794970925,0.43400501794970925,0.43400501794970925,0.5249641517504237,0.5249641517504237,0.5249641517504237
136,884.0,0.05090774555064661,0.05090774555064661,0.05090774555064661,0.05425502189486574,0.05425502189486574,0.05425502189486574
137,936.0,0.13630348478164975,0.13630348478164975,0.13630348478164975,0.14066264808225415,0.14066264808225415,0.14066264808225415
138,988.0,0.22700899710921257,0.22700899710921257,0.22700899710921257,0.26334229015351385,0.26334229015351385,0.26334229015351385
139,1040.0,0.0737675223900524,0.0737675223900524,0.0737675223900524,0.0797683100361913,0.0797683100361913,0.0797683100361913
140,52.0,5.075,5.075,5.075,4.451606404958678,4.451606404958678,4.451606404958678
141,104.0,0.04512635379061372,0.04512635379061372,0.04512635379061372,0.043089965984178094,0.043089965984178094,0.043089965984178094
142,156.0,0.10193133047210301,0.10193133047210301,0.10193133047210301,0.09958854464071912,0.09958854464071912,0.09958854464071912
143,208.0,0.5556480083002975,0.5556480083002975,0.5556480083002975,0.729847180059108,0.729847180059108,0.729847180059108
144,260.0,0.28464380264464245,0.28464380264464245,0.28464380264464245,0.20285355012207965,0.20285355012207965,0.20285355012207965
145,312.0,0.1934466040011004,0.1934466040011004,0.1934466040011004,0.199471047143314,0.199471047143314,0.199471047143314
146,364.0,0.2028985507246377,0.2028985507246377,0.2028985507246377,0.18139946589852074,0.18139946589852074,0.18139946589852074
147,416.0,0.0651685393258427,0.0651685393258427,0.0651685393258427,0.0609216008079788,0.0609216008079788,0.0609216008079788
148,468.0,0.18907563025210083,0.18907563025210083,0.18907563025210083,0.1533260362968717,0.1533260362968717,0.1533260362968717
149,520.0,0.09467713787085515,0.09467713787085515,0.09467713787085515,0.09618458162391991,0.09618458162391991,0.09618458162391991
150,572.0,0.652374636517666,0.652374636517666,0.652374636517666,0.4649190598632093,0.4649190598632093,0.4649190598632093
151,624.0,0.026954177897574125,0.026954177897574125,0.026954177897574125,0.02712612278802586,0.02712612278802586,0.02712612278802586
152,676.0,0.20975007368309712,0.20975007368309712,0.20975007368309712,0.20492888271769488,0.20492888271769488,0.20492888271769488
153,728.0,0.45907441203081384,0.45907441203081384,0.45907441203081384,0.5423405958521575,0.5423405958521575,0.5423405958521575
154,780.0,0.08357024575040593,0.08357024575040593,0.08357024575040593,0.09365072161593321,0.09365072161593321,0.09365072161593321
155,832.0,0.05583756345177665,0.05583756345177665,0.05583756345177665,0.052719729959545464,0.052719729959545464,0.052719729959545464
156,884.0,0.5401522586923683,0.5401522586923683,0.5401522586923683,0.469282223207291,0.469282223207291,0.469282223207291
157,936.0,0.05780182232346241,0.05780182232346241,0.05780182232346241,0.05787762815157663,0.05787762815157663,0.05787762815157663
158,988.0,0.4292832140409199,0.4292832140409199,0.4292832140409199,0.4269939931857126,0.4269939931857126,0.4269939931857126
159,1040.0,0.5567041563415744,0.5567041563415744,0.5567041563415744,1.5458770802713377,1.5458770802713377,1.5458770802713377
160,52.0,0.14404768967057574,0.14404768967057574,0.14404768967057574,0.22587627974624983,0.22587627974624983,0.22587627974624983
161,104.0,0.23352423529183147,0.23352423529183147,0.23352423529183147,0.2394771088272516,0.2394771088272516,0.2394771088272516
162,156.0,0.06019900497512438,0.06019900497512438,0.06019900497512438,0.06354025890448255,0.06354025890448255,0.06354025890448255
163,208.0,0.1989795918367347,0.1989795918367347,0.1989795918367347,0.16667534360683045,0.16667534360683045,0.16667534360683045
164,260.0,0.6298701298701299,0.6298701298701299,0.6298701298701299,3.6876792039129698,3.6876792039129698,3.6876792039129698
165,312.0,0.059424326833797586,0.059424326833797586,0.059424326833797586,0.05589307621414758,0.05589307621414758,0.05589307621414758
166,364.0,0.22566844919786097,0.22566844919786097,0.22566844919786097,0.2239400611970603,0.2239400611970603,0.2239400611970603
167,416.0,0.16235711254985727,0.16235711254985727,0.16235711254985727,0.2142367268137008,0.2142367268137008,0.2142367268137008
168,468.0,0.15083745373714572,0.15083745373714572,0.15083745373714572,0.18762960894564984,0.18762960894564984,0.18762960894564984
169,520.0,0.2748478701825558,0.2748478701825558,0.2748478701825558,0.3189819748281211,0.3189819748281211,0.3189819748281211
170,572.0,0.2025862068965517,0.2025862068965517,0.2025862068965517,0.27792434601664684,0.27792434601664684,0.27792434601664684
171,624.0,0.17374145255660337,0.17374145255660337,0.17374145255660337,0.2538678138641451,0.2538678138641451,0.2538678138641451
172,676.0,0.17622465938405063,0.17622465938405063,0.17622465938405063,0.17144853692852938,0.17144853692852938,0.17144853692852938
173,728.0,0.15135135135135136,0.15135135135135136,0.15135135135135136,0.15006574141709278,0.15006574141709278,0.15006574141709278
174,780.0,0.2784160067996163,0.2784160067996163,0.2784160067996163,0.33620652934319634,0.33620652934319634,0.33620652934319634
175,832.0,0.07839155158407798,0.07839155158407798,0.07839155158407798,0.08524387918126441,0.08524387918126441,0.08524387918126441
176,884.0,0.030485868529691967,0.030485868529691967,0.030485868529691967,0.03273209165485855,0.03273209165485855,0.03273209165485855
177,936.0,0.22988568213600033,0.22988568213600033,0.22988568213600033,0.224941690658447,0.224941690658447,0.224941690658447
178,988.0,0.05471698113207547,0.05471698113207547,0.05471698113207547,0.05172303310786757,0.05172303310786757,0.05172303310786757
179,1040.0,0.2480748074807481,0.2480748074807481,0.2480748074807481,0.2569407380782082,0.2569407380782082,0.2569407380782082
180,52.0,0.16318277694022798,0.16318277694022798,0.16318277694022798,0.168928119148137,0.168928119148137,0.168928119148137
181,104.0,0.28472612490677013,0.28472612490677013,0.28472612490677013,0.26030628467207667,0.26030628467207667,0.26030628467207667
182,156.0,0.49906017354954674,0.49906017354954674,0.49906017354954674,0.5705080947360428,0.5705080947360428,0.5705080947360428
183,208.0,0.26520199448156084,0.26520199448156084,0.26520199448156084,0.3405608174757319,0.3405608174757319,0.3405608174757319
184,260.0,0.030395136778115502,0.030395136778115502,0.030395136778115502,0.029471272438355154,0.029471272438355154,0.029471272438355154
185,312.0,0.13433492267501398,0.13433492267501398,0.13433492267501398,0.14344323172955867,0.14344323172955867,0.14344323172955867
186,364.0,0.2427246520530267,0.2427246520530267,0.2427246520530267,0.3421348739022911,0.3421348739022911,0.3421348739022911
187,416.0,0.04926108374384237,0.04926108374384237,0.04926108374384237,0.04792912012208767,0.04792912012208767,0.04792912012208767
188,468.0,0.6382051012290535,0.6382051012290535,0.6382051012290535,0.779039509446001,0.779039509446001,0.779039509446001
189,520.0,0.15135834411384216,0.15135834411384216,0.15135834411384216,0.1543222169969993,0.1543222169969993,0.1543222169969993
190,572.0,0.6914197737288144,0.6914197737288144,0.6914197737288144,0.9947562558611774,0.9947562558611774,0.9947562558611774
191,624.0,0.05349276274386407,0.05349276274386407,0.05349276274386407,0.053148593559956915,0.053148593559956915,0.053148593559956915
192,676.0,0.0743879472693032,0.0743879472693032,0.0743879472693032,0.06885438057036258,0.06885438057036258,0.06885438057036258
193,728.0,0.14285714285714285,0.14285714285714285,0.14285714285714285,0.12244897959183676,0.12244897959183676,0.12244897959183676
194,780.0,0.03160270880361174,0.03160270880361174,0.03160270880361174,0.03210886849529594,0.03210886849529594,0.03210886849529594
195,832.0,0.5546370165810913,0.5546370165810913,0.5546370165810913,0.6363220577325093,0.6363220577325093,0.6363220577325093
196,884.0,0.5716189756152665,0.5716189756152665,0.5716189756152665,0.8716544206039497,0.8716544206039497,0.8716544206039497
197,936.0,0.9667281811358764,0.9667281811358764,0.9667281811358764,13.705987098327553,13.705987098327553,13.705987098327553
198,988.0,85.31103244699497,85.31103244699497,85.31103244699497,117.01807224309006,117.01807224309006,117.01807224309006
199,1040.0,0.0636566844765722,0.0636566844765722,0.0636566844765722,0.07226198290592592,0.07226198290592592,0.07226198290592592
200,52.0,0.11482084690553745,0.11482084690553745,0.11482084690553745,0.12932431643837072,0.12932431643837072,0.12932431643837072
201,104.0,0.30728979098148457,0.30728979098148457,0.30728979098148457,0.4070715922260379,0.4070715922260379,0.4070715922260379
202,156.0,1.1966364883043983,1.1966364883043983,1.1966364883043983,1.745189409001226,1.745189409001226,1.745189409001226
203,208.0,1.3662220667994938,1.3662220667994938,1.3662220667994938,5.81113290075248,5.81113290075248,5.81113290075248
204,260.0,0.29981339391311995,0.29981339391311995,0.29981339391311995,0.27899350755561253,0.27899350755561253,0.27899350755561253
205,312.0,0.02876931273308471,0.02876931273308471,0.02876931273308471,0.027941639377950675,0.027941639377950675,0.027941639377950675
206,364.0,0.1765536723163842,0.1765536723163842,0.1765536723163842,0.1474002293630274,0.1474002293630274,0.1474002293630274
207,416.0,0.30722644262879684,0.30722644262879684,0.30722644262879684,0.5345672234997065,0.5345672234997065,0.5345672234997065
208,468.0,0.3246456388680693,0.3246456388680693,0.3246456388680693,0.34922496117122936,0.34922496117122936,0.34922496117122936
209,520.0,0.1295060819060626,0.1295060819060626,0.1295060819060626,0.14811625692516459,0.14811625692516459,0.14811625692516459
210,572.0,0.3322411863772886,0.3322411863772886,0.3322411863772886,0.5431763883436335,0.5431763883436335,0.5431763883436335
211,624.0,0.5143459961858728,0.5143459961858728,0.5143459961858728,0.6239682022318418,0.6239682022318418,0.6239682022318418
212,676.0,0.3612791194625844,0.3612791194625844,0.3612791194625844,0.5349568593793493,0.5349568593793493,0.5349568593793493
213,728.0,0.0511572363163962,0.0511572363163962,0.0511572363163962,0.04949531417785971,0.04949531417785971,0.04949531417785971
214,780.0,0.11381475667189953,0.11381475667189953,0.11381475667189953,0.15423615406795493,0.15423615406795493,0.15423615406795493
215,832.0,48.409080681693546,48.409080681693546,48.409080681693546,934.3923720605113,934.3923720605113,934.3923720605113
216,884.0,0.05457933972310969,0.05457933972310969,0.05457933972310969,0.05373036085110821,0.05373036085110821,0.05373036085110821
217,936.0,0.46765670161881945,0.46765670161881945,0.46765670161881945,0.4500957874042976,0.4500957874042976,0.4500957874042976
218,988.0,0.35220150046324056,0.35220150046324056,0.35220150046324056,0.34145238193181254,0.34145238193181254,0.34145238193181254
219,1040.0,0.343973513555426,0.343973513555426,0.343973513555426,0.351560511389679,0.351560511389679,0.351560511389679
220,52.0,0.2412779673432855,0.2412779673432855,0.2412779673432855,0.24037531477745727,0.24037531477745727,0.24037531477745727
221,104.0,0.045742385579675325,0.045742385579675325,0.045742385579675325,0.04763565612374458,0.04763565612374458,0.04763565612374458
222,156.0,0.4579103431732795,0.4579103431732795,0.4579103431732795,0.6918548073810248,0.6918548073810248,0.6918548073810248
223,208.0,0.6779157909017273,0.6779157909017273,0.6779157909017273,0.663800241329455,0.663800241329455,0.663800241329455
224,260.0,0.31352003842415804,0.31352003842415804,0.31352003842415804,0.8267767999792953,0.8267767999792953,0.8267767999792953
225,312.0,0.07352941176470588,0.07352941176470588,0.07352941176470588,0.09753460207612455,0.09753460207612455,0.09753460207612455
226,364.0,49.862465802722696,49.862465802722696,49.862465802722696,97.25406319075627,97.25406319075627,97.25406319075627
227,416.0,0.3073322932917317,0.3073322932917317,0.3073322932917317,0.27216152608662847,0.27216152608662847,0.27216152608662847
228,468.0,0.1679837228875378,0.1679837228875378,0.1679837228875378,0.1674391547077826,0.1674391547077826,0.1674391547077826
229,520.0,0.7372505543237251,0.7372505543237251,0.7372505543237251,0.8378363429874977,0.8378363429874977,0.8378363429874977
230,572.0,0.2750713336296055,0.2750713336296055,0.2750713336296055,0.49786914821806466,0.49786914821806466,0.49786914821806466
231,624.0,0.13402910444092955,0.13402910444092955,0.13402910444092955,0.12983666341434055,0.12983666341434055,0.12983666341434055
232,676.0,0.12280701754385964,0.12280701754385964,0.12280701754385964,0.17088334872268393,0.17088334872268393,0.17088334872268393
233,728.0,5.682533539568833,5.682533539568833,5.682533539568833,8.84055801344719,8.84055801344719,8.84055801344719
234,780.0,0.19660557724740058,0.19660557724740058,0.19660557724740058,0.18193477596160718,0.18193477596160718,0.18193477596160718
235,832.0,0.7234016750832831,0.7234016750832831,0.7234016750832831,0.8085891585643697,0.8085891585643697,0.8085891585643697
236,884.0,0.17122271806577963,0.17122271806577963,0.17122271806577963,0.22569623849012363,0.22569623849012363,0.22569623849012363
237,936.0,0.14325508486248895,0.14325508486248895,0.14325508486248895,0.15887658433610274,0.15887658433610274,0.15887658433610274
238,988.0,0.496920070923305,0.496920070923305,0.496920070923305,0.6164362095359953,0.6164362095359953,0.6164362095359953
239,1040.0,0.048286030224843346,0.048286030224843346,0.048286030224843346,0.04595448950996887,0.04595448950996887,0.04595448950996887
240,52.0,0.07302231237322515,0.07302231237322515,0.07302231237322515,0.07580364453258397,0.07580364453258397,0.07580364453258397
241,104.0,0.02160737812911726,0.02160737812911726,0.02160737812911726,0.022721527007486787,0.022721527007486787,0.022721527007486787
242,156.0,0.1906186204842735,0.1906186204842735,0.1906186204842735,0.18491332775390057,0.18491332775390057,0.18491332775390057
243,208.0,0.2242589432245689,0.2242589432245689,0.2242589432245689,0.27757986003109697,0.27757986003109697,0.27757986003109697
244,260.0,0.04176706827309237,0.04176706827309237,0.04176706827309237,0.0400225802809632,0.0400225802809632,0.0400225802809632
245,312.0,0.19894469216078683,0.19894469216078683,0.19894469216078683,0.19674129239270338,0.19674129239270338,0.19674129239270338
246,364.0,0.6965578167576462,0.6965578167576462,0.6965578167576462,0.7496060319301128,0.7496060319301128,0.7496060319301128
247,416.0,0.34556039918796255,0.34556039918796255,0.34556039918796255,0.5387279607835758,0.5387279607835758,0.5387279607835758
248,468.0,0.26231657229161365,0.26231657229161365,0.26231657229161365,0.22774776421706,0.22774776421706,0.22774776421706
249,520.0,0.03693617881936133,0.03693617881936133,0.03693617881936133,0.03685398826203867,0.03685398826203867,0.03685398826203867
250,572.0,0.12531662362912874,0.12531662362912874,0.12531662362912874,0.11342563659079025,0.11342563659079025,0.11342563659079025
251,624.0,0.47460282702420054,0.47460282702420054,0.47460282702420054,0.36018075160222723,0.36018075160222723,0.36018075160222723
252,676.0,0.6781548886564803,0.6781548886564803,0.6781548886564803,0.8034130332443208,0.8034130332443208,0.8034130332443208
253,728.0,0.2217957236456818,0.2217957236456818,0.2217957236456818,0.2467625073137062,0.2467625073137062,0.2467625073137062
254,780.0,0.18594210054469762,0.18594210054469762,0.18594210054469762,0.1746403756103845,0.1746403756103845,0.1746403756103845
255,832.0,0.06215213358070501,0.06215213358070501,0.06215213358070501,0.06153599911882443,0.06153599911882443,0.06153599911882443
256,884.0,0.22050271845415959,0.22050271845415959,0.22050271845415959,0.2627480204987953,0.2627480204987953,0.2627480204987953
257,936.0,0.5037612534612462,0.5037612534612462,0.5037612534612462,0.8696061469775889,0.8696061469775889,0.8696061469775889
258,988.0,0.1734090253690929,0.1734090253690929,0.1734090253690929,0.13288806068868858,0.13288806068868858,0.13288806068868858
259,1040.0,2.948467566199711,2.948467566199711,2.948467566199711,62.11337210560787,62.11337210560787,62.11337210560787
260,52.0,0.21690416257248538,0.21690416257248538,0.21690416257248538,0.2374988833443209,0.2374988833443209,0.2374988833443209
261,104.0,0.4902561669592804,0.4902561669592804,0.4902561669592804,0.40867080603371736,0.40867080603371736,0.40867080603371736
262,156.0,0.5620702667661447,0.5620702667661447,0.5620702667661447,0.5774544181181929,0.5774544181181929,0.5774544181181929
263,208.0,0.03223730143494396,0.03223730143494396,0.03223730143494396,0.048446056406501126,0.048446056406501126,0.048446056406501126
264,260.0,0.03624733475479744,0.03624733475479744,0.03624733475479744,0.03493346547797109,0.03493346547797109,0.03493346547797109
265,312.0,0.11044603044908577,0.11044603044908577,0.11044603044908577,0.11011696883746618,0.11011696883746618,0.11011696883746618
266,364.0,0.1857541899441341,0.1857541899441341,0.1857541899441341,0.15124957086233265,0.15124957086233265,0.15124957086233265
267,416.0,0.2950289357583388,0.2950289357583388,0.2950289357583388,0.38577435783633934,0.38577435783633934,0.38577435783633934
268,468.0,0.06456346294937637,0.06456346294937637,0.06456346294937637,0.06919913078536676,0.06919913078536676,0.06919913078536676
269,520.0,0.33154246533294185,0.33154246533294185,0.33154246533294185,0.3354684795919635,0.3354684795919635,0.3354684795919635
270,572.0,5.75440885991946,5.75440885991946,5.75440885991946,5.010753323175073,5.010753323175073,5.010753323175073
271,624.0,0.0653896856916538,0.0653896856916538,0.0653896856916538,0.05625700314772722,0.05625700314772722,0.05625700314772722
272,676.0,0.4888785467982248,0.4888785467982248,0.4888785467982248,0.6384511324668535,0.6384511324668535,0.6384511324668535
273,728.0,0.29439107893365024,0.29439107893365024,0.29439107893365024,0.26671921541341914,0.26671921541341914,0.26671921541341914
274,780.0,0.6848737906388669,0.6848737906388669,0.6848737906388669,0.7063740265042748,0.7063740265042748,0.7063740265042748
275,832.0,0.08556278621354543,0.08556278621354543,0.08556278621354543,0.082098146756855,0.082098146756855,0.082098146756855
276,884.0,0.13219416404010598,0.13219416404010598,0.13219416404010598,0.14340264664911068,0.14340264664911068,0.14340264664911068
277,936.0,0.29235668789808916,0.29235668789808916,0.29235668789808916,0.25911355430240574,0.25911355430240574,0.25911355430240574
278,988.0,0.0,0.0,0.0,0.0,0.0,0.0
279,1040.0,0.0525383707201889,0.0525383707201889,0.0525383707201889,0.05804255313217425,0.05804255313217425,0.05804255313217425
280,52.0,0.3039500940279147,0.3039500940279147,0.3039500940279147,0.418586204015362,0.418586204015362,0.418586204015362
281,104.0,0.019527235354573486,0.019527235354573486,0.019527235354573486,0.02120142089235674,0.02120142089235674,0.02120142089235674
282,156.0,0.4692168962087815,0.4692168962087815,0.4692168962087815,1.4949384938478292,1.4949384938478292,1.4949384938478292
283,208.0,1.8131953626218538,1.8131953626218538,1.8131953626218538,1.8972607887609019,1.8972607887609019,1.8972607887609019
284,260.0,0.1996124031007752,0.1996124031007752,0.1996124031007752,0.15976729162910877,0.15976729162910877,0.15976729162910877
285,312.0,0.5580137725453931,0.5580137725453931,0.5580137725453931,1.5871296069016376,1.5871296069016376,1.5871296069016376
286,364.0,0.2143983880206939,0.2143983880206939,0.2143983880206939,0.28186632052807775,0.28186632052807775,0.28186632052807775
287,416.0,0.15456008424504278,0.15456008424504278,0.15456008424504278,0.17990616372833348,0.17990616372833348,0.17990616372833348
288,468.0,0.30163135014609777,0.30163135014609777,0.30163135014609777,0.37546393907122017,0.37546393907122017,0.37546393907122017
289,520.0,0.34014748410163087,0.34014748410163087,0.34014748410163087,0.4228157440326302,0.4228157440326302,0.4228157440326302
290,572.0,0.3032717286651299,0.3032717286651299,0.3032717286651299,0.4380261221664926,0.4380261221664926,0.4380261221664926
291,624.0,0.6443032486031632,0.6443032486031632,0.6443032486031632,0.8262054456976039,0.8262054456976039,0.8262054456976039
292,676.0,0.22742290748898678,0.22742290748898678,0.22742290748898678,0.1889175876690796,0.1889175876690796,0.1889175876690796
293,728.0,0.1720578114246387,0.1720578114246387,0.1720578114246387,0.14383038344379928,0.14383038344379928,0.14383038344379928
294,780.0,132.4775010953654,132.4775010953654,132.4775010953654,113.60157959750268,113.60157959750268,113.60157959750268
295,832.0,0.06886024423337857,0.06886024423337857,0.06886024423337857,0.06411851099749803,0.06411851099749803,0.06411851099749803
296,884.0,0.10095078299776286,0.10095078299776286,0.10095078299776286,0.10418254120184776,0.10418254120184776,0.10418254120184776
297,936.0,0.6474416688520804,0.6474416688520804,0.6474416688520804,1.789142736170662,1.789142736170662,1.789142736170662
298,988.0,0.4546386468477704,0.4546386468477704,0.4546386468477704,0.5052462943342018,0.5052462943342018,0.5052462943342018
299,1040.0,0.036001190121987506,0.036001190121987506,0.036001190121987506,0.04006065337555474,0.04006065337555474,0.04006065337555474
300,52.0,1.0547718230322174,1.0547718230322174,1.0547718230322174,1.1895627809562928,1.1895627809562928,1.1895627809562928
301,104.0,0.17534165627609186,0.17534165627609186,0.17534165627609186,0.1668554959072146,0.1668554959072146,0.1668554959072146
302,156.0,0.28993288590604027,0.28993288590604027,0.28993288590604027,0.41526778073059767,0.41526778073059767,0.41526778073059767
303,208.0,21.643682503299218,21.643682503299218,21.643682503299218,22.708509760168095,22.708509760168095,22.708509760168095
304,260.0,0.14074530139950242,0.14074530139950242,0.14074530139950242,0.16191537287950483,0.16191537287950483,0.16191537287950483
305,312.0,0.1375590020229265,0.1375590020229265,0.1375590020229265,0.118636522985383,0.118636522985383,0.118636522985383
306,364.0,0.3227669395540219,0.3227669395540219,0.3227669395540219,0.4057351755622192,0.4057351755622192,0.4057351755622192
307,416.0,0.20375683355497665,0.20375683355497665,0.20375683355497665,0.18906906627087292,0.18906906627087292,0.18906906627087292
308,468.0,0.7715994182388541,0.7715994182388541,0.7715994182388541,0.846151295140344,0.846151295140344,0.846151295140344
309,520.0,0.261470506583146,0.261470506583146,0.261470506583146,0.45195269786473635,0.45195269786473635,0.45195269786473635
310,572.0,0.44852256551279623,0.44852256551279623,0.44852256551279623,0.6052937141892865,0.6052937141892865,0.6052937141892865
311,624.0,0.10061468780329991,0.10061468780329991,0.10061468780329991,0.10537328763933151,0.10537328763933151,0.10537328763933151
312,676.0,0.6705194424718729,0.6705194424718729,0.6705194424718729,0.7135764967537093,0.7135764967537093,0.7135764967537093
313,728.0,0.4429065399683907,0.4429065399683907,0.4429065399683907,0.5070904396464024,0.5070904396464024,0.5070904396464024
314,780.0,0.14458638675235205,0.14458638675235205,0.14458638675235205,0.16827661669905178,0.16827661669905178,0.16827661669905178
315,832.0,0.20966933491943823,0.20966933491943823,0.20966933491943823,0.2534843884922755,0.2534843884922755,0.2534843884922755
316,884.0,0.13342190134755708,0.13342190134755708,0.13342190134755708,0.13176861111868698,0.13176861111868698,0.13176861111868698
317,936.0,0.055695142378559465,0.055695142378559465,0.055695142378559465,0.060130881936202515,0.060130881936202515,0.060130881936202515
318,988.0,0.009746146872166819,0.009746146872166819,0.009746146872166819,0.009651159493312972,0.009651159493312972,0.009651159493312972
319,1040.0,0.4750747802668609,0.4750747802668609,0.4750747802668609,0.4497866935576121,0.4497866935576121,0.4497866935576121
320,52.0,0.04285714285714286,0.04285714285714286,0.04285714285714286,0.041020408163265326,0.041020408163265326,0.041020408163265326
321,104.0,0.632095503616818,0.632095503616818,0.632095503616818,0.898266741952767,0.898266741952767,0.898266741952767
322,156.0,0.07673355592139894,0.07673355592139894,0.07673355592139894,0.0664425557603181,0.0664425557603181,0.0664425557603181
323,208.0,0.060684291226945096,0.060684291226945096,0.060684291226945096,0.055292450291790064,0.055292450291790064,0.055292450291790064
324,260.0,0.08596134282807731,0.08596134282807731,0.08596134282807731,0.08213251936015,0.08213251936015,0.08213251936015
325,312.0,0.03932082216264522,0.03932082216264522,0.03932082216264522,0.04849855569691117,0.04849855569691117,0.04849855569691117
326,364.0,0.03589728966137523,0.03589728966137523,0.03589728966137523,0.036347625599586146,0.036347625599586146,0.036347625599586146
327,416.0,0.09585757483952446,0.09585757483952446,0.09585757483952446,0.1004470021156353,0.1004470021156353,0.1004470021156353
328,468.0,2.019989500028053,2.019989500028053,2.019989500028053,1.8186784932991331,1.8186784932991331,1.8186784932991331
329,520.0,0.21297493380254254,0.21297493380254254,0.21297493380254254,0.2295747534346606,0.2295747534346606,0.2295747534346606
330,572.0,0.5438064984434258,0.5438064984434258,0.5438064984434258,0.564290760685437,0.564290760685437,0.564290760685437
331,624.0,10.686204922449665,10.686204922449665,10.686204922449665,324.98457373375123,324.98457373375123,324.98457373375123
332,676.0,0.016674450552556157,0.016674450552556157,0.016674450552556157,0.01400139293805021,0.01400139293805021,0.01400139293805021
333,728.0,0.21938351392156047,0.21938351392156047,0.21938351392156047,0.2902048880294187,0.2902048880294187,0.2902048880294187
334,780.0,0.25794297554614004,0.25794297554614004,0.25794297554614004,0.35829728046484915,0.35829728046484915,0.35829728046484915
335,832.0,0.6123433004152269,0.6123433004152269,0.6123433004152269,0.6493066976380447,0.6493066976380447,0.6493066976380447
336,884.0,0.505849787104619,0.505849787104619,0.505849787104619,0.5811223963092574,0.5811223963092574,0.5811223963092574
337,936.0,0.556937828485361,0.556937828485361,0.556937828485361,0.7346151358555876,0.7346151358555876,0.7346151358555876
338,988.0,0.16973493868189002,0.16973493868189002,0.16973493868189002,0.19913700365071305,0.19913700365071305,0.19913700365071305
339,1040.0,0.0737347294938918,0.0737347294938918,0.0737347294938918,0.08313212509403678,0.08313212509403678,0.08313212509403678
340,52.0,0.09739242672576122,0.09739242672576122,0.09739242672576122,0.10890555310609697,0.10890555310609697,0.10890555310609697
341,104.0,0.036047234307022995,0.036047234307022995,0.036047234307022995,0.034747831205837576,0.034747831205837576,0.034747831205837576
342,156.0,0.04494188801827139,0.04494188801827139,0.04494188801827139,0.046418510099292674,0.046418510099292674,0.046418510099292674
343,208.0,0.06515892237972602,0.06515892237972602,0.06515892237972602,0.07129785904850228,0.07129785904850228,0.07129785904850228
344,260.0,0.7896539464583393,0.7896539464583393,0.7896539464583393,0.868709480668809,0.868709480668809,0.868709480668809
345,312.0,1.0417768955906852,1.0417768955906852,1.0417768955906852,2.165396917083803,2.165396917083803,2.165396917083803
346,364.0,0.4485260328269406,0.4485260328269406,0.4485260328269406,0.44410831115015503,0.44410831115015503,0.44410831115015503
347,416.0,4.835022413294505,4.835022413294505,4.835022413294505,12.970921884066444,12.970921884066444,12.970921884066444
348,468.0,30.750218666477064,30.750218666477064,30.750218666477064,490.1044380558253,490.1044380558253,490.1044380558253
349,520.0,0.44079824548875535,0.44079824548875535,0.44079824548875535,0.6825132483372262,0.6825132483372262,0.6825132483372262
350,572.0,0.12421382641438625,0.12421382641438625,0.12421382641438625,0.11474214907523246,0.11474214907523246,0.11474214907523246
351,624.0,0.31353135313531355,0.31353135313531355,0.31353135313531355,0.38684660545262445,0.38684660545262445,0.38684660545262445
352,676.0,0.44343009726687793,0.44343009726687793,0.44343009726687793,0.5454220234889096,0.5454220234889096,0.5454220234889096
353,728.0,0.06571694781459614,0.06571694781459614,0.06571694781459614,0.06722035002485356,0.06722035002485356,0.06722035002485356
354,780.0,0.003443187407771766,0.003443187407771766,0.003443187407771766,0.003431331868246727,0.003431331868246727,0.003431331868246727
355,832.0,0.13747489616009664,0.13747489616009664,0.13747489616009664,0.16969936308819633,0.16969936308819633,0.16969936308819633
356,884.0,0.14598387589967915,0.14598387589967915,0.14598387589967915,0.1735150682646881,0.1735150682646881,0.1735150682646881
357,936.0,0.18212550179590112,0.18212550179590112,0.18212550179590112,0.19374769014408053,0.19374769014408053,0.19374769014408053
358,988.0,0.29564489112227804,0.29564489112227804,0.29564489112227804,0.279009508738556,0.279009508738556,0.279009508738556
359,1040.0,0.05628373168851195,0.05628373168851195,0.05628373168851195,0.05774193337450936,0.05774193337450936,0.05774193337450936
360,52.0,0.0040453074433656954,0.0040453074433656954,0.0040453074433656954,0.004028942931054346,0.004028942931054346,0.004028942931054346
361,104.0,0.4650233493485138,0.4650233493485138,0.4650233493485138,0.48943821106822016,0.48943821106822016,0.48943821106822016
362,156.0,5.005914517718996,5.005914517718996,5.005914517718996,16.271094839236856,16.271094839236856,16.271094839236856
363,208.0,0.22966654219234403,0.22966654219234403,0.22966654219234403,0.2507692542988782,0.2507692542988782,0.2507692542988782
364,260.0,0.41311602962324234,0.41311602962324234,0.41311602962324234,0.3497163513882354,0.3497163513882354,0.3497163513882354
365,312.0,0.47197908019160545,0.47197908019160545,0.47197908019160545,0.6199365319179244,0.6199365319179244,0.6199365319179244
366,364.0,0.06127659574468085,0.06127659574468085,0.06127659574468085,0.06603241285649616,0.06603241285649616,0.06603241285649616
367,416.0,0.055681646539383525,0.055681646539383525,0.055681646539383525,0.06160624702779075,0.06160624702779075,0.06160624702779075
368,468.0,0.1906832768241326,0.1906832768241326,0.1906832768241326,0.19870180055448575,0.19870180055448575,0.19870180055448575
369,520.0,1.0534906050922248,1.0534906050922248,1.0534906050922248,0.9177276273406438,0.9177276273406438,0.9177276273406438
370,572.0,0.6183804598073053,0.6183804598073053,0.6183804598073053,1.8881406827615836,1.8881406827615836,1.8881406827615836
371,624.0,0.041231772785239235,0.041231772785239235,0.041231772785239235,0.05122466138436826,0.05122466138436826,0.05122466138436826
372,676.0,0.22352596069228511,0.22352596069228511,0.22352596069228511,0.19409598649236687,0.19409598649236687,0.19409598649236687
373,728.0,0.1082831683669336,0.1082831683669336,0.1082831683669336,0.1161814521821681,0.1161814521821681,0.1161814521821681
374,780.0,0.22668593457018532,0.22668593457018532,0.22668593457018532,0.22214848784770647,0.22214848784770647,0.22214848784770647
375,832.0,0.1860215053763441,0.1860215053763441,0.1860215053763441,0.15141750491386285,0.15141750491386285,0.15141750491386285
376,884.0,0.20782463928967815,0.20782463928967815,0.20782463928967815,0.2251219048757023,0.2251219048757023,0.2251219048757023
377,936.0,0.26306967524520297,0.26306967524520297,0.26306967524520297,0.6210662172763394,0.6210662172763394,0.6210662172763394
378,988.0,0.007452754857599149,0.007452754857599149,0.007452754857599149,0.007929550935317336,0.007929550935317336,0.007929550935317336
379,1040.0,0.8204242627716656,0.8204242627716656,0.8204242627716656,0.8702210623718889,0.8702210623718889,0.8702210623718889
380,52.0,0.2470127862365395,0.2470127862365395,0.2470127862365395,0.3189770454665783,0.3189770454665783,0.3189770454665783
381,104.0,0.35164366763379085,0.35164366763379085,0.35164366763379085,0.34498289403399096,0.34498289403399096,0.34498289403399096
382,156.0,0.2313872654206514,0.2313872654206514,0.2313872654206514,0.2111054896931233,0.2111054896931233,0.2111054896931233
383,208.0,0.0296028880866426,0.0296028880866426,0.0296028880866426,0.03089262208552177,0.03089262208552177,0.03089262208552177
384,260.0,0.3094183841234434,0.3094183841234434,0.3094183841234434,0.43777845486053696,0.43777845486053696,0.43777845486053696
385,312.0,0.17889182058047493,0.17889182058047493,0.17889182058047493,0.1669423075584269,0.1669423075584269,0.1669423075584269
386,364.0,0.3627974728957468,0.3627974728957468,0.3627974728957468,0.26584818512634945,0.26584818512634945,0.26584818512634945
387,416.0,0.2815917685003836,0.2815917685003836,0.2815917685003836,0.33069612247449315,0.33069612247449315,0.33069612247449315
388,468.0,0.057453809162237406,0.057453809162237406,0.057453809162237406,0.054659069936768445,0.054659069936768445,0.054659069936768445
389,520.0,0.17838239751105067,0.17838239751105067,0.17838239751105067,0.2230675845163315,0.2230675845163315,0.2230675845163315
390,572.0,0.30006631683683754,0.30006631683683754,0.30006631683683754,0.30710672905978365,0.30710672905978365,0.30710672905978365
391,624.0,0.24015605447479174,0.24015605447479174,0.24015605447479174,0.3011350245774394,0.3011350245774394,0.3011350245774394
392,676.0,0.11286940751498943,0.11286940751498943,0.11286940751498943,0.10012634266392324,0.10012634266392324,0.10012634266392324
393,728.0,0.046012269938650305,0.046012269938650305,0.046012269938650305,0.043895140953743084,0.043895140953743084,0.043895140953743084
394,780.0,0.2976050255202199,0.2976050255202199,0.2976050255202199,0.2954124030842848,0.2954124030842848,0.2954124030842848
395,832.0,0.2176662700770261,0.2176662700770261,0.2176662700770261,0.2535734278893862,0.2535734278893862,0.2535734278893862
396,884.0,0.2707290448846608,0.2707290448846608,0.2707290448846608,0.2867275793475124,0.2867275793475124,0.2867275793475124
397,936.0,0.06700336700336701,0.06700336700336701,0.06700336700336701,0.06251391581357912,0.06251391581357912,0.06251391581357912
398,988.0,0.21756497009768624,0.21756497009768624,0.21756497009768624,0.20519496056471895,0.20519496056471895,0.20519496056471895
399,1040.0,0.03926096997690531,0.03926096997690531,0.03926096997690531,0.03771954621337786,0.03771954621337786,0.03771954621337786
400,52.0,0.25486802250108176,0.25486802250108176,0.25486802250108176,0.2418358869523422,0.2418358869523422,0.2418358869523422
401,104.0,0.29350907531439957,0.29350907531439957,0.29350907531439957,0.37558232908438527,0.37558232908438527,0.37558232908438527
402,156.0,0.11,0.11,0.11,0.09790000000000003,0.09790000000000003,0.09790000000000003
403,208.0,0.05291204848103097,0.05291204848103097,0.05291204848103097,0.05026703020369269,0.05026703020369269,0.05026703020369269
404,260.0,0.10256410256410256,0.10256410256410256,0.10256410256410256,0.10230111768573306,0.10230111768573306,0.10230111768573306
405,312.0,0.31950898715310727,0.31950898715310727,0.31950898715310727,0.21132297230914796,0.21132297230914796,0.21132297230914796
406,364.0,0.15716486902927582,0.15716486902927582,0.15716486902927582,0.15403572166257912,0.15403572166257912,0.15403572166257912
407,416.0,0.17473392884876443,0.17473392884876443,0.17473392884876443,0.24845995582715896,0.24845995582715896,0.24845995582715896
408,468.0,0.1313066102706893,0.1313066102706893,0.1313066102706893,0.14210750814272052,0.14210750814272052,0.14210750814272052
409,520.0,49.72062322288837,49.72062322288837,49.72062322288837,58.873833661111625,58.873833661111625,58.873833661111625
410,572.0,0.0808549024894516,0.0808549024894516,0.0808549024894516,0.07535287356240963,0.07535287356240963,0.07535287356240963
411,624.0,0.1744186046511628,0.1744186046511628,0.1744186046511628,0.17175369423751288,0.17175369423751288,0.17175369423751288
412,676.0,0.10303742565138228,0.10303742565138228,0.10303742565138228,0.09595914983070739,0.09595914983070739,0.09595914983070739
413,728.0,0.06418496860558907,0.06418496860558907,0.06418496860558907,0.07016698252347754,0.07016698252347754,0.07016698252347754
414,780.0,0.5331283726293522,0.5331283726293522,0.5331283726293522,0.5359279534006485,0.5359279534006485,0.5359279534006485
415,832.0,0.717661714855173,0.717661714855173,0.717661714855173,0.7503539932438622,0.7503539932438622,0.7503539932438622
416,884.0,0.16883105808181312,0.16883105808181312,0.16883105808181312,0.16503119171157946,0.16503119171157946,0.16503119171157946
417,936.0,0.2312137306242332,0.2312137306242332,0.2312137306242332,0.1652186701382343,0.1652186701382343,0.1652186701382343
418,988.0,0.12237956233636797,0.12237956233636797,0.12237956233636797,0.14444897872393178,0.14444897872393178,0.14444897872393178
419,1040.0,0.08320628021432849,0.08320628021432849,0.08320628021432849,0.07499644819338476,0.07499644819338476,0.07499644819338476
420,52.0,0.3434263049046385,0.3434263049046385,0.3434263049046385,0.4228097172565799,0.4228097172565799,0.4228097172565799
421,104.0,0.6174081791894964,0.6174081791894964,0.6174081791894964,0.71703303396328,0.71703303396328,0.71703303396328
422,156.0,0.30012598682605685,0.30012598682605685,0.30012598682605685,0.4178136312160908,0.4178136312160908,0.4178136312160908
423,208.0,0.1471240656636777,0.1471240656636777,0.1471240656636777,0.20777281051704538,0.20777281051704538,0.20777281051704538
424,260.0,0.14301230249848512,0.14301230249848512,0.14301230249848512,0.13034332455563058,0.13034332455563058,0.13034332455563058
425,312.0,0.1375,0.1375,0.1375,0.11859375000000001,0.11859375000000001,0.11859375000000001
426,364.0,0.045081967213114756,0.045081967213114756,0.045081967213114756,0.048514064319627334,0.048514064319627334,0.048514064319627334
427,416.0,0.5136117583554709,0.5136117583554709,0.5136117583554709,0.5187196211082326,0.5187196211082326,0.5187196211082326
428,468.0,0.11796246648793565,0.11796246648793565,0.11796246648793565,0.12013311387273681,0.12013311387273681,0.12013311387273681
429,520.0,0.23903508771929824,0.23903508771929824,0.23903508771929824,0.23452889350569403,0.23452889350569403,0.23452889350569403
430,572.0,0.021058185832003883,0.021058185832003883,0.021058185832003883,0.01622970415501403,0.01622970415501403,0.01622970415501403
431,624.0,0.05171564560797498,0.05171564560797498,0.05171564560797498,0.04813597588564793,0.04813597588564793,0.04813597588564793
432,676.0,0.14161220043572983,0.14161220043572983,0.14161220043572983,0.1433446774982082,0.1433446774982082,0.1433446774982082
433,728.0,0.26597374108728083,0.26597374108728083,0.26597374108728083,0.3682149279812217,0.3682149279812217,0.3682149279812217
434,780.0,0.2001082054595231,0.2001082054595231,0.2001082054595231,0.1652158016087108,0.1652158016087108,0.1652158016087108
435,832.0,0.15781961698667363,0.15781961698667363,0.15781961698667363,0.28166931042439985,0.28166931042439985,0.28166931042439985
436,884.0,0.11237166347984368,0.11237166347984368,0.11237166347984368,0.12802367951238486,0.12802367951238486,0.12802367951238486
437,936.0,0.06278240190249702,0.06278240190249702,0.06278240190249702,0.060743268941198754,0.060743268941198754,0.060743268941198754
438,988.0,166.19965424619582,166.19965424619582,166.19965424619582,139.9381787190049,139.9381787190049,139.9381787190049
439,1040.0,0.11952745103861709,0.11952745103861709,0.11952745103861709,0.1314735249848454,0.1314735249848454,0.1314735249848454
440,52.0,0.02738873327108621,0.02738873327108621,0.02738873327108621,0.026638590560891504,0.026638590560891504,0.026638590560891504
441,104.0,0.11459265890778872,0.11459265890778872,0.11459265890778872,0.11891865681271534,0.11891865681271534,0.11891865681271534
442,156.0,0.10814030338204035,0.10814030338204035,0.10814030338204035,0.11938604228022137,0.11938604228022137,0.11938604228022137
443,208.0,0.17965153719737684,0.17965153719737684,0.17965153719737684,0.3279104406051201,0.3279104406051201,0.3279104406051201
444,260.0,0.3609196670886754,0.3609196670886754,0.3609196670886754,0.3935891844863999,0.3935891844863999,0.3935891844863999
445,312.0,0.017845761631612493,0.017845761631612493,0.017845761631612493,0.017527290423400167,0.017527290423400167,0.017527290423400167
446,364.0,3.2889506871137244,3.2889506871137244,3.2889506871137244,3.421182354382935,3.421182354382935,3.421182354382935
447,416.0,0.1633262780845035,0.1633262780845035,0.1633262780845035,0.12502148560929066,0.12502148560929066,0.12502148560929066
448,468.0,0.039083474343182316,0.039083474343182316,0.039083474343182316,0.04036789064640377,0.04036789064640377,0.04036789064640377
449,520.0,0.7146389896831662,0.7146389896831662,0.7146389896831662,1.587495252311497,1.587495252311497,1.587495252311497
450,572.0,0.391641728867182,0.391641728867182,0.391641728867182,0.5886826845161057,0.5886826845161057,0.5886826845161057
451,624.0,0.6077117496351678,0.6077117496351678,0.6077117496351678,0.9257852017092789,0.9257852017092789,0.9257852017092789
452,676.0,0.2274729041707312,0.2274729041707312,0.2274729041707312,0.33502804506441847,0.33502804506441847,0.33502804506441847
453,728.0,0.3784537573317774,0.3784537573317774,0.3784537573317774,0.2792212899010445,0.2792212899010445,0.2792212899010445
454,780.0,112.76357941923294,112.76357941923294,112.76357941923294,102.27061806871481,102.27061806871481,102.27061806871481
455,832.0,0.0965992926076735,0.0965992926076735,0.0965992926076735,0.10798064670542258,0.10798064670542258,0.10798064670542258
456,884.0,0.07864729622489891,0.07864729622489891,0.07864729622489891,0.07241427979037267,0.07241427979037267,0.07241427979037267
457,936.0,0.22997153993152714,0.22997153993152714,0.22997153993152714,0.3129226265368945,0.3129226265368945,0.3129226265368945
458,988.0,0.059362703917998236,0.059362703917998236,0.059362703917998236,0.05972360655318038,0.05972360655318038,0.05972360655318038
459,1040.0,174.4201858429155,174.4201858429155,174.4201858429155,153.40323508885135,153.40323508885135,153.40323508885135
460,52.0,0.1431163288613253,0.1431163288613253,0.1431163288613253,0.15499147036290617,0.15499147036290617,0.15499147036290617
461,104.0,0.19748080570243143,0.19748080570243143,0.19748080570243143,0.17910551123621482,0.17910551123621482,0.17910551123621482
462,156.0,6.6866896423995925,6.6866896423995925,6.6866896423995925,67.71669155284572,67.71669155284572,67.71669155284572
463,208.0,0.12342569269521411,0.12342569269521411,0.12342569269521411,0.14093738301746728,0.14093738301746728,0.14093738301746728
464,260.0,0.16588493882708422,0.16588493882708422,0.16588493882708422,0.2052846238912952,0.2052846238912952,0.2052846238912952
465,312.0,0.3909869543119899,0.3909869543119899,0.3909869543119899,0.37361250233575954,0.37361250233575954,0.37361250233575954
466,364.0,0.019771413829912498,0.019771413829912498,0.019771413829912498,0.017777681395175163,0.017777681395175163,0.017777681395175163
467,416.0,40.63469071042519,40.63469071042519,40.63469071042519,56.5042516714814,56.5042516714814,56.5042516714814
468,468.0,0.3422130370641963,0.3422130370641963,0.3422130370641963,0.36436384683922307,0.36436384683922307,0.36436384683922307
469,520.0,0.0859375,0.0859375,0.0859375,0.07855224609375,0.07855224609375,0.07855224609375
470,572.0,0.7619798457319965,0.7619798457319965,0.7619798457319965,6.030658101666323,6.030658101666323,6.030658101666323
471,624.0,0.14058947591992485,0.14058947591992485,0.14058947591992485,0.13712913906553342,0.13712913906553342,0.13712913906553342
472,676.0,0.07514450867052024,0.07514450867052024,0.07514450867052024,0.06949781148718634,0.06949781148718634,0.06949781148718634
473,728.0,0.6251562109756117,0.6251562109756117,0.6251562109756117,0.8662377190340051,0.8662377190340051,0.8662377190340051
474,780.0,0.03401305059260856,0.03401305059260856,0.03401305059260856,0.03149991466352958,0.03149991466352958,0.03149991466352958
475,832.0,0.04104234527687296,0.04104234527687296,0.04104234527687296,0.0393578711710469,0.0393578711710469,0.0393578711710469
476,884.0,0.02536278961120841,0.02536278961120841,0.02536278961120841,0.0248134822564312,0.0248134822564312,0.0248134822564312
477,936.0,0.16458054879615744,0.16458054879615744,0.16458054879615744,0.15996898041938487,0.15996898041938487,0.15996898041938487
478,988.0,0.14481808069595917,0.14481808069595917,0.14481808069595917,0.14957317226165756,0.14957317226165756,0.14957317226165756
479,1040.0,0.15045649931641933,0.15045649931641933,0.15045649931641933,0.1873330106020049,0.1873330106020049,0.1873330106020049
480,52.0,0.39885605540261326,0.39885605540261326,0.39885605540261326,0.4066430164601023,0.4066430164601023,0.4066430164601023
481,104.0,0.01347305389221557,0.01347305389221557,0.01347305389221557,0.013291530711033027,0.013291530711033027,0.013291530711033027
482,156.0,0.262083773958111,0.262083773958111,0.262083773958111,0.4449932440915205,0.4449932440915205,0.4449932440915205
483,208.0,0.07641395908543923,0.07641395908543923,0.07641395908543923,0.07057486594232804,0.07057486594232804,0.07057486594232804
484,260.0,0.12373834648150284,0.12373834648150284,0.12373834648150284,0.09859197792050944,0.09859197792050944,0.09859197792050944
485,312.0,46.17752899364557,46.17752899364557,46.17752899364557,38.46778601993152,38.46778601993152,38.46778601993152
486,364.0,0.08010821377051283,0.08010821377051283,0.08010821377051283,0.07062405893317657,0.07062405893317657,0.07062405893317657
487,416.0,0.25454141836001587,0.25454141836001587,0.25454141836001587,0.44528086154544627,0.44528086154544627,0.44528086154544627
488,468.0,0.30695298944375266,0.30695298944375266,0.30695298944375266,0.4927135096455746,0.4927135096455746,0.4927135096455746
489,520.0,0.2652284263959391,0.2652284263959391,0.2652284263959391,0.278638653405138,0.278638653405138,0.278638653405138
490,572.0,0.2429078014184397,0.2429078014184397,0.2429078014184397,0.2512794879533222,0.2512794879533222,0.2512794879533222
491,624.0,35.78737364679464,35.78737364679464,35.78737364679464,82.07699748288287,82.07699748288287,82.07699748288287
492,676.0,0.645739961378132,0.645739961378132,0.645739961378132,0.6849988521242464,0.6849988521242464,0.6849988521242464
493,728.0,0.025974025974025976,0.025974025974025976,0.025974025974025976,0.026922752572103227,0.026922752572103227,0.026922752572103227
494,780.0,124.30437866782427,124.30437866782427,124.30437866782427,249.30649991983628,249.30649991983628,249.30649991983628
495,832.0,0.5736186983317442,0.5736186983317442,0.5736186983317442,0.5862392352822746,0.5862392352822746,0.5862392352822746
496,884.0,0.2713619886069394,0.2713619886069394,0.2713619886069394,0.41315707818227027,0.41315707818227027,0.41315707818227027
497,936.0,126.69265840166548,126.69265840166548,126.69265840166548,133.63724903373694,133.63724903373694,133.63724903373694
498,988.0,0.2629310344827586,0.2629310344827586,0.2629310344827586,0.3274189952437574,0.3274189952437574,0.3274189952437574
499,1040.0,0.4817390094818516,0.4817390094818516,0.4817390094818516,0.8661366515484232,0.8661366515484232,0.8661366515484232
500,52.0,0.593269354764402,0.593269354764402,0.593269354764402,0.7166993416110615,0.7166993416110615,0.7166993416110615
501,104.0,0.19863847054756748,0.19863847054756748,0.19863847054756748,0.20541165766326136,0.20541165766326136,0.20541165766326136
502,156.0,0.12870425825505633,0.12870425825505633,0.12870425825505633,0.12287035392594219,0.12287035392594219,0.12287035392594219
503,208.0,0.3934452400968612,0.3934452400968612,0.3934452400968612,0.726680774012178,0.726680774012178,0.726680774012178
504,260.0,0.18796489485776618,0.18796489485776618,0.18796489485776618,0.19439396501915848,0.19439396501915848,0.19439396501915848
505,312.0,0.10154525386313466,0.10154525386313466,0.10154525386313466,0.09388282190352276,0.09388282190352276,0.09388282190352276
506,364.0,6.964163345074893,6.964163345074893,6.964163345074893,47.52551216028123,47.52551216028123,47.52551216028123
507,416.0,0.34791113566640547,0.34791113566640547,0.34791113566640547,0.31331616030368564,0.31331616030368564,0.31331616030368564
508,468.0,0.08955223880597014,0.08955223880597014,0.08955223880597014,0.08899532189797281,0.08899532189797281,0.08899532189797281
509,520.0,0.11826347305389222,0.11826347305389222,0.11826347305389222,0.10727123597117144,0.10727123597117144,0.10727123597117144
510,572.0,0.3041052519828499,0.3041052519828499,0.3041052519828499,0.3118684793581047,0.3118684793581047,0.3118684793581047
511,624.0,0.2204123730158768,0.2204123730158768,0.2204123730158768,0.1917011486039581,0.1917011486039581,0.1917011486039581
512,676.0,0.07985553772070626,0.07985553772070626,0.07985553772070626,0.07668890368923735,0.07668890368923735,0.07668890368923735
513,728.0,0.22249388753056235,0.22249388753056235,0.22249388753056235,0.1827703086423443,0.1827703086423443,0.1827703086423443
514,780.0,0.08262585438528973,0.08262585438528973,0.08262585438528973,0.0888756269695379,0.0888756269695379,0.0888756269695379
515,832.0,0.11476236247471762,0.11476236247471762,0.11476236247471762,0.12168935491182284,0.12168935491182284,0.12168935491182284
516,884.0,0.001321003963011889,0.001321003963011889,0.001321003963011889,0.0013192589115415963,0.0013192589115415963,0.0013192589115415963
517,936.0,0.17425054557042524,0.17425054557042524,0.17425054557042524,0.16446550591624923,0.16446550591624923,0.16446550591624923
518,988.0,0.4571122381029556,0.4571122381029556,0.4571122381029556,1.0901147363635972,1.0901147363635972,1.0901147363635972
519,1040.0,0.18928901200369344,0.18928901200369344,0.18928901200369344,0.16269229228000265,0.16269229228000265,0.16269229228000265
520,52.0,0.07932627589683831,0.07932627589683831,0.07932627589683831,0.08240311088015852,0.08240311088015852,0.08240311088015852
521,104.0,0.013377926421404682,0.013377926421404682,0.013377926421404682,0.013198957506068166,0.013198957506068166,0.013198957506068166
522,156.0,0.26966027830459355,0.26966027830459355,0.26966027830459355,0.282089342665954,0.282089342665954,0.282089342665954
523,208.0,0.14505893019038985,0.14505893019038985,0.14505893019038985,0.12583007358978932,0.12583007358978932,0.12583007358978932
524,260.0,0.0827460786542396,0.0827460786542396,0.0827460786542396,0.0872653847169486,0.0872653847169486,0.0872653847169486
525,312.0,0.03414028553693358,0.03414028553693358,0.03414028553693358,0.03297472644039023,0.03297472644039023,0.03297472644039023
526,364.0,49.31788822237847,49.31788822237847,49.31788822237847,46.362081129847866,46.362081129847866,46.362081129847866
527,416.0,0.4754124112191694,0.4754124112191694,0.4754124112191694,0.9871319867720757,0.9871319867720757,0.9871319867720757
528,468.0,0.23490544543176123,0.23490544543176123,0.23490544543176123,0.23850819907948373,0.23850819907948373,0.23850819907948373
529,520.0,0.24020956066195678,0.24020956066195678,0.24020956066195678,0.3098422479688427,0.3098422479688427,0.3098422479688427
530,572.0,107.31225534822457,107.31225534822457,107.31225534822457,92.73900562569945,92.73900562569945,92.73900562569945
531,624.0,0.1316964469381472,0.1316964469381472,0.1316964469381472,0.12838605628827135,0.12838605628827135,0.12838605628827135
532,676.0,0.20512820512820512,0.20512820512820512,0.20512820512820512,0.19543928855669745,0.19543928855669745,0.19543928855669745
533,728.0,0.045680722207949005,0.045680722207949005,0.045680722207949005,0.0372101102000656,0.0372101102000656,0.0372101102000656
534,780.0,0.001968503937007874,0.001968503937007874,0.001968503937007874,0.0019646289292578585,0.0019646289292578585,0.0019646289292578585
535,832.0,0.7634692844641681,0.7634692844641681,0.7634692844641681,0.8826301791416868,0.8826301791416868,0.8826301791416868
536,884.0,0.30483479895143956,0.30483479895143956,0.30483479895143956,0.3729685723299807,0.3729685723299807,0.3729685723299807
537,936.0,0.9113760756245801,0.9113760756245801,0.9113760756245801,1.3198423392865573,1.3198423392865573,1.3198423392865573
538,988.0,0.09174311926605505,0.09174311926605505,0.09174311926605505,0.1016749431866005,0.1016749431866005,0.1016749431866005
539,1040.0,0.8425036379005093,0.8425036379005093,0.8425036379005093,3.2574860502764165,3.2574860502764165,3.2574860502764165
540,52.0,0.20470183486238533,0.20470183486238533,0.20470183486238533,0.2453678010058076,0.2453678010058076,0.2453678010058076
541,104.0,0.12801802929429854,0.12801802929429854,0.12801802929429854,0.14892669494884905,0.14892669494884905,0.14892669494884905
542,156.0,0.2880438044741201,0.2880438044741201,0.2880438044741201,0.308320894454601,0.308320894454601,0.308320894454601
543,208.0,0.04817275747508306,0.04817275747508306,0.04817275747508306,0.04834383726448934,0.04834383726448934,0.04834383726448934
544,260.0,0.2776293516877884,0.2776293516877884,0.2776293516877884,0.24473542671910659,0.24473542671910659,0.24473542671910659
545,312.0,0.38108356567082446,0.38108356567082446,0.38108356567082446,0.4310456748068954,0.4310456748068954,0.4310456748068954
546,364.0,0.06913778178244041,0.06913778178244041,0.06913778178244041,0.06431987343672743,0.06431987343672743,0.06431987343672743
547,416.0,0.33519802568365537,0.33519802568365537,0.33519802568365537,0.45971473844349847,0.45971473844349847,0.45971473844349847
548,468.0,0.1273889766621743,0.1273889766621743,0.1273889766621743,0.1117681863562459,0.1117681863562459,0.1117681863562459
549,520.0,0.14769135405045153,0.14769135405045153,0.14769135405045153,0.3440327991629103,0.3440327991629103,0.3440327991629103
550,572.0,5.7908771752968935,5.7908771752968935,5.7908771752968935,59.37602004438504,59.37602004438504,59.37602004438504
551,624.0,0.1097149195142512,0.1097149195142512,0.1097149195142512,0.13479299718310564,0.13479299718310564,0.13479299718310564
552,676.0,0.24912770411723656,0.24912770411723656,0.24912770411723656,0.2596381086044288,0.2596381086044288,0.2596381086044288
553,728.0,0.22218603007246715,0.22218603007246715,0.22218603007246715,0.2610325292671199,0.2610325292671199,0.2610325292671199
554,780.0,70.97351082636877,70.97351082636877,70.97351082636877,96.27521035042028,96.27521035042028,96.27521035042028
555,832.0,0.10792455405609958,0.10792455405609958,0.10792455405609958,0.09530259594231981,0.09530259594231981,0.09530259594231981
556,884.0,0.44609907316860914,0.44609907316860914,0.44609907316860914,0.43027077618900295,0.43027077618900295,0.43027077618900295
557,936.0,0.2413793103448276,0.2413793103448276,0.2413793103448276,0.3382877526753864,0.3382877526753864,0.3382877526753864
558,988.0,0.29934481322455947,0.29934481322455947,0.29934481322455947,0.3644420552832749,0.3644420552832749,0.3644420552832749
559,1040.0,0.08060786257020151,0.08060786257020151,0.08060786257020151,0.07609239561707,0.07609239561707,0.07609239561707
560,52.0,0.34848473055682416,0.34848473055682416,0.34848473055682416,0.4146212682780341,0.4146212682780341,0.4146212682780341
561,104.0,0.2677823399164642,0.2677823399164642,0.2677823399164642,0.2456795053609138,0.2456795053609138,0.2456795053609138
562,156.0,0.20997431560794713,0.20997431560794713,0.20997431560794713,0.18307693289756033,0.18307693289756033,0.18307693289756033
563,208.0,0.20811874001326375,0.20811874001326375,0.20811874001326375,0.2103238439219882,0.2103238439219882,0.2103238439219882
564,260.0,11.839208582061552,11.839208582061552,11.839208582061552,14.286048887372202,14.286048887372202,14.286048887372202
565,312.0,0.5269334252240288,0.5269334252240288,0.5269334252240288,0.621843375268358,0.621843375268358,0.621843375268358
566,364.0,0.209544921518917,0.209544921518917,0.209544921518917,0.26158695034295343,0.26158695034295343,0.26158695034295343
567,416.0,0.46902235110258783,0.46902235110258783,0.46902235110258783,0.4637445628700468,0.4637445628700468,0.4637445628700468
568,468.0,0.34365074176532057,0.34365074176532057,0.34365074176532057,0.36671990829520135,0.36671990829520135,0.36671990829520135
569,520.0,0.21616891936605584,0.21616891936605584,0.21616891936605584,0.22630511399301195,0.22630511399301195,0.22630511399301195
570,572.0,0.14601171698963497,0.14601171698963497,0.14601171698963497,0.12604425583387033,0.12604425583387033,0.12604425583387033
571,624.0,0.21603686653181473,0.21603686653181473,0.21603686653181473,0.32136669379611477,0.32136669379611477,0.32136669379611477
572,676.0,1.6477500498869087,1.6477500498869087,1.6477500498869087,1.0702539156226532,1.0702539156226532,1.0702539156226532
573,728.0,0.06182795698924731,0.06182795698924731,0.06182795698924731,0.058005260723783085,0.058005260723783085,0.058005260723783085
574,780.0,0.3833955223880597,0.3833955223880597,0.3833955223880597,0.3483436943083092,0.3483436943083092,0.3483436943083092
575,832.0,0.2363978109463792,0.2363978109463792,0.2363978109463792,0.2521929036104528,0.2521929036104528,0.2521929036104528
576,884.0,0.158072696534235,0.158072696534235,0.158072696534235,0.14492003867125786,0.14492003867125786,0.14492003867125786
577,936.0,0.03957266830786619,0.03957266830786619,0.03957266830786619,0.03919057063783245,0.03919057063783245,0.03919057063783245
578,988.0,0.12626262626262627,0.12626262626262627,0.12626262626262627,0.11032037547189064,0.11032037547189064,0.11032037547189064
579,1040.0,0.15625294485639532,0.15625294485639532,0.15625294485639532,0.1278569640337556,0.1278569640337556,0.1278569640337556
580,52.0,0.1535580935664246,0.1535580935664246,0.1535580935664246,0.21193225300344493,0.21193225300344493,0.21193225300344493
581,104.0,0.19454958364875094,0.19454958364875094,0.19454958364875094,0.15670004315084857,0.15670004315084857,0.15670004315084857
582,156.0,0.10386013854820385,0.10386013854820385,0.10386013854820385,0.2003612228007824,0.2003612228007824,0.2003612228007824
583,208.0,0.05880852332794038,0.05880852332794038,0.05880852332794038,0.047508255683645785,0.047508255683645785,0.047508255683645785
584,260.0,0.17026801329947178,0.17026801329947178,0.17026801329947178,0.18136830319405498,0.18136830319405498,0.18136830319405498
585,312.0,0.047619047619047616,0.047619047619047616,0.047619047619047616,0.045351473922902494,0.045351473922902494,0.045351473922902494
586,364.0,0.18108258928571427,0.18108258928571427,0.18108258928571427,0.15833632800043843,0.15833632800043843,0.15833632800043843
587,416.0,0.17003316249623154,0.17003316249623154,0.17003316249623154,0.1411218861477616,0.1411218861477616,0.1411218861477616
588,468.0,0.9193372076346008,0.9193372076346008,0.9193372076346008,5.940500787175476,5.940500787175476,5.940500787175476
589,520.0,0.29447388342165026,0.29447388342165026,0.29447388342165026,0.7603706732391962,0.7603706732391962,0.7603706732391962
590,572.0,0.005558156620390159,0.005558156620390159,0.005558156620390159,0.005478549862142793,0.005478549862142793,0.005478549862142793
591,624.0,0.04373047746541722,0.04373047746541722,0.04373047746541722,0.06368336153877246,0.06368336153877246,0.06368336153877246
592,676.0,0.2373750330260999,0.2373750330260999,0.2373750330260999,0.34627804963761427,0.34627804963761427,0.34627804963761427
593,728.0,0.7875584960975948,0.7875584960975948,0.7875584960975948,0.8482524090386987,0.8482524090386987,0.8482524090386987
594,780.0,0.18482957273163705,0.18482957273163705,0.18482957273163705,0.1698706742670762,0.1698706742670762,0.1698706742670762
595,832.0,0.30373843206164686,0.30373843206164686,0.30373843206164686,0.31953017079076934,0.31953017079076934,0.31953017079076934
596,884.0,0.29402267100218393,0.29402267100218393,0.29402267100218393,0.37236411848404805,0.37236411848404805,0.37236411848404805
597,936.0,0.12986555459120636,0.12986555459120636,0.12986555459120636,0.15003209613107427,0.15003209613107427,0.15003209613107427
598,988.0,0.201028517999065,0.201028517999065,0.201028517999065,0.17838136384310524,0.17838136384310524,0.17838136384310524
599,1040.0,0.05362776025236593,0.05362776025236593,0.05362776025236593,0.05075182358268069,0.05075182358268069,0.05075182358268069
600,52.0,0.005071461502996773,0.005071461502996773,0.005071461502996773,0.005045741781220393,0.005045741781220393,0.005045741781220393
601,104.0,1.2932835144966024,1.2932835144966024,1.2932835144966024,2.827491357517751,2.827491357517751,2.827491357517751
602,156.0,0.24643254256859518,0.24643254256859518,0.24643254256859518,0.23951618845329206,0.23951618845329206,0.23951618845329206
603,208.0,0.2377506420688953,0.2377506420688953,0.2377506420688953,0.26622457203460353,0.26622457203460353,0.26622457203460353
604,260.0,0.027230046948356807,0.027230046948356807,0.027230046948356807,0.02648857149154709,0.02648857149154709,0.02648857149154709
605,312.0,0.0516162669447341,0.0516162669447341,0.0516162669447341,0.0526016629679204,0.0526016629679204,0.0526016629679204
606,364.0,0.005825242718446602,0.005825242718446602,0.005825242718446602,0.005791309265717787,0.005791309265717787,0.005791309265717787
607,416.0,0.21651472503444089,0.21651472503444089,0.21651472503444089,0.24902478450475105,0.24902478450475105,0.24902478450475105
608,468.0,0.12454188665048135,0.12454188665048135,0.12454188665048135,0.12322985230641792,0.12322985230641792,0.12322985230641792
609,520.0,0.30315224681421865,0.30315224681421865,0.30315224681421865,0.4500168909724837,0.4500168909724837,0.4500168909724837
610,572.0,0.22055977887100786,0.22055977887100786,0.22055977887100786,0.23638707722522942,0.23638707722522942,0.23638707722522942
611,624.0,0.1752952293068625,0.1752952293068625,0.1752952293068625,0.1921300704718345,0.1921300704718345,0.1921300704718345
612,676.0,0.22437114384753437,0.22437114384753437,0.22437114384753437,0.1955808120309752,0.1955808120309752,0.1955808120309752
613,728.0,0.09723756906077348,0.09723756906077348,0.09723756906077348,0.0877824242239248,0.0877824242239248,0.0877824242239248
614,780.0,0.1448681398324216,0.1448681398324216,0.1448681398324216,0.17365275000353803,0.17365275000353803,0.17365275000353803
615,832.0,0.06960614298906125,0.06960614298906125,0.06960614298906125,0.06938203791905898,0.06938203791905898,0.06938203791905898
616,884.0,0.15517552601285256,0.15517552601285256,0.15517552601285256,0.20277124886901293,0.20277124886901293,0.20277124886901293
617,936.0,0.05431502715751358,0.05431502715751358,0.05431502715751358,0.05136490498239214,0.05136490498239214,0.05136490498239214
618,988.0,0.128060263653484,0.128060263653484,0.128060263653484,0.13425970258298134,0.13425970258298134,0.13425970258298134
619,1040.0,0.5434641977340026,0.5434641977340026,0.5434641977340026,0.5258950777225049,0.5258950777225049,0.5258950777225049
620,52.0,0.13159716341308555,0.13159716341308555,0.13159716341308555,0.19028229250205214,0.19028229250205214,0.19028229250205214
621,104.0,0.1855426879077405,0.1855426879077405,0.1855426879077405,0.26223346668806385,0.26223346668806385,0.26223346668806385
622,156.0,0.4080287644968781,0.4080287644968781,0.4080287644968781,0.4829272778497033,0.4829272778497033,0.4829272778497033
623,208.0,0.046511627906976744,0.046511627906976744,0.046511627906976744,0.04982025260076989,0.04982025260076989,0.04982025260076989
624,260.0,0.03910482921083628,0.03910482921083628,0.03910482921083628,0.03804678406384009,0.03804678406384009,0.03804678406384009
625,312.0,0.2093415972849471,0.2093415972849471,0.2093415972849471,0.30063627366381646,0.30063627366381646,0.30063627366381646
626,364.0,0.3982425246037888,0.3982425246037888,0.3982425246037888,0.4430540138733131,0.4430540138733131,0.4430540138733131
627,416.0,0.17389493966100605,0.17389493966100605,0.17389493966100605,0.18763184486591697,0.18763184486591697,0.18763184486591697
628,468.0,0.002890173410404624,0.002890173410404624,0.002890173410404624,0.0028818203080624148,0.0028818203080624148,0.0028818203080624148
629,520.0,0.250175520391146,0.250175520391146,0.250175520391146,0.23636267954830725,0.23636267954830725,0.23636267954830725
630,572.0,0.7618829308516487,0.7618829308516487,0.7618829308516487,0.7346988590116371,0.7346988590116371,0.7346988590116371
631,624.0,0.10267288926601613,0.10267288926601613,0.10267288926601613,0.10061652982504204,0.10061652982504204,0.10061652982504204
632,676.0,0.1894192169461422,0.1894192169461422,0.1894192169461422,0.22835112331759613,0.22835112331759613,0.22835112331759613
633,728.0,0.16990018203907029,0.16990018203907029,0.16990018203907029,0.2106584848613648,0.2106584848613648,0.2106584848613648
634,780.0,0.27930204012668286,0.27930204012668286,0.27930204012668286,0.37067773538081805,0.37067773538081805,0.37067773538081805
635,832.0,0.04206349206349207,0.04206349206349207,0.04206349206349207,0.04029415469891659,0.04029415469891659,0.04029415469891659
636,884.0,85.17491678655162,85.17491678655162,85.17491678655162,92.75272029480331,92.75272029480331,92.75272029480331
637,936.0,0.4207163883142749,0.4207163883142749,0.4207163883142749,0.35348482342103993,0.35348482342103993,0.35348482342103993
638,988.0,0.6050209049577067,0.6050209049577067,0.6050209049577067,0.7432017307222899,0.7432017307222899,0.7432017307222899
639,1040.0,0.4848136203779487,0.4848136203779487,0.4848136203779487,0.5025838411492284,0.5025838411492284,0.5025838411492284
640,52.0,0.1366648968401292,0.1366648968401292,0.1366648968401292,0.13538906248415897,0.13538906248415897,0.13538906248415897
641,104.0,0.44432169235928864,0.44432169235928864,0.44432169235928864,0.43470848615306035,0.43470848615306035,0.43470848615306035
642,156.0,0.27908120904113337,0.27908120904113337,0.27908120904113337,0.3068702827497026,0.3068702827497026,0.3068702827497026
643,208.0,0.3232122242338178,0.3232122242338178,0.3232122242338178,0.3708771607158057,0.3708771607158057,0.3708771607158057
644,260.0,0.13083286839957928,0.13083286839957928,0.13083286839957928,0.14227869602790488,0.14227869602790488,0.14227869602790488
645,312.0,0.37218871825930727,0.37218871825930727,0.37218871825930727,0.45568132339400774,0.45568132339400774,0.45568132339400774
646,364.0,0.23770267038083448,0.23770267038083448,0.23770267038083448,0.20328362680240034,0.20328362680240034,0.20328362680240034
647,416.0,0.28448804414469653,0.28448804414469653,0.28448804414469653,0.26772790569192373,0.26772790569192373,0.26772790569192373
648,468.0,0.07274995338376822,0.07274995338376822,0.07274995338376822,0.17830417191138942,0.17830417191138942,0.17830417191138942
649,520.0,0.0660042583392477,0.0660042583392477,0.0660042583392477,0.1912904688723326,0.1912904688723326,0.1912904688723326
650,572.0,0.3609272601307528,0.3609272601307528,0.3609272601307528,0.6504818658825943,0.6504818658825943,0.6504818658825943
651,624.0,0.4798267810919977,0.4798267810919977,0.4798267810919977,0.47521773505898285,0.47521773505898285,0.47521773505898285
652,676.0,0.22657623409619285,0.22657623409619285,0.22657623409619285,0.20296689424167863,0.20296689424167863,0.20296689424167863
653,728.0,0.022388059701492536,0.022388059701492536,0.022388059701492536,0.02934952105145913,0.02934952105145913,0.02934952105145913
654,780.0,0.23062574958994553,0.23062574958994553,0.23062574958994553,0.3096871129529343,0.3096871129529343,0.3096871129529343
655,832.0,0.0657730790626104,0.0657730790626104,0.0657730790626104,0.06554204652665457,0.06554204652665457,0.06554204652665457
656,884.0,0.2694374621393105,0.2694374621393105,0.2694374621393105,0.22731301620285668,0.22731301620285668,0.22731301620285668
657,936.0,0.10731034482758621,0.10731034482758621,0.10731034482758621,2.0075189726516047,2.0075189726516047,2.0075189726516047
658,988.0,0.05917202190325617,0.05917202190325617,0.05917202190325617,0.0581704349305192,0.0581704349305192,0.0581704349305192
659,1040.0,0.2520522955305564,0.2520522955305564,0.2520522955305564,0.3381114767422222,0.3381114767422222,0.3381114767422222
660,52.0,0.14991481973827606,0.14991481973827606,0.14991481973827606,0.27758962912001006,0.27758962912001006,0.27758962912001006
661,104.0,0.051094890510948905,0.051094890510948905,0.051094890510948905,0.05091729269895395,0.05091729269895395,0.05091729269895395
662,156.0,0.11288068753477765,0.11288068753477765,0.11288068753477765,0.14666404444277473,0.14666404444277473,0.14666404444277473
663,208.0,0.10305810397553516,0.10305810397553516,0.10305810397553516,0.09488361436093111,0.09488361436093111,0.09488361436093111
664,260.0,0.08559498956158663,0.08559498956158663,0.08559498956158663,0.0782684873235385,0.0782684873235385,0.0782684873235385
665,312.0,0.40205173583778125,0.40205173583778125,0.40205173583778125,0.5904278560743524,0.5904278560743524,0.5904278560743524
666,364.0,0.16902967309139352,0.16902967309139352,0.16902967309139352,0.4601123715839472,0.4601123715839472,0.4601123715839472
667,416.0,0.11267166042446941,0.11267166042446941,0.11267166042446941,0.09997675736166249,0.09997675736166249,0.09997675736166249
668,468.0,0.5144816795338447,0.5144816795338447,0.5144816795338447,1.4103836096069209,1.4103836096069209,1.4103836096069209
669,520.0,0.32133333333333336,0.32133333333333336,0.32133333333333336,0.40474488888888893,0.40474488888888893,0.40474488888888893
670,572.0,0.10424938940050903,0.10424938940050903,0.10424938940050903,0.09985170580345012,0.09985170580345012,0.09985170580345012
671,624.0,0.0891866169775856,0.0891866169775856,0.0891866169775856,0.09539679715060069,0.09539679715060069,0.09539679715060069
672,676.0,0.20692123476438237,0.20692123476438237,0.20692123476438237,0.18449132798621984,0.18449132798621984,0.18449132798621984
673,728.0,0.37160990595905774,0.37160990595905774,0.37160990595905774,0.4633335375100096,0.4633335375100096,0.4633335375100096
674,780.0,30.89961630265432,30.89961630265432,30.89961630265432,35.77867079880972,35.77867079880972,35.77867079880972
675,832.0,57.73665535526445,57.73665535526445,57.73665535526445,1248.3793229845846,1248.3793229845846,1248.3793229845846
676,884.0,0.5630207646968607,0.5630207646968607,0.5630207646968607,0.5576455883894136,0.5576455883894136,0.5576455883894136
677,936.0,0.2174721189591078,0.2174721189591078,0.2174721189591078,0.19620030126725724,0.19620030126725724,0.19620030126725724
678,988.0,0.13252460024753465,0.13252460024753465,0.13252460024753465,0.15384666167305333,0.15384666167305333,0.15384666167305333
679,1040.0,0.2649913199643181,0.2649913199643181,0.2649913199643181,0.43483168383063964,0.43483168383063964,0.43483168383063964
680,52.0,0.24791186060355816,0.24791186060355816,0.24791186060355816,0.2546511894836557,0.2546511894836557,0.2546511894836557
681,104.0,0.04239953802644926,0.04239953802644926,0.04239953802644926,0.04687454313189951,0.04687454313189951,0.04687454313189951
682,156.0,0.30463803051954846,0.30463803051954846,0.30463803051954846,2.6697371501973497,2.6697371501973497,2.6697371501973497
683,208.0,0.20007785130400935,0.20007785130400935,0.20007785130400935,0.2604748868936314,0.2604748868936314,0.2604748868936314
684,260.0,0.007785130400934216,0.007785130400934216,0.007785130400934216,0.008503035185668088,0.008503035185668088,0.008503035185668088
685,312.0,0.05892342827505309,0.05892342827505309,0.05892342827505309,0.056197455919231476,0.056197455919231476,0.056197455919231476
686,364.0,0.13675681149321262,0.13675681149321262,0.13675681149321262,0.1200384921935232,0.1200384921935232,0.1200384921935232
687,416.0,0.13186570967031744,0.13186570967031744,0.13186570967031744,0.16758015095890222,0.16758015095890222,0.16758015095890222
688,468.0,0.04129041709012556,0.04129041709012556,0.04129041709012556,0.03661402606686244,0.03661402606686244,0.03661402606686244
689,520.0,0.16114806151196764,0.16114806151196764,0.16114806151196764,0.1938044795689443,0.1938044795689443,0.1938044795689443
690,572.0,0.21027795176430675,0.21027795176430675,0.21027795176430675,0.21683839710413905,0.21683839710413905,0.21683839710413905
691,624.0,0.12883435582822086,0.12883435582822086,0.12883435582822086,0.11223606458654825,0.11223606458654825,0.11223606458654825
692,676.0,0.2187866417203282,0.2187866417203282,0.2187866417203282,0.2562799469000407,0.2562799469000407,0.2562799469000407
693,728.0,0.19057029926595143,0.19057029926595143,0.19057029926595143,0.170063536983479,0.170063536983479,0.170063536983479
694,780.0,0.11879927037652498,0.11879927037652498,0.11879927037652498,0.10685379076895252,0.10685379076895252,0.10685379076895252
695,832.0,78.55224225817834,78.55224225817834,78.55224225817834,1749.6971341852409,1749.6971341852409,1749.6971341852409
696,884.0,0.21172840311503946,0.21172840311503946,0.21172840311503946,0.2658064892751054,0.2658064892751054,0.2658064892751054
697,936.0,0.15870880968392737,0.15870880968392737,0.15870880968392737,0.1335203234126383,0.1335203234126383,0.1335203234126383
698,988.0,0.016729765014014387,0.016729765014014387,0.016729765014014387,0.014185627589080213,0.014185627589080213,0.014185627589080213
699,1040.0,0.14674341604007185,0.14674341604007185,0.14674341604007185,0.1741518530561408,0.1741518530561408,0.1741518530561408
700,52.0,0.09210621297160192,0.09210621297160192,0.09210621297160192,0.08399149244705832,0.08399149244705832,0.08399149244705832
701,104.0,0.14354040307551105,0.14354040307551105,0.14354040307551105,0.12618164270500734,0.12618164270500734,0.12618164270500734
702,156.0,0.4397280144898424,0.4397280144898424,0.4397280144898424,0.5681139668561308,0.5681139668561308,0.5681139668561308
703,208.0,0.1737874034000779,0.1737874034000779,0.1737874034000779,0.20283096344562232,0.20283096344562232,0.20283096344562232
704,260.0,0.010501144467456347,0.010501144467456347,0.010501144467456347,0.008150381116835593,0.008150381116835593,0.008150381116835593
705,312.0,45.11363437586841,45.11363437586841,45.11363437586841,40.00420697177257,40.00420697177257,40.00420697177257
706,364.0,0.29984138640426544,0.29984138640426544,0.29984138640426544,0.3103045792751328,0.3103045792751328,0.3103045792751328
707,416.0,0.20459390592675822,0.20459390592675822,0.20459390592675822,0.24640744774619175,0.24640744774619175,0.24640744774619175
708,468.0,0.064453125,0.064453125,0.064453125,0.060298919677734375,0.060298919677734375,0.060298919677734375
709,520.0,0.2475714728759821,0.2475714728759821,0.2475714728759821,0.23807089774689377,0.23807089774689377,0.23807089774689377
710,572.0,0.1257647987742418,0.1257647987742418,0.1257647987742418,0.1262170570220188,0.1262170570220188,0.1262170570220188
711,624.0,0.26195896233745813,0.26195896233745813,0.26195896233745813,0.38558541653491596,0.38558541653491596,0.38558541653491596
712,676.0,0.11103015160057533,0.11103015160057533,0.11103015160057533,0.1029235174036946,0.1029235174036946,0.1029235174036946
713,728.0,0.2262464722483537,0.2262464722483537,0.2262464722483537,0.24655477274155307,0.24655477274155307,0.24655477274155307
714,780.0,0.006595218466611707,0.006595218466611707,0.006595218466611707,0.008200526176642296,0.008200526176642296,0.008200526176642296
715,832.0,0.14773980154355015,0.14773980154355015,0.14773980154355015,0.1628477029693101,0.1628477029693101,0.1628477029693101
716,884.0,0.035897435897435895,0.035897435897435895,0.035897435897435895,0.042068017452632826,0.042068017452632826,0.042068017452632826
717,936.0,0.0167727009832273,0.0167727009832273,0.0167727009832273,0.01649137748495454,0.01649137748495454,0.01649137748495454
718,988.0,0.39565990822483077,0.39565990822483077,0.39565990822483077,0.38178653940307417,0.38178653940307417,0.38178653940307417
719,1040.0,0.11611441517983574,0.11611441517983574,0.11611441517983574,0.10829597558093097,0.10829597558093097,0.10829597558093097
720,52.0,0.3857312793747568,0.3857312793747568,0.3857312793747568,0.41379359225381435,0.41379359225381435,0.41379359225381435
721,104.0,0.5052957085322,0.5052957085322,0.5052957085322,0.5167444057946026,0.5167444057946026,0.5167444057946026
722,156.0,0.06439726996409079,0.06439726996409079,0.06439726996409079,0.062340472938264724,0.062340472938264724,0.062340472938264724
723,208.0,0.2792433162684822,0.2792433162684822,0.2792433162684822,0.275359353172495,0.275359353172495,0.275359353172495
724,260.0,0.13533464566929135,0.13533464566929135,0.13533464566929135,0.14260973053196108,0.14260973053196108,0.14260973053196108
725,312.0,0.24175915058847897,0.24175915058847897,0.24175915058847897,0.28541059779189043,0.28541059779189043,0.28541059779189043
726,364.0,0.1078933880061507,0.1078933880061507,0.1078933880061507,0.1039407697717608,0.1039407697717608,0.1039407697717608
727,416.0,0.023629489603024575,0.023629489603024575,0.023629489603024575,0.02307113682412514,0.02307113682412514,0.02307113682412514
728,468.0,0.21544140379228469,0.21544140379228469,0.21544140379228469,0.22298350808753628,0.22298350808753628,0.22298350808753628
729,520.0,0.14077173416392239,0.14077173416392239,0.14077173416392239,0.1475445352973255,0.1475445352973255,0.1475445352973255
730,572.0,0.047776050225918805,0.047776050225918805,0.047776050225918805,0.03289259829265679,0.03289259829265679,0.03289259829265679
731,624.0,0.1861418614186142,0.1861418614186142,0.1861418614186142,0.15149306884622765,0.15149306884622765,0.15149306884622765
732,676.0,0.10717009980635427,0.10717009980635427,0.10717009980635427,0.10057896236521549,0.10057896236521549,0.10057896236521549
733,728.0,0.4808624273615385,0.4808624273615385,0.4808624273615385,0.45159744412392966,0.45159744412392966,0.45159744412392966
734,780.0,0.19421487603305784,0.19421487603305784,0.19421487603305784,0.1833549620927532,0.1833549620927532,0.1833549620927532
735,832.0,0.12668463611859837,0.12668463611859837,0.12668463611859837,0.11602647466961154,0.11602647466961154,0.11602647466961154
736,884.0,122.79802362014944,122.79802362014944,122.79802362014944,110.42100356560262,110.42100356560262,110.42100356560262
737,936.0,0.13095238095238096,0.13095238095238096,0.13095238095238096,0.11380385487528347,0.11380385487528347,0.11380385487528347
738,988.0,0.20135972755345824,0.20135972755345824,0.20135972755345824,0.17507643986869084,0.17507643986869084,0.17507643986869084
739,1040.0,0.021835826930853213,0.021835826930853213,0.021835826930853213,0.021359023593099036,0.021359023593099036,0.021359023593099036
740,52.0,0.21642471472715102,0.21642471472715102,0.21642471472715102,0.19806975326284304,0.19806975326284304,0.19806975326284304
741,104.0,0.16151872521600882,0.16151872521600882,0.16151872521600882,0.14208235609689207,0.14208235609689207,0.14208235609689207
742,156.0,0.23895849871552452,0.23895849871552452,0.23895849871552452,0.23827370927259078,0.23827370927259078,0.23827370927259078
743,208.0,6.583642289384119,6.583642289384119,6.583642289384119,57.19410008471021,57.19410008471021,57.19410008471021
744,260.0,46.65696167631404,46.65696167631404,46.65696167631404,40.54453458985457,40.54453458985457,40.54453458985457
745,312.0,0.30531746542208005,0.30531746542208005,0.30531746542208005,0.36959314679988264,0.36959314679988264,0.36959314679988264
746,364.0,0.27521464081609415,0.27521464081609415,0.27521464081609415,0.2769761493645558,0.2769761493645558,0.2769761493645558
747,416.0,0.007394262027556628,0.007394262027556628,0.007394262027556628,0.006494284862659185,0.006494284862659185,0.006494284862659185
748,468.0,0.014278429372768995,0.014278429372768995,0.014278429372768995,0.015094443639756485,0.015094443639756485,0.015094443639756485
749,520.0,0.10257705912076806,0.10257705912076806,0.10257705912076806,0.1072141773615382,0.1072141773615382,0.1072141773615382
750,572.0,1.042784055282105,1.042784055282105,1.042784055282105,0.8593808486502714,0.8593808486502714,0.8593808486502714
751,624.0,0.11136890951276102,0.11136890951276102,0.11136890951276102,0.11938350891737233,0.11938350891737233,0.11938350891737233
752,676.0,0.06121719896359815,0.06121719896359815,0.06121719896359815,0.06407982158104156,0.06407982158104156,0.06407982158104156
753,728.0,0.016908212560386472,0.016908212560386472,0.016908212560386472,0.016622324908399263,0.016622324908399263,0.016622324908399263
754,780.0,0.014388489208633094,0.014388489208633094,0.014388489208633094,0.014181460586926141,0.014181460586926141,0.014181460586926141
755,832.0,0.07929144079788267,0.07929144079788267,0.07929144079788267,0.07708634167559411,0.07708634167559411,0.07708634167559411
756,884.0,0.18014442172828998,0.18014442172828998,0.18014442172828998,0.1899258273269209,0.1899258273269209,0.1899258273269209
757,936.0,0.14423076923076922,0.14423076923076922,0.14423076923076922,0.1650949211045365,0.1650949211045365,0.1650949211045365
758,988.0,0.30947093218417365,0.30947093218417365,0.30947093218417365,0.36171318422757437,0.36171318422757437,0.36171318422757437
759,1040.0,0.0847871355022189,0.0847871355022189,0.0847871355022189,0.0828164214346087,0.0828164214346087,0.0828164214346087
760,52.0,0.16839992522766264,0.16839992522766264,0.16839992522766264,0.2567480634934451,0.2567480634934451,0.2567480634934451
761,104.0,0.14371817213428448,0.14371817213428448,0.14371817213428448,0.13727916497167747,0.13727916497167747,0.13727916497167747
762,156.0,0.15073815073815075,0.15073815073815075,0.15073815073815075,0.16065019328422595,0.16065019328422595,0.16065019328422595
763,208.0,0.04078624078624079,0.04078624078624079,0.04078624078624079,0.04108832531436954,0.04108832531436954,0.04108832531436954
764,260.0,1.2590167049727992,1.2590167049727992,1.2590167049727992,15.183208296210077,15.183208296210077,15.183208296210077
765,312.0,0.3333333333333333,0.3333333333333333,0.3333333333333333,0.34834834834834844,0.34834834834834844,0.34834834834834844
766,364.0,0.8243172691660825,0.8243172691660825,0.8243172691660825,5.1066339986547185,5.1066339986547185,5.1066339986547185
767,416.0,0.03208556149732621,0.03208556149732621,0.03208556149732621,0.031056078240727508,0.031056078240727508,0.031056078240727508
768,468.0,0.36326987954234674,0.36326987954234674,0.36326987954234674,0.2870489713989011,0.2870489713989011,0.2870489713989011
769,520.0,0.34459470774571305,0.34459470774571305,0.34459470774571305,0.348546224566588,0.348546224566588,0.348546224566588
770,572.0,0.2634730538922156,0.2634730538922156,0.2634730538922156,0.2808813510703144,0.2808813510703144,0.2808813510703144
771,624.0,0.1930933852140078,0.1930933852140078,0.1930933852140078,0.16942700684340414,0.16942700684340414,0.16942700684340414
772,676.0,0.3939690951074771,0.3939690951074771,0.3939690951074771,0.426752395914759,0.426752395914759,0.426752395914759
773,728.0,87.36512035951871,87.36512035951871,87.36512035951871,200.59484983064954,200.59484983064954,200.59484983064954
774,780.0,39.56928872450905,39.56928872450905,39.56928872450905,87.51398780057727,87.51398780057727,87.51398780057727
775,832.0,0.13989637305699482,0.13989637305699482,0.13989637305699482,0.12032537786249294,0.12032537786249294,0.12032537786249294
776,884.0,0.414274890476944,0.414274890476944,0.414274890476944,0.3753081829557854,0.3753081829557854,0.3753081829557854
777,936.0,0.11725782555587763,0.11725782555587763,0.11725782555587763,0.10635026963439932,0.10635026963439932,0.10635026963439932
778,988.0,0.16888130713967245,0.16888130713967245,0.16888130713967245,0.16868993530044607,0.16868993530044607,0.16868993530044607
779,1040.0,0.17428397318708105,0.17428397318708105,0.17428397318708105,0.14634660796373844,0.14634660796373844,0.14634660796373844
780,52.0,0.1492689985265464,0.1492689985265464,0.1492689985265464,0.20065134391897982,0.20065134391897982,0.20065134391897982
781,104.0,0.36195652173913045,0.36195652173913045,0.36195652173913045,2.0787700850661617,2.0787700850661617,2.0787700850661617
782,156.0,0.0410958904109589,0.0410958904109589,0.0410958904109589,0.03940701820228937,0.03940701820228937,0.03940701820228937
783,208.0,0.15805168986083498,0.15805168986083498,0.15805168986083498,0.13307135319296942,0.13307135319296942,0.13307135319296942
784,260.0,0.4877359854080434,0.4877359854080434,0.4877359854080434,0.5631221425012093,0.5631221425012093,0.5631221425012093
785,312.0,0.04942189979596463,0.04942189979596463,0.04942189979596463,0.04879302331545674,0.04879302331545674,0.04879302331545674
786,364.0,0.22878701388559494,0.22878701388559494,0.22878701388559494,0.3275849074673377,0.3275849074673377,0.3275849074673377
787,416.0,1.4797296406720106,1.4797296406720106,1.4797296406720106,24.38437785092914,24.38437785092914,24.38437785092914
788,468.0,0.20139383884923678,0.20139383884923678,0.20139383884923678,0.23584895611795964,0.23584895611795964,0.23584895611795964
789,520.0,0.08266867497963266,0.08266867497963266,0.08266867497963266,0.08148640351811488,0.08148640351811488,0.08148640351811488
790,572.0,0.2391901920788475,0.2391901920788475,0.2391901920788475,0.18938641002000078,0.18938641002000078,0.18938641002000078
791,624.0,0.3161249499332179,0.3161249499332179,0.3161249499332179,0.29408460583173507,0.29408460583173507,0.29408460583173507
792,676.0,0.21643109540636044,0.21643109540636044,0.21643109540636044,0.20536606150657394,0.20536606150657394,0.20536606150657394
793,728.0,1.1197804176164277,1.1197804176164277,1.1197804176164277,2.254696604993105,2.254696604993105,2.254696604993105
794,780.0,0.13132817153067303,0.13132817153067303,0.13132817153067303,0.12301497211285682,0.12301497211285682,0.12301497211285682
795,832.0,0.39901282260494225,0.39901282260494225,0.39901282260494225,0.38256620098856425,0.38256620098856425,0.38256620098856425
796,884.0,0.575859178541492,0.575859178541492,0.575859178541492,0.5962990313009178,0.5962990313009178,0.5962990313009178
797,936.0,0.43900853526020195,0.43900853526020195,0.43900853526020195,0.5126394211663088,0.5126394211663088,0.5126394211663088
798,988.0,0.03378540960283192,0.03378540960283192,0.03378540960283192,0.03253922695303212,0.03253922695303212,0.03253922695303212
799,1040.0,0.023287671232876714,0.023287671232876714,0.023287671232876714,0.024571839619691,0.024571839619691,0.024571839619691
800,52.0,0.6224126643230958,0.6224126643230958,0.6224126643230958,0.6786125915908016,0.6786125915908016,0.6786125915908016
801,104.0,0.30579473563089793,0.30579473563089793,0.30579473563089793,0.37023295693716357,0.37023295693716357,0.37023295693716357
802,156.0,1.1797451556067204,1.1797451556067204,1.1797451556067204,1.5079095874972062,1.5079095874972062,1.5079095874972062
803,208.0,0.27299177273428454,0.27299177273428454,0.27299177273428454,0.2878672169186528,0.2878672169186528,0.2878672169186528
804,260.0,40.25543566050671,40.25543566050671,40.25543566050671,40.52827314649808,40.52827314649808,40.52827314649808
805,312.0,0.4720228440781837,0.4720228440781837,0.4720228440781837,0.4841582701248686,0.4841582701248686,0.4841582701248686
806,364.0,21.02322945415365,21.02322945415365,21.02322945415365,368.85049505970784,368.85049505970784,368.85049505970784
807,416.0,0.5244978906435886,0.5244978906435886,0.5244978906435886,0.5613873286473171,0.5613873286473171,0.5613873286473171
808,468.0,0.14691832325548426,0.14691832325548426,0.14691832325548426,0.14455460672644424,0.14455460672644424,0.14455460672644424
809,520.0,0.4197935959051727,0.4197935959051727,0.4197935959051727,0.42710832707943125,0.42710832707943125,0.42710832707943125
810,572.0,79.50137253585925,79.50137253585925,79.50137253585925,81.52113692729657,81.52113692729657,81.52113692729657
811,624.0,114.8381779916608,114.8381779916608,114.8381779916608,103.4944836529346,103.4944836529346,103.4944836529346
812,676.0,119.92929292929293,119.92929292929293,119.92929292929293,75.50005101520253,75.50005101520253,75.50005101520253
813,728.0,0.17790214382173575,0.17790214382173575,0.17790214382173575,0.21678913980124087,0.21678913980124087,0.21678913980124087
814,780.0,0.3095910184141209,0.3095910184141209,0.3095910184141209,0.4075386645959726,0.4075386645959726,0.4075386645959726
815,832.0,0.16103860199628733,0.16103860199628733,0.16103860199628733,0.14268451617681696,0.14268451617681696,0.14268451617681696
816,884.0,0.4907199087880187,0.4907199087880187,0.4907199087880187,0.5726281538650492,0.5726281538650492,0.5726281538650492
817,936.0,0.06977370689655173,0.06977370689655173,0.06977370689655173,0.0654441298259141,0.0654441298259141,0.0654441298259141
818,988.0,0.14506908051453074,0.14506908051453074,0.14506908051453074,0.13879297998252757,0.13879297998252757,0.13879297998252757
819,1040.0,0.26329169715952966,0.26329169715952966,0.26329169715952966,1.0498913313097153,1.0498913313097153,1.0498913313097153
820,52.0,0.10435428277886837,0.10435428277886837,0.10435428277886837,0.1096710645266331,0.1096710645266331,0.1096710645266331
821,104.0,0.1367863219770622,0.1367863219770622,0.1367863219770622,0.12474769878945902,0.12474769878945902,0.12474769878945902
822,156.0,0.018782014797951052,0.018782014797951052,0.018782014797951052,0.019567554645229152,0.019567554645229152,0.019567554645229152
823,208.0,0.1498821871538622,0.1498821871538622,0.1498821871538622,0.1433146397523861,0.1433146397523861,0.1433146397523861
824,260.0,0.011291655191407325,0.011291655191407325,0.011291655191407325,0.01116415371444569,0.01116415371444569,0.01116415371444569
825,312.0,0.2272581508073255,0.2272581508073255,0.2272581508073255,0.29002995880883325,0.29002995880883325,0.29002995880883325
826,364.0,0.031876138433515486,0.031876138433515486,0.031876138433515486,0.03086005023208284,0.03086005023208284,0.03086005023208284
827,416.0,0.03564856009328362,0.03564856009328362,0.03564856009328362,0.0360696670095662,0.0360696670095662,0.0360696670095662
828,468.0,0.3255183772653466,0.3255183772653466,0.3255183772653466,0.43138512429938675,0.43138512429938675,0.43138512429938675
829,520.0,13.060649821735105,13.060649821735105,13.060649821735105,258.81820927298395,258.81820927298395,258.81820927298395
830,572.0,0.005427841634738187,0.005427841634738187,0.005427841634738187,0.005398380169926387,0.005398380169926387,0.005398380169926387
831,624.0,0.17356283282958992,0.17356283282958992,0.17356283282958992,0.1939011562585084,0.1939011562585084,0.1939011562585084
832,676.0,0.8282880179990801,0.8282880179990801,0.8282880179990801,1.188210244884063,1.188210244884063,1.188210244884063
833,728.0,0.2219926036493872,0.2219926036493872,0.2219926036493872,0.2789463531405986,0.2789463531405986,0.2789463531405986
834,780.0,0.17218543046357615,0.17218543046357615,0.17218543046357615,0.15578264111223192,0.15578264111223192,0.15578264111223192
835,832.0,0.32513120127104234,0.32513120127104234,0.32513120127104234,0.22955131713345078,0.22955131713345078,0.22955131713345078
836,884.0,0.2420691183010894,0.2420691183010894,0.2420691183010894,0.24557376831868252,0.24557376831868252,0.24557376831868252
837,936.0,0.13952051769208731,0.13952051769208731,0.13952051769208731,0.1836002000195665,0.1836002000195665,0.1836002000195665
838,988.0,44.29975329731711,44.29975329731711,44.29975329731711,103.56724580177071,103.56724580177071,103.56724580177071
839,1040.0,147.37987455676992,147.37987455676992,147.37987455676992,141.74872697312048,141.74872697312048,141.74872697312048
840,52.0,4.500449657931802,4.500449657931802,4.500449657931802,10.060539054461374,10.060539054461374,10.060539054461374
841,104.0,0.0642368187417694,0.0642368187417694,0.0642368187417694,0.06532820771708185,0.06532820771708185,0.06532820771708185
842,156.0,0.07423014086095345,0.07423014086095345,0.07423014086095345,0.1368377681417422,0.1368377681417422,0.1368377681417422
843,208.0,0.14210695979234994,0.14210695979234994,0.14210695979234994,0.1520030500760701,0.1520030500760701,0.1520030500760701
844,260.0,0.42782198185857834,0.42782198185857834,0.42782198185857834,0.5333951970785724,0.5333951970785724,0.5333951970785724
845,312.0,0.2647186669805069,0.2647186669805069,0.2647186669805069,0.27590203646329275,0.27590203646329275,0.27590203646329275
846,364.0,0.2465753424657534,0.2465753424657534,0.2465753424657534,0.24970288359291926,0.24970288359291926,0.24970288359291926
847,416.0,0.17417495108895403,0.17417495108895403,0.17417495108895403,0.1785970649680771,0.1785970649680771,0.1785970649680771
848,468.0,57.331316849227555,57.331316849227555,57.331316849227555,82.3187143784325,82.3187143784325,82.3187143784325
849,520.0,0.014005602240896359,0.014005602240896359,0.014005602240896359,0.019411686243124702,0.019411686243124702,0.019411686243124702
850,572.0,0.20057383102592408,0.20057383102592408,0.20057383102592408,0.23491907870205134,0.23491907870205134,0.23491907870205134
851,624.0,0.15171723634085993,0.15171723634085993,0.15171723634085993,0.16563987129266786,0.16563987129266786,0.16563987129266786
852,676.0,0.20278792952954447,0.20278792952954447,0.20278792952954447,0.15675119943702395,0.15675119943702395,0.15675119943702395
853,728.0,0.308653246705922,0.308653246705922,0.308653246705922,0.36023201932057847,0.36023201932057847,0.36023201932057847
854,780.0,107.83066811552001,107.83066811552001,107.83066811552001,144.44572857915648,144.44572857915648,144.44572857915648
855,832.0,0.14541338342715046,0.14541338342715046,0.14541338342715046,0.14170160758844844,0.14170160758844844,0.14170160758844844
856,884.0,0.4538302277432712,0.4538302277432712,0.4538302277432712,0.4640174204527431,0.4640174204527431,0.4640174204527431
857,936.0,0.13133657573527477,0.13133657573527477,0.13133657573527477,0.1291490613218849,0.1291490613218849,0.1291490613218849
858,988.0,8.564403180521555,8.564403180521555,8.564403180521555,146.69008388905277,146.69008388905277,146.69008388905277
859,1040.0,1.6636451504829883,1.6636451504829883,1.6636451504829883,1.1683148743978533,1.1683148743978533,1.1683148743978533
860,52.0,0.32773355560116507,0.32773355560116507,0.32773355560116507,0.5752490326859971,0.5752490326859971,0.5752490326859971
861,104.0,0.20148241310922782,0.20148241310922782,0.20148241310922782,0.42577530567634464,0.42577530567634464,0.42577530567634464
862,156.0,0.271523178807947,0.271523178807947,0.271523178807947,0.27726854085347125,0.27726854085347125,0.27726854085347125
863,208.0,0.22472387157977797,0.22472387157977797,0.22472387157977797,0.20767500433841443,0.20767500433841443,0.20767500433841443
864,260.0,0.2741160799127484,0.2741160799127484,0.2741160799127484,0.9329252838338409,0.9329252838338409,0.9329252838338409
865,312.0,0.14894063352213133,0.14894063352213133,0.14894063352213133,0.1288550766098777,0.1288550766098777,0.1288550766098777
866,364.0,0.5695572028292794,0.5695572028292794,0.5695572028292794,0.9655808802053992,0.9655808802053992,0.9655808802053992
867,416.0,0.34781571833299263,0.34781571833299263,0.34781571833299263,0.34348694325576656,0.34348694325576656,0.34348694325576656
868,468.0,0.19778481012658228,0.19778481012658228,0.19778481012658228,0.17448876381990067,0.17448876381990067,0.17448876381990067
869,520.0,0.11246316908721765,0.11246316908721765,0.11246316908721765,0.10679068319015714,0.10679068319015714,0.10679068319015714
870,572.0,0.34711758070534976,0.34711758070534976,0.34711758070534976,0.3417304361932519,0.3417304361932519,0.3417304361932519
871,624.0,0.2769487301332828,0.2769487301332828,0.2769487301332828,0.3442714461040412,0.3442714461040412,0.3442714461040412
872,676.0,0.2532104050049391,0.2532104050049391,0.2532104050049391,0.26087625898952976,0.26087625898952976,0.26087625898952976
873,728.0,0.04612535590028878,0.04612535590028878,0.04612535590028878,0.04371447527762523,0.04371447527762523,0.04371447527762523
874,780.0,0.23084238344173263,0.23084238344173263,0.23084238344173263,0.19086886052525828,0.19086886052525828,0.19086886052525828
875,832.0,0.09835162177385996,0.09835162177385996,0.09835162177385996,0.10030908469405757,0.10030908469405757,0.10030908469405757
876,884.0,0.18143261654884332,0.18143261654884332,0.18143261654884332,0.1660072310812196,0.1660072310812196,0.1660072310812196
877,936.0,0.1102514506769826,0.1102514506769826,0.1102514506769826,0.1019645402541818,0.1019645402541818,0.1019645402541818
878,988.0,0.15673156188416326,0.15673156188416326,0.15673156188416326,0.15512351084683676,0.15512351084683676,0.15512351084683676
879,1040.0,0.03745318352059925,0.03745318352059925,0.03745318352059925,0.03819062448023438,0.03819062448023438,0.03819062448023438
880,52.0,0.06203308482483285,0.06203308482483285,0.06203308482483285,0.07027205351392915,0.07027205351392915,0.07027205351392915
881,104.0,0.6755263400104814,0.6755263400104814,0.6755263400104814,1.7841484705555493,1.7841484705555493,1.7841484705555493
882,156.0,0.09989117104404793,0.09989117104404793,0.09989117104404793,0.12171075385206497,0.12171075385206497,0.12171075385206497
883,208.0,0.9502991012533246,0.9502991012533246,0.9502991012533246,1.042454544939139,1.042454544939139,1.042454544939139
884,260.0,0.3109938795817133,0.3109938795817133,0.3109938795817133,0.34654273683687153,0.34654273683687153,0.34654273683687153
885,312.0,0.08771929824561403,0.08771929824561403,0.08771929824561403,0.10007474827419426,0.10007474827419426,0.10007474827419426
886,364.0,33.70187875566482,33.70187875566482,33.70187875566482,36.54431766514006,36.54431766514006,36.54431766514006
887,416.0,0.037122969837587005,0.037122969837587005,0.037122969837587005,0.035744854948024624,0.035744854948024624,0.035744854948024624
888,468.0,0.14107647317859714,0.14107647317859714,0.14107647317859714,0.24190094233224668,0.24190094233224668,0.24190094233224668
889,520.0,0.011055276381909548,0.011055276381909548,0.011055276381909548,0.010933057246029141,0.010933057246029141,0.010933057246029141
890,572.0,0.05891126025354213,0.05891126025354213,0.05891126025354213,0.05842357228931407,0.05842357228931407,0.05842357228931407
891,624.0,0.17863529245767298,0.17863529245767298,0.17863529245767298,0.3054057929776979,0.3054057929776979,0.3054057929776979
892,676.0,0.23529411764705882,0.23529411764705882,0.23529411764705882,0.5720876585928486,0.5720876585928486,0.5720876585928486
893,728.0,0.798910027722436,0.798910027722436,0.798910027722436,0.8062396052595567,0.8062396052595567,0.8062396052595567
894,780.0,0.07701869059312315,0.07701869059312315,0.07701869059312315,0.06978073490017309,0.06978073490017309,0.06978073490017309
895,832.0,0.25018664265309065,0.25018664265309065,0.25018664265309065,0.47419153606810766,0.47419153606810766,0.47419153606810766
896,884.0,0.33151779230210604,0.33151779230210604,0.33151779230210604,0.4402048858490113,0.4402048858490113,0.4402048858490113
897,936.0,0.22685940041022692,0.22685940041022692,0.22685940041022692,0.19246561534285742,0.19246561534285742,0.19246561534285742
898,988.0,0.15585774058577406,0.15585774058577406,0.15585774058577406,0.14202635633129673,0.14202635633129673,0.14202635633129673
899,1040.0,120.6950937419434,120.6950937419434,120.6950937419434,291.5180389853298,291.5180389853298,291.5180389853298
900,52.0,0.015610859728506787,0.015610859728506787,0.015610859728506787,0.015367160787043678,0.015367160787043678,0.015367160787043678
901,104.0,0.15956372398360388,0.15956372398360388,0.15956372398360388,0.17689564480617817,0.17689564480617817,0.17689564480617817
902,156.0,0.2787246601056567,0.2787246601056567,0.2787246601056567,0.3452982151824009,0.3452982151824009,0.3452982151824009
903,208.0,0.11563742402843323,0.11563742402843323,0.11563742402843323,0.11889549747806911,0.11889549747806911,0.11889549747806911
904,260.0,0.6175366204436363,0.6175366204436363,0.6175366204436363,0.737151034283474,0.737151034283474,0.737151034283474
905,312.0,0.14578288753837434,0.14578288753837434,0.14578288753837434,0.17742918165593308,0.17742918165593308,0.17742918165593308
906,364.0,0.11713665943600868,0.11713665943600868,0.11713665943600868,0.11643084683395993,0.11643084683395993,0.11643084683395993
907,416.0,13.49308067148418,13.49308067148418,13.49308067148418,229.61073573871775,229.61073573871775,229.61073573871775
908,468.0,0.29828338943671384,0.29828338943671384,0.29828338943671384,0.2570761467897595,0.2570761467897595,0.2570761467897595
909,520.0,0.2868615794388708,0.2868615794388708,0.2868615794388708,0.5158853744600206,0.5158853744600206,0.5158853744600206
910,572.0,0.45746792066163583,0.45746792066163583,0.45746792066163583,1.0524196606376448,1.0524196606376448,1.0524196606376448
911,624.0,0.14521452145214522,0.14521452145214522,0.14521452145214522,0.1650513566208106,0.1650513566208106,0.1650513566208106
912,676.0,0.12291351812364744,0.12291351812364744,0.12291351812364744,0.11569907747884005,0.11569907747884005,0.11569907747884005
913,728.0,1.4743005144308599,1.4743005144308599,1.4743005144308599,59.80104601066887,59.80104601066887,59.80104601066887
914,780.0,0.33428701031374125,0.33428701031374125,0.33428701031374125,0.2652951106186417,0.2652951106186417,0.2652951106186417
915,832.0,0.25616736592576456,0.25616736592576456,0.25616736592576456,0.2886314860866062,0.2886314860866062,0.2886314860866062
916,884.0,0.15229799253086582,0.15229799253086582,0.15229799253086582,0.1966867740671962,0.1966867740671962,0.1966867740671962
917,936.0,63.19284472851771,63.19284472851771,63.19284472851771,99.47999793949208,99.47999793949208,99.47999793949208
918,988.0,0.001693480101608806,0.001693480101608806,0.001693480101608806,0.0016906122267542614,0.0016906122267542614,0.0016906122267542614
919,1040.0,0.20225872689938398,0.20225872689938398,0.20225872689938398,0.18701748542178784,0.18701748542178784,0.18701748542178784
920,52.0,0.0777699209704578,0.0777699209704578,0.0777699209704578,0.07130738501476402,0.07130738501476402,0.07130738501476402
921,104.0,0.2114108039814452,0.2114108039814452,0.2114108039814452,0.3342710915026172,0.3342710915026172,0.3342710915026172
922,156.0,0.2855463490470203,0.2855463490470203,0.2855463490470203,0.33025396573507315,0.33025396573507315,0.33025396573507315
923,208.0,0.10963417172664026,0.10963417172664026,0.10963417172664026,0.13290788465234155,0.13290788465234155,0.13290788465234155
924,260.0,0.10233733417561591,0.10233733417561591,0.10233733417561591,0.11839630566238166,0.11839630566238166,0.11839630566238166
925,312.0,0.04111842105263158,0.04111842105263158,0.04111842105263158,0.04271717018698061,0.04271717018698061,0.04271717018698061
926,364.0,0.007960199004975124,0.007960199004975124,0.007960199004975124,0.007896834236776316,0.007896834236776316,0.007896834236776316
927,416.0,20.846097707768134,20.846097707768134,20.846097707768134,36.52332081918392,36.52332081918392,36.52332081918392
928,468.0,0.0928030303030303,0.0928030303030303,0.0928030303030303,0.08419062786960516,0.08419062786960516,0.08419062786960516
929,520.0,0.3000180837884704,0.3000180837884704,0.3000180837884704,0.504729401625464,0.504729401625464,0.504729401625464
930,572.0,0.2490074092701516,0.2490074092701516,0.2490074092701516,0.33647969181864484,0.33647969181864484,0.33647969181864484
931,624.0,0.16077504052436592,0.16077504052436592,0.16077504052436592,0.1946183734945309,0.1946183734945309,0.1946183734945309
932,676.0,0.3699299803811202,0.3699299803811202,0.3699299803811202,0.5973042840912262,0.5973042840912262,0.5973042840912262
933,728.0,0.19384809030161648,0.19384809030161648,0.19384809030161648,0.3900218203516445,0.3900218203516445,0.3900218203516445
934,780.0,0.3697151659364929,0.3697151659364929,0.3697151659364929,0.5646588722745352,0.5646588722745352,0.5646588722745352
935,832.0,0.29259773372282555,0.29259773372282555,0.29259773372282555,0.49762223647406884,0.49762223647406884,0.49762223647406884
936,884.0,0.11358589332092917,0.11358589332092917,0.11358589332092917,0.11269534537843927,0.11269534537843927,0.11269534537843927
937,936.0,0.37691970508927286,0.37691970508927286,0.37691970508927286,0.8758745142296276,0.8758745142296276,0.8758745142296276
938,988.0,182.66676634567898,182.66676634567898,182.66676634567898,155.8101717298156,155.8101717298156,155.8101717298156
939,1040.0,0.5454412729849423,0.5454412729849423,0.5454412729849423,1.3777615325375365,1.3777615325375365,1.3777615325375365
940,52.0,0.0010869565217391304,0.0010869565217391304,0.0010869565217391304,0.0010857750472589788,0.0010857750472589788,0.0010857750472589788
941,104.0,0.1623736655972358,0.1623736655972358,0.1623736655972358,0.15929588870573094,0.15929588870573094,0.15929588870573094
942,156.0,0.2473223244368217,0.2473223244368217,0.2473223244368217,0.3338433420670195,0.3338433420670195,0.3338433420670195
943,208.0,0.10478487643564616,0.10478487643564616,0.10478487643564616,0.0937890479269733,0.0937890479269733,0.0937890479269733
944,260.0,0.03513281919451585,0.03513281919451585,0.03513281919451585,0.037326096326499435,0.037326096326499435,0.037326096326499435
945,312.0,0.19672609181677295,0.19672609181677295,0.19672609181677295,0.25514247544344454,0.25514247544344454,0.25514247544344454
946,364.0,0.2745691733018733,0.2745691733018733,0.2745691733018733,0.3736184717832931,0.3736184717832931,0.3736184717832931
947,416.0,0.3389655483684347,0.3389655483684347,0.3389655483684347,0.3936108644224869,0.3936108644224869,0.3936108644224869
948,468.0,0.35343383584589616,0.35343383584589616,0.35343383584589616,0.39183494243972516,0.39183494243972516,0.39183494243972516
949,520.0,0.35796595198647524,0.35796595198647524,0.35796595198647524,2.2670222576319303,2.2670222576319303,2.2670222576319303
950,572.0,0.08324038597633386,0.08324038597633386,0.08324038597633386,0.07971449043156445,0.07971449043156445,0.07971449043156445
951,624.0,0.1504312531709792,0.1504312531709792,0.1504312531709792,0.1602725182317629,0.1602725182317629,0.1602725182317629
952,676.0,0.05850091407678245,0.05850091407678245,0.05850091407678245,0.055078557128963375,0.055078557128963375,0.055078557128963375
953,728.0,0.3682898946986526,0.3682898946986526,0.3682898946986526,0.38150494320569717,0.38150494320569717,0.38150494320569717
954,780.0,0.12421517450128229,0.12421517450128229,0.12421517450128229,0.1191597942234857,0.1191597942234857,0.1191597942234857
955,832.0,0.12200357781753131,0.12200357781753131,0.12200357781753131,0.17867505544337092,0.17867505544337092,0.17867505544337092
956,884.0,0.2352381693700111,0.2352381693700111,0.2352381693700111,0.32066809827247594,0.32066809827247594,0.32066809827247594
957,936.0,0.0012108980827447023,0.0012108980827447023,0.0012108980827447023,0.0012094318085779073,0.0012094318085779073,0.0012094318085779073
958,988.0,131.27740017143563,131.27740017143563,131.27740017143563,188.15577285423998,188.15577285423998,188.15577285423998
959,1040.0,0.18002764340013822,0.18002764340013822,0.18002764340013822,0.16420373109486108,0.16420373109486108,0.16420373109486108
960,52.0,0.040598992663420486,0.040598992663420486,0.040598992663420486,0.040638900808248515,0.040638900808248515,0.040638900808248515
961,104.0,0.1457017111557546,0.1457017111557546,0.1457017111557546,0.12627397960709733,0.12627397960709733,0.12627397960709733
962,156.0,0.0970134934410732,0.0970134934410732,0.0970134934410732,0.0917416286609046,0.0917416286609046,0.0917416286609046
963,208.0,9.219423397929894,9.219423397929894,9.219423397929894,42.330078515214524,42.330078515214524,42.330078515214524
964,260.0,0.2693945895185287,0.2693945895185287,0.2693945895185287,0.3842298442908999,0.3842298442908999,0.3842298442908999
965,312.0,0.13560612777346615,0.13560612777346615,0.13560612777346615,0.17616316337642074,0.17616316337642074,0.17616316337642074
966,364.0,0.21813076644312684,0.21813076644312684,0.21813076644312684,0.1857708868259112,0.1857708868259112,0.1857708868259112
967,416.0,0.26175213675213677,0.26175213675213677,0.26175213675213677,0.22422086164073343,0.22422086164073343,0.22422086164073343
968,468.0,0.24005559690471628,0.24005559690471628,0.24005559690471628,1.7493674790947675,1.7493674790947675,1.7493674790947675
969,520.0,0.13324641460234682,0.13324641460234682,0.13324641460234682,0.12435751815859211,0.12435751815859211,0.12435751815859211
970,572.0,0.2772727272727273,0.2772727272727273,0.2772727272727273,0.42221074380165285,0.42221074380165285,0.42221074380165285
971,624.0,0.10886075949367088,0.10886075949367088,0.10886075949367088,0.12637718314372695,0.12637718314372695,0.12637718314372695
972,676.0,0.2034442498540572,0.2034442498540572,0.2034442498540572,0.20058358372788154,0.20058358372788154,0.20058358372788154
973,728.0,0.25659690627843496,0.25659690627843496,0.25659690627843496,0.3709187192260976,0.3709187192260976,0.3709187192260976
974,780.0,0.03600248292985723,0.03600248292985723,0.03600248292985723,0.035947769081358334,0.035947769081358334,0.035947769081358334
975,832.0,0.2414581058740751,0.2414581058740751,0.2414581058740751,0.2344037197131684,0.2344037197131684,0.2344037197131684
976,884.0,0.13693743139407244,0.13693743139407244,0.13693743139407244,0.11873441869768325,0.11873441869768325,0.11873441869768325
977,936.0,0.6692056754577376,0.6692056754577376,0.6692056754577376,0.7682998542798775,0.7682998542798775,0.7682998542798775
978,988.0,0.21195652173913043,0.21195652173913043,0.21195652173913043,0.22862515752993065,0.22862515752993065,0.22862515752993065
979,1040.0,0.13210526640727566,0.13210526640727566,0.13210526640727566,0.11597466967502691,0.11597466967502691,0.11597466967502691
980,52.0,0.15731854275977553,0.15731854275977553,0.15731854275977553,0.17703568491991173,0.17703568491991173,0.17703568491991173
981,104.0,0.24475331569758574,0.24475331569758574,0.24475331569758574,0.2898990088653764,0.2898990088653764,0.2898990088653764
982,156.0,0.1784873012270644,0.1784873012270644,0.1784873012270644,0.14962034614532033,0.14962034614532033,0.14962034614532033
983,208.0,0.13697857948139797,0.13697857948139797,0.13697857948139797,0.12047023967644886,0.12047023967644886,0.12047023967644886
984,260.0,0.49258433963936754,0.49258433963936754,0.49258433963936754,0.5037596888990862,0.5037596888990862,0.5037596888990862
985,312.0,12.01241364463428,12.01241364463428,12.01241364463428,100.73512322574136,100.73512322574136,100.73512322574136
986,364.0,0.018231540565177756,0.018231540565177756,0.018231540565177756,0.017899151493798036,0.017899151493798036,0.017899151493798036
987,416.0,0.29598781008273634,0.29598781008273634,0.29598781008273634,0.3201859499127403,0.3201859499127403,0.3201859499127403
988,468.0,0.1259126636404654,0.1259126636404654,0.1259126636404654,0.1452125706914015,0.1452125706914015,0.1452125706914015
989,520.0,98.3153399697423,98.3153399697423,98.3153399697423,83.37500226065052,83.37500226065052,83.37500226065052
990,572.0,0.15960912052117263,0.15960912052117263,0.15960912052117263,0.14064870714808644,0.14064870714808644,0.14064870714808644
991,624.0,0.4441789728677486,0.4441789728677486,0.4441789728677486,0.4384259381757276,0.4384259381757276,0.4384259381757276
992,676.0,0.3850179783950823,0.3850179783950823,0.3850179783950823,0.43415054608837017,0.43415054608837017,0.43415054608837017
993,728.0,0.10825761316112255,0.10825761316112255,0.10825761316112255,0.10212062809887698,0.10212062809887698,0.10212062809887698
994,780.0,0.49180203232604885,0.49180203232604885,0.49180203232604885,0.3452995258015557,0.3452995258015557,0.3452995258015557
995,832.0,0.5525608555005934,0.5525608555005934,0.5525608555005934,0.5569864037050065,0.5569864037050065,0.5569864037050065
996,884.0,0.4240548428486965,0.4240548428486965,0.4240548428486965,0.45841633882104044,0.45841633882104044,0.45841633882104044
997,936.0,0.0186219739292365,0.0186219739292365,0.0186219739292365,0.018275196016215335,0.018275196016215335,0.018275196016215335
998,988.0,0.2735029864338786,0.2735029864338786,0.2735029864338786,0.27015167752975433,0.27015167752975433,0.27015167752975433
999,1040.0,0.06713441419777678,0.06713441419777678,0.06713441419777678,0.06399505797819499,0.06399505797819499,0.06399505797819499
