,time,meanH,meanB,meanC,varH,varB,varC
0,52.0,0.1698605254717262,0.1698605254717262,0.1698605254717262,0.36399990486684,0.36399990486684,0.36399990486684
1,104.0,0.1347876630364783,0.1347876630364783,0.1347876630364783,0.11370358402779264,0.11370358402779264,0.11370358402779264
2,156.0,0.7034737794382678,0.7034737794382678,0.7034737794382678,3.6313063993788837,3.6313063993788837,3.6313063993788837
3,208.0,0.06594036697247706,0.06594036697247706,0.06594036697247706,0.08796838176500296,0.08796838176500296,0.08796838176500296
4,260.0,0.23031905294561303,0.23031905294561303,0.23031905294561303,0.20545120437040806,0.20545120437040806,0.20545120437040806
5,312.0,0.11791631856685408,0.11791631856685408,0.11791631856685408,0.10042246612959402,0.10042246612959402,0.10042246612959402
6,364.0,0.017152658662092625,0.017152658662092625,0.017152658662092625,0.022861875494646782,0.022861875494646782,0.022861875494646782
7,416.0,0.20248030481679613,0.20248030481679613,0.20248030481679613,0.23967981771118366,0.23967981771118366,0.23967981771118366
8,468.0,0.3981571483377081,0.3981571483377081,0.3981571483377081,0.44738255539176036,0.44738255539176036,0.44738255539176036
9,520.0,0.07285784974443311,0.07285784974443311,0.07285784974443311,0.07414623572030277,0.07414623572030277,0.07414623572030277
10,572.0,26.402297002667545,26.402297002667545,26.402297002667545,232.12229322078744,232.12229322078744,232.12229322078744
11,624.0,0.09410112359550561,0.09410112359550561,0.09410112359550561,0.13861688865042293,0.13861688865042293,0.13861688865042293
12,676.0,0.08269010352803456,0.08269010352803456,0.08269010352803456,0.11015024577059393,0.11015024577059393,0.11015024577059393
13,728.0,0.0516359918200409,0.0516359918200409,0.0516359918200409,0.05203720083137825,0.05203720083137825,0.05203720083137825
14,780.0,0.07837150127226464,0.07837150127226464,0.07837150127226464,0.07477393832268259,0.07477393832268259,0.07477393832268259
15,832.0,0.2956369561557754,0.2956369561557754,0.2956369561557754,0.4053315248592732,0.4053315248592732,0.4053315248592732
16,884.0,110.75151558020347,110.75151558020347,110.75151558020347,100.58738191806854,100.58738191806854,100.58738191806854
17,936.0,0.0228310502283105,0.0228310502283105,0.0228310502283105,0.02230979337378287,0.02230979337378287,0.02230979337378287
18,988.0,0.03927492447129909,0.03927492447129909,0.03927492447129909,0.03773240477907285,0.03773240477907285,0.03773240477907285
19,1040.0,0.4875,0.4875,0.4875,0.44984375,0.44984375,0.44984375
20,52.0,0.44700933609654786,0.44700933609654786,0.44700933609654786,0.9625105196603589,0.9625105196603589,0.9625105196603589
21,104.0,0.06572604593422939,0.06572604593422939,0.06572604593422939,0.06804117472868804,0.06804117472868804,0.06804117472868804
22,156.0,0.5783811310506899,0.5783811310506899,0.5783811310506899,1.8990297001191019,1.8990297001191019,1.8990297001191019
23,208.0,20.102723679940993,20.102723679940993,20.102723679940993,68.79261420897309,68.79261420897309,68.79261420897309
24,260.0,0.16130399129328965,0.16130399129328965,0.16130399129328965,0.18070339857305845,0.18070339857305845,0.18070339857305845
25,312.0,0.2492046659597031,0.2492046659597031,0.2492046659597031,0.24083093336811923,0.24083093336811923,0.24083093336811923
26,364.0,15.459567916404685,15.459567916404685,15.459567916404685,53.10932684400202,53.10932684400202,53.10932684400202
27,416.0,0.0863015660500097,0.0863015660500097,0.0863015660500097,0.10488231332610853,0.10488231332610853,0.10488231332610853
28,468.0,0.31550032068649714,0.31550032068649714,0.31550032068649714,0.3093448528023365,0.3093448528023365,0.3093448528023365
29,520.0,0.1419341924283204,0.1419341924283204,0.1419341924283204,0.13262423945953009,0.13262423945953009,0.13262423945953009
30,572.0,0.19661563255439163,0.19661563255439163,0.19661563255439163,0.166821745090031,0.166821745090031,0.166821745090031
31,624.0,0.012531328320802004,0.012531328320802004,0.012531328320802004,0.012374294131318275,0.012374294131318275,0.012374294131318275
32,676.0,0.15756513026052105,0.15756513026052105,0.15756513026052105,0.13524337000654613,0.13524337000654613,0.13524337000654613
33,728.0,0.8611624397033985,0.8611624397033985,0.8611624397033985,0.9425827869796161,0.9425827869796161,0.9425827869796161
34,780.0,0.7076266645144508,0.7076266645144508,0.7076266645144508,0.8340173614668989,0.8340173614668989,0.8340173614668989
35,832.0,0.06167633104902478,0.06167633104902478,0.06167633104902478,0.05945380562322829,0.05945380562322829,0.05945380562322829
36,884.0,0.3449028436653524,0.3449028436653524,0.3449028436653524,0.44674142711441334,0.44674142711441334,0.44674142711441334
37,936.0,0.027744137723032386,0.027744137723032386,0.027744137723032386,0.027636521207243983,0.027636521207243983,0.027636521207243983
38,988.0,0.11817790366797774,0.11817790366797774,0.11817790366797774,0.12186918641838962,0.12186918641838962,0.12186918641838962
39,1040.0,0.24,0.24,0.24,0.42239999999999994,0.42239999999999994,0.42239999999999994
40,52.0,0.1164057482200966,0.1164057482200966,0.1164057482200966,0.13227931763962528,0.13227931763962528,0.13227931763962528
41,104.0,0.08234019501625135,0.08234019501625135,0.08234019501625135,0.07881055815684171,0.07881055815684171,0.07881055815684171
42,156.0,0.26288692840374317,0.26288692840374317,0.26288692840374317,0.18381358995515473,0.18381358995515473,0.18381358995515473
43,208.0,0.23366992813752366,0.23366992813752366,0.23366992813752366,0.2513855516450565,0.2513855516450565,0.2513855516450565
44,260.0,0.08774722803413548,0.08774722803413548,0.08774722803413548,0.06463605663539121,0.06463605663539121,0.06463605663539121
45,312.0,0.1999438954499776,0.1999438954499776,0.1999438954499776,0.20320566978347154,0.20320566978347154,0.20320566978347154
46,364.0,0.1747966433591524,0.1747966433591524,0.1747966433591524,0.15721677729748088,0.15721677729748088,0.15721677729748088
47,416.0,0.2061500945132913,0.2061500945132913,0.2061500945132913,0.23539770067159485,0.23539770067159485,0.23539770067159485
48,468.0,0.07971605138087297,0.07971605138087297,0.07971605138087297,0.08301894403405272,0.08301894403405272,0.08301894403405272
49,520.0,0.07482547993019197,0.07482547993019197,0.07482547993019197,0.06922662748340842,0.06922662748340842,0.06922662748340842
50,572.0,0.17791193181818182,0.17791193181818182,0.17791193181818182,0.171117230880359,0.171117230880359,0.171117230880359
51,624.0,0.26057781367154825,0.26057781367154825,0.26057781367154825,0.29896581959978796,0.29896581959978796,0.29896581959978796
52,676.0,0.10854503464203233,0.10854503464203233,0.10854503464203233,0.17066601240606116,0.17066601240606116,0.17066601240606116
53,728.0,0.3209862151971073,0.3209862151971073,0.3209862151971073,0.5561013174515193,0.5561013174515193,0.5561013174515193
54,780.0,0.08626342861062355,0.08626342861062355,0.08626342861062355,0.09170292784110393,0.09170292784110393,0.09170292784110393
55,832.0,0.08579033739070038,0.08579033739070038,0.08579033739070038,0.09404169731845514,0.09404169731845514,0.09404169731845514
56,884.0,19.090868384428898,19.090868384428898,19.090868384428898,195.79333101261417,195.79333101261417,195.79333101261417
57,936.0,0.27388838786055686,0.27388838786055686,0.27388838786055686,0.46163865410416993,0.46163865410416993,0.46163865410416993
58,988.0,105.26118298619905,105.26118298619905,105.26118298619905,646.4051163903105,646.4051163903105,646.4051163903105
59,1040.0,0.19727131668270276,0.19727131668270276,0.19727131668270276,0.226458229759969,0.226458229759969,0.226458229759969
60,52.0,0.39740440683392164,0.39740440683392164,0.39740440683392164,0.6931879737748275,0.6931879737748275,0.6931879737748275
61,104.0,0.17735849056603772,0.17735849056603772,0.17735849056603772,0.1459024563901745,0.1459024563901745,0.1459024563901745
62,156.0,0.44586978298594165,0.44586978298594165,0.44586978298594165,0.48609096349267084,0.48609096349267084,0.48609096349267084
63,208.0,0.11397615241572076,0.11397615241572076,0.11397615241572076,0.12030766391408017,0.12030766391408017,0.12030766391408017
64,260.0,1.4599318646679258,1.4599318646679258,1.4599318646679258,1.7255410932094262,1.7255410932094262,1.7255410932094262
65,312.0,0.1722526622846474,0.1722526622846474,0.1722526622846474,0.16952895929128872,0.16952895929128872,0.16952895929128872
66,364.0,0.056451612903225805,0.056451612903225805,0.056451612903225805,0.06939386056191468,0.06939386056191468,0.06939386056191468
67,416.0,0.1899094090723385,0.1899094090723385,0.1899094090723385,0.2880336044245274,0.2880336044245274,0.2880336044245274
68,468.0,0.24749289199411467,0.24749289199411467,0.24749289199411467,0.33328493727843655,0.33328493727843655,0.33328493727843655
69,520.0,0.1497005988023952,0.1497005988023952,0.1497005988023952,0.1592264572651105,0.1592264572651105,0.1592264572651105
70,572.0,0.3651151787728109,0.3651151787728109,0.3651151787728109,0.5141066593741186,0.5141066593741186,0.5141066593741186
71,624.0,0.308517399289149,0.308517399289149,0.308517399289149,0.3513025037992065,0.3513025037992065,0.3513025037992065
72,676.0,0.20833379230544688,0.20833379230544688,0.20833379230544688,0.21700933949879747,0.21700933949879747,0.21700933949879747
73,728.0,0.17682926829268292,0.17682926829268292,0.17682926829268292,0.18946311719214753,0.18946311719214753,0.18946311719214753
74,780.0,0.04797687861271676,0.04797687861271676,0.04797687861271676,0.04740920177754019,0.04740920177754019,0.04740920177754019
75,832.0,0.02981651376146789,0.02981651376146789,0.02981651376146789,0.0289274892685801,0.0289274892685801,0.0289274892685801
76,884.0,0.07870926862489205,0.07870926862489205,0.07870926862489205,0.05873606907940296,0.05873606907940296,0.05873606907940296
77,936.0,0.061579207475669286,0.061579207475669286,0.061579207475669286,0.12478540523324949,0.12478540523324949,0.12478540523324949
78,988.0,0.007575757575757576,0.007575757575757576,0.007575757575757576,0.007518365472910925,0.007518365472910925,0.007518365472910925
79,1040.0,0.22848136905896346,0.22848136905896346,0.22848136905896346,0.24832145918791568,0.24832145918791568,0.24832145918791568
80,52.0,0.624443010981792,0.624443010981792,0.624443010981792,1.4488232227377145,1.4488232227377145,1.4488232227377145
81,104.0,0.719034952173216,0.719034952173216,0.719034952173216,0.9522315294951232,0.9522315294951232,0.9522315294951232
82,156.0,0.1351968054763263,0.1351968054763263,0.1351968054763263,0.16711828699492906,0.16711828699492906,0.16711828699492906
83,208.0,0.48545451776145465,0.48545451776145465,0.48545451776145465,0.5434255146804058,0.5434255146804058,0.5434255146804058
84,260.0,33.300076999383364,33.300076999383364,33.300076999383364,87.64336458208612,87.64336458208612,87.64336458208612
85,312.0,0.3094850948509485,0.3094850948509485,0.3094850948509485,0.30909702484558726,0.30909702484558726,0.30909702484558726
86,364.0,0.10134880765545162,0.10134880765545162,0.10134880765545162,0.11111257799660693,0.11111257799660693,0.11111257799660693
87,416.0,0.15852004566674086,0.15852004566674086,0.15852004566674086,0.19883165927642668,0.19883165927642668,0.19883165927642668
88,468.0,0.0038248736598295546,0.0038248736598295546,0.0038248736598295546,0.003433910989450236,0.003433910989450236,0.003433910989450236
89,520.0,0.25092101183759863,0.25092101183759863,0.25092101183759863,0.28084137200864034,0.28084137200864034,0.28084137200864034
90,572.0,0.07692307692307693,0.07692307692307693,0.07692307692307693,0.07416713949906788,0.07416713949906788,0.07416713949906788
91,624.0,0.010557661072008662,0.010557661072008662,0.010557661072008662,0.010446196864697263,0.010446196864697263,0.010446196864697263
92,676.0,0.03240834514887583,0.03240834514887583,0.03240834514887583,0.03135804431358717,0.03135804431358717,0.03135804431358717
93,728.0,0.14116615519508988,0.14116615519508988,0.14116615519508988,0.15806422535167955,0.15806422535167955,0.15806422535167955
94,780.0,0.18699378540898676,0.18699378540898676,0.18699378540898676,0.27335325278881817,0.27335325278881817,0.27335325278881817
95,832.0,0.18547929665343166,0.18547929665343166,0.18547929665343166,0.17489975609434366,0.17489975609434366,0.17489975609434366
96,884.0,119.92875946964445,119.92875946964445,119.92875946964445,130.6447533287593,130.6447533287593,130.6447533287593
97,936.0,0.2770470908220244,0.2770470908220244,0.2770470908220244,0.26334891714901504,0.26334891714901504,0.26334891714901504
98,988.0,0.10547875064004096,0.10547875064004096,0.10547875064004096,0.10356957366520816,0.10356957366520816,0.10356957366520816
99,1040.0,0.23470626739355657,0.23470626739355657,0.23470626739355657,0.3796421564357191,0.3796421564357191,0.3796421564357191
100,52.0,0.20704873869432175,0.20704873869432175,0.20704873869432175,0.3189132343213773,0.3189132343213773,0.3189132343213773
101,104.0,0.3670359958477432,0.3670359958477432,0.3670359958477432,0.3682477248806317,0.3682477248806317,0.3682477248806317
102,156.0,0.10588174137881638,0.10588174137881638,0.10588174137881638,0.11322451747120592,0.11322451747120592,0.11322451747120592
103,208.0,0.3473200190099722,0.3473200190099722,0.3473200190099722,0.33136711222549387,0.33136711222549387,0.33136711222549387
104,260.0,0.017943409247757072,0.017943409247757072,0.017943409247757072,0.019001705562152055,0.019001705562152055,0.019001705562152055
105,312.0,0.44275016399923267,0.44275016399923267,0.44275016399923267,0.517594338516728,0.517594338516728,0.517594338516728
106,364.0,62.79261425578817,62.79261425578817,62.79261425578817,54.70735201646275,54.70735201646275,54.70735201646275
107,416.0,0.3015975173019794,0.3015975173019794,0.3015975173019794,0.2847578606570983,0.2847578606570983,0.2847578606570983
108,468.0,0.13904761904761906,0.13904761904761906,0.13904761904761906,0.1311419501133787,0.1311419501133787,0.1311419501133787
109,520.0,0.3004572015392597,0.3004572015392597,0.3004572015392597,0.3099151326140547,0.3099151326140547,0.3099151326140547
110,572.0,0.3169230769230769,0.3169230769230769,0.3169230769230769,0.32109822485207096,0.32109822485207096,0.32109822485207096
111,624.0,0.09172176813424456,0.09172176813424456,0.09172176813424456,0.13395261396267263,0.13395261396267263,0.13395261396267263
112,676.0,0.2349875368230229,0.2349875368230229,0.2349875368230229,0.2509218047392987,0.2509218047392987,0.2509218047392987
113,728.0,0.01985315700361799,0.01985315700361799,0.01985315700361799,0.016251337523349462,0.016251337523349462,0.016251337523349462
114,780.0,0.3121241144689443,0.3121241144689443,0.3121241144689443,0.31040098471581296,0.31040098471581296,0.31040098471581296
115,832.0,0.30787176348611,0.30787176348611,0.30787176348611,0.3281705614567643,0.3281705614567643,0.3281705614567643
116,884.0,0.1689671220471673,0.1689671220471673,0.1689671220471673,0.17081962491258787,0.17081962491258787,0.17081962491258787
117,936.0,0.06282513005202081,0.06282513005202081,0.06282513005202081,0.1149005420495529,0.1149005420495529,0.1149005420495529
118,988.0,0.2847222222222222,0.2847222222222222,0.2847222222222222,0.2592110339506173,0.2592110339506173,0.2592110339506173
119,1040.0,0.22900186500890157,0.22900186500890157,0.22900186500890157,0.19652376182274922,0.19652376182274922,0.19652376182274922
120,52.0,0.13385234354346362,0.13385234354346362,0.13385234354346362,0.147665425776013,0.147665425776013,0.147665425776013
121,104.0,0.5363351594719445,0.5363351594719445,0.5363351594719445,0.48392464885819625,0.48392464885819625,0.48392464885819625
122,156.0,0.7090598856461463,0.7090598856461463,0.7090598856461463,0.6813245104492158,0.6813245104492158,0.6813245104492158
123,208.0,0.6956354194615961,0.6956354194615961,0.6956354194615961,2.610524443559371,2.610524443559371,2.610524443559371
124,260.0,0.164423224376038,0.164423224376038,0.164423224376038,0.1999039000538658,0.1999039000538658,0.1999039000538658
125,312.0,33.31546292034643,33.31546292034643,33.31546292034643,248.25742006059608,248.25742006059608,248.25742006059608
126,364.0,0.17241271668759944,0.17241271668759944,0.17241271668759944,0.18403326141652993,0.18403326141652993,0.18403326141652993
127,416.0,29.971569656502375,29.971569656502375,29.971569656502375,356.57772027572463,356.57772027572463,356.57772027572463
128,468.0,0.21849319751609445,0.21849319751609445,0.21849319751609445,0.26193206580064277,0.26193206580064277,0.26193206580064277
129,520.0,0.16549693638021964,0.16549693638021964,0.16549693638021964,0.1704843942283767,0.1704843942283767,0.1704843942283767
130,572.0,0.10824511644266964,0.10824511644266964,0.10824511644266964,0.12745997172734738,0.12745997172734738,0.12745997172734738
131,624.0,0.049766718506998445,0.049766718506998445,0.049766718506998445,0.1888140979903204,0.1888140979903204,0.1888140979903204
132,676.0,0.24251968503937008,0.24251968503937008,0.24251968503937008,0.2981395829458326,0.2981395829458326,0.2981395829458326
133,728.0,0.3965852620087422,0.3965852620087422,0.3965852620087422,0.39793082266099383,0.39793082266099383,0.39793082266099383
134,780.0,131.987233478756,131.987233478756,131.987233478756,109.17387124685274,109.17387124685274,109.17387124685274
135,832.0,79.81531273592832,79.81531273592832,79.81531273592832,95.66521922922647,95.66521922922647,95.66521922922647
136,884.0,0.06423258958755916,0.06423258958755916,0.06423258958755916,0.06010676402243536,0.06010676402243536,0.06010676402243536
137,936.0,0.005098572399728076,0.005098572399728076,0.005098572399728076,0.005072576959212808,0.005072576959212808,0.005072576959212808
138,988.0,0.18928108488799492,0.18928108488799492,0.18928108488799492,0.2994041656799303,0.2994041656799303,0.2994041656799303
139,1040.0,0.147315524993388,0.147315524993388,0.147315524993388,0.19384957751353685,0.19384957751353685,0.19384957751353685
140,52.0,0.46964572850387765,0.46964572850387765,0.46964572850387765,1.1397793803732907,1.1397793803732907,1.1397793803732907
141,104.0,0.15007302088209884,0.15007302088209884,0.15007302088209884,0.12835729661122425,0.12835729661122425,0.12835729661122425
142,156.0,0.17747911929332405,0.17747911929332405,0.17747911929332405,0.1565164283208523,0.1565164283208523,0.1565164283208523
143,208.0,0.06383187733669939,0.06383187733669939,0.06383187733669939,0.11438127432438173,0.11438127432438173,0.11438127432438173
144,260.0,0.03212387335336261,0.03212387335336261,0.03212387335336261,0.04172285223107987,0.04172285223107987,0.04172285223107987
145,312.0,0.07192174913693901,0.07192174913693901,0.07192174913693901,0.06905050711040428,0.06905050711040428,0.06905050711040428
146,364.0,0.25542465600637143,0.25542465600637143,0.25542465600637143,0.2595930435858848,0.2595930435858848,0.2595930435858848
147,416.0,0.32196213269431967,0.32196213269431967,0.32196213269431967,0.43984514030417293,0.43984514030417293,0.43984514030417293
148,468.0,0.12748756218905472,0.12748756218905472,0.12748756218905472,0.11123448367614662,0.11123448367614662,0.11123448367614662
149,520.0,0.5127071966013499,0.5127071966013499,0.5127071966013499,0.9183492152204639,0.9183492152204639,0.9183492152204639
150,572.0,0.03217391304347826,0.03217391304347826,0.03217391304347826,0.031138752362948965,0.031138752362948965,0.031138752362948965
151,624.0,0.0978568610123717,0.0978568610123717,0.0978568610123717,0.09933417225014028,0.09933417225014028,0.09933417225014028
152,676.0,0.730422694688004,0.730422694688004,0.730422694688004,1.0844953736437815,1.0844953736437815,1.0844953736437815
153,728.0,0.6110190001248957,0.6110190001248957,0.6110190001248957,2.869273470559425,2.869273470559425,2.869273470559425
154,780.0,0.5449275362318841,0.5449275362318841,0.5449275362318841,0.5337786179374081,0.5337786179374081,0.5337786179374081
155,832.0,0.34420541290770296,0.34420541290770296,0.34420541290770296,0.3506413013169877,0.3506413013169877,0.3506413013169877
156,884.0,0.2967992520193697,0.2967992520193697,0.2967992520193697,0.31991413696618964,0.31991413696618964,0.31991413696618964
157,936.0,0.046511627906976744,0.046511627906976744,0.046511627906976744,0.04434829637641969,0.04434829637641969,0.04434829637641969
158,988.0,1.812918833861459,1.812918833861459,1.812918833861459,3.401583876032054,3.401583876032054,3.401583876032054
159,1040.0,0.08002936857562408,0.08002936857562408,0.08002936857562408,0.08488262273024252,0.08488262273024252,0.08488262273024252
160,52.0,0.29309847583127646,0.29309847583127646,0.29309847583127646,0.35889468169575156,0.35889468169575156,0.35889468169575156
161,104.0,0.11204878628072255,0.11204878628072255,0.11204878628072255,0.12753235473743665,0.12753235473743665,0.12753235473743665
162,156.0,0.30844190121390896,0.30844190121390896,0.30844190121390896,0.4507887722273241,0.4507887722273241,0.4507887722273241
163,208.0,0.0828655099032726,0.0828655099032726,0.0828655099032726,0.09061884448852234,0.09061884448852234,0.09061884448852234
164,260.0,0.12159533073929961,0.12159533073929961,0.12159533073929961,0.10680990628169994,0.10680990628169994,0.10680990628169994
165,312.0,0.6038948404766339,0.6038948404766339,0.6038948404766339,0.6217861787889222,0.6217861787889222,0.6217861787889222
166,364.0,0.2263147701755014,0.2263147701755014,0.2263147701755014,0.2529810047250936,0.2529810047250936,0.2529810047250936
167,416.0,0.171875,0.171875,0.171875,0.173583984375,0.173583984375,0.173583984375
168,468.0,0.21621621621621623,0.21621621621621623,0.21621621621621623,0.2505478451424397,0.2505478451424397,0.2505478451424397
169,520.0,0.18846153846153846,0.18846153846153846,0.18846153846153846,0.17089250493096647,0.17089250493096647,0.17089250493096647
170,572.0,0.3775135378619981,0.3775135378619981,0.3775135378619981,0.452299279495399,0.452299279495399,0.452299279495399
171,624.0,0.2040581077712169,0.2040581077712169,0.2040581077712169,0.2819039993689473,0.2819039993689473,0.2819039993689473
172,676.0,0.17345136915852064,0.17345136915852064,0.17345136915852064,0.21163908104314796,0.21163908104314796,0.21163908104314796
173,728.0,0.0013698630136986301,0.0013698630136986301,0.0013698630136986301,0.0013679864890223307,0.0013679864890223307,0.0013679864890223307
174,780.0,0.12727272727272726,0.12727272727272726,0.12727272727272726,0.11107438016528925,0.11107438016528925,0.11107438016528925
175,832.0,0.06511325432802832,0.06511325432802832,0.06511325432802832,0.06849933887439542,0.06849933887439542,0.06849933887439542
176,884.0,0.19011738656865285,0.19011738656865285,0.19011738656865285,0.19564839669433626,0.19564839669433626,0.19564839669433626
177,936.0,0.08089749231357839,0.08089749231357839,0.08089749231357839,0.07570811995231445,0.07570811995231445,0.07570811995231445
178,988.0,0.08522351904866769,0.08522351904866769,0.08522351904866769,0.07840090247261962,0.07840090247261962,0.07840090247261962
179,1040.0,0.44784743288272927,0.44784743288272927,0.44784743288272927,0.43899252666843536,0.43899252666843536,0.43899252666843536
180,52.0,0.10093167701863354,0.10093167701863354,0.10093167701863354,0.1311171444002932,0.1311171444002932,0.1311171444002932
181,104.0,0.060954903775625964,0.060954903775625964,0.060954903775625964,0.061576196217122514,0.061576196217122514,0.061576196217122514
182,156.0,0.4018655128148117,0.4018655128148117,0.4018655128148117,1.0526025859933854,1.0526025859933854,1.0526025859933854
183,208.0,32.57655739790728,32.57655739790728,32.57655739790728,30.377830601496058,30.377830601496058,30.377830601496058
184,260.0,0.0766079398824628,0.0766079398824628,0.0766079398824628,0.07695820625252872,0.07695820625252872,0.07695820625252872
185,312.0,0.4839133099189334,0.4839133099189334,0.4839133099189334,0.7255065077673869,0.7255065077673869,0.7255065077673869
186,364.0,0.13881748071979436,0.13881748071979436,0.13881748071979436,0.12982996411601824,0.12982996411601824,0.12982996411601824
187,416.0,0.8235294117647058,0.8235294117647058,0.8235294117647058,1.400230680507497,1.400230680507497,1.400230680507497
188,468.0,0.04599093132265383,0.04599093132265383,0.04599093132265383,0.04657261587659968,0.04657261587659968,0.04657261587659968
189,520.0,93.21587897878292,93.21587897878292,93.21587897878292,94.50552374515547,94.50552374515547,94.50552374515547
190,572.0,0.2602450329544172,0.2602450329544172,0.2602450329544172,0.22353057242598293,0.22353057242598293,0.22353057242598293
191,624.0,20.01429346036448,20.01429346036448,20.01429346036448,28.431623512561668,28.431623512561668,28.431623512561668
192,676.0,0.7351630100307572,0.7351630100307572,0.7351630100307572,7.966755999906405,7.966755999906405,7.966755999906405
193,728.0,0.2364066193853428,0.2364066193853428,0.2364066193853428,0.3223625013273422,0.3223625013273422,0.3223625013273422
194,780.0,0.1813940916055948,0.1813940916055948,0.1813940916055948,0.1886479838661459,0.1886479838661459,0.1886479838661459
195,832.0,0.6583157592401347,0.6583157592401347,0.6583157592401347,0.9606589514582159,0.9606589514582159,0.9606589514582159
196,884.0,0.16211114532010734,0.16211114532010734,0.16211114532010734,0.21893342707474092,0.21893342707474092,0.21893342707474092
197,936.0,0.5155751086323902,0.5155751086323902,0.5155751086323902,0.5383279025043751,0.5383279025043751,0.5383279025043751
198,988.0,0.1696383087111564,0.1696383087111564,0.1696383087111564,0.149011942536518,0.149011942536518,0.149011942536518
199,1040.0,0.42907801418439717,0.42907801418439717,0.42907801418439717,0.43038040627447594,0.43038040627447594,0.43038040627447594
200,52.0,0.1172307273922927,0.1172307273922927,0.1172307273922927,0.11570460876549424,0.11570460876549424,0.11570460876549424
201,104.0,0.27150008615577,0.27150008615577,0.27150008615577,0.2372541407341809,0.2372541407341809,0.2372541407341809
202,156.0,0.13650036363429394,0.13650036363429394,0.13650036363429394,0.15221203837512673,0.15221203837512673,0.15221203837512673
203,208.0,0.1460151250727167,0.1460151250727167,0.1460151250727167,0.12934857685092968,0.12934857685092968,0.12934857685092968
204,260.0,10.687457082527043,10.687457082527043,10.687457082527043,89.80378423243481,89.80378423243481,89.80378423243481
205,312.0,0.21471201525166544,0.21471201525166544,0.21471201525166544,0.260244602044852,0.260244602044852,0.260244602044852
206,364.0,0.5090522413696418,0.5090522413696418,0.5090522413696418,0.5734153160559061,0.5734153160559061,0.5734153160559061
207,416.0,0.17467454544323627,0.17467454544323627,0.17467454544323627,0.18771747465665087,0.18771747465665087,0.18771747465665087
208,468.0,0.08244885006098006,0.08244885006098006,0.08244885006098006,0.13010313509182728,0.13010313509182728,0.13010313509182728
209,520.0,0.26277724734025354,0.26277724734025354,0.26277724734025354,0.32396015160713604,0.32396015160713604,0.32396015160713604
210,572.0,0.3428122137617149,0.3428122137617149,0.3428122137617149,0.537076653720528,0.537076653720528,0.537076653720528
211,624.0,0.5975682866994164,0.5975682866994164,0.5975682866994164,0.9954394671867179,0.9954394671867179,0.9954394671867179
212,676.0,0.021897810218978103,0.021897810218978103,0.021897810218978103,0.02141829612659172,0.02141829612659172,0.02141829612659172
213,728.0,0.34797297297297297,0.34797297297297297,0.34797297297297297,0.32332512949067,0.32332512949067,0.32332512949067
214,780.0,0.36835745022736127,0.36835745022736127,0.36835745022736127,0.623880065576081,0.623880065576081,0.623880065576081
215,832.0,0.14673913043478262,0.14673913043478262,0.14673913043478262,0.18449529558343358,0.18449529558343358,0.18449529558343358
216,884.0,0.01615798922800718,0.01615798922800718,0.01615798922800718,0.015896908612114784,0.015896908612114784,0.015896908612114784
217,936.0,0.1108695652173913,0.1108695652173913,0.1108695652173913,0.10727315689981094,0.10727315689981094,0.10727315689981094
218,988.0,0.3796365879565493,0.3796365879565493,0.3796365879565493,0.407720565750828,0.407720565750828,0.407720565750828
219,1040.0,0.6885636320272606,0.6885636320272606,0.6885636320272606,27.85355678624402,27.85355678624402,27.85355678624402
220,52.0,1.2695572197592138,1.2695572197592138,1.2695572197592138,2.0105214699551506,2.0105214699551506,2.0105214699551506
221,104.0,0.7551674364054121,0.7551674364054121,0.7551674364054121,0.7264464862822838,0.7264464862822838,0.7264464862822838
222,156.0,0.5926806680948373,0.5926806680948373,0.5926806680948373,1.2036842660586156,1.2036842660586156,1.2036842660586156
223,208.0,0.09124087591240876,0.09124087591240876,0.09124087591240876,0.08437583248974373,0.08437583248974373,0.08437583248974373
224,260.0,0.766091059693914,0.766091059693914,0.766091059693914,2.530128769806692,2.530128769806692,2.530128769806692
225,312.0,0.2915974199037298,0.2915974199037298,0.2915974199037298,0.31023953165047086,0.31023953165047086,0.31023953165047086
226,364.0,0.27290679373870375,0.27290679373870375,0.27290679373870375,0.3227784806191902,0.3227784806191902,0.3227784806191902
227,416.0,0.14652567975830816,0.14652567975830816,0.14652567975830816,0.14016164511094278,0.14016164511094278,0.14016164511094278
228,468.0,0.4052037505659957,0.4052037505659957,0.4052037505659957,0.6851980680598235,0.6851980680598235,0.6851980680598235
229,520.0,0.23804971319311663,0.23804971319311663,0.23804971319311663,0.23683137802573034,0.23683137802573034,0.23683137802573034
230,572.0,0.34759734696097716,0.34759734696097716,0.34759734696097716,0.5730580883557894,0.5730580883557894,0.5730580883557894
231,624.0,0.6511136742057082,0.6511136742057082,0.6511136742057082,0.7339426748310709,0.7339426748310709,0.7339426748310709
232,676.0,0.17142857142857143,0.17142857142857143,0.17142857142857143,0.152430426716141,0.152430426716141,0.152430426716141
233,728.0,0.2630235964542085,0.2630235964542085,0.2630235964542085,0.7275048465214564,0.7275048465214564,0.7275048465214564
234,780.0,0.25019586936726557,0.25019586936726557,0.25019586936726557,0.34068698253995644,0.34068698253995644,0.34068698253995644
235,832.0,0.024531523131137396,0.024531523131137396,0.024531523131137396,0.023716995517240942,0.023716995517240942,0.023716995517240942
236,884.0,0.054455445544554455,0.054455445544554455,0.054455445544554455,0.05149004999509852,0.05149004999509852,0.05149004999509852
237,936.0,0.1850104821802935,0.1850104821802935,0.1850104821802935,0.1838004715882371,0.1838004715882371,0.1838004715882371
238,988.0,0.2302535523282517,0.2302535523282517,0.2302535523282517,0.32989695064725044,0.32989695064725044,0.32989695064725044
239,1040.0,0.23283582089552238,0.23283582089552238,0.23283582089552238,0.3534633866912771,0.3534633866912771,0.3534633866912771
240,52.0,0.3011283028563651,0.3011283028563651,0.3011283028563651,0.38483238165312106,0.38483238165312106,0.38483238165312106
241,104.0,0.13921971252566734,0.13921971252566734,0.13921971252566734,0.12024826178800771,0.12024826178800771,0.12024826178800771
242,156.0,0.06023778071334214,0.06023778071334214,0.06023778071334214,0.06136480475491625,0.06136480475491625,0.06136480475491625
243,208.0,0.43549392511114604,0.43549392511114604,0.43549392511114604,0.5156201466732745,0.5156201466732745,0.5156201466732745
244,260.0,0.36197714068290143,0.36197714068290143,0.36197714068290143,0.9535423086322663,0.9535423086322663,0.9535423086322663
245,312.0,0.21101430518078684,0.21101430518078684,0.21101430518078684,0.20869616682406156,0.20869616682406156,0.20869616682406156
246,364.0,0.07692307692307693,0.07692307692307693,0.07692307692307693,0.07100591715976333,0.07100591715976333,0.07100591715976333
247,416.0,0.8410757757836232,0.8410757757836232,0.8410757757836232,0.9540376780565999,0.9540376780565999,0.9540376780565999
248,468.0,53.25508491144105,53.25508491144105,53.25508491144105,47.96338370731166,47.96338370731166,47.96338370731166
249,520.0,62.71207974878744,62.71207974878744,62.71207974878744,76.65918606247905,76.65918606247905,76.65918606247905
250,572.0,0.012776152093644811,0.012776152093644811,0.012776152093644811,0.013411672797127535,0.013411672797127535,0.013411672797127535
251,624.0,0.3675157747603845,0.3675157747603845,0.3675157747603845,0.45611813947111796,0.45611813947111796,0.45611813947111796
252,676.0,0.029442417926003127,0.029442417926003127,0.029442417926003127,0.028575561952673707,0.028575561952673707,0.028575561952673707
253,728.0,88.45002400262132,88.45002400262132,88.45002400262132,86.34401919715697,86.34401919715697,86.34401919715697
254,780.0,0.24735449735449735,0.24735449735449735,0.24735449735449735,0.39648771031046165,0.39648771031046165,0.39648771031046165
255,832.0,0.18065003779289493,0.18065003779289493,0.18065003779289493,0.27499972862244754,0.27499972862244754,0.27499972862244754
256,884.0,139.2255902839646,139.2255902839646,139.2255902839646,141.90502914277786,141.90502914277786,141.90502914277786
257,936.0,0.0667446735442669,0.0667446735442669,0.0667446735442669,0.06540876060095495,0.06540876060095495,0.06540876060095495
258,988.0,0.16974043715846995,0.16974043715846995,0.16974043715846995,0.14775922224461766,0.14775922224461766,0.14775922224461766
259,1040.0,0.15037593984962405,0.15037593984962405,0.15037593984962405,0.12776301656396633,0.12776301656396633,0.12776301656396633
260,52.0,0.7756821699257949,0.7756821699257949,0.7756821699257949,0.9510780008603907,0.9510780008603907,0.9510780008603907
261,104.0,0.12796549245147376,0.12796549245147376,0.12796549245147376,0.1460978737193657,0.1460978737193657,0.1460978737193657
262,156.0,0.02315877321093261,0.02315877321093261,0.02315877321093261,0.02303971962728698,0.02303971962728698,0.02303971962728698
263,208.0,0.3917664314005524,0.3917664314005524,0.3917664314005524,0.42874996356994904,0.42874996356994904,0.42874996356994904
264,260.0,0.45959029972345966,0.45959029972345966,0.45959029972345966,0.42934263373224607,0.42934263373224607,0.42934263373224607
265,312.0,0.1309070517283187,0.1309070517283187,0.1309070517283187,0.12159152267924056,0.12159152267924056,0.12159152267924056
266,364.0,0.25437090231730247,0.25437090231730247,0.25437090231730247,0.49989026130788305,0.49989026130788305,0.49989026130788305
267,416.0,0.06847998049949279,0.06847998049949279,0.06847998049949279,0.25010581572988677,0.25010581572988677,0.25010581572988677
268,468.0,0.5923504152146495,0.5923504152146495,0.5923504152146495,2.076282191410754,2.076282191410754,2.076282191410754
269,520.0,0.3291025986413031,0.3291025986413031,0.3291025986413031,0.3594799212460546,0.3594799212460546,0.3594799212460546
270,572.0,0.34725186558686344,0.34725186558686344,0.34725186558686344,0.40036239788521827,0.40036239788521827,0.40036239788521827
271,624.0,0.6701297893590352,0.6701297893590352,0.6701297893590352,1.93534937748692,1.93534937748692,1.93534937748692
272,676.0,42.616736713721764,42.616736713721764,42.616736713721764,113.9979970592243,113.9979970592243,113.9979970592243
273,728.0,0.2321032214556157,0.2321032214556157,0.2321032214556157,0.27950173047071186,0.27950173047071186,0.27950173047071186
274,780.0,0.5358549839952254,0.5358549839952254,0.5358549839952254,0.6337502188301917,0.6337502188301917,0.6337502188301917
275,832.0,0.05472636815920398,0.05472636815920398,0.05472636815920398,0.05173139278730725,0.05173139278730725,0.05173139278730725
276,884.0,0.8139892890569702,0.8139892890569702,0.8139892890569702,0.8613565974626322,0.8613565974626322,0.8613565974626322
277,936.0,0.4579466113329767,0.4579466113329767,0.4579466113329767,0.5079585371657643,0.5079585371657643,0.5079585371657643
278,988.0,0.026892430278884463,0.026892430278884463,0.026892430278884463,0.028161259345089763,0.028161259345089763,0.028161259345089763
279,1040.0,0.029259896729776247,0.029259896729776247,0.029259896729776247,0.02840375517313908,0.02840375517313908,0.02840375517313908
280,52.0,0.17735849056603772,0.17735849056603772,0.17735849056603772,0.18175151299394804,0.18175151299394804,0.18175151299394804
281,104.0,0.46051203022565673,0.46051203022565673,0.46051203022565673,0.4377967497361567,0.4377967497361567,0.4377967497361567
282,156.0,0.2855539009343121,0.2855539009343121,0.2855539009343121,0.30856733731111335,0.30856733731111335,0.30856733731111335
283,208.0,0.18784412983619367,0.18784412983619367,0.18784412983619367,0.16711510513532588,0.16711510513532588,0.16711510513532588
284,260.0,0.03181489515545915,0.03181489515545915,0.03181489515545915,0.03080270760170629,0.03080270760170629,0.03080270760170629
285,312.0,0.13870367508479903,0.13870367508479903,0.13870367508479903,0.12303599842753297,0.12303599842753297,0.12303599842753297
286,364.0,0.09567102171501198,0.09567102171501198,0.09567102171501198,0.10229420541959398,0.10229420541959398,0.10229420541959398
287,416.0,0.31839651069061153,0.31839651069061153,0.31839651069061153,0.4479838672348258,0.4479838672348258,0.4479838672348258
288,468.0,0.03121387283236994,0.03121387283236994,0.03121387283236994,0.03101027988461581,0.03101027988461581,0.03101027988461581
289,520.0,0.33674210447644687,0.33674210447644687,0.33674210447644687,0.4685416553699124,0.4685416553699124,0.4685416553699124
290,572.0,0.11708509220173295,0.11708509220173295,0.11708509220173295,0.11137439600304083,0.11137439600304083,0.11137439600304083
291,624.0,0.1057954650225674,0.1057954650225674,0.1057954650225674,0.1300931406752838,0.1300931406752838,0.1300931406752838
292,676.0,0.272318999855371,0.272318999855371,0.272318999855371,0.5016336315053489,0.5016336315053489,0.5016336315053489
293,728.0,0.013067400275103164,0.013067400275103164,0.013067400275103164,0.012896643325153395,0.012896643325153395,0.012896643325153395
294,780.0,0.28809068667870946,0.28809068667870946,0.28809068667870946,0.26457247857861155,0.26457247857861155,0.26457247857861155
295,832.0,0.3570967420581643,0.3570967420581643,0.3570967420581643,0.3971930515714396,0.3971930515714396,0.3971930515714396
296,884.0,0.962685499772923,0.962685499772923,0.962685499772923,0.7999349757076236,0.7999349757076236,0.7999349757076236
297,936.0,0.1742526987224037,0.1742526987224037,0.1742526987224037,0.1975540316066926,0.1975540316066926,0.1975540316066926
298,988.0,0.3541581796100904,0.3541581796100904,0.3541581796100904,0.5617453217194064,0.5617453217194064,0.5617453217194064
299,1040.0,0.18887754461296488,0.18887754461296488,0.18887754461296488,0.16754990448491566,0.16754990448491566,0.16754990448491566
300,52.0,0.13112491037569143,0.13112491037569143,0.13112491037569143,0.1284196925042266,0.1284196925042266,0.1284196925042266
301,104.0,0.25597271780015346,0.25597271780015346,0.25597271780015346,0.22606659950668861,0.22606659950668861,0.22606659950668861
302,156.0,0.16447888842436756,0.16447888842436756,0.16447888842436756,0.15709876438560194,0.15709876438560194,0.15709876438560194
303,208.0,0.4194776819870468,0.4194776819870468,0.4194776819870468,0.5318540312852531,0.5318540312852531,0.5318540312852531
304,260.0,9.880505547783475,9.880505547783475,9.880505547783475,22.111629335655365,22.111629335655365,22.111629335655365
305,312.0,0.015065913370998116,0.015065913370998116,0.015065913370998116,0.014838931625295697,0.014838931625295697,0.014838931625295697
306,364.0,0.4504497786652588,0.4504497786652588,0.4504497786652588,0.50312917942484,0.50312917942484,0.50312917942484
307,416.0,0.03026854802002731,0.03026854802002731,0.03026854802002731,0.03208335983462367,0.03208335983462367,0.03208335983462367
308,468.0,0.045213379469434836,0.045213379469434836,0.045213379469434836,0.04501457384636465,0.04501457384636465,0.04501457384636465
309,520.0,0.2133388838374854,0.2133388838374854,0.2133388838374854,0.23740681560311405,0.23740681560311405,0.23740681560311405
310,572.0,0.0683400126555579,0.0683400126555579,0.0683400126555579,0.06746632269554932,0.06746632269554932,0.06746632269554932
311,624.0,0.021754894851341553,0.021754894851341553,0.021754894851341553,0.021281619401348633,0.021281619401348633,0.021281619401348633
312,676.0,0.059375,0.059375,0.059375,0.055849609375,0.055849609375,0.055849609375
313,728.0,59.71655071343149,59.71655071343149,59.71655071343149,159.18547927515928,159.18547927515928,159.18547927515928
314,780.0,6.018088292334638,6.018088292334638,6.018088292334638,122.09678225696116,122.09678225696116,122.09678225696116
315,832.0,0.24899042218192063,0.24899042218192063,0.24899042218192063,0.291271476613284,0.291271476613284,0.291271476613284
316,884.0,0.18181818181818182,0.18181818181818182,0.18181818181818182,0.1487603305785124,0.1487603305785124,0.1487603305785124
317,936.0,0.14491803278688525,0.14491803278688525,0.14491803278688525,0.12916269819940876,0.12916269819940876,0.12916269819940876
318,988.0,0.17684772141109872,0.17684772141109872,0.17684772141109872,0.16498162542359526,0.16498162542359526,0.16498162542359526
319,1040.0,0.4389479675703667,0.4389479675703667,0.4389479675703667,0.40485188159216795,0.40485188159216795,0.40485188159216795
320,52.0,0.34894618612904843,0.34894618612904843,0.34894618612904843,0.3413549017436155,0.3413549017436155,0.3413549017436155
321,104.0,0.03655750190403656,0.03655750190403656,0.03655750190403656,0.03826750945057597,0.03826750945057597,0.03826750945057597
322,156.0,0.3066821166473542,0.3066821166473542,0.3066821166473542,0.29760308975743555,0.29760308975743555,0.29760308975743555
323,208.0,0.1775760167134316,0.1775760167134316,0.1775760167134316,0.19173075336354373,0.19173075336354373,0.19173075336354373
324,260.0,26.726104084973255,26.726104084973255,26.726104084973255,25.109870224213214,25.109870224213214,25.109870224213214
325,312.0,16.494039966419066,16.494039966419066,16.494039966419066,16.07457970219286,16.07457970219286,16.07457970219286
326,364.0,0.685932234065827,0.685932234065827,0.685932234065827,0.6614233964182424,0.6614233964182424,0.6614233964182424
327,416.0,0.27718945770961273,0.27718945770961273,0.27718945770961273,1.2427675286334678,1.2427675286334678,1.2427675286334678
328,468.0,0.15312650555206503,0.15312650555206503,0.15312650555206503,0.15384214736990118,0.15384214736990118,0.15384214736990118
329,520.0,0.17341225509441494,0.17341225509441494,0.17341225509441494,1.1348300375183755,1.1348300375183755,1.1348300375183755
330,572.0,0.35700576458562044,0.35700576458562044,0.35700576458562044,0.39700400351241777,0.39700400351241777,0.39700400351241777
331,624.0,0.09458824482657524,0.09458824482657524,0.09458824482657524,0.09485663537123626,0.09485663537123626,0.09485663537123626
332,676.0,0.4572755356222774,0.4572755356222774,0.4572755356222774,0.4782486652659783,0.4782486652659783,0.4782486652659783
333,728.0,0.48593290102514575,0.48593290102514575,0.48593290102514575,0.5465928398462491,0.5465928398462491,0.5465928398462491
334,780.0,0.4153766769865841,0.4153766769865841,0.4153766769865841,0.5183806888678018,0.5183806888678018,0.5183806888678018
335,832.0,0.597899636665695,0.597899636665695,0.597899636665695,0.6137297891216349,0.6137297891216349,0.6137297891216349
336,884.0,0.11616038882138517,0.11616038882138517,0.11616038882138517,0.12502438253788042,0.12502438253788042,0.12502438253788042
337,936.0,0.4180064308681672,0.4180064308681672,0.4180064308681672,0.489793667697122,0.489793667697122,0.489793667697122
338,988.0,0.5758754863813229,0.5758754863813229,0.5758754863813229,0.5788732607609502,0.5788732607609502,0.5788732607609502
339,1040.0,0.1199024385581332,0.1199024385581332,0.1199024385581332,0.12964314461864926,0.12964314461864926,0.12964314461864926
340,52.0,0.08413674170570738,0.08413674170570738,0.08413674170570738,0.0768782235368154,0.0768782235368154,0.0768782235368154
341,104.0,2.3614971244113163,2.3614971244113163,2.3614971244113163,22.2615395119298,22.2615395119298,22.2615395119298
342,156.0,0.032416722557567626,0.032416722557567626,0.032416722557567626,0.031365878656193315,0.031365878656193315,0.031365878656193315
343,208.0,0.2242789188381989,0.2242789188381989,0.2242789188381989,0.3250645672401744,0.3250645672401744,0.3250645672401744
344,260.0,0.07741935483870968,0.07741935483870968,0.07741935483870968,0.07142559833506766,0.07142559833506766,0.07142559833506766
345,312.0,0.16990744637576993,0.16990744637576993,0.16990744637576993,0.1971192567638586,0.1971192567638586,0.1971192567638586
346,364.0,0.8042413615202937,0.8042413615202937,0.8042413615202937,0.8825843520562083,0.8825843520562083,0.8825843520562083
347,416.0,0.17924558290188142,0.17924558290188142,0.17924558290188142,0.18797018404462926,0.18797018404462926,0.18797018404462926
348,468.0,0.0949367088607595,0.0949367088607595,0.0949367088607595,0.08592373017144689,0.08592373017144689,0.08592373017144689
349,520.0,0.28049649946561306,0.28049649946561306,0.28049649946561306,0.22348742042162273,0.22348742042162273,0.22348742042162273
350,572.0,0.1251260917725787,0.1251260917725787,0.1251260917725787,0.14490590143831003,0.14490590143831003,0.14490590143831003
351,624.0,0.16326530612244897,0.16326530612244897,0.16326530612244897,0.17742607246980424,0.17742607246980424,0.17742607246980424
352,676.0,0.2101402576987503,0.2101402576987503,0.2101402576987503,0.21572862022489298,0.21572862022489298,0.21572862022489298
353,728.0,0.11846870150025866,0.11846870150025866,0.11846870150025866,0.1297830664027112,0.1297830664027112,0.1297830664027112
354,780.0,0.302160355921651,0.302160355921651,0.302160355921651,0.38284288769945174,0.38284288769945174,0.38284288769945174
355,832.0,0.21487603305785125,0.21487603305785125,0.21487603305785125,0.16870432347517247,0.16870432347517247,0.16870432347517247
356,884.0,0.07390084190832553,0.07390084190832553,0.07390084190832553,0.06843950747356622,0.06843950747356622,0.06843950747356622
357,936.0,0.04869457107335267,0.04869457107335267,0.04869457107335267,0.059170488147070474,0.059170488147070474,0.059170488147070474
358,988.0,0.008888417682183904,0.008888417682183904,0.008888417682183904,0.0072819691320063626,0.0072819691320063626,0.0072819691320063626
359,1040.0,0.03722084367245657,0.03722084367245657,0.03722084367245657,0.04079823162509466,0.04079823162509466,0.04079823162509466
360,52.0,0.1885931157646395,0.1885931157646395,0.1885931157646395,0.20052022090730062,0.20052022090730062,0.20052022090730062
361,104.0,0.3821138211382114,0.3821138211382114,0.3821138211382114,0.3491848887446746,0.3491848887446746,0.3491848887446746
362,156.0,0.014671557185728577,0.014671557185728577,0.014671557185728577,0.01512319155846213,0.01512319155846213,0.01512319155846213
363,208.0,0.2827699046158488,0.2827699046158488,0.2827699046158488,0.43329570164928266,0.43329570164928266,0.43329570164928266
364,260.0,0.26876057357461336,0.26876057357461336,0.26876057357461336,0.3238819500048083,0.3238819500048083,0.3238819500048083
365,312.0,0.08357230643179026,0.08357230643179026,0.08357230643179026,0.10116806615645832,0.10116806615645832,0.10116806615645832
366,364.0,0.26048135047175286,0.26048135047175286,0.26048135047175286,0.3934279865591553,0.3934279865591553,0.3934279865591553
367,416.0,0.3363183593137357,0.3363183593137357,0.3363183593137357,0.8336013698915028,0.8336013698915028,0.8336013698915028
368,468.0,70.29702373335832,70.29702373335832,70.29702373335832,107.5903261152306,107.5903261152306,107.5903261152306
369,520.0,0.007497656982193065,0.007497656982193065,0.007497656982193065,0.007441442121970438,0.007441442121970438,0.007441442121970438
370,572.0,0.10674157303370786,0.10674157303370786,0.10674157303370786,0.10939275344022216,0.10939275344022216,0.10939275344022216
371,624.0,0.42846563411455485,0.42846563411455485,0.42846563411455485,0.9667133944325798,0.9667133944325798,0.9667133944325798
372,676.0,0.31737982668989145,0.31737982668989145,0.31737982668989145,0.32869841880817,0.32869841880817,0.32869841880817
373,728.0,0.17783062866582922,0.17783062866582922,0.17783062866582922,0.2806736307109701,0.2806736307109701,0.2806736307109701
374,780.0,0.29070475920640315,0.29070475920640315,0.29070475920640315,0.3334568502350853,0.3334568502350853,0.3334568502350853
375,832.0,0.33407708561051025,0.33407708561051025,0.33407708561051025,0.42614771355155473,0.42614771355155473,0.42614771355155473
376,884.0,63.15034067815111,63.15034067815111,63.15034067815111,193.98659476181945,193.98659476181945,193.98659476181945
377,936.0,0.23515205025991281,0.23515205025991281,0.23515205025991281,0.25125577355615775,0.25125577355615775,0.25125577355615775
378,988.0,0.00041220115416323167,0.00041220115416323167,0.00041220115416323167,0.00041203124437173816,0.00041203124437173816,0.00041203124437173816
379,1040.0,0.09483793517406963,0.09483793517406963,0.09483793517406963,0.09064562199429593,0.09064562199429593,0.09064562199429593
380,52.0,0.3224977985998959,0.3224977985998959,0.3224977985998959,0.3564904476437803,0.3564904476437803,0.3564904476437803
381,104.0,0.6288676397531651,0.6288676397531651,0.6288676397531651,0.6312523938719072,0.6312523938719072,0.6312523938719072
382,156.0,0.0634465820712239,0.0634465820712239,0.0634465820712239,0.0635144411702662,0.0635144411702662,0.0635144411702662
383,208.0,0.09737330856991244,0.09737330856991244,0.09737330856991244,0.10221915514853863,0.10221915514853863,0.10221915514853863
384,260.0,0.1202804746494067,0.1202804746494067,0.1202804746494067,0.18564048228326988,0.18564048228326988,0.18564048228326988
385,312.0,0.34285714285714286,0.34285714285714286,0.34285714285714286,0.37768707482993197,0.37768707482993197,0.37768707482993197
386,364.0,0.34778815486536985,0.34778815486536985,0.34778815486536985,0.46404177372681465,0.46404177372681465,0.46404177372681465
387,416.0,0.032520325203252036,0.032520325203252036,0.032520325203252036,0.03146275365192676,0.03146275365192676,0.03146275365192676
388,468.0,0.05027932960893855,0.05027932960893855,0.05027932960893855,0.04775131862301426,0.04775131862301426,0.04775131862301426
389,520.0,0.27335759144897764,0.27335759144897764,0.27335759144897764,0.3387002471801249,0.3387002471801249,0.3387002471801249
390,572.0,1.3816544804408672,1.3816544804408672,1.3816544804408672,1.1888685588872387,1.1888685588872387,1.1888685588872387
391,624.0,0.29770120359826374,0.29770120359826374,0.29770120359826374,0.574658180362303,0.574658180362303,0.574658180362303
392,676.0,0.09251405161310312,0.09251405161310312,0.09251405161310312,0.09241135524947126,0.09241135524947126,0.09241135524947126
393,728.0,0.3431560815696697,0.3431560815696697,0.3431560815696697,0.3064103279403505,0.3064103279403505,0.3064103279403505
394,780.0,0.0483731644111719,0.0483731644111719,0.0483731644111719,0.04603320137602163,0.04603320137602163,0.04603320137602163
395,832.0,0.045968349660889224,0.045968349660889224,0.045968349660889224,0.046367192165801874,0.046367192165801874,0.046367192165801874
396,884.0,0.41916358362735423,0.41916358362735423,0.41916358362735423,0.8077074131429781,0.8077074131429781,0.8077074131429781
397,936.0,157.0706448824104,157.0706448824104,157.0706448824104,137.73201178781366,137.73201178781366,137.73201178781366
398,988.0,0.21076601457519956,0.21076601457519956,0.21076601457519956,0.17905731268797528,0.17905731268797528,0.17905731268797528
399,1040.0,0.5044090796885475,0.5044090796885475,0.5044090796885475,0.5470874764577484,0.5470874764577484,0.5470874764577484
400,52.0,0.13101211103968363,0.13101211103968363,0.13101211103968363,0.1867243161064013,0.1867243161064013,0.1867243161064013
401,104.0,0.3520876737657933,0.3520876737657933,0.3520876737657933,0.4352615913941134,0.4352615913941134,0.4352615913941134
402,156.0,0.20245199817667578,0.20245199817667578,0.20245199817667578,0.28492848850964636,0.28492848850964636,0.28492848850964636
403,208.0,0.08877507469056765,0.08877507469056765,0.08877507469056765,0.09625897757761928,0.09625897757761928,0.09625897757761928
404,260.0,0.036310329273793414,0.036310329273793414,0.036310329273793414,0.03499188926182212,0.03499188926182212,0.03499188926182212
405,312.0,0.16698382398174694,0.16698382398174694,0.16698382398174694,0.21914470874080627,0.21914470874080627,0.21914470874080627
406,364.0,0.39652828182713773,0.39652828182713773,0.39652828182713773,0.41260708418827285,0.41260708418827285,0.41260708418827285
407,416.0,0.0,0.0,0.0,0.0,0.0,0.0
408,468.0,0.2588668309376002,0.2588668309376002,0.2588668309376002,0.31143402585287727,0.31143402585287727,0.31143402585287727
409,520.0,0.5680872777033346,0.5680872777033346,0.5680872777033346,0.7166463639373951,0.7166463639373951,0.7166463639373951
410,572.0,0.44736582608065806,0.44736582608065806,0.44736582608065806,0.6113288215290401,0.6113288215290401,0.6113288215290401
411,624.0,0.0825016633399867,0.0825016633399867,0.0825016633399867,0.09498988273176423,0.09498988273176423,0.09498988273176423
412,676.0,0.31521739130434784,0.31521739130434784,0.31521739130434784,0.28107277882797727,0.28107277882797727,0.28107277882797727
413,728.0,0.19374811651264243,0.19374811651264243,0.19374811651264243,0.17277154679841,0.17277154679841,0.17277154679841
414,780.0,0.02714819427148194,0.02714819427148194,0.02714819427148194,0.026909301824261135,0.026909301824261135,0.026909301824261135
415,832.0,0.016477857878475798,0.016477857878475798,0.016477857878475798,0.01620633807821256,0.01620633807821256,0.01620633807821256
416,884.0,0.13285296104480973,0.13285296104480973,0.13285296104480973,0.14582678517981587,0.14582678517981587,0.14582678517981587
417,936.0,0.4589658586776808,0.4589658586776808,0.4589658586776808,0.43780286147156094,0.43780286147156094,0.43780286147156094
418,988.0,0.061017786561264824,0.061017786561264824,0.061017786561264824,0.13733414197612834,0.13733414197612834,0.13733414197612834
419,1040.0,0.14208,0.14208,0.14208,0.12573327359999997,0.12573327359999997,0.12573327359999997
420,52.0,0.15326538316345792,0.15326538316345792,0.15326538316345792,0.18715524893757496,0.18715524893757496,0.18715524893757496
421,104.0,0.7126477842250214,0.7126477842250214,0.7126477842250214,0.6988793593771797,0.6988793593771797,0.6988793593771797
422,156.0,0.15591936879758608,0.15591936879758608,0.15591936879758608,0.16863904428193488,0.16863904428193488,0.16863904428193488
423,208.0,0.24171792760901065,0.24171792760901065,0.24171792760901065,0.233251252755013,0.233251252755013,0.233251252755013
424,260.0,0.09493935591802594,0.09493935591802594,0.09493935591802594,0.08634410966399336,0.08634410966399336,0.08634410966399336
425,312.0,0.04483796056685914,0.04483796056685914,0.04483796056685914,0.037826914491061084,0.037826914491061084,0.037826914491061084
426,364.0,0.33696303436611574,0.33696303436611574,0.33696303436611574,0.31328473934865986,0.31328473934865986,0.31328473934865986
427,416.0,0.16821932392866648,0.16821932392866648,0.16821932392866648,0.15003603600667625,0.15003603600667625,0.15003603600667625
428,468.0,0.18241167434715821,0.18241167434715821,0.18241167434715821,0.15144180287446235,0.15144180287446235,0.15144180287446235
429,520.0,0.3231558554546901,0.3231558554546901,0.3231558554546901,0.3665173671429412,0.3665173671429412,0.3665173671429412
430,572.0,0.10304516800546708,0.10304516800546708,0.10304516800546708,0.11598229437254744,0.11598229437254744,0.11598229437254744
431,624.0,0.23277318871612068,0.23277318871612068,0.23277318871612068,0.1967743706559812,0.1967743706559812,0.1967743706559812
432,676.0,0.10652289017663975,0.10652289017663975,0.10652289017663975,0.11408351148614615,0.11408351148614615,0.11408351148614615
433,728.0,0.11556545808734152,0.11556545808734152,0.11556545808734152,0.10645898166382846,0.10645898166382846,0.10645898166382846
434,780.0,0.18383371824480368,0.18383371824480368,0.18383371824480368,0.16666705780072433,0.16666705780072433,0.16666705780072433
435,832.0,0.060941227499457816,0.060941227499457816,0.060941227499457816,0.05939612124759321,0.05939612124759321,0.05939612124759321
436,884.0,0.5410590943975442,0.5410590943975442,0.5410590943975442,0.7816986480811446,0.7816986480811446,0.7816986480811446
437,936.0,0.24468309117708992,0.24468309117708992,0.24468309117708992,0.22987539440981714,0.22987539440981714,0.22987539440981714
438,988.0,0.3097494238062018,0.3097494238062018,0.3097494238062018,0.30766858596026325,0.30766858596026325,0.30766858596026325
439,1040.0,0.1705498480703759,0.1705498480703759,0.1705498480703759,0.15238636644783668,0.15238636644783668,0.15238636644783668
440,52.0,1.11306821812873,1.11306821812873,1.11306821812873,1.0141617666740883,1.0141617666740883,1.0141617666740883
441,104.0,0.09813639866156788,0.09813639866156788,0.09813639866156788,0.1089374652885699,0.1089374652885699,0.1089374652885699
442,156.0,0.29958311484827216,0.29958311484827216,0.29958311484827216,0.553231318856057,0.553231318856057,0.553231318856057
443,208.0,0.20094314014591524,0.20094314014591524,0.20094314014591524,0.20049858014805358,0.20049858014805358,0.20049858014805358
444,260.0,0.02962129733783277,0.02962129733783277,0.02962129733783277,0.033243313652160184,0.033243313652160184,0.033243313652160184
445,312.0,3.744146277799896,3.744146277799896,3.744146277799896,65.28591816308352,65.28591816308352,65.28591816308352
446,364.0,0.49568148230438325,0.49568148230438325,0.49568148230438325,0.523058217762728,0.523058217762728,0.523058217762728
447,416.0,0.5003464191781727,0.5003464191781727,0.5003464191781727,0.5155588440804755,0.5155588440804755,0.5155588440804755
448,468.0,0.10504365542849005,0.10504365542849005,0.10504365542849005,0.09387812803560824,0.09387812803560824,0.09387812803560824
449,520.0,0.06008462623413258,0.06008462623413258,0.06008462623413258,0.05647446392443719,0.05647446392443719,0.05647446392443719
450,572.0,0.1657285803627267,0.1657285803627267,0.1657285803627267,0.15910898032345888,0.15910898032345888,0.15910898032345888
451,624.0,0.5377429147140743,0.5377429147140743,0.5377429147140743,0.9377752611324652,0.9377752611324652,0.9377752611324652
452,676.0,0.2621827267092136,0.2621827267092136,0.2621827267092136,0.24806914157302348,0.24806914157302348,0.24806914157302348
453,728.0,0.5622088565808545,0.5622088565808545,0.5622088565808545,1.1024357852615447,1.1024357852615447,1.1024357852615447
454,780.0,0.5501347878517188,0.5501347878517188,0.5501347878517188,0.8335315126322386,0.8335315126322386,0.8335315126322386
455,832.0,0.2807016084302188,0.2807016084302188,0.2807016084302188,0.3592434596376212,0.3592434596376212,0.3592434596376212
456,884.0,0.2864809986174193,0.2864809986174193,0.2864809986174193,0.501646380938158,0.501646380938158,0.501646380938158
457,936.0,0.0646991735173737,0.0646991735173737,0.0646991735173737,0.060496445857826736,0.060496445857826736,0.060496445857826736
458,988.0,0.20066690846602814,0.20066690846602814,0.20066690846602814,0.20724038534727124,0.20724038534727124,0.20724038534727124
459,1040.0,0.021801517581367832,0.021801517581367832,0.021801517581367832,0.02086353793899023,0.02086353793899023,0.02086353793899023
460,52.0,0.3263887760783908,0.3263887760783908,0.3263887760783908,0.25704708333511195,0.25704708333511195,0.25704708333511195
461,104.0,0.018763953416336892,0.018763953416336892,0.018763953416336892,0.019423098629141308,0.019423098629141308,0.019423098629141308
462,156.0,0.11563599798893917,0.11563599798893917,0.11563599798893917,0.15254083482279737,0.15254083482279737,0.15254083482279737
463,208.0,0.08273894436519258,0.08273894436519258,0.08273894436519258,0.17147095752755898,0.17147095752755898,0.17147095752755898
464,260.0,0.037380550871275994,0.037380550871275994,0.037380550871275994,0.04778762977350206,0.04778762977350206,0.04778762977350206
465,312.0,0.3245503505405148,0.3245503505405148,0.3245503505405148,0.4307156138597342,0.4307156138597342,0.4307156138597342
466,364.0,0.2375533428165007,0.2375533428165007,0.2375533428165007,0.32052431258839886,0.32052431258839886,0.32052431258839886
467,416.0,0.3838251819997414,0.3838251819997414,0.3838251819997414,0.5017850060454045,0.5017850060454045,0.5017850060454045
468,468.0,0.12100456621004566,0.12100456621004566,0.12100456621004566,0.11092867121202646,0.11092867121202646,0.11092867121202646
469,520.0,0.843967277310959,0.843967277310959,0.843967277310959,4.565701881127506,4.565701881127506,4.565701881127506
470,572.0,0.0036188178528347406,0.0036188178528347406,0.0036188178528347406,0.003605722010182745,0.003605722010182745,0.003605722010182745
471,624.0,0.08038740920096853,0.08038740920096853,0.08038740920096853,0.07392527364292456,0.07392527364292456,0.07392527364292456
472,676.0,0.17494600431965443,0.17494600431965443,0.17494600431965443,0.1642103102594125,0.1642103102594125,0.1642103102594125
473,728.0,0.47360195593654597,0.47360195593654597,0.47360195593654597,0.5099336853964777,0.5099336853964777,0.5099336853964777
474,780.0,0.1252973830293418,0.1252973830293418,0.1252973830293418,0.11277003448165263,0.11277003448165263,0.11277003448165263
475,832.0,0.16302521008403362,0.16302521008403362,0.16302521008403362,0.14485135230562815,0.14485135230562815,0.14485135230562815
476,884.0,0.313736109940999,0.313736109940999,0.313736109940999,0.23335864719281754,0.23335864719281754,0.23335864719281754
477,936.0,0.08655126498002663,0.08655126498002663,0.08655126498002663,0.07906014351038386,0.07906014351038386,0.07906014351038386
478,988.0,0.08547008547008547,0.08547008547008547,0.08547008547008547,0.11235298414785592,0.11235298414785592,0.11235298414785592
479,1040.0,0.27405011240455984,0.27405011240455984,0.27405011240455984,0.21611418647169386,0.21611418647169386,0.21611418647169386
480,52.0,0.07252346406091617,0.07252346406091617,0.07252346406091617,0.0740548048859617,0.0740548048859617,0.0740548048859617
481,104.0,0.02159468438538206,0.02159468438538206,0.02159468438538206,0.021128353991677794,0.021128353991677794,0.021128353991677794
482,156.0,0.07503607503607504,0.07503607503607504,0.07503607503607504,0.08960768268127574,0.08960768268127574,0.08960768268127574
483,208.0,0.043373493975903614,0.043373493975903614,0.043373493975903614,0.041492233996225855,0.041492233996225855,0.041492233996225855
484,260.0,0.44955481743007897,0.44955481743007897,0.44955481743007897,1.5617403990381717,1.5617403990381717,1.5617403990381717
485,312.0,0.7270604755785285,0.7270604755785285,0.7270604755785285,0.8156361305902908,0.8156361305902908,0.8156361305902908
486,364.0,0.05496828752642706,0.05496828752642706,0.05496828752642706,0.1513125254213803,0.1513125254213803,0.1513125254213803
487,416.0,0.2126937335690817,0.2126937335690817,0.2126937335690817,0.2745504799513618,0.2745504799513618,0.2745504799513618
488,468.0,0.4,0.4,0.4,0.41777777777777786,0.41777777777777786,0.41777777777777786
489,520.0,0.2429596195648482,0.2429596195648482,0.2429596195648482,0.3240088774549199,0.3240088774549199,0.3240088774549199
490,572.0,0.11034338358458962,0.11034338358458962,0.11034338358458962,0.12496839130044415,0.12496839130044415,0.12496839130044415
491,624.0,0.18213701192424597,0.18213701192424597,0.18213701192424597,0.1498983557893412,0.1498983557893412,0.1498983557893412
492,676.0,0.2564102564102564,0.2564102564102564,0.2564102564102564,0.20348454963839582,0.20348454963839582,0.20348454963839582
493,728.0,0.2555568735544,0.2555568735544,0.2555568735544,0.2677873802474596,0.2677873802474596,0.2677873802474596
494,780.0,0.35599762191031187,0.35599762191031187,0.35599762191031187,0.3881046897949717,0.3881046897949717,0.3881046897949717
495,832.0,0.40466393569447456,0.40466393569447456,0.40466393569447456,0.393161262768087,0.393161262768087,0.393161262768087
496,884.0,0.18911251983347113,0.18911251983347113,0.18911251983347113,0.24801315765578974,0.24801315765578974,0.24801315765578974
497,936.0,1.5488249663365317,1.5488249663365317,1.5488249663365317,0.9544743302771767,0.9544743302771767,0.9544743302771767
498,988.0,76.57252512691764,76.57252512691764,76.57252512691764,106.15007019234277,106.15007019234277,106.15007019234277
499,1040.0,0.0731828330439097,0.0731828330439097,0.0731828330439097,0.07576558279634003,0.07576558279634003,0.07576558279634003
500,52.0,0.004533434076312807,0.004533434076312807,0.004533434076312807,0.00451288205178853,0.00451288205178853,0.00451288205178853
501,104.0,0.021485573971761818,0.021485573971761818,0.021485573971761818,0.022251691166966448,0.022251691166966448,0.022251691166966448
502,156.0,19.037528555532422,19.037528555532422,19.037528555532422,21.813543665240807,21.813543665240807,21.813543665240807
503,208.0,0.5416847558092643,0.5416847558092643,0.5416847558092643,0.5573706922686434,0.5573706922686434,0.5573706922686434
504,260.0,0.04448689956331878,0.04448689956331878,0.04448689956331878,0.05397069742663183,0.05397069742663183,0.05397069742663183
505,312.0,0.2109704641350211,0.2109704641350211,0.2109704641350211,0.18333956452847655,0.18333956452847655,0.18333956452847655
506,364.0,0.07732833143916786,0.07732833143916786,0.07732833143916786,0.08916232873195486,0.08916232873195486,0.08916232873195486
507,416.0,0.39566798061301833,0.39566798061301833,0.39566798061301833,0.4798194371449326,0.4798194371449326,0.4798194371449326
508,468.0,0.09568030489420026,0.09568030489420026,0.09568030489420026,0.0930475034050225,0.0930475034050225,0.0930475034050225
509,520.0,0.10058564918614639,0.10058564918614639,0.10058564918614639,0.19335407243942015,0.19335407243942015,0.19335407243942015
510,572.0,0.1543001686340641,0.1543001686340641,0.1543001686340641,0.143982351720039,0.143982351720039,0.143982351720039
511,624.0,0.06449050335382642,0.06449050335382642,0.06449050335382642,0.06175377969253501,0.06175377969253501,0.06175377969253501
512,676.0,0.13457106565990248,0.13457106565990248,0.13457106565990248,0.13315169097571847,0.13315169097571847,0.13315169097571847
513,728.0,0.597634214212055,0.597634214212055,0.597634214212055,0.752456337187858,0.752456337187858,0.752456337187858
514,780.0,0.06740815638692282,0.06740815638692282,0.06740815638692282,0.0709532756058697,0.0709532756058697,0.0709532756058697
515,832.0,0.2109336523645896,0.2109336523645896,0.2109336523645896,0.15256106753177764,0.15256106753177764,0.15256106753177764
516,884.0,68.88431571017226,68.88431571017226,68.88431571017226,245.35625997698207,245.35625997698207,245.35625997698207
517,936.0,136.1164576401331,136.1164576401331,136.1164576401331,114.98285430605053,114.98285430605053,114.98285430605053
518,988.0,0.030623020063357972,0.030623020063357972,0.030623020063357972,0.036021047960045016,0.036021047960045016,0.036021047960045016
519,1040.0,0.14166279609846724,0.14166279609846724,0.14166279609846724,0.146675730232219,0.146675730232219,0.146675730232219
520,52.0,0.23333333333333334,0.23333333333333334,0.23333333333333334,0.24555555555555547,0.24555555555555547,0.24555555555555547
521,104.0,0.05616850551654965,0.05616850551654965,0.05616850551654965,0.053013604504586996,0.053013604504586996,0.053013604504586996
522,156.0,0.16917838656828965,0.16917838656828965,0.16917838656828965,0.1627169463433616,0.1627169463433616,0.1627169463433616
523,208.0,0.22128146453089245,0.22128146453089245,0.22128146453089245,2.206640920777718,2.206640920777718,2.206640920777718
524,260.0,0.30280953459697063,0.30280953459697063,0.30280953459697063,0.34911696782579665,0.34911696782579665,0.34911696782579665
525,312.0,0.7311822316897982,0.7311822316897982,0.7311822316897982,1.224874254087989,1.224874254087989,1.224874254087989
526,364.0,0.15209487160967008,0.15209487160967008,0.15209487160967008,0.16745866790486932,0.16745866790486932,0.16745866790486932
527,416.0,0.5697830007272782,0.5697830007272782,0.5697830007272782,0.5932278634979851,0.5932278634979851,0.5932278634979851
528,468.0,0.21038568261138843,0.21038568261138843,0.21038568261138843,0.2455681887802116,0.2455681887802116,0.2455681887802116
529,520.0,0.17242671731648593,0.17242671731648593,0.17242671731648593,0.3053429986137515,0.3053429986137515,0.3053429986137515
530,572.0,0.09464795062506451,0.09464795062506451,0.09464795062506451,0.08266808846143668,0.08266808846143668,0.08266808846143668
531,624.0,2.6,2.6,2.6,140.1748837209302,140.1748837209302,140.1748837209302
532,676.0,0.11221122112211221,0.11221122112211221,0.11221122112211221,0.09961986297639665,0.09961986297639665,0.09961986297639665
533,728.0,0.23180076628352492,0.23180076628352492,0.23180076628352492,0.7297933089649306,0.7297933089649306,0.7297933089649306
534,780.0,0.1984126984126984,0.1984126984126984,0.1984126984126984,0.231355505165029,0.231355505165029,0.231355505165029
535,832.0,0.0144,0.0144,0.0144,0.01419264,0.01419264,0.01419264
536,884.0,161.63534455481036,161.63534455481036,161.63534455481036,138.83108291406134,138.83108291406134,138.83108291406134
537,936.0,0.17557251908396945,0.17557251908396945,0.17557251908396945,0.14474680962647868,0.14474680962647868,0.14474680962647868
538,988.0,0.8204322864137968,0.8204322864137968,0.8204322864137968,1.0428793853313763,1.0428793853313763,1.0428793853313763
539,1040.0,0.12570533107459944,0.12570533107459944,0.12570533107459944,0.1195433016322358,0.1195433016322358,0.1195433016322358
540,52.0,0.0,0.0,0.0,0.0,0.0,0.0
541,104.0,0.2515139150326359,0.2515139150326359,0.2515139150326359,0.39185686689848886,0.39185686689848886,0.39185686689848886
542,156.0,0.03566229985443959,0.03566229985443959,0.03566229985443959,0.037786909733478265,0.037786909733478265,0.037786909733478265
543,208.0,0.013494318181818182,0.013494318181818182,0.013494318181818182,0.01331222155862603,0.01331222155862603,0.01331222155862603
544,260.0,0.24392409116197117,0.24392409116197117,0.24392409116197117,0.21680496543674496,0.21680496543674496,0.21680496543674496
545,312.0,0.12872811236000611,0.12872811236000611,0.12872811236000611,0.16957698572075128,0.16957698572075128,0.16957698572075128
546,364.0,0.25301204819277107,0.25301204819277107,0.25301204819277107,0.23986709891775942,0.23986709891775942,0.23986709891775942
547,416.0,34.98304073161653,34.98304073161653,34.98304073161653,144.07700432413435,144.07700432413435,144.07700432413435
548,468.0,0.11879580555064362,0.11879580555064362,0.11879580555064362,0.12613486030653628,0.12613486030653628,0.12613486030653628
549,520.0,0.2584899209229661,0.2584899209229661,0.2584899209229661,0.31610478226579547,0.31610478226579547,0.31610478226579547
550,572.0,0.42298087376572824,0.42298087376572824,0.42298087376572824,0.5479724971986495,0.5479724971986495,0.5479724971986495
551,624.0,0.40483642527216146,0.40483642527216146,0.40483642527216146,0.3110579166373882,0.3110579166373882,0.3110579166373882
552,676.0,0.3884964682139253,0.3884964682139253,0.3884964682139253,0.4615831077070016,0.4615831077070016,0.4615831077070016
553,728.0,0.23562596616667106,0.23562596616667106,0.23562596616667106,0.3460417839077636,0.3460417839077636,0.3460417839077636
554,780.0,0.26389973179761556,0.26389973179761556,0.26389973179761556,0.2619335661664969,0.2619335661664969,0.2619335661664969
555,832.0,0.07458563535911603,0.07458563535911603,0.07458563535911603,0.07454748023564603,0.07454748023564603,0.07454748023564603
556,884.0,0.22038575010998826,0.22038575010998826,0.22038575010998826,0.2370766179864101,0.2370766179864101,0.2370766179864101
557,936.0,0.4501438932412962,0.4501438932412962,0.4501438932412962,0.5281797894376913,0.5281797894376913,0.5281797894376913
558,988.0,0.27192646495595557,0.27192646495595557,0.27192646495595557,0.3366266602379439,0.3366266602379439,0.3366266602379439
559,1040.0,0.5145791787839404,0.5145791787839404,0.5145791787839404,0.7091240941492499,0.7091240941492499,0.7091240941492499
560,52.0,0.14084507042253522,0.14084507042253522,0.14084507042253522,0.13039740792170865,0.13039740792170865,0.13039740792170865
561,104.0,0.6996689352331905,0.6996689352331905,0.6996689352331905,0.7972216254650453,0.7972216254650453,0.7972216254650453
562,156.0,0.19124769954218146,0.19124769954218146,0.19124769954218146,0.22183856797151588,0.22183856797151588,0.22183856797151588
563,208.0,0.010686164229471317,0.010686164229471317,0.010686164229471317,0.010571970123532086,0.010571970123532086,0.010571970123532086
564,260.0,0.48725510015441575,0.48725510015441575,0.48725510015441575,1.878068145912829,1.878068145912829,1.878068145912829
565,312.0,13.323405608065002,13.323405608065002,13.323405608065002,112.67070110552977,112.67070110552977,112.67070110552977
566,364.0,0.11947734966859111,0.11947734966859111,0.11947734966859111,0.10827001166801947,0.10827001166801947,0.10827001166801947
567,416.0,0.21711687170227387,0.21711687170227387,0.21711687170227387,0.2250451499336908,0.2250451499336908,0.2250451499336908
568,468.0,0.1700507614213198,0.1700507614213198,0.1700507614213198,0.15636192635728827,0.15636192635728827,0.15636192635728827
569,520.0,0.1119635137361691,0.1119635137361691,0.1119635137361691,0.1367134898907108,0.1367134898907108,0.1367134898907108
570,572.0,0.0888507718696398,0.0888507718696398,0.0888507718696398,0.08644516297967865,0.08644516297967865,0.08644516297967865
571,624.0,0.18973368765858264,0.18973368765858264,0.18973368765858264,0.26002226968113906,0.26002226968113906,0.26002226968113906
572,676.0,0.22547918256856753,0.22547918256856753,0.22547918256856753,0.2245153457989045,0.2245153457989045,0.2245153457989045
573,728.0,52.393881453154876,52.393881453154876,52.393881453154876,45.14122451367131,45.14122451367131,45.14122451367131
574,780.0,0.08699633699633699,0.08699633699633699,0.08699633699633699,0.08492247984006225,0.08492247984006225,0.08492247984006225
575,832.0,0.08399634981491035,0.08399634981491035,0.08399634981491035,0.08393751609066614,0.08393751609066614,0.08393751609066614
576,884.0,0.23916819877966425,0.23916819877966425,0.23916819877966425,0.25285506879269826,0.25285506879269826,0.25285506879269826
577,936.0,0.013931214627775359,0.013931214627775359,0.013931214627775359,0.013737135886770219,0.013737135886770219,0.013737135886770219
578,988.0,0.36981282481280303,0.36981282481280303,0.36981282481280303,0.3693279916983403,0.3693279916983403,0.3693279916983403
579,1040.0,0.17188229799159271,0.17188229799159271,0.17188229799159271,0.15541677456286496,0.15541677456286496,0.15541677456286496
580,52.0,0.166835766482432,0.166835766482432,0.166835766482432,0.21034610065310685,0.21034610065310685,0.21034610065310685
581,104.0,0.5852108871504332,0.5852108871504332,0.5852108871504332,1.833257488304805,1.833257488304805,1.833257488304805
582,156.0,0.20170326631070126,0.20170326631070126,0.20170326631070126,1.5364663020309877,1.5364663020309877,1.5364663020309877
583,208.0,0.14940539829078364,0.14940539829078364,0.14940539829078364,0.1771842770835629,0.1771842770835629,0.1771842770835629
584,260.0,0.3584213656811575,0.3584213656811575,0.3584213656811575,0.3443543109706328,0.3443543109706328,0.3443543109706328
585,312.0,0.8190458166031777,0.8190458166031777,0.8190458166031777,0.9971933476792667,0.9971933476792667,0.9971933476792667
586,364.0,0.298204661011782,0.298204661011782,0.298204661011782,0.32385412324252155,0.32385412324252155,0.32385412324252155
587,416.0,0.17445379816589196,0.17445379816589196,0.17445379816589196,0.16794813635477968,0.16794813635477968,0.16794813635477968
588,468.0,0.21404173339988086,0.21404173339988086,0.21404173339988086,0.2324845054734459,0.2324845054734459,0.2324845054734459
589,520.0,0.01867572156196944,0.01867572156196944,0.01867572156196944,0.018326938986109233,0.018326938986109233,0.018326938986109233
590,572.0,0.01,0.01,0.01,0.0099,0.0099,0.0099
591,624.0,0.8863766593760897,0.8863766593760897,0.8863766593760897,0.9210570631797713,0.9210570631797713,0.9210570631797713
592,676.0,0.3915479049566523,0.3915479049566523,0.3915479049566523,0.5265844562294533,0.5265844562294533,0.5265844562294533
593,728.0,0.21500843170320405,0.21500843170320405,0.21500843170320405,0.17945996339152587,0.17945996339152587,0.17945996339152587
594,780.0,0.10530815839240705,0.10530815839240705,0.10530815839240705,0.1027348686873111,0.1027348686873111,0.1027348686873111
595,832.0,0.08845622639532222,0.08845622639532222,0.08845622639532222,0.08796910556052961,0.08796910556052961,0.08796910556052961
596,884.0,0.20864984332821077,0.20864984332821077,0.20864984332821077,0.1692350706982622,0.1692350706982622,0.1692350706982622
597,936.0,0.20578425600794026,0.20578425600794026,0.20578425600794026,0.26917535896347067,0.26917535896347067,0.26917535896347067
598,988.0,0.2045377582119878,0.2045377582119878,0.2045377582119878,0.17557033323398555,0.17557033323398555,0.17557033323398555
599,1040.0,0.4334552154034731,0.4334552154034731,0.4334552154034731,0.477130237868521,0.477130237868521,0.477130237868521
600,52.0,0.3040809279086511,0.3040809279086511,0.3040809279086511,0.616854911287379,0.616854911287379,0.616854911287379
601,104.0,0.14789654101464628,0.14789654101464628,0.14789654101464628,0.15697895049929214,0.15697895049929214,0.15697895049929214
602,156.0,0.27787362538894844,0.27787362538894844,0.27787362538894844,0.5682770991265786,0.5682770991265786,0.5682770991265786
603,208.0,0.2384532164405065,0.2384532164405065,0.2384532164405065,0.293158199681266,0.293158199681266,0.293158199681266
604,260.0,0.15163910643675865,0.15163910643675865,0.15163910643675865,0.15925310196231218,0.15925310196231218,0.15925310196231218
605,312.0,0.27413133068438544,0.27413133068438544,0.27413133068438544,0.3102142972922087,0.3102142972922087,0.3102142972922087
606,364.0,0.425116254985424,0.425116254985424,0.425116254985424,0.594466519871859,0.594466519871859,0.594466519871859
607,416.0,0.09286884380753341,0.09286884380753341,0.09286884380753341,0.10027953131710583,0.10027953131710583,0.10027953131710583
608,468.0,0.35548501029209334,0.35548501029209334,0.35548501029209334,0.3279352072830222,0.3279352072830222,0.3279352072830222
609,520.0,0.9274004744143861,0.9274004744143861,0.9274004744143861,10.917474078030295,10.917474078030295,10.917474078030295
610,572.0,0.4941366890772864,0.4941366890772864,0.4941366890772864,0.5375757280938159,0.5375757280938159,0.5375757280938159
611,624.0,0.22350738132192333,0.22350738132192333,0.22350738132192333,0.3404732644967062,0.3404732644967062,0.3404732644967062
612,676.0,0.1752234993614304,0.1752234993614304,0.1752234993614304,0.15678076103143265,0.15678076103143265,0.15678076103143265
613,728.0,0.012065637065637066,0.012065637065637066,0.012065637065637066,0.011920057467837395,0.011920057467837395,0.011920057467837395
614,780.0,0.6657808686503196,0.6657808686503196,0.6657808686503196,0.814138393398641,0.814138393398641,0.814138393398641
615,832.0,0.02897278314310799,0.02897278314310799,0.02897278314310799,0.028133360980050426,0.028133360980050426,0.028133360980050426
616,884.0,1.1364872849640955,1.1364872849640955,1.1364872849640955,2.174855549907761,2.174855549907761,2.174855549907761
617,936.0,0.1667011850324759,0.1667011850324759,0.1667011850324759,0.1239501475703806,0.1239501475703806,0.1239501475703806
618,988.0,0.5052410901467506,0.5052410901467506,0.5052410901467506,0.5812094282487069,0.5812094282487069,0.5812094282487069
619,1040.0,0.049874416935773234,0.049874416935773234,0.049874416935773234,0.047386959471089896,0.047386959471089896,0.047386959471089896
620,52.0,0.4078190899865007,0.4078190899865007,0.4078190899865007,0.5987267672040162,0.5987267672040162,0.5987267672040162
621,104.0,0.12708654424842603,0.12708654424842603,0.12708654424842603,0.14339858791526144,0.14339858791526144,0.14339858791526144
622,156.0,0.24044453576735184,0.24044453576735184,0.24044453576735184,0.2955650417015488,0.2955650417015488,0.2955650417015488
623,208.0,0.2859431672757161,0.2859431672757161,0.2859431672757161,0.8256176428041995,0.8256176428041995,0.8256176428041995
624,260.0,0.0828833685833273,0.0828833685833273,0.0828833685833273,0.08263718718526103,0.08263718718526103,0.08263718718526103
625,312.0,0.012121212121212121,0.012121212121212121,0.012121212121212121,0.0119742883379247,0.0119742883379247,0.0119742883379247
626,364.0,0.052784482432092376,0.052784482432092376,0.052784482432092376,0.04481026101243057,0.04481026101243057,0.04481026101243057
627,416.0,0.02275830678197542,0.02275830678197542,0.02275830678197542,0.023150698525671923,0.023150698525671923,0.023150698525671923
628,468.0,0.10647870425914817,0.10647870425914817,0.10647870425914817,0.11073787042231625,0.11073787042231625,0.11073787042231625
629,520.0,0.27121577518708667,0.27121577518708667,0.27121577518708667,0.30434074126983746,0.30434074126983746,0.30434074126983746
630,572.0,0.49791328219765174,0.49791328219765174,0.49791328219765174,0.45943098171459146,0.45943098171459146,0.45943098171459146
631,624.0,35.20196413275116,35.20196413275116,35.20196413275116,87.44244787178165,87.44244787178165,87.44244787178165
632,676.0,0.2712890359747029,0.2712890359747029,0.2712890359747029,0.24791897372167032,0.24791897372167032,0.24791897372167032
633,728.0,0.1916376306620209,0.1916376306620209,0.1916376306620209,0.15491264917626774,0.15491264917626774,0.15491264917626774
634,780.0,0.0641304347826087,0.0641304347826087,0.0641304347826087,0.07469163516068054,0.07469163516068054,0.07469163516068054
635,832.0,0.043306112348428606,0.043306112348428606,0.043306112348428606,0.05281401394185226,0.05281401394185226,0.05281401394185226
636,884.0,0.5518241905005848,0.5518241905005848,0.5518241905005848,0.6235072615720523,0.6235072615720523,0.6235072615720523
637,936.0,0.11462914101436529,0.11462914101436529,0.11462914101436529,0.10618000758234628,0.10618000758234628,0.10618000758234628
638,988.0,0.1291866028708134,0.1291866028708134,0.1291866028708134,0.11249742450951215,0.11249742450951215,0.11249742450951215
639,1040.0,0.2619647355163728,0.2619647355163728,0.2619647355163728,0.24287741605280577,0.24287741605280577,0.24287741605280577
640,52.0,0.39966910462079336,0.39966910462079336,0.39966910462079336,0.4330354918962448,0.4330354918962448,0.4330354918962448
641,104.0,0.3347295926449925,0.3347295926449925,0.3347295926449925,0.6899704413000677,0.6899704413000677,0.6899704413000677
642,156.0,0.19040307101727447,0.19040307101727447,0.19040307101727447,0.15491749588308326,0.15491749588308326,0.15491749588308326
643,208.0,0.03705365208507123,0.03705365208507123,0.03705365208507123,0.037445667259295566,0.037445667259295566,0.037445667259295566
644,260.0,0.09712804078601033,0.09712804078601033,0.09712804078601033,0.10695406263631417,0.10695406263631417,0.10695406263631417
645,312.0,0.022774327122153208,0.022774327122153208,0.022774327122153208,0.02225565714628636,0.02225565714628636,0.02225565714628636
646,364.0,0.42480933373964513,0.42480933373964513,0.42480933373964513,0.6395249577211509,0.6395249577211509,0.6395249577211509
647,416.0,0.3014705882352941,0.3014705882352941,0.3014705882352941,0.29293901384083043,0.29293901384083043,0.29293901384083043
648,468.0,34.742694559176314,34.742694559176314,34.742694559176314,65.57857005253757,65.57857005253757,65.57857005253757
649,520.0,0.19399160291951262,0.19399160291951262,0.19399160291951262,0.2933323689208575,0.2933323689208575,0.2933323689208575
650,572.0,0.11472542847149353,0.11472542847149353,0.11472542847149353,0.10156350453352572,0.10156350453352572,0.10156350453352572
651,624.0,0.25265261586011106,0.25265261586011106,0.25265261586011106,0.35000163832392045,0.35000163832392045,0.35000163832392045
652,676.0,0.39575678694076905,0.39575678694076905,0.39575678694076905,0.4866197294655358,0.4866197294655358,0.4866197294655358
653,728.0,0.16655382532159782,0.16655382532159782,0.16655382532159782,0.18891520580290244,0.18891520580290244,0.18891520580290244
654,780.0,0.034739454094292806,0.034739454094292806,0.034739454094292806,0.036014014001687106,0.036014014001687106,0.036014014001687106
655,832.0,0.24345627357161043,0.24345627357161043,0.24345627357161043,0.2837564915550642,0.2837564915550642,0.2837564915550642
656,884.0,0.14666644141568638,0.14666644141568638,0.14666644141568638,0.15797301221204693,0.15797301221204693,0.15797301221204693
657,936.0,0.21776669397626672,0.21776669397626672,0.21776669397626672,0.24743268186592804,0.24743268186592804,0.24743268186592804
658,988.0,0.09583332879531145,0.09583332879531145,0.09583332879531145,0.0944195499197942,0.0944195499197942,0.0944195499197942
659,1040.0,0.2347812166727846,0.2347812166727846,0.2347812166727846,0.27265226352870753,0.27265226352870753,0.27265226352870753
660,52.0,0.1992555287935187,0.1992555287935187,0.1992555287935187,0.1674353993426534,0.1674353993426534,0.1674353993426534
661,104.0,0.03815580286168521,0.03815580286168521,0.03815580286168521,0.036699937569665435,0.036699937569665435,0.036699937569665435
662,156.0,0.3581701035415919,0.3581701035415919,0.3581701035415919,0.4046135923595643,0.4046135923595643,0.4046135923595643
663,208.0,0.09523809523809523,0.09523809523809523,0.09523809523809523,0.10021212786189745,0.10021212786189745,0.10021212786189745
664,260.0,0.10256410256410256,0.10256410256410256,0.10256410256410256,0.2102163908183976,0.2102163908183976,0.2102163908183976
665,312.0,1.3059778388430294,1.3059778388430294,1.3059778388430294,1.9228987415172152,1.9228987415172152,1.9228987415172152
666,364.0,0.19353207459959224,0.19353207459959224,0.19353207459959224,0.1572121389071777,0.1572121389071777,0.1572121389071777
667,416.0,0.15354046242774566,0.15354046242774566,0.15354046242774566,0.16898312986568212,0.16898312986568212,0.16898312986568212
668,468.0,0.6007146868027099,0.6007146868027099,0.6007146868027099,0.7550958944411852,0.7550958944411852,0.7550958944411852
669,520.0,0.2942932717605831,0.2942932717605831,0.2942932717605831,0.28005704163069867,0.28005704163069867,0.28005704163069867
670,572.0,0.15,0.15,0.15,0.1275,0.1275,0.1275
671,624.0,0.17532467532467533,0.17532467532467533,0.17532467532467533,0.2225080114690505,0.2225080114690505,0.2225080114690505
672,676.0,0.02801519468186135,0.02801519468186135,0.02801519468186135,0.028180011165133037,0.028180011165133037,0.028180011165133037
673,728.0,0.2837238392496448,0.2837238392496448,0.2837238392496448,0.36594063497925344,0.36594063497925344,0.36594063497925344
674,780.0,0.1261582323592302,0.1261582323592302,0.1261582323592302,0.14873128501241362,0.14873128501241362,0.14873128501241362
675,832.0,0.043235704323570434,0.043235704323570434,0.043235704323570434,0.04136637819521522,0.04136637819521522,0.04136637819521522
676,884.0,0.02556299452221546,0.02556299452221546,0.02556299452221546,0.024909527833272646,0.024909527833272646,0.024909527833272646
677,936.0,0.16616291967345637,0.16616291967345637,0.16616291967345637,0.15583763910639933,0.15583763910639933,0.15583763910639933
678,988.0,0.2546163315551908,0.2546163315551908,0.2546163315551908,0.22425546420599266,0.22425546420599266,0.22425546420599266
679,1040.0,0.17759784075573548,0.17759784075573548,0.17759784075573548,0.1633308018306953,0.1633308018306953,0.1633308018306953
680,52.0,0.048672566371681415,0.048672566371681415,0.048672566371681415,0.047778473908163005,0.047778473908163005,0.047778473908163005
681,104.0,0.9265104239749435,0.9265104239749435,0.9265104239749435,1.0396391775687437,1.0396391775687437,1.0396391775687437
682,156.0,0.03967720242098184,0.03967720242098184,0.03967720242098184,0.038102922029026286,0.038102922029026286,0.038102922029026286
683,208.0,0.10732924892216927,0.10732924892216927,0.10732924892216927,0.10125556280004852,0.10125556280004852,0.10125556280004852
684,260.0,0.20667408231368187,0.20667408231368187,0.20667408231368187,0.1991100728655372,0.1991100728655372,0.1991100728655372
685,312.0,0.05269761606022585,0.05269761606022585,0.05269761606022585,0.05242998761037705,0.05242998761037705,0.05242998761037705
686,364.0,0.5302990898404477,0.5302990898404477,0.5302990898404477,0.49441070328814524,0.49441070328814524,0.49441070328814524
687,416.0,0.05764705882352941,0.05764705882352941,0.05764705882352941,0.05667681660899655,0.05667681660899655,0.05667681660899655
688,468.0,0.5479095353445476,0.5479095353445476,0.5479095353445476,0.6229348123999544,0.6229348123999544,0.6229348123999544
689,520.0,0.42360825617223236,0.42360825617223236,0.42360825617223236,1.1093517794207024,1.1093517794207024,1.1093517794207024
690,572.0,0.05597963108273186,0.05597963108273186,0.05597963108273186,0.048330755132103546,0.048330755132103546,0.048330755132103546
691,624.0,0.15041276937415873,0.15041276937415873,0.15041276937415873,0.16953397937133705,0.16953397937133705,0.16953397937133705
692,676.0,0.28483602336751845,0.28483602336751845,0.28483602336751845,0.4035638273205706,0.4035638273205706,0.4035638273205706
693,728.0,0.06601264984884352,0.06601264984884352,0.06601264984884352,0.06528854531425042,0.06528854531425042,0.06528854531425042
694,780.0,0.14482758620689656,0.14482758620689656,0.14482758620689656,0.1238525564803805,0.1238525564803805,0.1238525564803805
695,832.0,0.2528263103802672,0.2528263103802672,0.2528263103802672,0.25057012091105263,0.25057012091105263,0.25057012091105263
696,884.0,0.3913838037679784,0.3913838037679784,0.3913838037679784,0.4822976172596906,0.4822976172596906,0.4822976172596906
697,936.0,0.17191011235955056,0.17191011235955056,0.17191011235955056,0.14235702562807726,0.14235702562807726,0.14235702562807726
698,988.0,1.3979254206865537,1.3979254206865537,1.3979254206865537,37.72716265944416,37.72716265944416,37.72716265944416
699,1040.0,0.174312403270092,0.174312403270092,0.174312403270092,0.19892614858013696,0.19892614858013696,0.19892614858013696
700,52.0,0.08729414080956066,0.08729414080956066,0.08729414080956066,0.0987104589333103,0.0987104589333103,0.0987104589333103
701,104.0,0.029850746268656716,0.029850746268656716,0.029850746268656716,0.028959679215860998,0.028959679215860998,0.028959679215860998
702,156.0,0.18412299694208067,0.18412299694208067,0.18412299694208067,0.21494212695339696,0.21494212695339696,0.21494212695339696
703,208.0,0.355068276809023,0.355068276809023,0.355068276809023,0.40771138676689594,0.40771138676689594,0.40771138676689594
704,260.0,0.16620074134132987,0.16620074134132987,0.16620074134132987,0.2052388562990799,0.2052388562990799,0.2052388562990799
705,312.0,0.6324954088106535,0.6324954088106535,0.6324954088106535,0.7049440916248134,0.7049440916248134,0.7049440916248134
706,364.0,1.098122482693246,1.098122482693246,1.098122482693246,1.302925025301184,1.302925025301184,1.302925025301184
707,416.0,0.4053637291978967,0.4053637291978967,0.4053637291978967,0.39902478773527816,0.39902478773527816,0.39902478773527816
708,468.0,0.3576411369807167,0.3576411369807167,0.3576411369807167,0.5518647629040052,0.5518647629040052,0.5518647629040052
709,520.0,0.046338436077782375,0.046338436077782375,0.046338436077782375,0.04998348992937045,0.04998348992937045,0.04998348992937045
710,572.0,0.045257097829873215,0.045257097829873215,0.045257097829873215,0.046794341181733846,0.046794341181733846,0.046794341181733846
711,624.0,0.14843448486568145,0.14843448486568145,0.14843448486568145,0.1791167929031505,0.1791167929031505,0.1791167929031505
712,676.0,0.36377446690263227,0.36377446690263227,0.36377446690263227,0.37951193950901946,0.37951193950901946,0.37951193950901946
713,728.0,0.012559549588566478,0.012559549588566478,0.012559549588566478,0.012401807302698816,0.012401807302698816,0.012401807302698816
714,780.0,0.010660980810234541,0.010660980810234541,0.010660980810234541,0.01054732429839835,0.01054732429839835,0.01054732429839835
715,832.0,0.3246806472424929,0.3246806472424929,0.3246806472424929,0.3226132267565554,0.3226132267565554,0.3226132267565554
716,884.0,0.2006198347107438,0.2006198347107438,0.2006198347107438,0.21574341745782394,0.21574341745782394,0.21574341745782394
717,936.0,0.25356433526164945,0.25356433526164945,0.25356433526164945,0.24606629272491534,0.24606629272491534,0.24606629272491534
718,988.0,0.4396573536215093,0.4396573536215093,0.4396573536215093,0.5631601248406327,0.5631601248406327,0.5631601248406327
719,1040.0,102.9594725785574,102.9594725785574,102.9594725785574,150.2111917559053,150.2111917559053,150.2111917559053
720,52.0,0.17726771329774507,0.17726771329774507,0.17726771329774507,0.22696699346943994,0.22696699346943994,0.22696699346943994
721,104.0,0.15441783649876134,0.15441783649876134,0.15441783649876134,0.1355275512590682,0.1355275512590682,0.1355275512590682
722,156.0,0.08022922636103152,0.08022922636103152,0.08022922636103152,0.07665782711143587,0.07665782711143587,0.07665782711143587
723,208.0,0.07069372105862035,0.07069372105862035,0.07069372105862035,0.07994148595474862,0.07994148595474862,0.07994148595474862
724,260.0,0.18243935770413391,0.18243935770413391,0.18243935770413391,0.16692086880286727,0.16692086880286727,0.16692086880286727
725,312.0,0.30175082331167835,0.30175082331167835,0.30175082331167835,0.29114359493391695,0.29114359493391695,0.29114359493391695
726,364.0,0.011352169525731584,0.011352169525731584,0.011352169525731584,0.011727838640600929,0.011727838640600929,0.011727838640600929
727,416.0,0.30042573667998124,0.30042573667998124,0.30042573667998124,0.4156993708390017,0.4156993708390017,0.4156993708390017
728,468.0,0.060498220640569395,0.060498220640569395,0.060498220640569395,0.0648453033776168,0.0648453033776168,0.0648453033776168
729,520.0,0.09739510905650997,0.09739510905650997,0.09739510905650997,0.0969918912502957,0.0969918912502957,0.0969918912502957
730,572.0,0.2415640238382215,0.2415640238382215,0.2415640238382215,0.2396023382688416,0.2396023382688416,0.2396023382688416
731,624.0,0.6330316742081448,0.6330316742081448,0.6330316742081448,8.906510718453758,8.906510718453758,8.906510718453758
732,676.0,0.042706364595443504,0.042706364595443504,0.042706364595443504,0.03750105285755874,0.03750105285755874,0.03750105285755874
733,728.0,0.07446808510638298,0.07446808510638298,0.07446808510638298,0.06892258940697148,0.06892258940697148,0.06892258940697148
734,780.0,0.17213520070378022,0.17213520070378022,0.17213520070378022,0.18485950238533022,0.18485950238533022,0.18485950238533022
735,832.0,27.768141493660355,27.768141493660355,27.768141493660355,59.90161340585618,59.90161340585618,59.90161340585618
736,884.0,3.6060603093956494,3.6060603093956494,3.6060603093956494,7.26379555962887,7.26379555962887,7.26379555962887
737,936.0,0.41560024375380866,0.41560024375380866,0.41560024375380866,0.3952228115538711,0.3952228115538711,0.3952228115538711
738,988.0,0.009836065573770493,0.009836065573770493,0.009836065573770493,0.009739317387798978,0.009739317387798978,0.009739317387798978
739,1040.0,0.8199333518906898,0.8199333518906898,0.8199333518906898,0.925211994017501,0.925211994017501,0.925211994017501
740,52.0,0.2999962984954593,0.2999962984954593,0.2999962984954593,0.4049010527301912,0.4049010527301912,0.4049010527301912
741,104.0,0.22565629233401754,0.22565629233401754,0.22565629233401754,0.21437840523382154,0.21437840523382154,0.21437840523382154
742,156.0,0.22096774193548388,0.22096774193548388,0.22096774193548388,0.21085067637877214,0.21085067637877214,0.21085067637877214
743,208.0,0.19249632591379714,0.19249632591379714,0.19249632591379714,0.18084442258767344,0.18084442258767344,0.18084442258767344
744,260.0,2.100885835700794,2.100885835700794,2.100885835700794,2.078829353535754,2.078829353535754,2.078829353535754
745,312.0,0.42484116777055503,0.42484116777055503,0.42484116777055503,0.4077298836796183,0.4077298836796183,0.4077298836796183
746,364.0,0.397635428645275,0.397635428645275,0.397635428645275,0.3736513809419059,0.3736513809419059,0.3736513809419059
747,416.0,0.13259886996966064,0.13259886996966064,0.13259886996966064,0.15471741962939997,0.15471741962939997,0.15471741962939997
748,468.0,0.7609261158985434,0.7609261158985434,0.7609261158985434,0.7584467262086196,0.7584467262086196,0.7584467262086196
749,520.0,0.6519959058341863,0.6519959058341863,0.6519959058341863,0.7427621371377926,0.7427621371377926,0.7427621371377926
750,572.0,0.15542194953344032,0.15542194953344032,0.15542194953344032,0.13277071850683972,0.13277071850683972,0.13277071850683972
751,624.0,0.31350407467304336,0.31350407467304336,0.31350407467304336,0.3602241300535536,0.3602241300535536,0.3602241300535536
752,676.0,0.06165228113440197,0.06165228113440197,0.06165228113440197,0.05867330778045199,0.05867330778045199,0.05867330778045199
753,728.0,0.33294392523364486,0.33294392523364486,0.33294392523364486,0.5959240435845925,0.5959240435845925,0.5959240435845925
754,780.0,0.34990930108738694,0.34990930108738694,0.34990930108738694,0.5360350642685425,0.5360350642685425,0.5360350642685425
755,832.0,0.5436520872291576,0.5436520872291576,0.5436520872291576,0.5586547879198904,0.5586547879198904,0.5586547879198904
756,884.0,1.0406901377554008,1.0406901377554008,1.0406901377554008,15.70774250665473,15.70774250665473,15.70774250665473
757,936.0,0.21756487025948104,0.21756487025948104,0.21756487025948104,0.18287178138732513,0.18287178138732513,0.18287178138732513
758,988.0,0.5791678132728927,0.5791678132728927,0.5791678132728927,0.5044852527193923,0.5044852527193923,0.5044852527193923
759,1040.0,0.21978021978021978,0.21978021978021978,0.21978021978021978,0.17147687477357806,0.17147687477357806,0.17147687477357806
760,52.0,0.18100364900511337,0.18100364900511337,0.18100364900511337,0.1371366210486971,0.1371366210486971,0.1371366210486971
761,104.0,12.067617538298997,12.067617538298997,12.067617538298997,10.540594271050042,10.540594271050042,10.540594271050042
762,156.0,0.03469131842504083,0.03469131842504083,0.03469131842504083,0.03444114133036793,0.03444114133036793,0.03444114133036793
763,208.0,0.367071445769002,0.367071445769002,0.367071445769002,0.3441358727214824,0.3441358727214824,0.3441358727214824
764,260.0,0.004797441364605544,0.004797441364605544,0.004797441364605544,0.004774425920958714,0.004774425920958714,0.004774425920958714
765,312.0,0.13487885241985906,0.13487885241985906,0.13487885241985906,0.17824859475206095,0.17824859475206095,0.17824859475206095
766,364.0,0.17007753279989038,0.17007753279989038,0.17007753279989038,0.2796296767069927,0.2796296767069927,0.2796296767069927
767,416.0,0.0340826686004351,0.0340826686004351,0.0340826686004351,0.03292104030150801,0.03292104030150801,0.03292104030150801
768,468.0,0.06374584717607973,0.06374584717607973,0.06374584717607973,0.06632683241630886,0.06632683241630886,0.06632683241630886
769,520.0,0.32617031712806516,0.32617031712806516,0.32617031712806516,0.3157763175009851,0.3157763175009851,0.3157763175009851
770,572.0,0.4611733128798892,0.4611733128798892,0.4611733128798892,0.45574130059122137,0.45574130059122137,0.45574130059122137
771,624.0,0.24760708490612093,0.24760708490612093,0.24760708490612093,0.28831020054288875,0.28831020054288875,0.28831020054288875
772,676.0,0.24977446486833862,0.24977446486833862,0.24977446486833862,0.18962055938407535,0.18962055938407535,0.18962055938407535
773,728.0,0.2658512219215759,0.2658512219215759,0.2658512219215759,0.49284146176669974,0.49284146176669974,0.49284146176669974
774,780.0,0.027777777777777776,0.027777777777777776,0.027777777777777776,0.027006172839506164,0.027006172839506164,0.027006172839506164
775,832.0,0.109297725024728,0.109297725024728,0.109297725024728,0.10130821106307374,0.10130821106307374,0.10130821106307374
776,884.0,0.6234460273025735,0.6234460273025735,0.6234460273025735,0.7017654101297215,0.7017654101297215,0.7017654101297215
777,936.0,0.1510017880248391,0.1510017880248391,0.1510017880248391,0.15254048860507533,0.15254048860507533,0.15254048860507533
778,988.0,0.0954356846473029,0.0954356846473029,0.0954356846473029,0.08632771474320347,0.08632771474320347,0.08632771474320347
779,1040.0,0.10839598997493734,0.10839598997493734,0.10839598997493734,0.10228539707665152,0.10228539707665152,0.10228539707665152
780,52.0,0.08125850526804355,0.08125850526804355,0.08125850526804355,0.09484100146672249,0.09484100146672249,0.09484100146672249
781,104.0,0.1456285688263713,0.1456285688263713,0.1456285688263713,0.1467648407726684,0.1467648407726684,0.1467648407726684
782,156.0,0.23426366351747344,0.23426366351747344,0.23426366351747344,0.20867971104781718,0.20867971104781718,0.20867971104781718
783,208.0,0.48276272970049844,0.48276272970049844,0.48276272970049844,0.5482875720953693,0.5482875720953693,0.5482875720953693
784,260.0,0.5086727310384984,0.5086727310384984,0.5086727310384984,0.7705937444246685,0.7705937444246685,0.7705937444246685
785,312.0,0.3143378350139909,0.3143378350139909,0.3143378350139909,0.5338916999251644,0.5338916999251644,0.5338916999251644
786,364.0,0.04906771344455348,0.04906771344455348,0.04906771344455348,0.10161591199977657,0.10161591199977657,0.10161591199977657
787,416.0,0.011641791044776119,0.011641791044776119,0.011641791044776119,0.011506259746045891,0.011506259746045891,0.011506259746045891
788,468.0,0.10412304527543312,0.10412304527543312,0.10412304527543312,0.10353603345082715,0.10353603345082715,0.10353603345082715
789,520.0,0.00984759671746776,0.00984759671746776,0.00984759671746776,0.00975062155635788,0.00975062155635788,0.00975062155635788
790,572.0,0.3899178601145794,0.3899178601145794,0.3899178601145794,0.9056956993848839,0.9056956993848839,0.9056956993848839
791,624.0,0.2504782741602025,0.2504782741602025,0.2504782741602025,0.2411587028690105,0.2411587028690105,0.2411587028690105
792,676.0,48.920712974645745,48.920712974645745,48.920712974645745,159.8651814435232,159.8651814435232,159.8651814435232
793,728.0,0.16101694915254236,0.16101694915254236,0.16101694915254236,0.15203964378052282,0.15203964378052282,0.15203964378052282
794,780.0,0.3359877577766769,0.3359877577766769,0.3359877577766769,0.35767492587800276,0.35767492587800276,0.35767492587800276
795,832.0,67.3099582916956,67.3099582916956,67.3099582916956,126.68796723695432,126.68796723695432,126.68796723695432
796,884.0,0.7012526134227263,0.7012526134227263,0.7012526134227263,2.650704824961669,2.650704824961669,2.650704824961669
797,936.0,0.2875558975811372,0.2875558975811372,0.2875558975811372,0.32587679762694,0.32587679762694,0.32587679762694
798,988.0,0.02092050209205021,0.02092050209205021,0.02092050209205021,0.020482834684266735,0.020482834684266735,0.020482834684266735
799,1040.0,0.28874809256160333,0.28874809256160333,0.28874809256160333,0.39298777251437117,0.39298777251437117,0.39298777251437117
800,52.0,0.16581390786818334,0.16581390786818334,0.16581390786818334,0.16548987406831386,0.16548987406831386,0.16548987406831386
801,104.0,0.41476944176758324,0.41476944176758324,0.41476944176758324,1.07425195584615,1.07425195584615,1.07425195584615
802,156.0,0.3409399101584763,0.3409399101584763,0.3409399101584763,0.43152752336532296,0.43152752336532296,0.43152752336532296
803,208.0,0.11920693804551227,0.11920693804551227,0.11920693804551227,0.14582826985241829,0.14582826985241829,0.14582826985241829
804,260.0,0.31493742905270944,0.31493742905270944,0.31493742905270944,0.23991239799997097,0.23991239799997097,0.23991239799997097
805,312.0,0.10831556503198295,0.10831556503198295,0.10831556503198295,0.0991419387982415,0.0991419387982415,0.0991419387982415
806,364.0,0.6982741896557946,0.6982741896557946,0.6982741896557946,0.8804738957241576,0.8804738957241576,0.8804738957241576
807,416.0,0.6317362740238731,0.6317362740238731,0.6317362740238731,0.5876707945790117,0.5876707945790117,0.5876707945790117
808,468.0,0.26214158511358293,0.26214158511358293,0.26214158511358293,0.22014078404077156,0.22014078404077156,0.22014078404077156
809,520.0,0.09650997150997151,0.09650997150997151,0.09650997150997151,0.09289380260712168,0.09289380260712168,0.09289380260712168
810,572.0,0.08835341365461848,0.08835341365461848,0.08835341365461848,0.09661134497830678,0.09661134497830678,0.09661134497830678
811,624.0,0.2395111865452539,0.2395111865452539,0.2395111865452539,0.23573068782494497,0.23573068782494497,0.23573068782494497
812,676.0,0.09090909090909091,0.09090909090909091,0.09090909090909091,0.08832644628099172,0.08832644628099172,0.08832644628099172
813,728.0,8.029966464520873,8.029966464520873,8.029966464520873,374.1323606684985,374.1323606684985,374.1323606684985
814,780.0,0.29433873071773364,0.29433873071773364,0.29433873071773364,0.6022000896076987,0.6022000896076987,0.6022000896076987
815,832.0,0.2109500805152979,0.2109500805152979,0.2109500805152979,0.2050974870410563,0.2050974870410563,0.2050974870410563
816,884.0,0.1602637423743787,0.1602637423743787,0.1602637423743787,0.16172877445536119,0.16172877445536119,0.16172877445536119
817,936.0,1.9918975030803001,1.9918975030803001,1.9918975030803001,2.6846525335485896,2.6846525335485896,2.6846525335485896
818,988.0,0.22794663142013405,0.22794663142013405,0.22794663142013405,0.5077528760174823,0.5077528760174823,0.5077528760174823
819,1040.0,0.1821271890038776,0.1821271890038776,0.1821271890038776,0.2020653055103346,0.2020653055103346,0.2020653055103346
820,52.0,0.08994949256527396,0.08994949256527396,0.08994949256527396,0.13433388298195204,0.13433388298195204,0.13433388298195204
821,104.0,0.08837717421165009,0.08837717421165009,0.08837717421165009,0.0961295814427068,0.0961295814427068,0.0961295814427068
822,156.0,0.019637462235649546,0.019637462235649546,0.019637462235649546,0.01925183231259299,0.01925183231259299,0.01925183231259299
823,208.0,0.6661592352882634,0.6661592352882634,0.6661592352882634,6.065684003602942,6.065684003602942,6.065684003602942
824,260.0,0.25032462755297796,0.25032462755297796,0.25032462755297796,0.5049458889575347,0.5049458889575347,0.5049458889575347
825,312.0,0.2229619557548669,0.2229619557548669,0.2229619557548669,0.18355273530444602,0.18355273530444602,0.18355273530444602
826,364.0,0.5218473106962677,0.5218473106962677,0.5218473106962677,0.6773683749176788,0.6773683749176788,0.6773683749176788
827,416.0,0.023351129842796612,0.023351129842796612,0.023351129842796612,0.02284900433410466,0.02284900433410466,0.02284900433410466
828,468.0,0.16424340333871837,0.16424340333871837,0.16424340333871837,0.2094269046751163,0.2094269046751163,0.2094269046751163
829,520.0,0.4769708023717209,0.4769708023717209,0.4769708023717209,0.43542615407753454,0.43542615407753454,0.43542615407753454
830,572.0,0.18332081141998496,0.18332081141998496,0.18332081141998496,0.15422218032571278,0.15422218032571278,0.15422218032571278
831,624.0,0.022735606894022736,0.022735606894022736,0.022735606894022736,0.022218699073183207,0.022218699073183207,0.022218699073183207
832,676.0,0.758893108972631,0.758893108972631,0.758893108972631,0.8907899454431546,0.8907899454431546,0.8907899454431546
833,728.0,57.66026848983783,57.66026848983783,57.66026848983783,548.7216207180358,548.7216207180358,548.7216207180358
834,780.0,0.15587866285675317,0.15587866285675317,0.15587866285675317,0.18329504009101144,0.18329504009101144,0.18329504009101144
835,832.0,0.2225585753433955,0.2225585753433955,0.2225585753433955,0.3109961057306092,0.3109961057306092,0.3109961057306092
836,884.0,0.3985280034318579,0.3985280034318579,0.3985280034318579,0.49725496651999257,0.49725496651999257,0.49725496651999257
837,936.0,0.005378568473314025,0.005378568473314025,0.005378568473314025,0.005349639474491899,0.005349639474491899,0.005349639474491899
838,988.0,0.38437946973970555,0.38437946973970555,0.38437946973970555,0.3923254734315864,0.3923254734315864,0.3923254734315864
839,1040.0,0.24198836021024894,0.24198836021024894,0.24198836021024894,0.19805605872275694,0.19805605872275694,0.19805605872275694
840,52.0,0.07329842931937172,0.07329842931937172,0.07329842931937172,0.07839697376716646,0.07839697376716646,0.07839697376716646
841,104.0,0.5134676590419754,0.5134676590419754,0.5134676590419754,0.5827242459585777,0.5827242459585777,0.5827242459585777
842,156.0,0.6375262691339424,0.6375262691339424,0.6375262691339424,0.5751752613425233,0.5751752613425233,0.5751752613425233
843,208.0,0.27862347713370483,0.27862347713370483,0.27862347713370483,0.2785484595829333,0.2785484595829333,0.2785484595829333
844,260.0,0.30400487550372113,0.30400487550372113,0.30400487550372113,0.5211828011127396,0.5211828011127396,0.5211828011127396
845,312.0,0.49664649153605994,0.49664649153605994,0.49664649153605994,0.5011310166983924,0.5011310166983924,0.5011310166983924
846,364.0,0.28373242429991985,0.28373242429991985,0.28373242429991985,0.4756763348342863,0.4756763348342863,0.4756763348342863
847,416.0,10.943212023149773,10.943212023149773,10.943212023149773,119.75388938360975,119.75388938360975,119.75388938360975
848,468.0,0.027210884353741496,0.027210884353741496,0.027210884353741496,0.028414086723124617,0.028414086723124617,0.028414086723124617
849,520.0,0.2727821640412896,0.2727821640412896,0.2727821640412896,0.2903696995620146,0.2903696995620146,0.2903696995620146
850,572.0,0.2815148926902749,0.2815148926902749,0.2815148926902749,0.28429530256071456,0.28429530256071456,0.28429530256071456
851,624.0,0.9084665894950402,0.9084665894950402,0.9084665894950402,3.750804735507239,3.750804735507239,3.750804735507239
852,676.0,0.13829787234042554,0.13829787234042554,0.13829787234042554,0.1298098687188773,0.1298098687188773,0.1298098687188773
853,728.0,1.5548732998213703,1.5548732998213703,1.5548732998213703,1.4610985958375449,1.4610985958375449,1.4610985958375449
854,780.0,0.8722083225943963,0.8722083225943963,0.8722083225943963,1.4004168708397124,1.4004168708397124,1.4004168708397124
855,832.0,0.16864864864864865,0.16864864864864865,0.16864864864864865,0.16182790357925492,0.16182790357925492,0.16182790357925492
856,884.0,0.19502681618722575,0.19502681618722575,0.19502681618722575,0.26913177646275466,0.26913177646275466,0.26913177646275466
857,936.0,1.115096882855291,1.115096882855291,1.115096882855291,26.41044272055526,26.41044272055526,26.41044272055526
858,988.0,0.5291751730758557,0.5291751730758557,0.5291751730758557,0.5824843529002107,0.5824843529002107,0.5824843529002107
859,1040.0,0.03836227127630614,0.03836227127630614,0.03836227127630614,0.043123951580111494,0.043123951580111494,0.043123951580111494
860,52.0,0.36538461538461536,0.36538461538461536,0.36538461538461536,0.2703402366863905,0.2703402366863905,0.2703402366863905
861,104.0,0.43332216600494233,0.43332216600494233,0.43332216600494233,1.390024247002869,1.390024247002869,1.390024247002869
862,156.0,0.1218975808985234,0.1218975808985234,0.1218975808985234,0.1139502791741668,0.1139502791741668,0.1139502791741668
863,208.0,0.2611462190591338,0.2611462190591338,0.2611462190591338,0.25983642817138375,0.25983642817138375,0.25983642817138375
864,260.0,0.4837394820823942,0.4837394820823942,0.4837394820823942,0.5173708832972044,0.5173708832972044,0.5173708832972044
865,312.0,0.07743128964059197,0.07743128964059197,0.07743128964059197,0.08887754549030302,0.08887754549030302,0.08887754549030302
866,364.0,32.52992725810267,32.52992725810267,32.52992725810267,32.140205696880344,32.140205696880344,32.140205696880344
867,416.0,0.1797505855865313,0.1797505855865313,0.1797505855865313,0.22793806763892632,0.22793806763892632,0.22793806763892632
868,468.0,0.19998176286769995,0.19998176286769995,0.19998176286769995,0.2262787319199305,0.2262787319199305,0.2262787319199305
869,520.0,0.18913226621735468,0.18913226621735468,0.18913226621735468,0.18200489151996957,0.18200489151996957,0.18200489151996957
870,572.0,0.07302334785250904,0.07302334785250904,0.07302334785250904,0.07941710775167375,0.07941710775167375,0.07941710775167375
871,624.0,0.5062305794013023,0.5062305794013023,0.5062305794013023,0.6270636620248359,0.6270636620248359,0.6270636620248359
872,676.0,0.6107473313417651,0.6107473313417651,0.6107473313417651,0.6527204329448304,0.6527204329448304,0.6527204329448304
873,728.0,0.26828908532003076,0.26828908532003076,0.26828908532003076,0.5874593161626157,0.5874593161626157,0.5874593161626157
874,780.0,0.22970940240077836,0.22970940240077836,0.22970940240077836,0.3654676137033705,0.3654676137033705,0.3654676137033705
875,832.0,0.33728429695856,0.33728429695856,0.33728429695856,0.4845713306385824,0.4845713306385824,0.4845713306385824
876,884.0,0.25551926769629685,0.25551926769629685,0.25551926769629685,0.4634098349213009,0.4634098349213009,0.4634098349213009
877,936.0,0.06142243868828098,0.06142243868828098,0.06142243868828098,0.06035994193163947,0.06035994193163947,0.06035994193163947
878,988.0,0.03674258702191663,0.03674258702191663,0.03674258702191663,0.037111520760475344,0.037111520760475344,0.037111520760475344
879,1040.0,0.44212718968708814,0.44212718968708814,0.44212718968708814,0.47592474447747807,0.47592474447747807,0.47592474447747807
880,52.0,0.2705080369245719,0.2705080369245719,0.2705080369245719,0.9036650836810634,0.9036650836810634,0.9036650836810634
881,104.0,0.07993799822852081,0.07993799822852081,0.07993799822852081,0.08284818038961558,0.08284818038961558,0.08284818038961558
882,156.0,0.40560749300176707,0.40560749300176707,0.40560749300176707,0.42816776561877173,0.42816776561877173,0.42816776561877173
883,208.0,0.058258258258258255,0.058258258258258255,0.058258258258258255,0.05606543480417355,0.05606543480417355,0.05606543480417355
884,260.0,0.657865548774181,0.657865548774181,0.657865548774181,0.9695364545512939,0.9695364545512939,0.9695364545512939
885,312.0,0.18155125669387123,0.18155125669387123,0.18155125669387123,0.2196269431411392,0.2196269431411392,0.2196269431411392
886,364.0,8.849322637777941,8.849322637777941,8.849322637777941,12.157685377354646,12.157685377354646,12.157685377354646
887,416.0,0.15200831024930747,0.15200831024930747,0.15200831024930747,0.13790455394756024,0.13790455394756024,0.13790455394756024
888,468.0,0.42267010418273665,0.42267010418273665,0.42267010418273665,0.4953362958998568,0.4953362958998568,0.4953362958998568
889,520.0,0.6730561318420226,0.6730561318420226,0.6730561318420226,0.7060583604463141,0.7060583604463141,0.7060583604463141
890,572.0,0.10802833530106257,0.10802833530106257,0.10802833530106257,0.11052586460443066,0.11052586460443066,0.11052586460443066
891,624.0,0.2625129815511447,0.2625129815511447,0.2625129815511447,0.3284721703671106,0.3284721703671106,0.3284721703671106
892,676.0,0.43843143602093837,0.43843143602093837,0.43843143602093837,0.4440016235286062,0.4440016235286062,0.4440016235286062
893,728.0,0.07917383820998279,0.07917383820998279,0.07917383820998279,0.08323236392829741,0.08323236392829741,0.08323236392829741
894,780.0,0.3921168690273191,0.3921168690273191,0.3921168690273191,0.3317497229125566,0.3317497229125566,0.3317497229125566
895,832.0,0.21944942180312924,0.21944942180312924,0.21944942180312924,0.20679837642907867,0.20679837642907867,0.20679837642907867
896,884.0,0.30913607507590396,0.30913607507590396,0.30913607507590396,0.3554423394741892,0.3554423394741892,0.3554423394741892
897,936.0,0.06303549571603427,0.06303549571603427,0.06303549571603427,0.060286012203946436,0.060286012203946436,0.060286012203946436
898,988.0,18.87496384340279,18.87496384340279,18.87496384340279,24.457603785466215,24.457603785466215,24.457603785466215
899,1040.0,0.12376237623762376,0.12376237623762376,0.12376237623762376,0.11834624056465053,0.11834624056465053,0.11834624056465053
900,52.0,0.3393325654770876,0.3393325654770876,0.3393325654770876,0.7232754878756178,0.7232754878756178,0.7232754878756178
901,104.0,0.03524945770065076,0.03524945770065076,0.03524945770065076,0.03563383148018313,0.03563383148018313,0.03563383148018313
902,156.0,0.041223404255319146,0.041223404255319146,0.041223404255319146,0.046172971367134455,0.046172971367134455,0.046172971367134455
903,208.0,0.27841630505795795,0.27841630505795795,0.27841630505795795,0.35998622635993127,0.35998622635993127,0.35998622635993127
904,260.0,0.23116313391538226,0.23116313391538226,0.23116313391538226,0.2753524379487562,0.2753524379487562,0.2753524379487562
905,312.0,0.1966612377850163,0.1966612377850163,0.1966612377850163,0.20684553019130175,0.20684553019130175,0.20684553019130175
906,364.0,0.12375012758739615,0.12375012758739615,0.12375012758739615,0.12676634022395813,0.12676634022395813,0.12676634022395813
907,416.0,0.1596207879684772,0.1596207879684772,0.1596207879684772,0.19667833000116625,0.19667833000116625,0.19667833000116625
908,468.0,0.13098833209601146,0.13098833209601146,0.13098833209601146,0.2622317314306247,0.2622317314306247,0.2622317314306247
909,520.0,0.21338494622396117,0.21338494622396117,0.21338494622396117,0.15462317176012158,0.15462317176012158,0.15462317176012158
910,572.0,0.1196212708951237,0.1196212708951237,0.1196212708951237,0.11960888755993701,0.11960888755993701,0.11960888755993701
911,624.0,0.617222272097958,0.617222272097958,0.617222272097958,0.5339376277109213,0.5339376277109213,0.5339376277109213
912,676.0,0.2670117910629672,0.2670117910629672,0.2670117910629672,0.23980760213179106,0.23980760213179106,0.23980760213179106
913,728.0,0.33159268929503916,0.33159268929503916,0.33159268929503916,0.3208556878838904,0.3208556878838904,0.3208556878838904
914,780.0,0.13606770833333334,0.13606770833333334,0.13606770833333334,0.12015745374891491,0.12015745374891491,0.12015745374891491
915,832.0,0.28389061000379856,0.28389061000379856,0.28389061000379856,0.2854407742465269,0.2854407742465269,0.2854407742465269
916,884.0,0.2189754451212688,0.2189754451212688,0.2189754451212688,0.2189486580737557,0.2189486580737557,0.2189486580737557
917,936.0,0.42859077284855107,0.42859077284855107,0.42859077284855107,0.5612494980373153,0.5612494980373153,0.5612494980373153
918,988.0,0.1305780845745262,0.1305780845745262,0.1305780845745262,0.13897779780343372,0.13897779780343372,0.13897779780343372
919,1040.0,0.504404527158158,0.504404527158158,0.504404527158158,0.5050597920492873,0.5050597920492873,0.5050597920492873
920,52.0,1.0773999252362578,1.0773999252362578,1.0773999252362578,1.367891830288934,1.367891830288934,1.367891830288934
921,104.0,0.3495830660679923,0.3495830660679923,0.3495830660679923,1.0984459454733444,1.0984459454733444,1.0984459454733444
922,156.0,0.4146519054488424,0.4146519054488424,0.4146519054488424,0.487216313781781,0.487216313781781,0.487216313781781
923,208.0,0.24074074074074073,0.24074074074074073,0.24074074074074073,0.21673525377229083,0.21673525377229083,0.21673525377229083
924,260.0,0.6539350889542699,0.6539350889542699,0.6539350889542699,0.5698660142585921,0.5698660142585921,0.5698660142585921
925,312.0,0.2818853924669248,0.2818853924669248,0.2818853924669248,0.4388190843615279,0.4388190843615279,0.4388190843615279
926,364.0,0.6836540058878757,0.6836540058878757,0.6836540058878757,0.995021793032286,0.995021793032286,0.995021793032286
927,416.0,0.2130827509588729,0.2130827509588729,0.2130827509588729,0.24617473269705883,0.24617473269705883,0.24617473269705883
928,468.0,0.0629961377180364,0.0629961377180364,0.0629961377180364,0.06920881859591849,0.06920881859591849,0.06920881859591849
929,520.0,0.6709174212906945,0.6709174212906945,0.6709174212906945,0.826070593413105,0.826070593413105,0.826070593413105
930,572.0,0.03961584633853541,0.03961584633853541,0.03961584633853541,0.03804643105741696,0.03804643105741696,0.03804643105741696
931,624.0,0.3147971354642412,0.3147971354642412,0.3147971354642412,0.4028697975404704,0.4028697975404704,0.4028697975404704
932,676.0,0.065738592420727,0.065738592420727,0.065738592420727,0.0737913531664642,0.0737913531664642,0.0737913531664642
933,728.0,0.3634595691579463,0.3634595691579463,0.3634595691579463,0.42059505137780057,0.42059505137780057,0.42059505137780057
934,780.0,0.014800335101926836,0.014800335101926836,0.014800335101926836,0.014581285182797513,0.014581285182797513,0.014581285182797513
935,832.0,0.10638633367620219,0.10638633367620219,0.10638633367620219,0.10462864103070135,0.10462864103070135,0.10462864103070135
936,884.0,0.26387723923977646,0.26387723923977646,0.26387723923977646,0.3518641470692632,0.3518641470692632,0.3518641470692632
937,936.0,110.33237604358614,110.33237604358614,110.33237604358614,267.6339096103969,267.6339096103969,267.6339096103969
938,988.0,0.31573264242068944,0.31573264242068944,0.31573264242068944,0.770566152773979,0.770566152773979,0.770566152773979
939,1040.0,0.08623853211009175,0.08623853211009175,0.08623853211009175,0.0788014476895884,0.0788014476895884,0.0788014476895884
940,52.0,0.2637057684614773,0.2637057684614773,0.2637057684614773,0.30478863100343584,0.30478863100343584,0.30478863100343584
941,104.0,0.16500681171053191,0.16500681171053191,0.16500681171053191,0.31439014951319944,0.31439014951319944,0.31439014951319944
942,156.0,0.2054794520547945,0.2054794520547945,0.2054794520547945,0.23631700756864962,0.23631700756864962,0.23631700756864962
943,208.0,0.1246571854844823,0.1246571854844823,0.1246571854844823,0.1266198329187371,0.1266198329187371,0.1266198329187371
944,260.0,0.1671085105937805,0.1671085105937805,0.1671085105937805,0.20353501194316242,0.20353501194316242,0.20353501194316242
945,312.0,0.43592613318410744,0.43592613318410744,0.43592613318410744,0.4641374047283605,0.4641374047283605,0.4641374047283605
946,364.0,0.3584034886153672,0.3584034886153672,0.3584034886153672,0.5135406263912597,0.5135406263912597,0.5135406263912597
947,416.0,0.18127340823970037,0.18127340823970037,0.18127340823970037,0.4030950076449382,0.4030950076449382,0.4030950076449382
948,468.0,0.2752761257434155,0.2752761257434155,0.2752761257434155,0.24835219648184648,0.24835219648184648,0.24835219648184648
949,520.0,0.3006518729253914,0.3006518729253914,0.3006518729253914,0.4043265348977701,0.4043265348977701,0.4043265348977701
950,572.0,0.12002567394094994,0.12002567394094994,0.12002567394094994,0.11974017905843541,0.11974017905843541,0.11974017905843541
951,624.0,0.12239089184060721,0.12239089184060721,0.12239089184060721,0.11500149426239245,0.11500149426239245,0.11500149426239245
952,676.0,0.41397849462365593,0.41397849462365593,0.41397849462365593,0.41679384899988436,0.41679384899988436,0.41679384899988436
953,728.0,0.10902004210609977,0.10902004210609977,0.10902004210609977,0.09854798882334138,0.09854798882334138,0.09854798882334138
954,780.0,0.09156626506024096,0.09156626506024096,0.09156626506024096,0.2807722456089418,0.2807722456089418,0.2807722456089418
955,832.0,0.16163959783449341,0.16163959783449341,0.16163959783449341,0.14169939988599448,0.14169939988599448,0.14169939988599448
956,884.0,0.01934265230924992,0.01934265230924992,0.01934265230924992,0.01748401802844107,0.01748401802844107,0.01748401802844107
957,936.0,0.12407623492804357,0.12407623492804357,0.12407623492804357,0.10945923028314046,0.10945923028314046,0.10945923028314046
958,988.0,0.2221230197438701,0.2221230197438701,0.2221230197438701,0.31032712030670606,0.31032712030670606,0.31032712030670606
959,1040.0,0.22533333333333333,0.22533333333333333,0.22533333333333333,0.20122488888888893,0.20122488888888893,0.20122488888888893
960,52.0,0.555571111961433,0.555571111961433,0.555571111961433,0.5399984570998932,0.5399984570998932,0.5399984570998932
961,104.0,0.056368208642834663,0.056368208642834663,0.056368208642834663,0.066501733986911,0.066501733986911,0.066501733986911
962,156.0,0.20721157780901028,0.20721157780901028,0.20721157780901028,0.2182062088947988,0.2182062088947988,0.2182062088947988
963,208.0,0.027955271565495207,0.027955271565495207,0.027955271565495207,0.03569347616763126,0.03569347616763126,0.03569347616763126
964,260.0,0.3438211537601711,0.3438211537601711,0.3438211537601711,0.39824031638692625,0.39824031638692625,0.39824031638692625
965,312.0,0.013592233009708738,0.013592233009708738,0.013592233009708738,0.013407484211518524,0.013407484211518524,0.013407484211518524
966,364.0,0.18890761453392715,0.18890761453392715,0.18890761453392715,0.23545112022795345,0.23545112022795345,0.23545112022795345
967,416.0,0.4031526273171392,0.4031526273171392,0.4031526273171392,0.5164799680926685,0.5164799680926685,0.5164799680926685
968,468.0,0.05,0.05,0.05,0.047499999999999994,0.047499999999999994,0.047499999999999994
969,520.0,0.3116062080412151,0.3116062080412151,0.3116062080412151,0.5858650956701864,0.5858650956701864,0.5858650956701864
970,572.0,0.2331975984005866,0.2331975984005866,0.2331975984005866,0.20897479529169463,0.20897479529169463,0.20897479529169463
971,624.0,95.13900551366403,95.13900551366403,95.13900551366403,84.02126246240077,84.02126246240077,84.02126246240077
972,676.0,91.54828797190518,91.54828797190518,91.54828797190518,77.76171568177807,77.76171568177807,77.76171568177807
973,728.0,0.21422142214221424,0.21422142214221424,0.21422142214221424,0.19713348472561026,0.19713348472561026,0.19713348472561026
974,780.0,0.021637178102666733,0.021637178102666733,0.021637178102666733,0.021111013398812408,0.021111013398812408,0.021111013398812408
975,832.0,0.05954335946617971,0.05954335946617971,0.05954335946617971,0.05639841149981339,0.05639841149981339,0.05639841149981339
976,884.0,0.36381412332515495,0.36381412332515495,0.36381412332515495,0.4232637144260743,0.4232637144260743,0.4232637144260743
977,936.0,0.07401966450698057,0.07401966450698057,0.07401966450698057,0.06731892965620732,0.06731892965620732,0.06731892965620732
978,988.0,0.008939580764488286,0.008939580764488286,0.008939580764488286,0.009476187471587499,0.009476187471587499,0.009476187471587499
979,1040.0,1.2228796145207557,1.2228796145207557,1.2228796145207557,2.5729322314602885,2.5729322314602885,2.5729322314602885
980,52.0,0.073689296931626,0.073689296931626,0.073689296931626,0.07502410351192415,0.07502410351192415,0.07502410351192415
981,104.0,0.3192519510526472,0.3192519510526472,0.3192519510526472,0.44322891820862115,0.44322891820862115,0.44322891820862115
982,156.0,0.1965545143806006,0.1965545143806006,0.1965545143806006,0.19383299559436218,0.19383299559436218,0.19383299559436218
983,208.0,0.07689716492954465,0.07689716492954465,0.07689716492954465,0.08336930042318132,0.08336930042318132,0.08336930042318132
984,260.0,0.6473998173782015,0.6473998173782015,0.6473998173782015,0.9766466663759601,0.9766466663759601,0.9766466663759601
985,312.0,0.31165288231917815,0.31165288231917815,0.31165288231917815,0.29879756826413145,0.29879756826413145,0.29879756826413145
986,364.0,0.1531791907514451,0.1531791907514451,0.1531791907514451,0.12971532627217752,0.12971532627217752,0.12971532627217752
987,416.0,0.32748538011695905,0.32748538011695905,0.32748538011695905,0.547724086043569,0.547724086043569,0.547724086043569
988,468.0,0.1333652423362951,0.1333652423362951,0.1333652423362951,0.11554825710943392,0.11554825710943392,0.11554825710943392
989,520.0,0.5498841032713484,0.5498841032713484,0.5498841032713484,0.6098506577511567,0.6098506577511567,0.6098506577511567
990,572.0,0.052215805464741645,0.052215805464741645,0.052215805464741645,0.05290846430276494,0.05290846430276494,0.05290846430276494
991,624.0,0.21922886801779534,0.21922886801779534,0.21922886801779534,0.20527533219679076,0.20527533219679076,0.20527533219679076
992,676.0,0.06461001164144353,0.06461001164144353,0.06461001164144353,0.06392799109883572,0.06392799109883572,0.06392799109883572
993,728.0,0.05568664464369986,0.05568664464369986,0.05568664464369986,0.05258564225202614,0.05258564225202614,0.05258564225202614
994,780.0,0.3465503568596352,0.3465503568596352,0.3465503568596352,0.5198711293039964,0.5198711293039964,0.5198711293039964
995,832.0,0.3520922547558078,0.3520922547558078,0.3520922547558078,0.4593703594824381,0.4593703594824381,0.4593703594824381
996,884.0,0.17706255585953626,0.17706255585953626,0.17706255585953626,0.18843477377609974,0.18843477377609974,0.18843477377609974
997,936.0,0.5365039165075198,0.5365039165075198,0.5365039165075198,0.5560014515404571,0.5560014515404571,0.5560014515404571
998,988.0,0.22376220941156919,0.22376220941156919,0.22376220941156919,0.32124950234150795,0.32124950234150795,0.32124950234150795
999,1040.0,0.26552068220720926,0.26552068220720926,0.26552068220720926,0.26970811909692516,0.26970811909692516,0.26970811909692516
