,time,meanH,meanB,meanC,varH,varB,varC
0,52.0,0.1964997241340309,0.1964997241340309,0.1964997241340309,0.2911686710686138,0.2911686710686138,0.2911686710686138
1,104.0,0.009196811771919068,0.009196811771919068,0.009196811771919068,0.00911223042515096,0.00911223042515096,0.00911223042515096
2,156.0,0.03879310344827586,0.03879310344827586,0.03879310344827586,0.04016176179151803,0.04016176179151803,0.04016176179151803
3,208.0,0.7562056167015467,0.7562056167015467,0.7562056167015467,1.2360117525094418,1.2360117525094418,1.2360117525094418
4,260.0,0.14738728949343388,0.14738728949343388,0.14738728949343388,0.13164231708956262,0.13164231708956262,0.13164231708956262
5,312.0,0.1512011396326575,0.1512011396326575,0.1512011396326575,0.134412993382777,0.134412993382777,0.134412993382777
6,364.0,0.6083419204578951,0.6083419204578951,0.6083419204578951,3.1628912664198223,3.1628912664198223,3.1628912664198223
7,416.0,0.06916666666666667,0.06916666666666667,0.06916666666666667,0.06604930555555555,0.06604930555555555,0.06604930555555555
8,468.0,1.412952374688983,1.412952374688983,1.412952374688983,2.637646844465341,2.637646844465341,2.637646844465341
9,520.0,40.48613771322366,40.48613771322366,40.48613771322366,471.17935291571314,471.17935291571314,471.17935291571314
10,572.0,0.2244548617701995,0.2244548617701995,0.2244548617701995,0.2198213874811289,0.2198213874811289,0.2198213874811289
11,624.0,0.09922386390783099,0.09922386390783099,0.09922386390783099,0.11634766619372425,0.11634766619372425,0.11634766619372425
12,676.0,0.21244967482192628,0.21244967482192628,0.21244967482192628,0.17165051813941115,0.17165051813941115,0.17165051813941115
13,728.0,0.04537418974661167,0.04537418974661167,0.04537418974661167,0.045672473417507894,0.045672473417507894,0.045672473417507894
14,780.0,0.11042944785276074,0.11042944785276074,0.11042944785276074,0.09823478489969513,0.09823478489969513,0.09823478489969513
15,832.0,0.15130727850998513,0.15130727850998513,0.15130727850998513,0.21861669272066014,0.21861669272066014,0.21861669272066014
16,884.0,0.25365255439660794,0.25365255439660794,0.25365255439660794,0.30058109166991026,0.30058109166991026,0.30058109166991026
17,936.0,0.17639113864251582,0.17639113864251582,0.17639113864251582,0.154632274203405,0.154632274203405,0.154632274203405
18,988.0,0.6218710745233194,0.6218710745233194,0.6218710745233194,0.616084345765934,0.616084345765934,0.616084345765934
19,1040.0,188.39081044923415,188.39081044923415,188.39081044923415,192.86791202595086,192.86791202595086,192.86791202595086
20,52.0,0.8908175688060795,0.8908175688060795,0.8908175688060795,1.6721591629890755,1.6721591629890755,1.6721591629890755
21,104.0,0.08292922922656899,0.08292922922656899,0.08292922922656899,0.09249037833100907,0.09249037833100907,0.09249037833100907
22,156.0,0.27165512533392094,0.27165512533392094,0.27165512533392094,0.27282018160331134,0.27282018160331134,0.27282018160331134
23,208.0,0.09486166007905138,0.09486166007905138,0.09486166007905138,0.09376806386601887,0.09376806386601887,0.09376806386601887
24,260.0,0.4872954664782745,0.4872954664782745,0.4872954664782745,1.0058596316150965,1.0058596316150965,1.0058596316150965
25,312.0,0.11482874563897467,0.11482874563897467,0.11482874563897467,0.1173148798525336,0.1173148798525336,0.1173148798525336
26,364.0,0.13502673796791445,0.13502673796791445,0.13502673796791445,0.1662597586433698,0.1662597586433698,0.1662597586433698
27,416.0,0.10275952701476702,0.10275952701476702,0.10275952701476702,0.12542908103016395,0.12542908103016395,0.12542908103016395
28,468.0,0.2260373292739131,0.2260373292739131,0.2260373292739131,0.2519644105813732,0.2519644105813732,0.2519644105813732
29,520.0,0.9054950749500476,0.9054950749500476,0.9054950749500476,2.0196744346175493,2.0196744346175493,2.0196744346175493
30,572.0,0.30127199120087567,0.30127199120087567,0.30127199120087567,0.24778926954227345,0.24778926954227345,0.24778926954227345
31,624.0,0.20684205830754027,0.20684205830754027,0.20684205830754027,0.2402916613776065,0.2402916613776065,0.2402916613776065
32,676.0,0.34951456310679613,0.34951456310679613,0.34951456310679613,0.6448298614384015,0.6448298614384015,0.6448298614384015
33,728.0,0.37192976228542657,0.37192976228542657,0.37192976228542657,0.43309904914629066,0.43309904914629066,0.43309904914629066
34,780.0,0.13144782211795525,0.13144782211795525,0.13144782211795525,0.1371650604570192,0.1371650604570192,0.1371650604570192
35,832.0,0.22423742786479803,0.22423742786479803,0.22423742786479803,0.2333119700088829,0.2333119700088829,0.2333119700088829
36,884.0,0.1518456375838926,0.1518456375838926,0.1518456375838926,0.12878853993063377,0.12878853993063377,0.12878853993063377
37,936.0,0.3269468431640529,0.3269468431640529,0.3269468431640529,0.3335918814588755,0.3335918814588755,0.3335918814588755
38,988.0,0.17139938238862712,0.17139938238862712,0.17139938238862712,0.14504593229828658,0.14504593229828658,0.14504593229828658
39,1040.0,0.008133971291866028,0.008133971291866028,0.008133971291866028,0.008067809802889127,0.008067809802889127,0.008067809802889127
40,52.0,0.15039731986018653,0.15039731986018653,0.15039731986018653,0.15282682995369132,0.15282682995369132,0.15282682995369132
41,104.0,6.69508596780862,6.69508596780862,6.69508596780862,5.5375744855421685,5.5375744855421685,5.5375744855421685
42,156.0,0.16822033898305086,0.16822033898305086,0.16822033898305086,0.13992225653547832,0.13992225653547832,0.13992225653547832
43,208.0,0.14798491152316426,0.14798491152316426,0.14798491152316426,0.13984090895117265,0.13984090895117265,0.13984090895117265
44,260.0,0.2772067653611653,0.2772067653611653,0.2772067653611653,0.24891081365077403,0.24891081365077403,0.24891081365077403
45,312.0,0.8747500180131499,0.8747500180131499,0.8747500180131499,10.255825047143434,10.255825047143434,10.255825047143434
46,364.0,0.17385375711280254,0.17385375711280254,0.17385375711280254,0.15125102167301455,0.15125102167301455,0.15125102167301455
47,416.0,0.48534559716764236,0.48534559716764236,0.48534559716764236,0.45200934249285063,0.45200934249285063,0.45200934249285063
48,468.0,0.20287810233191694,0.20287810233191694,0.20287810233191694,0.20137593710451188,0.20137593710451188,0.20137593710451188
49,520.0,0.13906876349059513,0.13906876349059513,0.13906876349059513,0.12466234587287746,0.12466234587287746,0.12466234587287746
50,572.0,0.0656312625250501,0.0656312625250501,0.0656312625250501,0.06132379990441806,0.06132379990441806,0.06132379990441806
51,624.0,40.93731290783282,40.93731290783282,40.93731290783282,401.59814628718834,401.59814628718834,401.59814628718834
52,676.0,0.2897415818324197,0.2897415818324197,0.2897415818324197,0.30602632319655804,0.30602632319655804,0.30602632319655804
53,728.0,0.20757223513782797,0.20757223513782797,0.20757223513782797,0.175113700776771,0.175113700776771,0.175113700776771
54,780.0,0.33930058669937335,0.33930058669937335,0.33930058669937335,0.4067807098804044,0.4067807098804044,0.4067807098804044
55,832.0,0.36486486486486486,0.36486486486486486,0.36486486486486486,0.6155222790357925,0.6155222790357925,0.6155222790357925
56,884.0,0.3396896763328042,0.3396896763328042,0.3396896763328042,0.6431442397695206,0.6431442397695206,0.6431442397695206
57,936.0,0.11887254901960784,0.11887254901960784,0.11887254901960784,0.1145457876778162,0.1145457876778162,0.1145457876778162
58,988.0,0.07737801872843765,0.07737801872843765,0.07737801872843765,0.07434778268094397,0.07434778268094397,0.07434778268094397
59,1040.0,0.27874348458641146,0.27874348458641146,0.27874348458641146,0.30275382796000483,0.30275382796000483,0.30275382796000483
60,52.0,0.2594537420183828,0.2594537420183828,0.2594537420183828,0.6883372018031101,0.6883372018031101,0.6883372018031101
61,104.0,0.1972893217594297,0.1972893217594297,0.1972893217594297,0.21992193411012045,0.21992193411012045,0.21992193411012045
62,156.0,0.2158987165542218,0.2158987165542218,0.2158987165542218,0.2264634828148805,0.2264634828148805,0.2264634828148805
63,208.0,0.17104930762812912,0.17104930762812912,0.17104930762812912,0.20173159681806357,0.20173159681806357,0.20173159681806357
64,260.0,0.3267018543954952,0.3267018543954952,0.3267018543954952,0.4676546806781329,0.4676546806781329,0.4676546806781329
65,312.0,0.23088667987518283,0.23088667987518283,0.23088667987518283,0.2151013429449386,0.2151013429449386,0.2151013429449386
66,364.0,0.1474737953090748,0.1474737953090748,0.1474737953090748,0.14298422729832375,0.14298422729832375,0.14298422729832375
67,416.0,0.29225352112676056,0.29225352112676056,0.29225352112676056,0.27022168220591153,0.27022168220591153,0.27022168220591153
68,468.0,0.03484320557491289,0.03484320557491289,0.03484320557491289,0.03362915660017725,0.03362915660017725,0.03362915660017725
69,520.0,0.26554511856331897,0.26554511856331897,0.26554511856331897,0.2874374482240305,0.2874374482240305,0.2874374482240305
70,572.0,0.27615610623439985,0.27615610623439985,0.27615610623439985,0.29208197955782667,0.29208197955782667,0.29208197955782667
71,624.0,0.018779342723004695,0.018779342723004695,0.018779342723004695,0.01842667900989662,0.01842667900989662,0.01842667900989662
72,676.0,0.11647288047237953,0.11647288047237953,0.11647288047237953,0.12114914502130135,0.12114914502130135,0.12114914502130135
73,728.0,0.13072546308748131,0.13072546308748131,0.13072546308748131,0.13243948742940342,0.13243948742940342,0.13243948742940342
74,780.0,0.24502106343693247,0.24502106343693247,0.24502106343693247,4.19421544256685,4.19421544256685,4.19421544256685
75,832.0,0.1357254290171607,0.1357254290171607,0.1357254290171607,0.18594678264509676,0.18594678264509676,0.18594678264509676
76,884.0,0.34591455827457485,0.34591455827457485,0.34591455827457485,0.42783378614641415,0.42783378614641415,0.42783378614641415
77,936.0,0.15449915110356535,0.15449915110356535,0.15449915110356535,0.16662237224036594,0.16662237224036594,0.16662237224036594
78,988.0,0.2904466138237311,0.2904466138237311,0.2904466138237311,0.259456294416681,0.259456294416681,0.259456294416681
79,1040.0,0.39977452085682075,0.39977452085682075,0.39977452085682075,0.4022998364195844,0.4022998364195844,0.4022998364195844
80,52.0,1.4635604761250143,1.4635604761250143,1.4635604761250143,4.2133062026080825,4.2133062026080825,4.2133062026080825
81,104.0,0.8765143928603807,0.8765143928603807,0.8765143928603807,1.2189130393207053,1.2189130393207053,1.2189130393207053
82,156.0,0.10911803487055255,0.10911803487055255,0.10911803487055255,0.11238961290797184,0.11238961290797184,0.11238961290797184
83,208.0,0.024370430544272948,0.024370430544272948,0.024370430544272948,0.02377651265935972,0.02377651265935972,0.02377651265935972
84,260.0,0.0136986301369863,0.0136986301369863,0.0136986301369863,0.013510977669356352,0.013510977669356352,0.013510977669356352
85,312.0,0.19393409467880232,0.19393409467880232,0.19393409467880232,0.20294748464450377,0.20294748464450377,0.20294748464450377
86,364.0,0.14228187919463087,0.14228187919463087,0.14228187919463087,0.1757290212152606,0.1757290212152606,0.1757290212152606
87,416.0,0.019290123456790122,0.019290123456790122,0.019290123456790122,0.01891801459381192,0.01891801459381192,0.01891801459381192
88,468.0,0.06874802901292967,0.06874802901292967,0.06874802901292967,0.06717531683228678,0.06717531683228678,0.06717531683228678
89,520.0,0.1789387885212519,0.1789387885212519,0.1789387885212519,0.1730058914345025,0.1730058914345025,0.1730058914345025
90,572.0,0.574791365048419,0.574791365048419,0.574791365048419,0.7027477009093152,0.7027477009093152,0.7027477009093152
91,624.0,0.32128260728756525,0.32128260728756525,0.32128260728756525,0.48365453188411633,0.48365453188411633,0.48365453188411633
92,676.0,0.05976776114978364,0.05976776114978364,0.05976776114978364,0.05870985899972052,0.05870985899972052,0.05870985899972052
93,728.0,0.39427243635655157,0.39427243635655157,0.39427243635655157,0.41261863449213404,0.41261863449213404,0.41261863449213404
94,780.0,0.19060523938572718,0.19060523938572718,0.19060523938572718,0.16421164813876382,0.16421164813876382,0.16421164813876382
95,832.0,0.27366853135774266,0.27366853135774266,0.27366853135774266,0.25997197126234983,0.25997197126234983,0.25997197126234983
96,884.0,0.45405403368163105,0.45405403368163105,0.45405403368163105,0.49781273078265675,0.49781273078265675,0.49781273078265675
97,936.0,0.3385003428160979,0.3385003428160979,0.3385003428160979,0.4374769746458035,0.4374769746458035,0.4374769746458035
98,988.0,0.050505050505050504,0.050505050505050504,0.050505050505050504,0.04795429037853279,0.04795429037853279,0.04795429037853279
99,1040.0,0.27586206896551724,0.27586206896551724,0.27586206896551724,0.19976218787158145,0.19976218787158145,0.19976218787158145
100,52.0,0.27326489193054254,0.27326489193054254,0.27326489193054254,0.33967458455590893,0.33967458455590893,0.33967458455590893
101,104.0,0.18231869853097588,0.18231869853097588,0.18231869853097588,0.2074688301528842,0.2074688301528842,0.2074688301528842
102,156.0,0.4675260729823427,0.4675260729823427,0.4675260729823427,1.1264593274925456,1.1264593274925456,1.1264593274925456
103,208.0,0.12486992715920915,0.12486992715920915,0.12486992715920915,0.11552092480842341,0.11552092480842341,0.11552092480842341
104,260.0,0.3933925596890616,0.3933925596890616,0.3933925596890616,0.43186083923392554,0.43186083923392554,0.43186083923392554
105,312.0,0.38980852377139946,0.38980852377139946,0.38980852377139946,0.4725397759540096,0.4725397759540096,0.4725397759540096
106,364.0,1.1731163049894064,1.1731163049894064,1.1731163049894064,1.795839489852142,1.795839489852142,1.795839489852142
107,416.0,0.06126126126126126,0.06126126126126126,0.06126126126126126,0.05750831912994074,0.05750831912994074,0.05750831912994074
108,468.0,0.2931654676258993,0.2931654676258993,0.2931654676258993,0.30074465607370215,0.30074465607370215,0.30074465607370215
109,520.0,80.88189687554518,80.88189687554518,80.88189687554518,96.78540412210619,96.78540412210619,96.78540412210619
110,572.0,0.6422538526142131,0.6422538526142131,0.6422538526142131,0.8059868420443957,0.8059868420443957,0.8059868420443957
111,624.0,0.6691140759997711,0.6691140759997711,0.6691140759997711,0.8175749746602812,0.8175749746602812,0.8175749746602812
112,676.0,9.793494061114938,9.793494061114938,9.793494061114938,187.65125778107992,187.65125778107992,187.65125778107992
113,728.0,0.07223959697883729,0.07223959697883729,0.07223959697883729,0.07392755138123466,0.07392755138123466,0.07392755138123466
114,780.0,0.40602708458938963,0.40602708458938963,0.40602708458938963,0.48932831015553463,0.48932831015553463,0.48932831015553463
115,832.0,0.1982421875,0.1982421875,0.1982421875,0.20581722259521484,0.20581722259521484,0.20581722259521484
116,884.0,0.13033175355450238,0.13033175355450238,0.13033175355450238,0.13230273354147484,0.13230273354147484,0.13230273354147484
117,936.0,0.031509596104268116,0.031509596104268116,0.031509596104268116,0.033954151941715985,0.033954151941715985,0.033954151941715985
118,988.0,0.08920863309352518,0.08920863309352518,0.08920863309352518,0.08988354640028984,0.08988354640028984,0.08988354640028984
119,1040.0,0.25212823993363487,0.25212823993363487,0.25212823993363487,2.5859013645279014,2.5859013645279014,2.5859013645279014
120,52.0,0.13353474320241693,0.13353474320241693,0.13353474320241693,0.1157032155602815,0.1157032155602815,0.1157032155602815
121,104.0,0.14506713368359603,0.14506713368359603,0.14506713368359603,0.12460643157012632,0.12460643157012632,0.12460643157012632
122,156.0,0.22522805913809374,0.22522805913809374,0.22522805913809374,0.49409773817462244,0.49409773817462244,0.49409773817462244
123,208.0,0.3792446789390244,0.3792446789390244,0.3792446789390244,0.45956623484395004,0.45956623484395004,0.45956623484395004
124,260.0,0.3647552496863736,0.3647552496863736,0.3647552496863736,0.37182229067238143,0.37182229067238143,0.37182229067238143
125,312.0,0.49792682100124624,0.49792682100124624,0.49792682100124624,0.7283989500613833,0.7283989500613833,0.7283989500613833
126,364.0,0.6149219392384146,0.6149219392384146,0.6149219392384146,1.3242355999414255,1.3242355999414255,1.3242355999414255
127,416.0,0.12498353104907832,0.12498353104907832,0.12498353104907832,0.14776743625667113,0.14776743625667113,0.14776743625667113
128,468.0,0.2853655063738507,0.2853655063738507,0.2853655063738507,0.2754806261439852,0.2754806261439852,0.2754806261439852
129,520.0,0.12567190098413258,0.12567190098413258,0.12567190098413258,0.1341346065511104,0.1341346065511104,0.1341346065511104
130,572.0,0.17827102652290705,0.17827102652290705,0.17827102652290705,0.3023462140805059,0.3023462140805059,0.3023462140805059
131,624.0,0.2220003327828698,0.2220003327828698,0.2220003327828698,0.24232907360458755,0.24232907360458755,0.24232907360458755
132,676.0,0.09183673469387756,0.09183673469387756,0.09183673469387756,0.08340274885464388,0.08340274885464388,0.08340274885464388
133,728.0,0.046207497820401046,0.046207497820401046,0.046207497820401046,0.04755972329164668,0.04755972329164668,0.04755972329164668
134,780.0,0.2064481309954432,0.2064481309954432,0.2064481309954432,0.41937340139679696,0.41937340139679696,0.41937340139679696
135,832.0,56.50062141249374,56.50062141249374,56.50062141249374,80.7179989877277,80.7179989877277,80.7179989877277
136,884.0,0.020699015948422123,0.020699015948422123,0.020699015948422123,0.025021160511417125,0.025021160511417125,0.025021160511417125
137,936.0,0.40324593316584895,0.40324593316584895,0.40324593316584895,0.42634134374756694,0.42634134374756694,0.42634134374756694
138,988.0,0.17296962182269063,0.17296962182269063,0.17296962182269063,0.14305113174920603,0.14305113174920603,0.14305113174920603
139,1040.0,0.892088622861145,0.892088622861145,0.892088622861145,27.264869864693097,27.264869864693097,27.264869864693097
140,52.0,0.7041599737323547,0.7041599737323547,0.7041599737323547,0.7878235875816458,0.7878235875816458,0.7878235875816458
141,104.0,0.215473153487701,0.215473153487701,0.215473153487701,0.2113240312641905,0.2113240312641905,0.2113240312641905
142,156.0,0.1973611896856324,0.1973611896856324,0.1973611896856324,0.20022406547296678,0.20022406547296678,0.20022406547296678
143,208.0,0.3349162881410882,0.3349162881410882,0.3349162881410882,0.4898826915035683,0.4898826915035683,0.4898826915035683
144,260.0,35.77881619937695,35.77881619937695,35.77881619937695,29.62895934627964,29.62895934627964,29.62895934627964
145,312.0,0.06190632165083525,0.06190632165083525,0.06190632165083525,0.06331467579691849,0.06331467579691849,0.06331467579691849
146,364.0,0.2222222222222222,0.2222222222222222,0.2222222222222222,0.21918531722453294,0.21918531722453294,0.21918531722453294
147,416.0,0.08808167141500475,0.08808167141500475,0.08808167141500475,0.08032329057574387,0.08032329057574387,0.08032329057574387
148,468.0,0.38785052491563027,0.38785052491563027,0.38785052491563027,1.4725961044238898,1.4725961044238898,1.4725961044238898
149,520.0,0.15718717683557393,0.15718717683557393,0.15718717683557393,0.1552301438686585,0.1552301438686585,0.1552301438686585
150,572.0,0.2972753736189363,0.2972753736189363,0.2972753736189363,0.38895688570228737,0.38895688570228737,0.38895688570228737
151,624.0,0.24908477300690743,0.24908477300690743,0.24908477300690743,0.2285392423517987,0.2285392423517987,0.2285392423517987
152,676.0,0.659086877856661,0.659086877856661,0.659086877856661,1.4795547700699252,1.4795547700699252,1.4795547700699252
153,728.0,0.15280135823429541,0.15280135823429541,0.15280135823429541,0.46901167701003976,0.46901167701003976,0.46901167701003976
154,780.0,0.09923664122137404,0.09923664122137404,0.09923664122137404,0.08938873026047434,0.08938873026047434,0.08938873026047434
155,832.0,0.03158534876411268,0.03158534876411268,0.03158534876411268,0.03366147223424143,0.03366147223424143,0.03366147223424143
156,884.0,1.6853742459685688,1.6853742459685688,1.6853742459685688,1.2061702784320891,1.2061702784320891,1.2061702784320891
157,936.0,0.7509026311866037,0.7509026311866037,0.7509026311866037,0.7362694234974353,0.7362694234974353,0.7362694234974353
158,988.0,0.2293713786030675,0.2293713786030675,0.2293713786030675,0.24529088001841495,0.24529088001841495,0.24529088001841495
159,1040.0,0.17235772357723578,0.17235772357723578,0.17235772357723578,0.19468305902571223,0.19468305902571223,0.19468305902571223
160,52.0,0.17754569190600522,0.17754569190600522,0.17754569190600522,0.21913026879997818,0.21913026879997818,0.21913026879997818
161,104.0,0.09015809875402225,0.09015809875402225,0.09015809875402225,0.10126039942145257,0.10126039942145257,0.10126039942145257
162,156.0,2.414169757439175,2.414169757439175,2.414169757439175,1.4608702291836224,1.4608702291836224,1.4608702291836224
163,208.0,0.12725523499519228,0.12725523499519228,0.12725523499519228,0.1604851690274087,0.1604851690274087,0.1604851690274087
164,260.0,0.039923954372623575,0.039923954372623575,0.039923954372623575,0.03833003223987625,0.03833003223987625,0.03833003223987625
165,312.0,0.0410958904109589,0.0410958904109589,0.0410958904109589,0.04084897926934056,0.04084897926934056,0.04084897926934056
166,364.0,0.27091195400716317,0.27091195400716317,0.27091195400716317,0.30918101310539464,0.30918101310539464,0.30918101310539464
167,416.0,0.14992627529851296,0.14992627529851296,0.14992627529851296,0.17472056127105925,0.17472056127105925,0.17472056127105925
168,468.0,0.4298469387755102,0.4298469387755102,0.4298469387755102,0.46637956840899636,0.46637956840899636,0.46637956840899636
169,520.0,0.20755773108966252,0.20755773108966252,0.20755773108966252,0.21838554118749898,0.21838554118749898,0.21838554118749898
170,572.0,0.49932186901854597,0.49932186901854597,0.49932186901854597,3.7772674519712273,3.7772674519712273,3.7772674519712273
171,624.0,1.2550150959690705,1.2550150959690705,1.2550150959690705,7.640836813491312,7.640836813491312,7.640836813491312
172,676.0,0.3263169051729645,0.3263169051729645,0.3263169051729645,0.36068153490947363,0.36068153490947363,0.36068153490947363
173,728.0,0.2,0.2,0.2,0.16000000000000003,0.16000000000000003,0.16000000000000003
174,780.0,0.292546236629694,0.292546236629694,0.292546236629694,0.34483271850977454,0.34483271850977454,0.34483271850977454
175,832.0,0.435307925266634,0.435307925266634,0.435307925266634,0.517683265659474,0.517683265659474,0.517683265659474
176,884.0,0.1172106824925816,0.1172106824925816,0.1172106824925816,0.12721121080576567,0.12721121080576567,0.12721121080576567
177,936.0,0.15271027653544944,0.15271027653544944,0.15271027653544944,0.22232287926538657,0.22232287926538657,0.22232287926538657
178,988.0,0.10778443113772455,0.10778443113772455,0.10778443113772455,0.12810307528655268,0.12810307528655268,0.12810307528655268
179,1040.0,0.19803304278101563,0.19803304278101563,0.19803304278101563,0.2163725382300896,0.2163725382300896,0.2163725382300896
180,52.0,0.2670375521557719,0.2670375521557719,0.2670375521557719,0.26805116826994685,0.26805116826994685,0.26805116826994685
181,104.0,0.25337714778360454,0.25337714778360454,0.25337714778360454,0.3143429564541119,0.3143429564541119,0.3143429564541119
182,156.0,0.3418039422347504,0.3418039422347504,0.3418039422347504,0.34511677914714217,0.34511677914714217,0.34511677914714217
183,208.0,0.09648732770120054,0.09648732770120054,0.09648732770120054,0.08717752329428169,0.08717752329428169,0.08717752329428169
184,260.0,0.30627304881130163,0.30627304881130163,0.30627304881130163,0.606964032461626,0.606964032461626,0.606964032461626
185,312.0,0.12001279634234288,0.12001279634234288,0.12001279634234288,0.09427821702300226,0.09427821702300226,0.09427821702300226
186,364.0,0.019169329073482427,0.019169329073482427,0.019169329073482427,0.018801865896354967,0.018801865896354967,0.018801865896354967
187,416.0,0.07298474945533769,0.07298474945533769,0.07298474945533769,0.07564635633967944,0.07564635633967944,0.07564635633967944
188,468.0,0.19830252768055645,0.19830252768055645,0.19830252768055645,0.17968404906175828,0.17968404906175828,0.17968404906175828
189,520.0,0.49349953993920637,0.49349953993920637,0.49349953993920637,0.6668579674538472,0.6668579674538472,0.6668579674538472
190,572.0,0.07237715803452856,0.07237715803452856,0.07237715803452856,0.06713870502937341,0.06713870502937341,0.06713870502937341
191,624.0,0.35833389009825994,0.35833389009825994,0.35833389009825994,0.9668110554280256,0.9668110554280256,0.9668110554280256
192,676.0,0.7969973339133901,0.7969973339133901,0.7969973339133901,1.0140188981701155,1.0140188981701155,1.0140188981701155
193,728.0,0.13129242502847477,0.13129242502847477,0.13129242502847477,0.13386532412740643,0.13386532412740643,0.13386532412740643
194,780.0,0.234375,0.234375,0.234375,0.273193359375,0.273193359375,0.273193359375
195,832.0,0.2551948027121042,0.2551948027121042,0.2551948027121042,0.2730372599578766,0.2730372599578766,0.2730372599578766
196,884.0,1.5638729981221602,1.5638729981221602,1.5638729981221602,2.1816324660006954,2.1816324660006954,2.1816324660006954
197,936.0,0.35936315037420385,0.35936315037420385,0.35936315037420385,0.3882486880905023,0.3882486880905023,0.3882486880905023
198,988.0,0.5293157622230195,0.5293157622230195,0.5293157622230195,0.6104245630526437,0.6104245630526437,0.6104245630526437
199,1040.0,0.4060423118012531,0.4060423118012531,0.4060423118012531,0.4011979455179389,0.4011979455179389,0.4011979455179389
200,52.0,0.3931690874254257,0.3931690874254257,0.3931690874254257,0.4152693615570582,0.4152693615570582,0.4152693615570582
201,104.0,0.29414996847700886,0.29414996847700886,0.29414996847700886,0.2938254901503431,0.2938254901503431,0.2938254901503431
202,156.0,0.9846242843502615,0.9846242843502615,0.9846242843502615,2.502333005573482,2.502333005573482,2.502333005573482
203,208.0,0.15829218704618064,0.15829218704618064,0.15829218704618064,0.1332357705663176,0.1332357705663176,0.1332357705663176
204,260.0,0.329599253495398,0.329599253495398,0.329599253495398,0.3859453145966444,0.3859453145966444,0.3859453145966444
205,312.0,0.08937002928547501,0.08937002928547501,0.08937002928547501,0.1259944107005233,0.1259944107005233,0.1259944107005233
206,364.0,0.13178654292343386,0.13178654292343386,0.13178654292343386,0.1144188500277238,0.1144188500277238,0.1144188500277238
207,416.0,0.013820095512356596,0.013820095512356596,0.013820095512356596,0.014127951039738618,0.014127951039738618,0.014127951039738618
208,468.0,0.6069389744109294,0.6069389744109294,0.6069389744109294,0.6705157637320553,0.6705157637320553,0.6705157637320553
209,520.0,0.4931007550117157,0.4931007550117157,0.4931007550117157,0.5243601067450692,0.5243601067450692,0.5243601067450692
210,572.0,0.4231242312423124,0.4231242312423124,0.4231242312423124,0.4335120103968566,0.4335120103968566,0.4335120103968566
211,624.0,0.2717391304347826,0.2717391304347826,0.2717391304347826,0.23693867906330773,0.23693867906330773,0.23693867906330773
212,676.0,0.04081632653061224,0.04081632653061224,0.04081632653061224,0.041908213919875724,0.041908213919875724,0.041908213919875724
213,728.0,0.17900063251106893,0.17900063251106893,0.17900063251106893,0.2519562435163615,0.2519562435163615,0.2519562435163615
214,780.0,0.4845360824742268,0.4845360824742268,0.4845360824742268,0.5643137322751348,0.5643137322751348,0.5643137322751348
215,832.0,78.98205540126553,78.98205540126553,78.98205540126553,123.37447627727752,123.37447627727752,123.37447627727752
216,884.0,0.1700778670617972,0.1700778670617972,0.1700778670617972,0.15834651587314036,0.15834651587314036,0.15834651587314036
217,936.0,0.18096093399191737,0.18096093399191737,0.18096093399191737,0.15135731639032654,0.15135731639032654,0.15135731639032654
218,988.0,0.38571876606622846,0.38571876606622846,0.38571876606622846,0.4142423989822664,0.4142423989822664,0.4142423989822664
219,1040.0,0.06000983767830792,0.06000983767830792,0.06000983767830792,0.05837619272171492,0.05837619272171492,0.05837619272171492
220,52.0,0.4842650865469571,0.4842650865469571,0.4842650865469571,1.5668100620228502,1.5668100620228502,1.5668100620228502
221,104.0,0.1631118850147981,0.1631118850147981,0.1631118850147981,0.17391127395545974,0.17391127395545974,0.17391127395545974
222,156.0,18.632297008450585,18.632297008450585,18.632297008450585,50.57048534799673,50.57048534799673,50.57048534799673
223,208.0,0.1811042944785276,0.1811042944785276,0.1811042944785276,0.15468589709812183,0.15468589709812183,0.15468589709812183
224,260.0,0.05343915343915344,0.05343915343915344,0.05343915343915344,0.050583410318860045,0.050583410318860045,0.050583410318860045
225,312.0,0.2858893075860698,0.2858893075860698,0.2858893075860698,0.40850100266895734,0.40850100266895734,0.40850100266895734
226,364.0,0.4098360655737705,0.4098360655737705,0.4098360655737705,0.4385917764041924,0.4385917764041924,0.4385917764041924
227,416.0,0.45969876638590046,0.45969876638590046,0.45969876638590046,0.48329205413424664,0.48329205413424664,0.48329205413424664
228,468.0,0.1260703124945735,0.1260703124945735,0.1260703124945735,0.11969832695340409,0.11969832695340409,0.11969832695340409
229,520.0,0.147224716483567,0.147224716483567,0.147224716483567,0.13498298858486205,0.13498298858486205,0.13498298858486205
230,572.0,0.18755014073933896,0.18755014073933896,0.18755014073933896,0.22200277657695075,0.22200277657695075,0.22200277657695075
231,624.0,0.13254922580447862,0.13254922580447862,0.13254922580447862,0.13600312530045677,0.13600312530045677,0.13600312530045677
232,676.0,0.23774813716367377,0.23774813716367377,0.23774813716367377,0.2833238143541829,0.2833238143541829,0.2833238143541829
233,728.0,0.24408823371258143,0.24408823371258143,0.24408823371258143,0.2563352941495672,0.2563352941495672,0.2563352941495672
234,780.0,0.0176,0.0176,0.0176,0.017290240000000002,0.017290240000000002,0.017290240000000002
235,832.0,0.36658743605080174,0.36658743605080174,0.36658743605080174,0.5082946026894368,0.5082946026894368,0.5082946026894368
236,884.0,0.26643977911981986,0.26643977911981986,0.26643977911981986,0.29676341189442285,0.29676341189442285,0.29676341189442285
237,936.0,0.21927788657453393,0.21927788657453393,0.21927788657453393,0.3039030544409444,0.3039030544409444,0.3039030544409444
238,988.0,0.3382269904009034,0.3382269904009034,0.3382269904009034,0.3525703177582489,0.3525703177582489,0.3525703177582489
239,1040.0,0.004375170905113481,0.004375170905113481,0.004375170905113481,0.004356028784664529,0.004356028784664529,0.004356028784664529
240,52.0,1.4455641287521437,1.4455641287521437,1.4455641287521437,1.1868657863572676,1.1868657863572676,1.1868657863572676
241,104.0,0.25353344944842876,0.25353344944842876,0.25353344944842876,0.24087500338400503,0.24087500338400503,0.24087500338400503
242,156.0,0.1078167115902965,0.1078167115902965,0.1078167115902965,0.12853728176924029,0.12853728176924029,0.12853728176924029
243,208.0,16.310753197536712,16.310753197536712,16.310753197536712,15.331191805976276,15.331191805976276,15.331191805976276
244,260.0,0.6190382831435165,0.6190382831435165,0.6190382831435165,1.2826123829028384,1.2826123829028384,1.2826123829028384
245,312.0,0.06926637940246101,0.06926637940246101,0.06926637940246101,0.06713287779247984,0.06713287779247984,0.06713287779247984
246,364.0,0.0873015873015873,0.0873015873015873,0.0873015873015873,0.07968002015621063,0.07968002015621063,0.07968002015621063
247,416.0,0.4264116520844714,0.4264116520844714,0.4264116520844714,0.48609526238134737,0.48609526238134737,0.48609526238134737
248,468.0,0.12627578272635165,0.12627578272635165,0.12627578272635165,0.13220892599931663,0.13220892599931663,0.13220892599931663
249,520.0,0.4029418335790518,0.4029418335790518,0.4029418335790518,0.46483621697688887,0.46483621697688887,0.46483621697688887
250,572.0,0.13042653132416698,0.13042653132416698,0.13042653132416698,0.13555732844305618,0.13555732844305618,0.13555732844305618
251,624.0,0.5000255734004987,0.5000255734004987,0.5000255734004987,0.4449638250069185,0.4449638250069185,0.4449638250069185
252,676.0,0.01657250470809793,0.01657250470809793,0.01657250470809793,0.016297856795798,0.016297856795798,0.016297856795798
253,728.0,0.27723963312188765,0.27723963312188765,0.27723963312188765,0.2677761032070384,0.2677761032070384,0.2677761032070384
254,780.0,0.06050420168067227,0.06050420168067227,0.06050420168067227,0.05684344325965679,0.05684344325965679,0.05684344325965679
255,832.0,0.08289909995262909,0.08289909995262909,0.08289909995262909,0.07744796660743244,0.07744796660743244,0.07744796660743244
256,884.0,67.83309767639933,67.83309767639933,67.83309767639933,86.14938828871844,86.14938828871844,86.14938828871844
257,936.0,0.15832784363050253,0.15832784363050253,0.15832784363050253,0.2568011295944292,0.2568011295944292,0.2568011295944292
258,988.0,0.21200844686592724,0.21200844686592724,0.21200844686592724,0.2560080347770522,0.2560080347770522,0.2560080347770522
259,1040.0,0.2469437652811736,0.2469437652811736,0.2469437652811736,0.3461092413364339,0.3461092413364339,0.3461092413364339
260,52.0,0.1154135467574545,0.1154135467574545,0.1154135467574545,0.13436832838430665,0.13436832838430665,0.13436832838430665
261,104.0,1.1080481119010754,1.1080481119010754,1.1080481119010754,0.8968677458641731,0.8968677458641731,0.8968677458641731
262,156.0,0.2555141558425882,0.2555141558425882,0.2555141558425882,0.2632730568633823,0.2632730568633823,0.2632730568633823
263,208.0,0.05295315682281059,0.05295315682281059,0.05295315682281059,0.050149120005309425,0.050149120005309425,0.050149120005309425
264,260.0,0.13753042974466706,0.13753042974466706,0.13753042974466706,0.13693295331613828,0.13693295331613828,0.13693295331613828
265,312.0,0.26017967998974734,0.26017967998974734,0.26017967998974734,0.2618682776308587,0.2618682776308587,0.2618682776308587
266,364.0,0.1322460982829724,0.1322460982829724,0.1322460982829724,0.1461208384532443,0.1461208384532443,0.1461208384532443
267,416.0,0.21369187191170105,0.21369187191170105,0.21369187191170105,0.308045313122885,0.308045313122885,0.308045313122885
268,468.0,0.10616871887036687,0.10616871887036687,0.10616871887036687,0.12431931211138378,0.12431931211138378,0.12431931211138378
269,520.0,0.005779069494903563,0.005779069494903563,0.005779069494903563,0.004400865401481492,0.004400865401481492,0.004400865401481492
270,572.0,0.21474200034047383,0.21474200034047383,0.21474200034047383,0.24595435115106234,0.24595435115106234,0.24595435115106234
271,624.0,0.3352952064658075,0.3352952064658075,0.3352952064658075,0.34326894666755536,0.34326894666755536,0.34326894666755536
272,676.0,0.29490391312813435,0.29490391312813435,0.29490391312813435,0.7763880667593641,0.7763880667593641,0.7763880667593641
273,728.0,0.3432205051448985,0.3432205051448985,0.3432205051448985,0.3795217102438176,0.3795217102438176,0.3795217102438176
274,780.0,0.2698487446442485,0.2698487446442485,0.2698487446442485,0.2876267122912186,0.2876267122912186,0.2876267122912186
275,832.0,0.09020179917335279,0.09020179917335279,0.09020179917335279,0.09568080051220182,0.09568080051220182,0.09568080051220182
276,884.0,0.11826894847682634,0.11826894847682634,0.11826894847682634,0.10820935166225173,0.10820935166225173,0.10820935166225173
277,936.0,0.19688683214135466,0.19688683214135466,0.19688683214135466,0.17158475496754144,0.17158475496754144,0.17158475496754144
278,988.0,0.2671100044303956,0.2671100044303956,0.2671100044303956,0.3431660966042083,0.3431660966042083,0.3431660966042083
279,1040.0,0.7042052744119743,0.7042052744119743,0.7042052744119743,0.6316786805994078,0.6316786805994078,0.6316786805994078
280,52.0,0.03187250996015936,0.03187250996015936,0.03187250996015936,0.030856653068998905,0.030856653068998905,0.030856653068998905
281,104.0,0.42525357618814724,0.42525357618814724,0.42525357618814724,0.47483811111276264,0.47483811111276264,0.47483811111276264
282,156.0,0.4027488677602055,0.4027488677602055,0.4027488677602055,1.3540783846603655,1.3540783846603655,1.3540783846603655
283,208.0,0.39615216440752077,0.39615216440752077,0.39615216440752077,0.48407789201870843,0.48407789201870843,0.48407789201870843
284,260.0,0.02420077681505826,0.02420077681505826,0.02420077681505826,0.023615099216606004,0.023615099216606004,0.023615099216606004
285,312.0,0.20894256126617797,0.20894256126617797,0.20894256126617797,0.20182381813032182,0.20182381813032182,0.20182381813032182
286,364.0,0.16666286346528833,0.16666286346528833,0.16666286346528833,0.12863778899185216,0.12863778899185216,0.12863778899185216
287,416.0,0.2824864120763974,0.2824864120763974,0.2824864120763974,0.4030875607968379,0.4030875607968379,0.4030875607968379
288,468.0,0.035239122471014434,0.035239122471014434,0.035239122471014434,0.051382041913420634,0.051382041913420634,0.051382041913420634
289,520.0,0.3439951826493613,0.3439951826493613,0.3439951826493613,0.3665030422195099,0.3665030422195099,0.3665030422195099
290,572.0,0.141396933560477,0.141396933560477,0.141396933560477,0.1571789685084845,0.1571789685084845,0.1571789685084845
291,624.0,0.16324313402718477,0.16324313402718477,0.16324313402718477,0.192235232205225,0.192235232205225,0.192235232205225
292,676.0,0.33501902578086323,0.33501902578086323,0.33501902578086323,0.38092724431085045,0.38092724431085045,0.38092724431085045
293,728.0,0.30917360408195804,0.30917360408195804,0.30917360408195804,0.2650811670861028,0.2650811670861028,0.2650811670861028
294,780.0,0.1612546701008474,0.1612546701008474,0.1612546701008474,0.16391948363443845,0.16391948363443845,0.16391948363443845
295,832.0,112.8504090567024,112.8504090567024,112.8504090567024,127.28022649053263,127.28022649053263,127.28022649053263
296,884.0,0.2520808561236623,0.2520808561236623,0.2520808561236623,0.25750161534100313,0.25750161534100313,0.25750161534100313
297,936.0,0.1299030162108248,0.1299030162108248,0.1299030162108248,0.13501476285849107,0.13501476285849107,0.13501476285849107
298,988.0,0.5336505286036125,0.5336505286036125,0.5336505286036125,0.6355536663113313,0.6355536663113313,0.6355536663113313
299,1040.0,0.36362672774971444,0.36362672774971444,0.36362672774971444,0.38354029259008826,0.38354029259008826,0.38354029259008826
300,52.0,0.19533563300610501,0.19533563300610501,0.19533563300610501,0.20272818818822627,0.20272818818822627,0.20272818818822627
301,104.0,0.1460084657871221,0.1460084657871221,0.1460084657871221,0.19321893358359005,0.19321893358359005,0.19321893358359005
302,156.0,0.21422060164083864,0.21422060164083864,0.21422060164083864,0.1975006003777602,0.1975006003777602,0.1975006003777602
303,208.0,24.783680678520117,24.783680678520117,24.783680678520117,33.69669945383123,33.69669945383123,33.69669945383123
304,260.0,0.23529411764705882,0.23529411764705882,0.23529411764705882,0.22517966462603142,0.22517966462603142,0.22517966462603142
305,312.0,0.4201647052923499,0.4201647052923499,0.4201647052923499,0.4905039732157973,0.4905039732157973,0.4905039732157973
306,364.0,0.15047770700636942,0.15047770700636942,0.15047770700636942,0.13181505842021987,0.13181505842021987,0.13181505842021987
307,416.0,0.13319194061505832,0.13319194061505832,0.13319194061505832,0.15023445626590526,0.15023445626590526,0.15023445626590526
308,468.0,0.5,0.5,0.5,0.25,0.25,0.25
309,520.0,0.21763684252383195,0.21763684252383195,0.21763684252383195,0.2033460656007633,0.2033460656007633,0.2033460656007633
310,572.0,0.041599135602377095,0.041599135602377095,0.041599135602377095,0.043110138605411644,0.043110138605411644,0.043110138605411644
311,624.0,0.24739505805299197,0.24739505805299197,0.24739505805299197,0.26478556319081975,0.26478556319081975,0.26478556319081975
312,676.0,1.5753760729312765,1.5753760729312765,1.5753760729312765,1.4627746545401368,1.4627746545401368,1.4627746545401368
313,728.0,0.19395549651278646,0.19395549651278646,0.19395549651278646,0.20548986716590265,0.20548986716590265,0.20548986716590265
314,780.0,0.1809580130100532,0.1809580130100532,0.1809580130100532,0.2298207262087071,0.2298207262087071,0.2298207262087071
315,832.0,0.10660980810234541,0.10660980810234541,0.10660980810234541,0.10235147745888283,0.10235147745888283,0.10235147745888283
316,884.0,0.2216467679357652,0.2216467679357652,0.2216467679357652,0.20533706105380742,0.20533706105380742,0.20533706105380742
317,936.0,71.51663615796272,71.51663615796272,71.51663615796272,71.86551880255672,71.86551880255672,71.86551880255672
318,988.0,0.30423152302739837,0.30423152302739837,0.30423152302739837,0.4292171174637071,0.4292171174637071,0.4292171174637071
319,1040.0,0.38319958678232424,0.38319958678232424,0.38319958678232424,0.583787230692042,0.583787230692042,0.583787230692042
320,52.0,0.14671160732424818,0.14671160732424818,0.14671160732424818,0.2066644627271747,0.2066644627271747,0.2066644627271747
321,104.0,0.30162717954399937,0.30162717954399937,0.30162717954399937,0.2631783474839685,0.2631783474839685,0.2631783474839685
322,156.0,0.25907253023611937,0.25907253023611937,0.25907253023611937,0.37712641113047923,0.37712641113047923,0.37712641113047923
323,208.0,0.3176351848564747,0.3176351848564747,0.3176351848564747,0.41641708331857646,0.41641708331857646,0.41641708331857646
324,260.0,0.11640471966591952,0.11640471966591952,0.11640471966591952,0.11969374603793409,0.11969374603793409,0.11969374603793409
325,312.0,0.2899997044236823,0.2899997044236823,0.2899997044236823,0.4773503509245999,0.4773503509245999,0.4773503509245999
326,364.0,0.2714697544757422,0.2714697544757422,0.2714697544757422,0.4759664186831529,0.4759664186831529,0.4759664186831529
327,416.0,0.6647395607477302,0.6647395607477302,0.6647395607477302,0.766116215827166,0.766116215827166,0.766116215827166
328,468.0,0.004333941605839416,0.004333941605839416,0.004333941605839416,0.004315158555996589,0.004315158555996589,0.004315158555996589
329,520.0,0.20514733373885288,0.20514733373885288,0.20514733373885288,0.2420244746171038,0.2420244746171038,0.2420244746171038
330,572.0,52.499615190376986,52.499615190376986,52.499615190376986,901.5835903227213,901.5835903227213,901.5835903227213
331,624.0,0.00647340275823248,0.00647340275823248,0.00647340275823248,0.006431497814962187,0.006431497814962187,0.006431497814962187
332,676.0,0.3780094138287925,0.3780094138287925,0.3780094138287925,0.4408603770969609,0.4408603770969609,0.4408603770969609
333,728.0,0.3494809688581315,0.3494809688581315,0.3494809688581315,0.4557177236862586,0.4557177236862586,0.4557177236862586
334,780.0,0.07416267942583732,0.07416267942583732,0.07416267942583732,0.07025747273795625,0.07025747273795625,0.07025747273795625
335,832.0,0.3474694127784719,0.3474694127784719,0.3474694127784719,0.5379169401114865,0.5379169401114865,0.5379169401114865
336,884.0,0.5317325356964674,0.5317325356964674,0.5317325356964674,1.621357830175449,1.621357830175449,1.621357830175449
337,936.0,115.89028360969026,115.89028360969026,115.89028360969026,101.35567821724682,101.35567821724682,101.35567821724682
338,988.0,0.10869565217391304,0.10869565217391304,0.10869565217391304,0.09688090737240074,0.09688090737240074,0.09688090737240074
339,1040.0,0.16904083570750236,0.16904083570750236,0.16904083570750236,0.14046603157081153,0.14046603157081153,0.14046603157081153
340,52.0,6.802091894137781,6.802091894137781,6.802091894137781,11.473926023925307,11.473926023925307,11.473926023925307
341,104.0,0.14796434382843313,0.14796434382843313,0.14796434382843313,0.1352284644556245,0.1352284644556245,0.1352284644556245
342,156.0,0.3427169424143417,0.3427169424143417,0.3427169424143417,0.49302426816240674,0.49302426816240674,0.49302426816240674
343,208.0,0.32299203967114665,0.32299203967114665,0.32299203967114665,0.8565719554941059,0.8565719554941059,0.8565719554941059
344,260.0,0.16322959592674552,0.16322959592674552,0.16322959592674552,0.19075678076136174,0.19075678076136174,0.19075678076136174
345,312.0,2.053878034339846,2.053878034339846,2.053878034339846,2.107813557652501,2.107813557652501,2.107813557652501
346,364.0,0.09338640538885487,0.09338640538885487,0.09338640538885487,0.13059312503257783,0.13059312503257783,0.13059312503257783
347,416.0,0.2124611916457272,0.2124611916457272,0.2124611916457272,0.2079881531478026,0.2079881531478026,0.2079881531478026
348,468.0,0.193756727664155,0.193756727664155,0.193756727664155,0.16267361573783867,0.16267361573783867,0.16267361573783867
349,520.0,0.24753040310279203,0.24753040310279203,0.24753040310279203,0.21999031177283823,0.21999031177283823,0.21999031177283823
350,572.0,0.1461751114163836,0.1461751114163836,0.1461751114163836,0.23562621394073183,0.23562621394073183,0.23562621394073183
351,624.0,0.14649033570701933,0.14649033570701933,0.14649033570701933,0.1758956171497347,0.1758956171497347,0.1758956171497347
352,676.0,0.06470980653769179,0.06470980653769179,0.06470980653769179,0.06986200718201728,0.06986200718201728,0.06986200718201728
353,728.0,0.12254732756494273,0.12254732756494273,0.12254732756494273,0.13140988464554912,0.13140988464554912,0.13140988464554912
354,780.0,0.32462208557519856,0.32462208557519856,0.32462208557519856,0.4841670042470468,0.4841670042470468,0.4841670042470468
355,832.0,0.16865079365079366,0.16865079365079366,0.16865079365079366,0.16996960821365584,0.16996960821365584,0.16996960821365584
356,884.0,0.04476459994854644,0.04476459994854644,0.04476459994854644,0.04893515811910287,0.04893515811910287,0.04893515811910287
357,936.0,0.19360239633610876,0.19360239633610876,0.19360239633610876,0.40831559965963277,0.40831559965963277,0.40831559965963277
358,988.0,107.84412831253675,107.84412831253675,107.84412831253675,104.96298766562866,104.96298766562866,104.96298766562866
359,1040.0,0.13058224985867722,0.13058224985867722,0.13058224985867722,0.13614217087769676,0.13614217087769676,0.13614217087769676
360,52.0,0.2973545480826941,0.2973545480826941,0.2973545480826941,0.5516374485375876,0.5516374485375876,0.5516374485375876
361,104.0,0.21052631578947367,0.21052631578947367,0.21052631578947367,0.22409972299168976,0.22409972299168976,0.22409972299168976
362,156.0,0.15525351827195233,0.15525351827195233,0.15525351827195233,0.15816087778519117,0.15816087778519117,0.15816087778519117
363,208.0,2.1009683580114116,2.1009683580114116,2.1009683580114116,15.87652592553319,15.87652592553319,15.87652592553319
364,260.0,0.4870770485686828,0.4870770485686828,0.4870770485686828,0.5225044602367649,0.5225044602367649,0.5225044602367649
365,312.0,0.048358074673864146,0.048358074673864146,0.048358074673864146,0.047818941508123984,0.047818941508123984,0.047818941508123984
366,364.0,0.6183135539852995,0.6183135539852995,0.6183135539852995,3.2280952019319757,3.2280952019319757,3.2280952019319757
367,416.0,0.426441351888668,0.426441351888668,0.426441351888668,0.4364380318486693,0.4364380318486693,0.4364380318486693
368,468.0,0.2651546340371742,0.2651546340371742,0.2651546340371742,0.25236560986058826,0.25236560986058826,0.25236560986058826
369,520.0,0.054234773096470686,0.054234773096470686,0.054234773096470686,0.04877394962614121,0.04877394962614121,0.04877394962614121
370,572.0,0.6346753885162423,0.6346753885162423,0.6346753885162423,0.4949109440297196,0.4949109440297196,0.4949109440297196
371,624.0,0.0295287921017184,0.0295287921017184,0.0295287921017184,0.02962918742984788,0.02962918742984788,0.02962918742984788
372,676.0,0.21442367407059656,0.21442367407059656,0.21442367407059656,0.3096622182403139,0.3096622182403139,0.3096622182403139
373,728.0,0.10174938344887587,0.10174938344887587,0.10174938344887587,0.09686366525686939,0.09686366525686939,0.09686366525686939
374,780.0,0.4163160842455106,0.4163160842455106,0.4163160842455106,0.43030987876317484,0.43030987876317484,0.43030987876317484
375,832.0,0.14753929117994474,0.14753929117994474,0.14753929117994474,0.14953429994600448,0.14953429994600448,0.14953429994600448
376,884.0,0.08361581920903954,0.08361581920903954,0.08361581920903954,0.09696319703788822,0.09696319703788822,0.09696319703788822
377,936.0,0.13041210224308816,0.13041210224308816,0.13041210224308816,0.11340478583162647,0.11340478583162647,0.11340478583162647
378,988.0,0.26165360523508235,0.26165360523508235,0.26165360523508235,0.21797442679603707,0.21797442679603707,0.21797442679603707
379,1040.0,0.1267806267806268,0.1267806267806268,0.1267806267806268,0.12780131654775526,0.12780131654775526,0.12780131654775526
380,52.0,0.4756823177733023,0.4756823177733023,0.4756823177733023,0.5505221778190496,0.5505221778190496,0.5505221778190496
381,104.0,0.0460351892022174,0.0460351892022174,0.0460351892022174,0.04584412602130067,0.04584412602130067,0.04584412602130067
382,156.0,15.545142026244193,15.545142026244193,15.545142026244193,14.903148234288787,14.903148234288787,14.903148234288787
383,208.0,0.1599192164116938,0.1599192164116938,0.1599192164116938,0.18546284217491246,0.18546284217491246,0.18546284217491246
384,260.0,0.5185179529508712,0.5185179529508712,0.5185179529508712,0.43433665571302454,0.43433665571302454,0.43433665571302454
385,312.0,0.30846989622550175,0.30846989622550175,0.30846989622550175,0.3893877658976107,0.3893877658976107,0.3893877658976107
386,364.0,0.1332432269080342,0.1332432269080342,0.1332432269080342,0.14787199730147602,0.14787199730147602,0.14787199730147602
387,416.0,0.12828805519620526,0.12828805519620526,0.12828805519620526,0.12951026458780893,0.12951026458780893,0.12951026458780893
388,468.0,0.4970753996044353,0.4970753996044353,0.4970753996044353,0.664999154022413,0.664999154022413,0.664999154022413
389,520.0,0.31518993945174645,0.31518993945174645,0.31518993945174645,0.3487978802230724,0.3487978802230724,0.3487978802230724
390,572.0,0.3333836927929798,0.3333836927929798,0.3333836927929798,0.4627099750000551,0.4627099750000551,0.4627099750000551
391,624.0,0.23248145094806266,0.23248145094806266,0.23248145094806266,0.2526300336625279,0.2526300336625279,0.2526300336625279
392,676.0,0.43790924006977366,0.43790924006977366,0.43790924006977366,0.6300158621729712,0.6300158621729712,0.6300158621729712
393,728.0,0.2831050228310502,0.2831050228310502,0.2831050228310502,0.35021684285148347,0.35021684285148347,0.35021684285148347
394,780.0,0.4260481879281968,0.4260481879281968,0.4260481879281968,0.5546543334174626,0.5546543334174626,0.5546543334174626
395,832.0,0.022988505747126436,0.022988505747126436,0.022988505747126436,0.022460034350640777,0.022460034350640777,0.022460034350640777
396,884.0,0.5961922322697674,0.5961922322697674,0.5961922322697674,0.6257766879940094,0.6257766879940094,0.6257766879940094
397,936.0,0.5197750493340242,0.5197750493340242,0.5197750493340242,0.9233302607905723,0.9233302607905723,0.9233302607905723
398,988.0,0.4418528997082384,0.4418528997082384,0.4418528997082384,0.8083840148891284,0.8083840148891284,0.8083840148891284
399,1040.0,0.32398753894080995,0.32398753894080995,0.32398753894080995,0.26263332071699613,0.26263332071699613,0.26263332071699613
400,52.0,0.108130081300813,0.108130081300813,0.108130081300813,0.1126981294203186,0.1126981294203186,0.1126981294203186
401,104.0,2.7045117418375066,2.7045117418375066,2.7045117418375066,10.652929979794193,10.652929979794193,10.652929979794193
402,156.0,0.07960199004975124,0.07960199004975124,0.07960199004975124,0.07326551322987054,0.07326551322987054,0.07326551322987054
403,208.0,0.12683161441324503,0.12683161441324503,0.12683161441324503,0.2716271358138622,0.2716271358138622,0.2716271358138622
404,260.0,0.17943960067213102,0.17943960067213102,0.17943960067213102,0.20273565460007933,0.20273565460007933,0.20273565460007933
405,312.0,0.25984693058803215,0.25984693058803215,0.25984693058803215,0.33781778667031315,0.33781778667031315,0.33781778667031315
406,364.0,0.14087947882736157,0.14087947882736157,0.14087947882736157,0.14383375420428868,0.14383375420428868,0.14383375420428868
407,416.0,0.37790014469022604,0.37790014469022604,0.37790014469022604,0.3742996967471226,0.3742996967471226,0.3742996967471226
408,468.0,0.04630196377169284,0.04630196377169284,0.04630196377169284,0.04698292357798042,0.04698292357798042,0.04698292357798042
409,520.0,0.1534964361225069,0.1534964361225069,0.1534964361225069,0.14310017521776186,0.14310017521776186,0.14310017521776186
410,572.0,0.2706360468483271,0.2706360468483271,0.2706360468483271,0.2297717530785617,0.2297717530785617,0.2297717530785617
411,624.0,0.07593637762955362,0.07593637762955362,0.07593637762955362,0.07889246593680148,0.07889246593680148,0.07889246593680148
412,676.0,30.410967066981403,30.410967066981403,30.410967066981403,600.1788820445673,600.1788820445673,600.1788820445673
413,728.0,0.22241613419534037,0.22241613419534037,0.22241613419534037,0.22997191566678493,0.22997191566678493,0.22997191566678493
414,780.0,0.0168,0.0168,0.0168,0.017317759999999998,0.017317759999999998,0.017317759999999998
415,832.0,0.7165660870479287,0.7165660870479287,0.7165660870479287,0.912882698263953,0.912882698263953,0.912882698263953
416,884.0,0.38536110121162687,0.38536110121162687,0.38536110121162687,0.4515092484430237,0.4515092484430237,0.4515092484430237
417,936.0,0.1562621279825027,0.1562621279825027,0.1562621279825027,0.1385098725532202,0.1385098725532202,0.1385098725532202
418,988.0,0.13969814679419534,0.13969814679419534,0.13969814679419534,0.1609279277685266,0.1609279277685266,0.1609279277685266
419,1040.0,0.07120352867044738,0.07120352867044738,0.07120352867044738,0.07558538201653402,0.07558538201653402,0.07558538201653402
420,52.0,0.25367307518035315,0.25367307518035315,0.25367307518035315,0.5321118973863999,0.5321118973863999,0.5321118973863999
421,104.0,0.23741007194244604,0.23741007194244604,0.23741007194244604,0.23517465575330074,0.23517465575330074,0.23517465575330074
422,156.0,0.32748538011695905,0.32748538011695905,0.32748538011695905,0.3255018638213467,0.3255018638213467,0.3255018638213467
423,208.0,0.23945570155178925,0.23945570155178925,0.23945570155178925,0.2766616333150624,0.2766616333150624,0.2766616333150624
424,260.0,0.15798488902603153,0.15798488902603153,0.15798488902603153,0.2813075997224715,0.2813075997224715,0.2813075997224715
425,312.0,0.04591836734693878,0.04591836734693878,0.04591836734693878,0.04380987088713035,0.04380987088713035,0.04380987088713035
426,364.0,5.81862840999108,5.81862840999108,5.81862840999108,110.9532265303696,110.9532265303696,110.9532265303696
427,416.0,0.11494845360824742,0.11494845360824742,0.11494845360824742,0.1037971622914231,0.1037971622914231,0.1037971622914231
428,468.0,0.06872975890608132,0.06872975890608132,0.06872975890608132,0.06904376252210812,0.06904376252210812,0.06904376252210812
429,520.0,64.3693117580644,64.3693117580644,64.3693117580644,62.133782635266805,62.133782635266805,62.133782635266805
430,572.0,3.7475712414773494,3.7475712414773494,3.7475712414773494,81.8173200480071,81.8173200480071,81.8173200480071
431,624.0,0.010072777556777199,0.010072777556777199,0.010072777556777199,0.009883280524522944,0.009883280524522944,0.009883280524522944
432,676.0,0.6859124762202491,0.6859124762202491,0.6859124762202491,1.03612985100232,1.03612985100232,1.03612985100232
433,728.0,0.1917929302541068,0.1917929302541068,0.1917929302541068,0.19317801069504634,0.19317801069504634,0.19317801069504634
434,780.0,0.06302521008403361,0.06302521008403361,0.06302521008403361,0.059053032977897046,0.059053032977897046,0.059053032977897046
435,832.0,0.13859910204632958,0.13859910204632958,0.13859910204632958,0.16610908189938406,0.16610908189938406,0.16610908189938406
436,884.0,0.27992918810563655,0.27992918810563655,0.27992918810563655,0.2628323732853823,0.2628323732853823,0.2628323732853823
437,936.0,9.966254146132085,9.966254146132085,9.966254146132085,875.0751653312348,875.0751653312348,875.0751653312348
438,988.0,0.02336355760700183,0.02336355760700183,0.02336355760700183,0.017192197188026552,0.017192197188026552,0.017192197188026552
439,1040.0,0.7185559969575629,0.7185559969575629,0.7185559969575629,0.7601659998293006,0.7601659998293006,0.7601659998293006
440,52.0,0.33194301876057797,0.33194301876057797,0.33194301876057797,0.5743678605073947,0.5743678605073947,0.5743678605073947
441,104.0,0.14749117487918126,0.14749117487918126,0.14749117487918126,0.2974324854057493,0.2974324854057493,0.2974324854057493
442,156.0,0.2248851447535947,0.2248851447535947,0.2248851447535947,0.3305599747039435,0.3305599747039435,0.3305599747039435
443,208.0,0.19460775508254322,0.19460775508254322,0.19460775508254322,0.19811119074786557,0.19811119074786557,0.19811119074786557
444,260.0,0.2606251405441871,0.2606251405441871,0.2606251405441871,0.2988386467527068,0.2988386467527068,0.2988386467527068
445,312.0,0.5697434350623956,0.5697434350623956,0.5697434350623956,0.5481336303553508,0.5481336303553508,0.5481336303553508
446,364.0,0.07812169260948248,0.07812169260948248,0.07812169260948248,0.10649392838650971,0.10649392838650971,0.10649392838650971
447,416.0,0.8899843219284256,0.8899843219284256,0.8899843219284256,1.1002705626918032,1.1002705626918032,1.1002705626918032
448,468.0,0.07752825595369318,0.07752825595369318,0.07752825595369318,0.07732710384178929,0.07732710384178929,0.07732710384178929
449,520.0,0.4588616111112874,0.4588616111112874,0.4588616111112874,0.5028707799790285,0.5028707799790285,0.5028707799790285
450,572.0,0.1635150166852058,0.1635150166852058,0.1635150166852058,0.13900255010820328,0.13900255010820328,0.13900255010820328
451,624.0,0.4119412160136591,0.4119412160136591,0.4119412160136591,0.5416638762351957,0.5416638762351957,0.5416638762351957
452,676.0,0.03428571428571429,0.03428571428571429,0.03428571428571429,0.03539591836734695,0.03539591836734695,0.03539591836734695
453,728.0,0.03571428571428571,0.03571428571428571,0.03571428571428571,0.03443877551020409,0.03443877551020409,0.03443877551020409
454,780.0,0.322078168556297,0.322078168556297,0.322078168556297,0.3723705283919885,0.3723705283919885,0.3723705283919885
455,832.0,0.07483870967741936,0.07483870967741936,0.07483870967741936,0.07181852237252861,0.07181852237252861,0.07181852237252861
456,884.0,0.11085444729152769,0.11085444729152769,0.11085444729152769,0.11785306656396496,0.11785306656396496,0.11785306656396496
457,936.0,0.4896319989514394,0.4896319989514394,0.4896319989514394,0.8591872280596506,0.8591872280596506,0.8591872280596506
458,988.0,0.15951134380453752,0.15951134380453752,0.15951134380453752,0.151519481983011,0.151519481983011,0.151519481983011
459,1040.0,0.15002676504885207,0.15002676504885207,0.15002676504885207,0.15111234242075314,0.15111234242075314,0.15111234242075314
460,52.0,1.8861668700819483,1.8861668700819483,1.8861668700819483,3.833468286359024,3.833468286359024,3.833468286359024
461,104.0,0.2060482604661936,0.2060482604661936,0.2060482604661936,0.45694672838242417,0.45694672838242417,0.45694672838242417
462,156.0,0.18136266524838485,0.18136266524838485,0.18136266524838485,0.25470643854035896,0.25470643854035896,0.25470643854035896
463,208.0,0.181693490073487,0.181693490073487,0.181693490073487,0.26669109085529624,0.26669109085529624,0.26669109085529624
464,260.0,0.6361678195905253,0.6361678195905253,0.6361678195905253,0.5936641820827699,0.5936641820827699,0.5936641820827699
465,312.0,0.03676655754218081,0.03676655754218081,0.03676655754218081,0.037429383681400565,0.037429383681400565,0.037429383681400565
466,364.0,0.05102529960630097,0.05102529960630097,0.05102529960630097,0.05495049535294676,0.05495049535294676,0.05495049535294676
467,416.0,0.26328206842056,0.26328206842056,0.26328206842056,0.2617612208249588,0.2617612208249588,0.2617612208249588
468,468.0,0.31190669921345265,0.31190669921345265,0.31190669921345265,0.2987001073784999,0.2987001073784999,0.2987001073784999
469,520.0,0.28679246072399495,0.28679246072399495,0.28679246072399495,0.43112037177454277,0.43112037177454277,0.43112037177454277
470,572.0,0.03874822255519839,0.03874822255519839,0.03874822255519839,0.038885611828582314,0.038885611828582314,0.038885611828582314
471,624.0,0.040692446043165464,0.040692446043165464,0.040692446043165464,0.03903657087818953,0.03903657087818953,0.03903657087818953
472,676.0,0.25139664804469275,0.25139664804469275,0.25139664804469275,0.255235479541837,0.255235479541837,0.255235479541837
473,728.0,0.23610520273443922,0.23610520273443922,0.23610520273443922,0.36260140370083493,0.36260140370083493,0.36260140370083493
474,780.0,0.09602327837051407,0.09602327837051407,0.09602327837051407,0.0906825368005035,0.0906825368005035,0.0906825368005035
475,832.0,0.08096789204281062,0.08096789204281062,0.08096789204281062,0.0753427579267338,0.0753427579267338,0.0753427579267338
476,884.0,0.4975880217205604,0.4975880217205604,0.4975880217205604,0.5286533060365809,0.5286533060365809,0.5286533060365809
477,936.0,0.17618428232228694,0.17618428232228694,0.17618428232228694,0.2562154331344734,0.2562154331344734,0.2562154331344734
478,988.0,21.69473294809891,21.69473294809891,21.69473294809891,57.32135306574226,57.32135306574226,57.32135306574226
479,1040.0,0.25261272021498954,0.25261272021498954,0.25261272021498954,0.264045875992272,0.264045875992272,0.264045875992272
480,52.0,0.14847652161636035,0.14847652161636035,0.14847652161636035,0.2014287132616338,0.2014287132616338,0.2014287132616338
481,104.0,0.5041991361236696,0.5041991361236696,0.5041991361236696,1.0089859560408223,1.0089859560408223,1.0089859560408223
482,156.0,0.30723708989135323,0.30723708989135323,0.30723708989135323,0.318826194571868,0.318826194571868,0.318826194571868
483,208.0,0.33695029851430935,0.33695029851430935,0.33695029851430935,0.3642704961586584,0.3642704961586584,0.3642704961586584
484,260.0,0.26494607667222736,0.26494607667222736,0.26494607667222736,0.2915275413715488,0.2915275413715488,0.2915275413715488
485,312.0,0.14876414876414876,0.14876414876414876,0.14876414876414876,0.14003139020464037,0.14003139020464037,0.14003139020464037
486,364.0,0.3462127111941879,0.3462127111941879,0.3462127111941879,0.49512303881177744,0.49512303881177744,0.49512303881177744
487,416.0,0.2764391331867587,0.2764391331867587,0.2764391331867587,0.6989594022922726,0.6989594022922726,0.6989594022922726
488,468.0,0.0,0.0,0.0,0.0,0.0,0.0
489,520.0,0.3482604190260725,0.3482604190260725,0.3482604190260725,0.41935541899294443,0.41935541899294443,0.41935541899294443
490,572.0,0.6006780689742661,0.6006780689742661,0.6006780689742661,0.5158130947654059,0.5158130947654059,0.5158130947654059
491,624.0,0.2787043286868928,0.2787043286868928,0.2787043286868928,0.32955205112825414,0.32955205112825414,0.32955205112825414
492,676.0,0.21841541755888652,0.21841541755888652,0.21841541755888652,0.23066729637900124,0.23066729637900124,0.23066729637900124
493,728.0,0.006590992310508971,0.006590992310508971,0.006590992310508971,0.006547551130871782,0.006547551130871782,0.006547551130871782
494,780.0,0.08588235294117647,0.08588235294117647,0.08588235294117647,0.08674186851211071,0.08674186851211071,0.08674186851211071
495,832.0,0.02929427430093209,0.02929427430093209,0.02929427430093209,0.028436119794113843,0.028436119794113843,0.028436119794113843
496,884.0,0.08523753682861153,0.08523753682861153,0.08523753682861153,0.09663643341258185,0.09663643341258185,0.09663643341258185
497,936.0,0.35333764213779895,0.35333764213779895,0.35333764213779895,0.3503450928905466,0.3503450928905466,0.3503450928905466
498,988.0,0.14403669724770643,0.14403669724770643,0.14403669724770643,0.14897820048817442,0.14897820048817442,0.14897820048817442
499,1040.0,0.16695834791739586,0.16695834791739586,0.16695834791739586,0.13908325797808965,0.13908325797808965,0.13908325797808965
500,52.0,0.12216778135413009,0.12216778135413009,0.12216778135413009,0.1198575761000961,0.1198575761000961,0.1198575761000961
501,104.0,0.4640886918439957,0.4640886918439957,0.4640886918439957,0.44089118865373617,0.44089118865373617,0.44089118865373617
502,156.0,0.25,0.25,0.25,0.1875,0.1875,0.1875
503,208.0,17.25758122834257,17.25758122834257,17.25758122834257,143.1808477076652,143.1808477076652,143.1808477076652
504,260.0,0.1184984170058797,0.1184984170058797,0.1184984170058797,0.1361164245791314,0.1361164245791314,0.1361164245791314
505,312.0,0.49851130315973524,0.49851130315973524,0.49851130315973524,1.6020868242995663,1.6020868242995663,1.6020868242995663
506,364.0,0.09077001529831719,0.09077001529831719,0.09077001529831719,0.2599912989683323,0.2599912989683323,0.2599912989683323
507,416.0,0.19594776183344026,0.19594776183344026,0.19594776183344026,0.18694612720046502,0.18694612720046502,0.18694612720046502
508,468.0,0.6399622579169336,0.6399622579169336,0.6399622579169336,0.5980622257212836,0.5980622257212836,0.5980622257212836
509,520.0,12.357780181659631,12.357780181659631,12.357780181659631,26.94813088725578,26.94813088725578,26.94813088725578
510,572.0,0.1096987466777058,0.1096987466777058,0.1096987466777058,0.15259406695368455,0.15259406695368455,0.15259406695368455
511,624.0,0.4789450205118717,0.4789450205118717,0.4789450205118717,1.2259898227241188,1.2259898227241188,1.2259898227241188
512,676.0,0.5634662316705121,0.5634662316705121,0.5634662316705121,0.5211998735643656,0.5211998735643656,0.5211998735643656
513,728.0,0.23097826086956522,0.23097826086956522,0.23097826086956522,0.2374099125708885,0.2374099125708885,0.2374099125708885
514,780.0,0.12544802867383512,0.12544802867383512,0.12544802867383512,0.14555311468249382,0.14555311468249382,0.14555311468249382
515,832.0,0.2791293041004953,0.2791293041004953,0.2791293041004953,0.37755257799200137,0.37755257799200137,0.37755257799200137
516,884.0,0.2811263307831853,0.2811263307831853,0.2811263307831853,0.26951535637020035,0.26951535637020035,0.26951535637020035
517,936.0,0.5625467743911289,0.5625467743911289,0.5625467743911289,0.620298660370038,0.620298660370038,0.620298660370038
518,988.0,0.2921279435968327,0.2921279435968327,0.2921279435968327,0.2649178525065808,0.2649178525065808,0.2649178525065808
519,1040.0,0.25060630557801133,0.25060630557801133,0.25060630557801133,0.3155311602836027,0.3155311602836027,0.3155311602836027
520,52.0,0.058159096371064645,0.058159096371064645,0.058159096371064645,0.056218576947417054,0.056218576947417054,0.056218576947417054
521,104.0,0.015014351954073748,0.015014351954073748,0.015014351954073748,0.014788921189472948,0.014788921189472948,0.014788921189472948
522,156.0,0.22162162162162163,0.22162162162162163,0.22162162162162163,0.8680009739469199,0.8680009739469199,0.8680009739469199
523,208.0,0.14981648871108783,0.14981648871108783,0.14981648871108783,0.1582519427737769,0.1582519427737769,0.1582519427737769
524,260.0,0.2584764656400475,0.2584764656400475,0.2584764656400475,0.5999088595995105,0.5999088595995105,0.5999088595995105
525,312.0,0.2918078993613022,0.2918078993613022,0.2918078993613022,0.33896776061452893,0.33896776061452893,0.33896776061452893
526,364.0,0.20652595105706603,0.20652595105706603,0.20652595105706603,0.19376068352546527,0.19376068352546527,0.19376068352546527
527,416.0,0.2191079205602593,0.2191079205602593,0.2191079205602593,0.2442888824622611,0.2442888824622611,0.2442888824622611
528,468.0,0.017635270541082163,0.017635270541082163,0.017635270541082163,0.01812587098043783,0.01812587098043783,0.01812587098043783
529,520.0,0.203125,0.203125,0.203125,0.16458262567934784,0.16458262567934784,0.16458262567934784
530,572.0,0.0504077668651906,0.0504077668651906,0.0504077668651906,0.048238324068210534,0.048238324068210534,0.048238324068210534
531,624.0,0.04086181277860327,0.04086181277860327,0.04086181277860327,0.05330802399493078,0.05330802399493078,0.05330802399493078
532,676.0,0.598987257912943,0.598987257912943,0.598987257912943,0.8951392243147821,0.8951392243147821,0.8951392243147821
533,728.0,0.1619945000611137,0.1619945000611137,0.1619945000611137,0.27023755217677364,0.27023755217677364,0.27023755217677364
534,780.0,127.21374270847899,127.21374270847899,127.21374270847899,139.89588102130165,139.89588102130165,139.89588102130165
535,832.0,0.18981721148014732,0.18981721148014732,0.18981721148014732,0.3030455596978949,0.3030455596978949,0.3030455596978949
536,884.0,116.7083847835726,116.7083847835726,116.7083847835726,106.00353562346311,106.00353562346311,106.00353562346311
537,936.0,4.957643994357,4.957643994357,4.957643994357,282.46795595258135,282.46795595258135,282.46795595258135
538,988.0,0.23448050434298331,0.23448050434298331,0.23448050434298331,0.34175710033430123,0.34175710033430123,0.34175710033430123
539,1040.0,0.07891637220259129,0.07891637220259129,0.07891637220259129,0.08917856662241036,0.08917856662241036,0.08917856662241036
540,52.0,0.23190102920529743,0.23190102920529743,0.23190102920529743,0.31378420109354965,0.31378420109354965,0.31378420109354965
541,104.0,0.06451612903225806,0.06451612903225806,0.06451612903225806,0.06035379812695107,0.06035379812695107,0.06035379812695107
542,156.0,1.0227477111223404,1.0227477111223404,1.0227477111223404,1.1974668824879309,1.1974668824879309,1.1974668824879309
543,208.0,0.08472994501924484,0.08472994501924484,0.08472994501924484,0.08183399363688695,0.08183399363688695,0.08183399363688695
544,260.0,0.18062543244388732,0.18062543244388732,0.18062543244388732,0.18994304593402478,0.18994304593402478,0.18994304593402478
545,312.0,0.4780201482935966,0.4780201482935966,0.4780201482935966,0.6285361105714001,0.6285361105714001,0.6285361105714001
546,364.0,0.27462915642069996,0.27462915642069996,0.27462915642069996,0.4239977093791988,0.4239977093791988,0.4239977093791988
547,416.0,0.15903992821893226,0.15903992821893226,0.15903992821893226,0.18040392348424789,0.18040392348424789,0.18040392348424789
548,468.0,0.10852713178294573,0.10852713178294573,0.10852713178294573,0.10039696426614635,0.10039696426614635,0.10039696426614635
549,520.0,0.5545633500177898,0.5545633500177898,0.5545633500177898,0.511896635424626,0.511896635424626,0.511896635424626
550,572.0,0.17293233082706766,0.17293233082706766,0.17293233082706766,0.1806207247441913,0.1806207247441913,0.1806207247441913
551,624.0,0.26223776223776224,0.26223776223776224,0.26223776223776224,0.28737521220038703,0.28737521220038703,0.28737521220038703
552,676.0,0.1653207395120428,0.1653207395120428,0.1653207395120428,0.17440383152119376,0.17440383152119376,0.17440383152119376
553,728.0,0.24984749734655792,0.24984749734655792,0.24984749734655792,0.28773277228161903,0.28773277228161903,0.28773277228161903
554,780.0,0.28531076074057077,0.28531076074057077,0.28531076074057077,0.30582767315982523,0.30582767315982523,0.30582767315982523
555,832.0,0.5259191003713802,0.5259191003713802,0.5259191003713802,0.5408561394043729,0.5408561394043729,0.5408561394043729
556,884.0,0.6857971007803514,0.6857971007803514,0.6857971007803514,0.7026580001015807,0.7026580001015807,0.7026580001015807
557,936.0,0.0635484449474715,0.0635484449474715,0.0635484449474715,0.05774476588737634,0.05774476588737634,0.05774476588737634
558,988.0,0.289198606271777,0.289198606271777,0.289198606271777,0.2857021452245383,0.2857021452245383,0.2857021452245383
559,1040.0,0.1453109978882731,0.1453109978882731,0.1453109978882731,0.15427234628751935,0.15427234628751935,0.15427234628751935
560,52.0,0.2858570304238823,0.2858570304238823,0.2858570304238823,0.41238524018699185,0.41238524018699185,0.41238524018699185
561,104.0,0.6520658829746672,0.6520658829746672,0.6520658829746672,0.7677004795067345,0.7677004795067345,0.7677004795067345
562,156.0,0.0,0.0,0.0,0.0,0.0,0.0
563,208.0,0.26281280380103383,0.26281280380103383,0.26281280380103383,0.3240779235717623,0.3240779235717623,0.3240779235717623
564,260.0,0.11611274027746403,0.11611274027746403,0.11611274027746403,0.26316777109170364,0.26316777109170364,0.26316777109170364
565,312.0,0.2059451255176752,0.2059451255176752,0.2059451255176752,0.18792842386868305,0.18792842386868305,0.18792842386868305
566,364.0,0.5756255304860353,0.5756255304860353,0.5756255304860353,1.04321851372396,1.04321851372396,1.04321851372396
567,416.0,0.24005342180564343,0.24005342180564343,0.24005342180564343,0.21675133286114653,0.21675133286114653,0.21675133286114653
568,468.0,0.004121586810922205,0.004121586810922205,0.004121586810922205,0.004104599333082237,0.004104599333082237,0.004104599333082237
569,520.0,0.20454545454545456,0.20454545454545456,0.20454545454545456,0.23088842975206614,0.23088842975206614,0.23088842975206614
570,572.0,0.38860659561730815,0.38860659561730815,0.38860659561730815,0.5249365049474579,0.5249365049474579,0.5249365049474579
571,624.0,0.39596009750467476,0.39596009750467476,0.39596009750467476,0.37304134407904,0.37304134407904,0.37304134407904
572,676.0,0.17086136836568158,0.17086136836568158,0.17086136836568158,0.2093705698696401,0.2093705698696401,0.2093705698696401
573,728.0,0.3914379810544178,0.3914379810544178,0.3914379810544178,0.6537769071089957,0.6537769071089957,0.6537769071089957
574,780.0,0.9805182591963438,0.9805182591963438,0.9805182591963438,55.19932821932687,55.19932821932687,55.19932821932687
575,832.0,0.0838751247111134,0.0838751247111134,0.0838751247111134,0.12414613275615739,0.12414613275615739,0.12414613275615739
576,884.0,0.10844800068929936,0.10844800068929936,0.10844800068929936,0.16952409896319426,0.16952409896319426,0.16952409896319426
577,936.0,0.3020642880430804,0.3020642880430804,0.3020642880430804,0.43388807617423764,0.43388807617423764,0.43388807617423764
578,988.0,0.8092359200264703,0.8092359200264703,0.8092359200264703,0.6566835163364413,0.6566835163364413,0.6566835163364413
579,1040.0,0.6346882463437625,0.6346882463437625,0.6346882463437625,0.8750888139265279,0.8750888139265279,0.8750888139265279
580,52.0,0.0,0.0,0.0,0.0,0.0,0.0
581,104.0,5.88029040457825,5.88029040457825,5.88029040457825,11.803409975992267,11.803409975992267,11.803409975992267
582,156.0,0.008264462809917356,0.008264462809917356,0.008264462809917356,0.008196161464380848,0.008196161464380848,0.008196161464380848
583,208.0,0.1519095544441095,0.1519095544441095,0.1519095544441095,0.16647634320415158,0.16647634320415158,0.16647634320415158
584,260.0,30.752458614121334,30.752458614121334,30.752458614121334,42.176047342887934,42.176047342887934,42.176047342887934
585,312.0,0.35541770969289127,0.35541770969289127,0.35541770969289127,1.3141578088165335,1.3141578088165335,1.3141578088165335
586,364.0,0.4137090608962275,0.4137090608962275,0.4137090608962275,0.5700533513228813,0.5700533513228813,0.5700533513228813
587,416.0,0.17236623777092272,0.17236623777092272,0.17236623777092272,0.12865822500866683,0.12865822500866683,0.12865822500866683
588,468.0,0.7448573390904776,0.7448573390904776,0.7448573390904776,0.7040220036630738,0.7040220036630738,0.7040220036630738
589,520.0,0.45126045345867755,0.45126045345867755,0.45126045345867755,0.46416532197541815,0.46416532197541815,0.46416532197541815
590,572.0,71.04388809221805,71.04388809221805,71.04388809221805,100.78858776196888,100.78858776196888,100.78858776196888
591,624.0,0.45761924439699003,0.45761924439699003,0.45761924439699003,0.5179357401547126,0.5179357401547126,0.5179357401547126
592,676.0,0.11578626217007522,0.11578626217007522,0.11578626217007522,0.11118451427377168,0.11118451427377168,0.11118451427377168
593,728.0,0.29891304347826086,0.29891304347826086,0.29891304347826086,0.32550606490233147,0.32550606490233147,0.32550606490233147
594,780.0,0.5005414418295546,0.5005414418295546,0.5005414418295546,0.48328670085907693,0.48328670085907693,0.48328670085907693
595,832.0,0.1387557240138457,0.1387557240138457,0.1387557240138457,0.13337743596604826,0.13337743596604826,0.13337743596604826
596,884.0,0.013513513513513514,0.013513513513513514,0.013513513513513514,0.013330898466033607,0.013330898466033607,0.013330898466033607
597,936.0,0.22775018995426935,0.22775018995426935,0.22775018995426935,0.25523133890943517,0.25523133890943517,0.25523133890943517
598,988.0,0.6867242595027163,0.6867242595027163,0.6867242595027163,49.60756349396149,49.60756349396149,49.60756349396149
599,1040.0,0.044169611307420496,0.044169611307420496,0.044169611307420496,0.04221865674437189,0.04221865674437189,0.04221865674437189
600,52.0,0.047957371225577264,0.047957371225577264,0.047957371225577264,0.052762257507831985,0.052762257507831985,0.052762257507831985
601,104.0,0.1755411540599821,0.1755411540599821,0.1755411540599821,0.18042758746396545,0.18042758746396545,0.18042758746396545
602,156.0,0.27220911829575545,0.27220911829575545,0.27220911829575545,0.2626300869001522,0.2626300869001522,0.2626300869001522
603,208.0,0.16683417085427135,0.16683417085427135,0.16683417085427135,0.1631211333047145,0.1631211333047145,0.1631211333047145
604,260.0,0.3227366141713652,0.3227366141713652,0.3227366141713652,0.3831029247972377,0.3831029247972377,0.3831029247972377
605,312.0,0.1452684219695336,0.1452684219695336,0.1452684219695336,0.16840147529672586,0.16840147529672586,0.16840147529672586
606,364.0,0.19003794965945614,0.19003794965945614,0.19003794965945614,0.20432362881682997,0.20432362881682997,0.20432362881682997
607,416.0,0.23146591251521872,0.23146591251521872,0.23146591251521872,0.2639663438686731,0.2639663438686731,0.2639663438686731
608,468.0,0.24083161711883938,0.24083161711883938,0.24083161711883938,0.35406969962196916,0.35406969962196916,0.35406969962196916
609,520.0,0.6225829822601097,0.6225829822601097,0.6225829822601097,0.6970464008249263,0.6970464008249263,0.6970464008249263
610,572.0,0.2864726690964052,0.2864726690964052,0.2864726690964052,0.5060464251923494,0.5060464251923494,0.5060464251923494
611,624.0,92.07840217221333,92.07840217221333,92.07840217221333,284.17163332517134,284.17163332517134,284.17163332517134
612,676.0,0.6460678483619388,0.6460678483619388,0.6460678483619388,0.799369201097325,0.799369201097325,0.799369201097325
613,728.0,0.12,0.12,0.12,0.1056,0.1056,0.1056
614,780.0,0.07425597229781823,0.07425597229781823,0.07425597229781823,0.06826099509794763,0.06826099509794763,0.06826099509794763
615,832.0,0.5050699038209503,0.5050699038209503,0.5050699038209503,0.49696315005253344,0.49696315005253344,0.49696315005253344
616,884.0,141.71512195623094,141.71512195623094,141.71512195623094,145.84963661085433,145.84963661085433,145.84963661085433
617,936.0,0.017137096774193547,0.017137096774193547,0.017137096774193547,0.016843416688345474,0.016843416688345474,0.016843416688345474
618,988.0,0.17551090621526413,0.17551090621526413,0.17551090621526413,0.1421783181986676,0.1421783181986676,0.1421783181986676
619,1040.0,0.25248220584900116,0.25248220584900116,0.25248220584900116,0.2537585046690885,0.2537585046690885,0.2537585046690885
620,52.0,0.2653629422449861,0.2653629422449861,0.2653629422449861,0.28592617079184046,0.28592617079184046,0.28592617079184046
621,104.0,0.14285714285714285,0.14285714285714285,0.14285714285714285,0.2569027611044418,0.2569027611044418,0.2569027611044418
622,156.0,0.2097280960340261,0.2097280960340261,0.2097280960340261,0.3835683741389368,0.3835683741389368,0.3835683741389368
623,208.0,0.4160175356835887,0.4160175356835887,0.4160175356835887,0.32009970708909385,0.32009970708909385,0.32009970708909385
624,260.0,0.23586440390257932,0.23586440390257932,0.23586440390257932,0.45303924523161976,0.45303924523161976,0.45303924523161976
625,312.0,0.11236263994037086,0.11236263994037086,0.11236263994037086,0.11318484718061138,0.11318484718061138,0.11318484718061138
626,364.0,0.15708643176026443,0.15708643176026443,0.15708643176026443,0.15949765952136405,0.15949765952136405,0.15949765952136405
627,416.0,0.10543316250992125,0.10543316250992125,0.10543316250992125,0.17201189980149095,0.17201189980149095,0.17201189980149095
628,468.0,0.21403822479030823,0.21403822479030823,0.21403822479030823,0.2675656407144226,0.2675656407144226,0.2675656407144226
629,520.0,0.2030117864097947,0.2030117864097947,0.2030117864097947,0.20517013973206036,0.20517013973206036,0.20517013973206036
630,572.0,0.18416911137403263,0.18416911137403263,0.18416911137403263,0.2725322146949212,0.2725322146949212,0.2725322146949212
631,624.0,0.08779443087806256,0.08779443087806256,0.08779443087806256,0.07670360116508525,0.07670360116508525,0.07670360116508525
632,676.0,0.06407766990291262,0.06407766990291262,0.06407766990291262,0.05997172212272596,0.05997172212272596,0.05997172212272596
633,728.0,0.09330306469920545,0.09330306469920545,0.09330306469920545,0.08459760281694131,0.08459760281694131,0.08459760281694131
634,780.0,0.04707012487992315,0.04707012487992315,0.04707012487992315,0.05253944657145414,0.05253944657145414,0.05253944657145414
635,832.0,0.03707590066456803,0.03707590066456803,0.03707590066456803,0.035701278254479114,0.035701278254479114,0.035701278254479114
636,884.0,0.4619033358312286,0.4619033358312286,0.4619033358312286,0.590826164292409,0.590826164292409,0.590826164292409
637,936.0,0.1564625850340136,0.1564625850340136,0.1564625850340136,0.1319820445184877,0.1319820445184877,0.1319820445184877
638,988.0,0.309462915601023,0.309462915601023,0.309462915601023,0.2878644174227013,0.2878644174227013,0.2878644174227013
639,1040.0,0.13636363636363635,0.13636363636363635,0.13636363636363635,0.11776859504132227,0.11776859504132227,0.11776859504132227
640,52.0,0.2914757800318276,0.2914757800318276,0.2914757800318276,0.2673026764708743,0.2673026764708743,0.2673026764708743
641,104.0,0.686915482162079,0.686915482162079,0.686915482162079,0.7385057586632932,0.7385057586632932,0.7385057586632932
642,156.0,0.2782936514598481,0.2782936514598481,0.2782936514598481,0.2778390931622531,0.2778390931622531,0.2778390931622531
643,208.0,0.049380963087532634,0.049380963087532634,0.049380963087532634,0.04910071146608254,0.04910071146608254,0.04910071146608254
644,260.0,0.05364968480697052,0.05364968480697052,0.05364968480697052,0.05148579921946193,0.05148579921946193,0.05148579921946193
645,312.0,0.15005673555027998,0.15005673555027998,0.15005673555027998,0.16728361471602443,0.16728361471602443,0.16728361471602443
646,364.0,0.05157844924180684,0.05157844924180684,0.05157844924180684,0.05167138362484602,0.05167138362484602,0.05167138362484602
647,416.0,0.13205128205128205,0.13205128205128205,0.13205128205128205,0.11461374095989484,0.11461374095989484,0.11461374095989484
648,468.0,0.2594941163496601,0.2594941163496601,0.2594941163496601,0.3033989110078166,0.3033989110078166,0.3033989110078166
649,520.0,0.16648170176617788,0.16648170176617788,0.16648170176617788,0.21647827441274717,0.21647827441274717,0.21647827441274717
650,572.0,0.002454590083456063,0.002454590083456063,0.002454590083456063,0.0024485650709782625,0.0024485650709782625,0.0024485650709782625
651,624.0,0.25087673582761594,0.25087673582761594,0.25087673582761594,0.23862653817613122,0.23862653817613122,0.23862653817613122
652,676.0,0.0017254128666502342,0.0017254128666502342,0.0017254128666502342,0.001722435817089832,0.001722435817089832,0.001722435817089832
653,728.0,0.08488063660477453,0.08488063660477453,0.08488063660477453,0.07767591413434274,0.07767591413434274,0.07767591413434274
654,780.0,129.52526421607436,129.52526421607436,129.52526421607436,117.57348279594225,117.57348279594225,117.57348279594225
655,832.0,0.006742617995814926,0.006742617995814926,0.006742617995814926,0.006697155098377439,0.006697155098377439,0.006697155098377439
656,884.0,0.29817953546767106,0.29817953546767106,0.29817953546767106,0.28334257417002906,0.28334257417002906,0.28334257417002906
657,936.0,0.41446679605146125,0.41446679605146125,0.41446679605146125,0.7145965291853842,0.7145965291853842,0.7145965291853842
658,988.0,0.24177349149581884,0.24177349149581884,0.24177349149581884,0.3260773284858035,0.3260773284858035,0.3260773284858035
659,1040.0,0.19871279163314562,0.19871279163314562,0.19871279163314562,0.1652598072941376,0.1652598072941376,0.1652598072941376
660,52.0,0.983982626236794,0.983982626236794,0.983982626236794,2.3522424302751532,2.3522424302751532,2.3522424302751532
661,104.0,0.7871426265627534,0.7871426265627534,0.7871426265627534,4.525586264475609,4.525586264475609,4.525586264475609
662,156.0,0.08710033076074973,0.08710033076074973,0.08710033076074973,0.09274429313109236,0.09274429313109236,0.09274429313109236
663,208.0,1.118938943279512,1.118938943279512,1.118938943279512,0.9992931721814255,0.9992931721814255,0.9992931721814255
664,260.0,0.12526260053854094,0.12526260053854094,0.12526260053854094,0.209200623989477,0.209200623989477,0.209200623989477
665,312.0,0.09571062740076824,0.09571062740076824,0.09571062740076824,0.08655010320331956,0.08655010320331956,0.08655010320331956
666,364.0,0.4117647058823529,0.4117647058823529,0.4117647058823529,0.6172145328719723,0.6172145328719723,0.6172145328719723
667,416.0,0.24629594422711062,0.24629594422711062,0.24629594422711062,0.2938212171678185,0.2938212171678185,0.2938212171678185
668,468.0,0.09985505355593915,0.09985505355593915,0.09985505355593915,0.11953637554554121,0.11953637554554121,0.11953637554554121
669,520.0,0.3922288846439248,0.3922288846439248,0.3922288846439248,0.7346485686694547,0.7346485686694547,0.7346485686694547
670,572.0,0.40918322195298046,0.40918322195298046,0.40918322195298046,0.40809126482365143,0.40809126482365143,0.40809126482365143
671,624.0,0.12975164723770907,0.12975164723770907,0.12975164723770907,0.14839512331837126,0.14839512331837126,0.14839512331837126
672,676.0,0.40523837529751966,0.40523837529751966,0.40523837529751966,0.383854213742917,0.383854213742917,0.383854213742917
673,728.0,0.22293451929058383,0.22293451929058383,0.22293451929058383,0.21052357414779568,0.21052357414779568,0.21052357414779568
674,780.0,0.22788033099936347,0.22788033099936347,0.22788033099936347,0.24851613080982043,0.24851613080982043,0.24851613080982043
675,832.0,0.11797919762258544,0.11797919762258544,0.11797919762258544,0.11891894756131757,0.11891894756131757,0.11891894756131757
676,884.0,0.13946866365588634,0.13946866365588634,0.13946866365588634,0.1442403665783441,0.1442403665783441,0.1442403665783441
677,936.0,1.1471481051754837,1.1471481051754837,1.1471481051754837,21.148241776873398,21.148241776873398,21.148241776873398
678,988.0,0.1373946856772521,0.1373946856772521,0.1373946856772521,0.14400885286439136,0.14400885286439136,0.14400885286439136
679,1040.0,0.13039596177289356,0.13039596177289356,0.13039596177289356,0.15142606850970672,0.15142606850970672,0.15142606850970672
680,52.0,0.4926426953005414,0.4926426953005414,0.4926426953005414,0.504831138298655,0.504831138298655,0.504831138298655
681,104.0,0.011320676978485355,0.011320676978485355,0.011320676978485355,0.00857664719419131,0.00857664719419131,0.00857664719419131
682,156.0,0.23030230335718135,0.23030230335718135,0.23030230335718135,0.3883185654475399,0.3883185654475399,0.3883185654475399
683,208.0,0.07234314980793854,0.07234314980793854,0.07234314980793854,0.10168068122388152,0.10168068122388152,0.10168068122388152
684,260.0,0.37880611215053017,0.37880611215053017,0.37880611215053017,1.8733532223713651,1.8733532223713651,1.8733532223713651
685,312.0,0.2962562598142534,0.2962562598142534,0.2962562598142534,0.20349162033494758,0.20349162033494758,0.20349162033494758
686,364.0,0.5857758880544794,0.5857758880544794,0.5857758880544794,0.8228573567183717,0.8228573567183717,0.8228573567183717
687,416.0,0.051744373657966095,0.051744373657966095,0.051744373657966095,0.05901359816317987,0.05901359816317987,0.05901359816317987
688,468.0,0.6818454314604429,0.6818454314604429,0.6818454314604429,0.6864828002305765,0.6864828002305765,0.6864828002305765
689,520.0,0.1799163179916318,0.1799163179916318,0.1799163179916318,0.15591463734878594,0.15591463734878594,0.15591463734878594
690,572.0,0.06116207951070336,0.06116207951070336,0.06116207951070336,0.05742127954062976,0.05742127954062976,0.05742127954062976
691,624.0,0.2927997384984964,0.2927997384984964,0.2927997384984964,0.3989904422548605,0.3989904422548605,0.3989904422548605
692,676.0,0.05213675213675214,0.05213675213675214,0.05213675213675214,0.04941851121338301,0.04941851121338301,0.04941851121338301
693,728.0,0.21223791185280275,0.21223791185280275,0.21223791185280275,0.2052759930342361,0.2052759930342361,0.2052759930342361
694,780.0,0.0869281045751634,0.0869281045751634,0.0869281045751634,0.12860908197701737,0.12860908197701737,0.12860908197701737
695,832.0,0.669260188244044,0.669260188244044,0.669260188244044,1.0250426679991707,1.0250426679991707,1.0250426679991707
696,884.0,0.2503218363702542,0.2503218363702542,0.2503218363702542,0.24833166889447528,0.24833166889447528,0.24833166889447528
697,936.0,0.5642433419589383,0.5642433419589383,0.5642433419589383,0.5642600234757107,0.5642600234757107,0.5642600234757107
698,988.0,0.024765729585006693,0.024765729585006693,0.024765729585006693,0.02415238822312901,0.02415238822312901,0.02415238822312901
699,1040.0,0.48834316807380074,0.48834316807380074,0.48834316807380074,0.5001123197228615,0.5001123197228615,0.5001123197228615
700,52.0,0.18667392447020612,0.18667392447020612,0.18667392447020612,0.1975020842978837,0.1975020842978837,0.1975020842978837
701,104.0,0.35336298555679097,0.35336298555679097,0.35336298555679097,0.5011755072741425,0.5011755072741425,0.5011755072741425
702,156.0,0.429170990450362,0.429170990450362,0.429170990450362,0.7973438156971944,0.7973438156971944,0.7973438156971944
703,208.0,0.19557950409814778,0.19557950409814778,0.19557950409814778,0.2741733200530418,0.2741733200530418,0.2741733200530418
704,260.0,0.2712024648396035,0.2712024648396035,0.2712024648396035,0.21237808402689276,0.21237808402689276,0.21237808402689276
705,312.0,0.32448243349491995,0.32448243349491995,0.32448243349491995,0.38403486748140025,0.38403486748140025,0.38403486748140025
706,364.0,0.15497666986101938,0.15497666986101938,0.15497666986101938,0.1597841187038861,0.1597841187038861,0.1597841187038861
707,416.0,0.14926697667140348,0.14926697667140348,0.14926697667140348,0.148070239187544,0.148070239187544,0.148070239187544
708,468.0,0.26025913797563144,0.26025913797563144,0.26025913797563144,0.27376784326446824,0.27376784326446824,0.27376784326446824
709,520.0,0.7060358322943189,0.7060358322943189,0.7060358322943189,2.8938583046302253,2.8938583046302253,2.8938583046302253
710,572.0,0.052345343303874914,0.052345343303874914,0.052345343303874914,0.051644737298165606,0.051644737298165606,0.051644737298165606
711,624.0,0.15016181229773462,0.15016181229773462,0.15016181229773462,0.1755096825546444,0.1755096825546444,0.1755096825546444
712,676.0,0.21010818379936808,0.21010818379936808,0.21010818379936808,0.2111782130631055,0.2111782130631055,0.2111782130631055
713,728.0,0.13253261544833297,0.13253261544833297,0.13253261544833297,0.11538188571403332,0.11538188571403332,0.11538188571403332
714,780.0,0.1785864523284592,0.1785864523284592,0.1785864523284592,0.19354128140120216,0.19354128140120216,0.19354128140120216
715,832.0,0.0423861852433281,0.0423861852433281,0.0423861852433281,0.04058959654384638,0.04058959654384638,0.04058959654384638
716,884.0,0.5459422038238688,0.5459422038238688,0.5459422038238688,1.2014196752612498,1.2014196752612498,1.2014196752612498
717,936.0,0.5552738826313859,0.5552738826313859,0.5552738826313859,0.46345085654845763,0.46345085654845763,0.46345085654845763
718,988.0,0.12487660414610069,0.12487660414610069,0.12487660414610069,0.11323110520781667,0.11323110520781667,0.11323110520781667
719,1040.0,0.2400763554373592,0.2400763554373592,0.2400763554373592,0.3581639294868017,0.3581639294868017,0.3581639294868017
720,52.0,0.1997648533700975,0.1997648533700975,0.1997648533700975,0.23186703062358852,0.23186703062358852,0.23186703062358852
721,104.0,0.28338278931750743,0.28338278931750743,0.28338278931750743,0.36331437276017226,0.36331437276017226,0.36331437276017226
722,156.0,0.2690971480099233,0.2690971480099233,0.2690971480099233,0.323533304500116,0.323533304500116,0.323533304500116
723,208.0,0.22909600012572257,0.22909600012572257,0.22909600012572257,0.28895059819940105,0.28895059819940105,0.28895059819940105
724,260.0,0.8090787819002652,0.8090787819002652,0.8090787819002652,0.722020367029985,0.722020367029985,0.722020367029985
725,312.0,0.31431391256072294,0.31431391256072294,0.31431391256072294,0.31547237793712796,0.31547237793712796,0.31547237793712796
726,364.0,0.05320754716981132,0.05320754716981132,0.05320754716981132,0.05188593805624777,0.05188593805624777,0.05188593805624777
727,416.0,0.13410534180052297,0.13410534180052297,0.13410534180052297,0.11910951897408005,0.11910951897408005,0.11910951897408005
728,468.0,0.3356097421597757,0.3356097421597757,0.3356097421597757,0.4608025299460938,0.4608025299460938,0.4608025299460938
729,520.0,0.11156351791530944,0.11156351791530944,0.11156351791530944,0.11377507984169596,0.11377507984169596,0.11377507984169596
730,572.0,0.27671085253259975,0.27671085253259975,0.27671085253259975,0.2864047164739206,0.2864047164739206,0.2864047164739206
731,624.0,0.14221566042626574,0.14221566042626574,0.14221566042626574,0.16166311255217397,0.16166311255217397,0.16166311255217397
732,676.0,0.13438355580571643,0.13438355580571643,0.13438355580571643,0.224508501943843,0.224508501943843,0.224508501943843
733,728.0,0.14498711196000777,0.14498711196000777,0.14498711196000777,0.17274014803809398,0.17274014803809398,0.17274014803809398
734,780.0,0.1835490469029464,0.1835490469029464,0.1835490469029464,0.17043335744938756,0.17043335744938756,0.17043335744938756
735,832.0,0.0022560631697687537,0.0022560631697687537,0.0022560631697687537,0.0022509733487427663,0.0022509733487427663,0.0022509733487427663
736,884.0,0.3417619657527902,0.3417619657527902,0.3417619657527902,0.40743264025516907,0.40743264025516907,0.40743264025516907
737,936.0,0.07728437233134074,0.07728437233134074,0.07728437233134074,0.07899723680957613,0.07899723680957613,0.07899723680957613
738,988.0,0.19496286986089764,0.19496286986089764,0.19496286986089764,0.2093894997185209,0.2093894997185209,0.2093894997185209
739,1040.0,0.0710868079289132,0.0710868079289132,0.0710868079289132,0.07696990565645458,0.07696990565645458,0.07696990565645458
740,52.0,0.12419871794871795,0.12419871794871795,0.12419871794871795,0.16806826820348456,0.16806826820348456,0.16806826820348456
741,104.0,0.31578900715419966,0.31578900715419966,0.31578900715419966,0.36252138105694215,0.36252138105694215,0.36252138105694215
742,156.0,0.08555967625630757,0.08555967625630757,0.08555967625630757,0.09437474319205318,0.09437474319205318,0.09437474319205318
743,208.0,0.3250978024340367,0.3250978024340367,0.3250978024340367,0.2801802434813327,0.2801802434813327,0.2801802434813327
744,260.0,0.15029919042590636,0.15029919042590636,0.15029919042590636,0.1277093437832235,0.1277093437832235,0.1277093437832235
745,312.0,0.41398901248954767,0.41398901248954767,0.41398901248954767,0.43818118143171075,0.43818118143171075,0.43818118143171075
746,364.0,0.1910537252703824,0.1910537252703824,0.1910537252703824,0.21099675915513624,0.21099675915513624,0.21099675915513624
747,416.0,0.21252809634857445,0.21252809634857445,0.21252809634857445,0.21104186177973921,0.21104186177973921,0.21104186177973921
748,468.0,0.44154806443573646,0.44154806443573646,0.44154806443573646,0.5205787977026315,0.5205787977026315,0.5205787977026315
749,520.0,0.22597608016983764,0.22597608016983764,0.22597608016983764,0.23302425061993148,0.23302425061993148,0.23302425061993148
750,572.0,0.3566072475612265,0.3566072475612265,0.3566072475612265,0.4139996895069349,0.4139996895069349,0.4139996895069349
751,624.0,0.41091017923808115,0.41091017923808115,0.41091017923808115,0.7201321786761964,0.7201321786761964,0.7201321786761964
752,676.0,0.026580035440047254,0.026580035440047254,0.026580035440047254,0.025873537156053082,0.025873537156053082,0.025873537156053082
753,728.0,0.0,0.0,0.0,0.0,0.0,0.0
754,780.0,0.8654791597079822,0.8654791597079822,0.8654791597079822,0.8098598456065341,0.8098598456065341,0.8098598456065341
755,832.0,0.11866295264623955,0.11866295264623955,0.11866295264623955,0.11906673598125404,0.11906673598125404,0.11906673598125404
756,884.0,0.04700854700854701,0.04700854700854701,0.04700854700854701,0.04907224779019649,0.04907224779019649,0.04907224779019649
757,936.0,0.02130681818181818,0.02130681818181818,0.02130681818181818,0.020852837680785122,0.020852837680785122,0.020852837680785122
758,988.0,0.04285714285714286,0.04285714285714286,0.04285714285714286,0.0564050235478807,0.0564050235478807,0.0564050235478807
759,1040.0,0.042867545632873476,0.042867545632873476,0.042867545632873476,0.041590669115373194,0.041590669115373194,0.041590669115373194
760,52.0,0.10293698317650414,0.10293698317650414,0.10293698317650414,0.11401190449765668,0.11401190449765668,0.11401190449765668
761,104.0,8.385444559640606,8.385444559640606,8.385444559640606,8.288889612037542,8.288889612037542,8.288889612037542
762,156.0,0.30766560714960095,0.30766560714960095,0.30766560714960095,0.3628912323742799,0.3628912323742799,0.3628912323742799
763,208.0,0.40797979408858975,0.40797979408858975,0.40797979408858975,0.9668536295789297,0.9668536295789297,0.9668536295789297
764,260.0,0.18979103990348234,0.18979103990348234,0.18979103990348234,0.15715526221193998,0.15715526221193998,0.15715526221193998
765,312.0,0.18999208236745727,0.18999208236745727,0.18999208236745727,0.2086803358614267,0.2086803358614267,0.2086803358614267
766,364.0,0.08165723628527577,0.08165723628527577,0.08165723628527577,0.08271124759769634,0.08271124759769634,0.08271124759769634
767,416.0,0.7588115571616468,0.7588115571616468,0.7588115571616468,0.9377768169125962,0.9377768169125962,0.9377768169125962
768,468.0,0.6728764598147463,0.6728764598147463,0.6728764598147463,0.8239526161904006,0.8239526161904006,0.8239526161904006
769,520.0,0.2652786707267429,0.2652786707267429,0.2652786707267429,0.21857788339864773,0.21857788339864773,0.21857788339864773
770,572.0,0.5243687086649625,0.5243687086649625,0.5243687086649625,0.5402431914713915,0.5402431914713915,0.5402431914713915
771,624.0,0.0586031576130586,0.0586031576130586,0.0586031576130586,0.0551688275308376,0.0551688275308376,0.0551688275308376
772,676.0,0.10036130068245684,0.10036130068245684,0.10036130068245684,0.11598140298249125,0.11598140298249125,0.11598140298249125
773,728.0,0.1139371970170527,0.1139371970170527,0.1139371970170527,0.1379810710797917,0.1379810710797917,0.1379810710797917
774,780.0,0.059500420993544766,0.059500420993544766,0.059500420993544766,0.055960120895135725,0.055960120895135725,0.055960120895135725
775,832.0,0.1353135313531353,0.1353135313531353,0.1353135313531353,0.1434064198499058,0.1434064198499058,0.1434064198499058
776,884.0,0.02074688796680498,0.02074688796680498,0.02074688796680498,0.02031645460649782,0.02031645460649782,0.02031645460649782
777,936.0,0.010967098703888335,0.010967098703888335,0.010967098703888335,0.010846821449907501,0.010846821449907501,0.010846821449907501
778,988.0,0.1643979057591623,0.1643979057591623,0.1643979057591623,0.14155971601655656,0.14155971601655656,0.14155971601655656
779,1040.0,0.0364321608040201,0.0364321608040201,0.0364321608040201,0.03761742127724048,0.03761742127724048,0.03761742127724048
780,52.0,0.2424193698735032,0.2424193698735032,0.2424193698735032,0.3018337727340699,0.3018337727340699,0.3018337727340699
781,104.0,0.43963887119137246,0.43963887119137246,0.43963887119137246,0.3512052379844241,0.3512052379844241,0.3512052379844241
782,156.0,0.2817297982398909,0.2817297982398909,0.2817297982398909,0.35105651779942315,0.35105651779942315,0.35105651779942315
783,208.0,34.74558913695794,34.74558913695794,34.74558913695794,32.167215076773424,32.167215076773424,32.167215076773424
784,260.0,0.24723195940628145,0.24723195940628145,0.24723195940628145,0.2675922364041174,0.2675922364041174,0.2675922364041174
785,312.0,0.19228053072984594,0.19228053072984594,0.19228053072984594,0.18305691811116728,0.18305691811116728,0.18305691811116728
786,364.0,0.7665256670553724,0.7665256670553724,0.7665256670553724,2.165406712618286,2.165406712618286,2.165406712618286
787,416.0,0.10673489506360949,0.10673489506360949,0.10673489506360949,0.11006933990702879,0.11006933990702879,0.11006933990702879
788,468.0,0.07240984544934173,0.07240984544934173,0.07240984544934173,0.0677390695767935,0.0677390695767935,0.0677390695767935
789,520.0,0.23215492241303567,0.23215492241303567,0.23215492241303567,0.2552935765276266,0.2552935765276266,0.2552935765276266
790,572.0,0.25901934092186735,0.25901934092186735,0.25901934092186735,0.23191898783419063,0.23191898783419063,0.23191898783419063
791,624.0,0.058190244986429024,0.058190244986429024,0.058190244986429024,0.06174893669897113,0.06174893669897113,0.06174893669897113
792,676.0,0.8713522643243959,0.8713522643243959,0.8713522643243959,1.0355989989092789,1.0355989989092789,1.0355989989092789
793,728.0,0.17840292331149105,0.17840292331149105,0.17840292331149105,0.18707537673432742,0.18707537673432742,0.18707537673432742
794,780.0,0.16710638390353474,0.16710638390353474,0.16710638390353474,0.16584508033772333,0.16584508033772333,0.16584508033772333
795,832.0,0.04035874439461883,0.04035874439461883,0.04035874439461883,0.03872991614550866,0.03872991614550866,0.03872991614550866
796,884.0,0.125,0.125,0.125,0.109375,0.109375,0.109375
797,936.0,0.04258675078864353,0.04258675078864353,0.04258675078864353,0.04077311944590951,0.04077311944590951,0.04077311944590951
798,988.0,0.9642030592484314,0.9642030592484314,0.9642030592484314,1.0994147302216664,1.0994147302216664,1.0994147302216664
799,1040.0,0.5659050327699937,0.5659050327699937,0.5659050327699937,1.2184010440968813,1.2184010440968813,1.2184010440968813
800,52.0,0.33814181295181805,0.33814181295181805,0.33814181295181805,0.3789189880691899,0.3789189880691899,0.3789189880691899
801,104.0,0.236782647989155,0.236782647989155,0.236782647989155,0.20240663915665738,0.20240663915665738,0.20240663915665738
802,156.0,0.3175445431002974,0.3175445431002974,0.3175445431002974,0.8934966659143947,0.8934966659143947,0.8934966659143947
803,208.0,0.0718771807397069,0.0718771807397069,0.0718771807397069,0.07578272880935812,0.07578272880935812,0.07578272880935812
804,260.0,0.031545741324921134,0.031545741324921134,0.031545741324921134,0.033705181661674403,0.033705181661674403,0.033705181661674403
805,312.0,0.285732045640269,0.285732045640269,0.285732045640269,0.34138260689305266,0.34138260689305266,0.34138260689305266
806,364.0,0.04272419555924313,0.04272419555924313,0.04272419555924313,0.042826552429206376,0.042826552429206376,0.042826552429206376
807,416.0,0.22476046732342472,0.22476046732342472,0.22476046732342472,0.302004482452544,0.302004482452544,0.302004482452544
808,468.0,0.4240754402854238,0.4240754402854238,0.4240754402854238,0.7718541671943577,0.7718541671943577,0.7718541671943577
809,520.0,0.154375,0.154375,0.154375,0.150543359375,0.150543359375,0.150543359375
810,572.0,0.053452115812917596,0.053452115812917596,0.053452115812917596,0.050594987128040024,0.050594987128040024,0.050594987128040024
811,624.0,0.09444798978940651,0.09444798978940651,0.09444798978940651,0.08935653957317667,0.08935653957317667,0.08935653957317667
812,676.0,0.21599315738723698,0.21599315738723698,0.21599315738723698,0.22314003462612705,0.22314003462612705,0.22314003462612705
813,728.0,0.13636363636363635,0.13636363636363635,0.13636363636363635,0.11776859504132231,0.11776859504132231,0.11776859504132231
814,780.0,0.4192506079056658,0.4192506079056658,0.4192506079056658,0.3792983383195845,0.3792983383195845,0.3792983383195845
815,832.0,0.059453032104637336,0.059453032104637336,0.059453032104637336,0.057345241848713584,0.057345241848713584,0.057345241848713584
816,884.0,0.30078360458107295,0.30078360458107295,0.30078360458107295,0.2977148772236556,0.2977148772236556,0.2977148772236556
817,936.0,0.2072032014228546,0.2072032014228546,0.2072032014228546,0.1776092966371497,0.1776092966371497,0.1776092966371497
818,988.0,0.024859663191659984,0.024859663191659984,0.024859663191659984,0.024241660337657216,0.024241660337657216,0.024241660337657216
819,1040.0,0.17222222222222222,0.17222222222222222,0.17222222222222222,0.17589506172839503,0.17589506172839503,0.17589506172839503
820,52.0,0.16253193666563148,0.16253193666563148,0.16253193666563148,0.23807208441665473,0.23807208441665473,0.23807208441665473
821,104.0,0.18034825870646767,0.18034825870646767,0.18034825870646767,0.1508078389148784,0.1508078389148784,0.1508078389148784
822,156.0,0.5324161812023708,0.5324161812023708,0.5324161812023708,0.5347546637569609,0.5347546637569609,0.5347546637569609
823,208.0,2.6962644780790996,2.6962644780790996,2.6962644780790996,27.897033871326762,27.897033871326762,27.897033871326762
824,260.0,0.0030779753761969904,0.0030779753761969904,0.0030779753761969904,0.003068501443780515,0.003068501443780515,0.003068501443780515
825,312.0,11.450311242493296,11.450311242493296,11.450311242493296,68.52867376945169,68.52867376945169,68.52867376945169
826,364.0,0.23524648479769594,0.23524648479769594,0.23524648479769594,0.24541231789403323,0.24541231789403323,0.24541231789403323
827,416.0,0.21591415890960042,0.21591415890960042,0.21591415890960042,0.22316290898710656,0.22316290898710656,0.22316290898710656
828,468.0,0.33669657629695443,0.33669657629695443,0.33669657629695443,0.37364517163741606,0.37364517163741606,0.37364517163741606
829,520.0,0.45901639344262296,0.45901639344262296,0.45901639344262296,0.4013258084744244,0.4013258084744244,0.4013258084744244
830,572.0,0.019522776572668113,0.019522776572668113,0.019522776572668113,0.019141637767561802,0.019141637767561802,0.019141637767561802
831,624.0,0.0,0.0,0.0,0.0,0.0,0.0
832,676.0,0.1320433962988661,0.1320433962988661,0.1320433962988661,0.1329464125313425,0.1329464125313425,0.1329464125313425
833,728.0,0.21424675628353268,0.21424675628353268,0.21424675628353268,0.20519872677741177,0.20519872677741177,0.20519872677741177
834,780.0,0.3613778956645107,0.3613778956645107,0.3613778956645107,0.3871326879864077,0.3871326879864077,0.3871326879864077
835,832.0,0.07778059285533316,0.07778059285533316,0.07778059285533316,0.07274420015034526,0.07274420015034526,0.07274420015034526
836,884.0,0.07056798623063683,0.07056798623063683,0.07056798623063683,0.08142291319198605,0.08142291319198605,0.08142291319198605
837,936.0,0.07543698252069918,0.07543698252069918,0.07543698252069918,0.09734514023302915,0.09734514023302915,0.09734514023302915
838,988.0,0.15288860517076286,0.15288860517076286,0.15288860517076286,0.12951367957970145,0.12951367957970145,0.12951367957970145
839,1040.0,0.403202293505458,0.403202293505458,0.403202293505458,0.4346508462378004,0.4346508462378004,0.4346508462378004
840,52.0,0.017425519955030916,0.017425519955030916,0.017425519955030916,0.018246098303200696,0.018246098303200696,0.018246098303200696
841,104.0,0.15574963609898107,0.15574963609898107,0.15574963609898107,0.14022531140816452,0.14022531140816452,0.14022531140816452
842,156.0,0.036952256376716806,0.036952256376716806,0.036952256376716806,0.03754885383565435,0.03754885383565435,0.03754885383565435
843,208.0,0.03457548981943911,0.03457548981943911,0.03457548981943911,0.03952677906886304,0.03952677906886304,0.03952677906886304
844,260.0,0.08109595104988145,0.08109595104988145,0.08109595104988145,0.08632692728132059,0.08632692728132059,0.08632692728132059
845,312.0,0.11587476282326072,0.11587476282326072,0.11587476282326072,0.10902201691091214,0.10902201691091214,0.10902201691091214
846,364.0,0.3338373663509989,0.3338373663509989,0.3338373663509989,0.5368801100223268,0.5368801100223268,0.5368801100223268
847,416.0,0.40791230334968076,0.40791230334968076,0.40791230334968076,0.40711516377813345,0.40711516377813345,0.40711516377813345
848,468.0,86.72451446223835,86.72451446223835,86.72451446223835,76.95854364417315,76.95854364417315,76.95854364417315
849,520.0,0.22270801632714682,0.22270801632714682,0.22270801632714682,0.22123683508367825,0.22123683508367825,0.22123683508367825
850,572.0,0.7470398736017734,0.7470398736017734,0.7470398736017734,0.9210504392848298,0.9210504392848298,0.9210504392848298
851,624.0,0.07360097323600973,0.07360097323600973,0.07360097323600973,0.06818386997472192,0.06818386997472192,0.06818386997472192
852,676.0,0.026243039660050878,0.026243039660050878,0.026243039660050878,0.023532986873276,0.023532986873276,0.023532986873276
853,728.0,0.021220159151193633,0.021220159151193633,0.021220159151193633,0.020769863996791645,0.020769863996791645,0.020769863996791645
854,780.0,0.2300747840815517,0.2300747840815517,0.2300747840815517,0.2418473217069574,0.2418473217069574,0.2418473217069574
855,832.0,0.09422014376200248,0.09422014376200248,0.09422014376200248,0.1394739747573139,0.1394739747573139,0.1394739747573139
856,884.0,0.05776487663280116,0.05776487663280116,0.05776487663280116,0.05849195632803268,0.05849195632803268,0.05849195632803268
857,936.0,0.46281047652349283,0.46281047652349283,0.46281047652349283,0.5651540637093609,0.5651540637093609,0.5651540637093609
858,988.0,1.528354515401977,1.528354515401977,1.528354515401977,1.6858427564018375,1.6858427564018375,1.6858427564018375
859,1040.0,143.7623614272669,143.7623614272669,143.7623614272669,155.4537194311317,155.4537194311317,155.4537194311317
860,52.0,0.0062413314840499305,0.0062413314840499305,0.0062413314840499305,0.0062023772653561375,0.0062023772653561375,0.0062023772653561375
861,104.0,0.23787482390823103,0.23787482390823103,0.23787482390823103,0.2352247852969352,0.2352247852969352,0.2352247852969352
862,156.0,0.015809893681481314,0.015809893681481314,0.015809893681481314,0.01357459554754221,0.01357459554754221,0.01357459554754221
863,208.0,0.12371338111615138,0.12371338111615138,0.12371338111615138,0.12554044098602457,0.12554044098602457,0.12554044098602457
864,260.0,0.33788395203759297,0.33788395203759297,0.33788395203759297,0.4062462664845783,0.4062462664845783,0.4062462664845783
865,312.0,0.20454545454545456,0.20454545454545456,0.20454545454545456,0.16270661157024793,0.16270661157024793,0.16270661157024793
866,364.0,0.269351000319802,0.269351000319802,0.269351000319802,1.982568200143245,1.982568200143245,1.982568200143245
867,416.0,1.7676184067273446,1.7676184067273446,1.7676184067273446,1.6068010685619374,1.6068010685619374,1.6068010685619374
868,468.0,0.15517525655504463,0.15517525655504463,0.15517525655504463,0.16589740509524653,0.16589740509524653,0.16589740509524653
869,520.0,0.5461727734102766,0.5461727734102766,0.5461727734102766,0.5390529093160974,0.5390529093160974,0.5390529093160974
870,572.0,0.08234362628661916,0.08234362628661916,0.08234362628661916,0.09298199751875819,0.09298199751875819,0.09298199751875819
871,624.0,0.12893626668888766,0.12893626668888766,0.12893626668888766,0.1234442751769782,0.1234442751769782,0.1234442751769782
872,676.0,0.0054585152838427945,0.0054585152838427945,0.0054585152838427945,0.005428719894738851,0.005428719894738851,0.005428719894738851
873,728.0,0.12654545454545454,0.12654545454545454,0.12654545454545454,0.12071352066115701,0.12071352066115701,0.12071352066115701
874,780.0,0.2988597063122604,0.2988597063122604,0.2988597063122604,0.28860345247124847,0.28860345247124847,0.28860345247124847
875,832.0,0.1672060817584393,0.1672060817584393,0.1672060817584393,0.15053075026244667,0.15053075026244667,0.15053075026244667
876,884.0,0.3427841238197095,0.3427841238197095,0.3427841238197095,1.4936642788791301,1.4936642788791301,1.4936642788791301
877,936.0,0.4112028452190529,0.4112028452190529,0.4112028452190529,0.3758253629068779,0.3758253629068779,0.3758253629068779
878,988.0,0.4542553906879969,0.4542553906879969,0.4542553906879969,1.4135567431314418,1.4135567431314418,1.4135567431314418
879,1040.0,0.33527941647583437,0.33527941647583437,0.33527941647583437,0.3972238116095829,0.3972238116095829,0.3972238116095829
880,52.0,0.4114370221543728,0.4114370221543728,0.4114370221543728,0.39339776715318336,0.39339776715318336,0.39339776715318336
881,104.0,0.38015922182217504,0.38015922182217504,0.38015922182217504,0.3992866616117008,0.3992866616117008,0.3992866616117008
882,156.0,0.4618332116830419,0.4618332116830419,0.4618332116830419,0.43864231524779296,0.43864231524779296,0.43864231524779296
883,208.0,0.543213413618448,0.543213413618448,0.543213413618448,0.5642897275264173,0.5642897275264173,0.5642897275264173
884,260.0,0.20623059414598602,0.20623059414598602,0.20623059414598602,0.27452593290607047,0.27452593290607047,0.27452593290607047
885,312.0,0.023707120708518974,0.023707120708518974,0.023707120708518974,0.020968858235933918,0.020968858235933918,0.020968858235933918
886,364.0,0.63991061947144,0.63991061947144,0.63991061947144,1.1649138934996968,1.1649138934996968,1.1649138934996968
887,416.0,0.3725265761363827,0.3725265761363827,0.3725265761363827,0.4330766355313447,0.4330766355313447,0.4330766355313447
888,468.0,0.38495188101487315,0.38495188101487315,0.38495188101487315,0.5050637261768351,0.5050637261768351,0.5050637261768351
889,520.0,56.849925401802764,56.849925401802764,56.849925401802764,50.539403896909725,50.539403896909725,50.539403896909725
890,572.0,0.3729074357114971,0.3729074357114971,0.3729074357114971,0.35835134823569714,0.35835134823569714,0.35835134823569714
891,624.0,0.08843036109064112,0.08843036109064112,0.08843036109064112,0.0938749864916161,0.0938749864916161,0.0938749864916161
892,676.0,0.4281469919982278,0.4281469919982278,0.4281469919982278,0.5319114234922214,0.5319114234922214,0.5319114234922214
893,728.0,0.20036056015272408,0.20036056015272408,0.20036056015272408,0.21721655916595925,0.21721655916595925,0.21721655916595925
894,780.0,0.030612244897959183,0.030612244897959183,0.030612244897959183,0.02967513536026656,0.02967513536026656,0.02967513536026656
895,832.0,0.11676301905783193,0.11676301905783193,0.11676301905783193,0.13797761522116997,0.13797761522116997,0.13797761522116997
896,884.0,0.1084788029925187,0.1084788029925187,0.1084788029925187,0.10169868346589886,0.10169868346589886,0.10169868346589886
897,936.0,0.112691187743167,0.112691187743167,0.112691187743167,0.08877988867795732,0.08877988867795732,0.08877988867795732
898,988.0,0.01342882721575649,0.01342882721575649,0.01342882721575649,0.013248493815365855,0.013248493815365855,0.013248493815365855
899,1040.0,0.3088714077896312,0.3088714077896312,0.3088714077896312,0.28114709165878443,0.28114709165878443,0.28114709165878443
900,52.0,0.08672126956048087,0.08672126956048087,0.08672126956048087,0.09213839288905545,0.09213839288905545,0.09213839288905545
901,104.0,0.7217777827299858,0.7217777827299858,0.7217777827299858,0.7945048057821581,0.7945048057821581,0.7945048057821581
902,156.0,0.12327443622232721,0.12327443622232721,0.12327443622232721,0.09623028806168882,0.09623028806168882,0.09623028806168882
903,208.0,0.24375186701842508,0.24375186701842508,0.24375186701842508,0.308523380934398,0.308523380934398,0.308523380934398
904,260.0,0.2157894943206239,0.2157894943206239,0.2157894943206239,0.2094541061291728,0.2094541061291728,0.2094541061291728
905,312.0,0.14332044814346462,0.14332044814346462,0.14332044814346462,0.177801435801171,0.177801435801171,0.177801435801171
906,364.0,0.3624258413479906,0.3624258413479906,0.3624258413479906,0.4006080541396429,0.4006080541396429,0.4006080541396429
907,416.0,0.010506443530703935,0.010506443530703935,0.010506443530703935,0.00859877431354105,0.00859877431354105,0.00859877431354105
908,468.0,0.27816901408450706,0.27816901408450706,0.27816901408450706,0.36745768035442705,0.36745768035442705,0.36745768035442705
909,520.0,0.5170134059272016,0.5170134059272016,0.5170134059272016,0.5572326469825091,0.5572326469825091,0.5572326469825091
910,572.0,0.11201151267702769,0.11201151267702769,0.11201151267702769,0.13349770979505632,0.13349770979505632,0.13349770979505632
911,624.0,0.1728338313031487,0.1728338313031487,0.1728338313031487,0.16410686252816184,0.16410686252816184,0.16410686252816184
912,676.0,0.015130190007037298,0.015130190007037298,0.015130190007037298,0.014901267357388242,0.014901267357388242,0.014901267357388242
913,728.0,0.08282828282828283,0.08282828282828283,0.08282828282828283,0.07596775839200082,0.07596775839200082,0.07596775839200082
914,780.0,0.9497425110043026,0.9497425110043026,0.9497425110043026,1.187000829476804,1.187000829476804,1.187000829476804
915,832.0,0.14486925706419984,0.14486925706419984,0.14486925706419984,0.23512351769414996,0.23512351769414996,0.23512351769414996
916,884.0,79.04741334496786,79.04741334496786,79.04741334496786,96.92951785599047,96.92951785599047,96.92951785599047
917,936.0,0.06607440310938367,0.06607440310938367,0.06607440310938367,0.06504005887283917,0.06504005887283917,0.06504005887283917
918,988.0,155.57502371019268,155.57502371019268,155.57502371019268,363.6239162552046,363.6239162552046,363.6239162552046
919,1040.0,0.5374617221559217,0.5374617221559217,0.5374617221559217,0.5583550534115358,0.5583550534115358,0.5583550534115358
920,52.0,0.10582904823405082,0.10582904823405082,0.10582904823405082,0.1203605063582716,0.1203605063582716,0.1203605063582716
921,104.0,0.11904761904761904,0.11904761904761904,0.11904761904761904,0.10487528344671203,0.10487528344671203,0.10487528344671203
922,156.0,0.1681636660982889,0.1681636660982889,0.1681636660982889,0.16622637082012093,0.16622637082012093,0.16622637082012093
923,208.0,0.10052338536038227,0.10052338536038227,0.10052338536038227,0.14640154904999458,0.14640154904999458,0.14640154904999458
924,260.0,0.7882329931686078,0.7882329931686078,0.7882329931686078,1.1850906094552451,1.1850906094552451,1.1850906094552451
925,312.0,0.08282112348184559,0.08282112348184559,0.08282112348184559,0.06582266537403283,0.06582266537403283,0.06582266537403283
926,364.0,0.4842994567431648,0.4842994567431648,0.4842994567431648,0.6462759628213691,0.6462759628213691,0.6462759628213691
927,416.0,0.08027027027027027,0.08027027027027027,0.08027027027027027,0.10517830533235939,0.10517830533235939,0.10517830533235939
928,468.0,0.07383015597920277,0.07383015597920277,0.07383015597920277,0.0697657458497157,0.0697657458497157,0.0697657458497157
929,520.0,0.225,0.225,0.225,0.324375,0.324375,0.324375
930,572.0,0.21344171504698892,0.21344171504698892,0.21344171504698892,0.20941633394003067,0.20941633394003067,0.20941633394003067
931,624.0,90.32214717450668,90.32214717450668,90.32214717450668,100.04060980496985,100.04060980496985,100.04060980496985
932,676.0,0.2757221564430406,0.2757221564430406,0.2757221564430406,0.4318081016735584,0.4318081016735584,0.4318081016735584
933,728.0,0.5296182859546102,0.5296182859546102,0.5296182859546102,7.609125971159112,7.609125971159112,7.609125971159112
934,780.0,0.025502318392581144,0.025502318392581144,0.025502318392581144,0.02485195014918456,0.02485195014918456,0.02485195014918456
935,832.0,0.540053778760623,0.540053778760623,0.540053778760623,0.4973509438645762,0.4973509438645762,0.4973509438645762
936,884.0,0.3333333333333333,0.3333333333333333,0.3333333333333333,0.22222222222222224,0.22222222222222224,0.22222222222222224
937,936.0,0.3190010298661174,0.3190010298661174,0.3190010298661174,0.46389230792890845,0.46389230792890845,0.46389230792890845
938,988.0,0.39570042604354655,0.39570042604354655,0.39570042604354655,0.46448483438665694,0.46448483438665694,0.46448483438665694
939,1040.0,0.18783269961977186,0.18783269961977186,0.18783269961977186,0.20274169064176148,0.20274169064176148,0.20274169064176148
940,52.0,1.3172106127500256,1.3172106127500256,1.3172106127500256,1.7084047898674042,1.7084047898674042,1.7084047898674042
941,104.0,4.615035676219667,4.615035676219667,4.615035676219667,26.42623402685561,26.42623402685561,26.42623402685561
942,156.0,0.7073449796496952,0.7073449796496952,0.7073449796496952,5.299411299974228,5.299411299974228,5.299411299974228
943,208.0,0.017962656582368234,0.017962656582368234,0.017962656582368234,0.01763999955087214,0.01763999955087214,0.01763999955087214
944,260.0,0.2782192229439686,0.2782192229439686,0.2782192229439686,0.33411029468343656,0.33411029468343656,0.33411029468343656
945,312.0,0.4443396434806084,0.4443396434806084,0.4443396434806084,5.512660315622341,5.512660315622341,5.512660315622341
946,364.0,2.8777115066146797,2.8777115066146797,2.8777115066146797,33.51552226862357,33.51552226862357,33.51552226862357
947,416.0,0.32716354373785017,0.32716354373785017,0.32716354373785017,0.8190898894972364,0.8190898894972364,0.8190898894972364
948,468.0,0.01484195076082976,0.01484195076082976,0.01484195076082976,0.015010471787583598,0.015010471787583598,0.015010471787583598
949,520.0,0.4265109341835847,0.4265109341835847,0.4265109341835847,1.144753381102986,1.144753381102986,1.144753381102986
950,572.0,0.23656615054081656,0.23656615054081656,0.23656615054081656,0.27714600471517004,0.27714600471517004,0.27714600471517004
951,624.0,0.03870651641352278,0.03870651641352278,0.03870651641352278,0.03916814561652705,0.03916814561652705,0.03916814561652705
952,676.0,0.1963154864709269,0.1963154864709269,0.1963154864709269,0.25103996494727343,0.25103996494727343,0.25103996494727343
953,728.0,0.04874248831515691,0.04874248831515691,0.04874248831515691,0.0517083007030894,0.0517083007030894,0.0517083007030894
954,780.0,0.23508410158473744,0.23508410158473744,0.23508410158473744,0.2923610768344644,0.2923610768344644,0.2923610768344644
955,832.0,0.06699304303014687,0.06699304303014687,0.06699304303014687,0.06302030631593965,0.06302030631593965,0.06302030631593965
956,884.0,0.06314878892733564,0.06314878892733564,0.06314878892733564,0.06665813587800273,0.06665813587800273,0.06665813587800273
957,936.0,25.19136464733696,25.19136464733696,25.19136464733696,104.1837028985401,104.1837028985401,104.1837028985401
958,988.0,0.4370835649162901,0.4370835649162901,0.4370835649162901,0.42729358809371865,0.42729358809371865,0.42729358809371865
959,1040.0,0.12936274452971366,0.12936274452971366,0.12936274452971366,0.11894041410854511,0.11894041410854511,0.11894041410854511
960,52.0,2.422316929812402,2.422316929812402,2.422316929812402,2.1775218711186124,2.1775218711186124,2.1775218711186124
961,104.0,0.11750694720127035,0.11750694720127035,0.11750694720127035,0.13942752823677013,0.13942752823677013,0.13942752823677013
962,156.0,0.2640338500410234,0.2640338500410234,0.2640338500410234,0.22515292950994079,0.22515292950994079,0.22515292950994079
963,208.0,0.19655786440715456,0.19655786440715456,0.19655786440715456,0.2016411967843627,0.2016411967843627,0.2016411967843627
964,260.0,0.11220043572984749,0.11220043572984749,0.11220043572984749,0.09961149795187986,0.09961149795187986,0.09961149795187986
965,312.0,0.31554340177944024,0.31554340177944024,0.31554340177944024,0.40009082164910714,0.40009082164910714,0.40009082164910714
966,364.0,37.80716712090548,37.80716712090548,37.80716712090548,46.942242311798765,46.942242311798765,46.942242311798765
967,416.0,0.0006199628022318661,0.0006199628022318661,0.0006199628022318661,0.0006195784483557149,0.0006195784483557149,0.0006195784483557149
968,468.0,0.3198747350007752,0.3198747350007752,0.3198747350007752,0.30343769677757454,0.30343769677757454,0.30343769677757454
969,520.0,0.030664395229982964,0.030664395229982964,0.030664395229982964,0.029724090095162352,0.029724090095162352,0.029724090095162352
970,572.0,0.08686936184430337,0.08686936184430337,0.08686936184430337,0.08533710856013402,0.08533710856013402,0.08533710856013402
971,624.0,0.8608595228354231,0.8608595228354231,0.8608595228354231,0.7952687687858983,0.7952687687858983,0.7952687687858983
972,676.0,0.024438312968072525,0.024438312968072525,0.024438312968072525,0.025417747180125932,0.025417747180125932,0.025417747180125932
973,728.0,0.10600187719381354,0.10600187719381354,0.10600187719381354,0.08279431593591177,0.08279431593591177,0.08279431593591177
974,780.0,141.361025249528,141.361025249528,141.361025249528,116.31426226554356,116.31426226554356,116.31426226554356
975,832.0,0.24067164179104478,0.24067164179104478,0.24067164179104478,0.23685328024058808,0.23685328024058808,0.23685328024058808
976,884.0,0.3547310786994416,0.3547310786994416,0.3547310786994416,0.3297128209753335,0.3297128209753335,0.3297128209753335
977,936.0,0.26555977130640496,0.26555977130640496,0.26555977130640496,0.3825197199022336,0.3825197199022336,0.3825197199022336
978,988.0,0.17320491398169455,0.17320491398169455,0.17320491398169455,0.19838683731996576,0.19838683731996576,0.19838683731996576
979,1040.0,0.4209022386005597,0.4209022386005597,0.4209022386005597,0.4091800910491014,0.4091800910491014,0.4091800910491014
980,52.0,0.11723513714083972,0.11723513714083972,0.11723513714083972,0.1193232343929151,0.1193232343929151,0.1193232343929151
981,104.0,0.12208409830940477,0.12208409830940477,0.12208409830940477,0.12233563541622275,0.12233563541622275,0.12233563541622275
982,156.0,0.5671396884618634,0.5671396884618634,0.5671396884618634,0.6919894858433148,0.6919894858433148,0.6919894858433148
983,208.0,0.12109431710538826,0.12109431710538826,0.12109431710538826,0.12856849823513605,0.12856849823513605,0.12856849823513605
984,260.0,0.34673067979585803,0.34673067979585803,0.34673067979585803,0.447288207336134,0.447288207336134,0.447288207336134
985,312.0,0.330183988065639,0.330183988065639,0.330183988065639,2.6189745559047313,2.6189745559047313,2.6189745559047313
986,364.0,0.005277044854881266,0.005277044854881266,0.005277044854881266,0.005688951390387611,0.005688951390387611,0.005688951390387611
987,416.0,0.47581757870152647,0.47581757870152647,0.47581757870152647,0.49180961723326044,0.49180961723326044,0.49180961723326044
988,468.0,42.35115875478479,42.35115875478479,42.35115875478479,57.79436296216211,57.79436296216211,57.79436296216211
989,520.0,0.04262672811059908,0.04262672811059908,0.04262672811059908,0.044841948225700264,0.044841948225700264,0.044841948225700264
990,572.0,0.541795665634675,0.541795665634675,0.541795665634675,0.5640425960183649,0.5640425960183649,0.5640425960183649
991,624.0,0.4914877869014983,0.4914877869014983,0.4914877869014983,0.5529290646009908,0.5529290646009908,0.5529290646009908
992,676.0,0.38959662352390223,0.38959662352390223,0.38959662352390223,0.5320223779882061,0.5320223779882061,0.5320223779882061
993,728.0,0.35889394952209075,0.35889394952209075,0.35889394952209075,0.35138264366480665,0.35138264366480665,0.35138264366480665
994,780.0,0.3418027106677206,0.3418027106677206,0.3418027106677206,0.4449329870769942,0.4449329870769942,0.4449329870769942
995,832.0,0.024590562223888182,0.024590562223888182,0.024590562223888182,0.026747253689133475,0.026747253689133475,0.026747253689133475
996,884.0,24.312552880436083,24.312552880436083,24.312552880436083,49.52224745216755,49.52224745216755,49.52224745216755
997,936.0,0.18081293541301754,0.18081293541301754,0.18081293541301754,0.14794457295809296,0.14794457295809296,0.14794457295809296
998,988.0,0.10239659326325959,0.10239659326325959,0.10239659326325959,0.10631474333006055,0.10631474333006055,0.10631474333006055
999,1040.0,0.38544254398711714,0.38544254398711714,0.38544254398711714,0.44918937009777016,0.44918937009777016,0.44918937009777016
