,time,meanH,meanB,meanC,varH,varB,varC
0,52.0,0.6627743717603614,0.6627743717603614,0.6627743717603614,0.7572677306251502,0.7572677306251502,0.7572677306251502
1,104.0,0.1066610455311973,0.1066610455311973,0.1066610455311973,0.10793202170345999,0.10793202170345999,0.10793202170345999
2,156.0,0.2680307870186956,0.2680307870186956,0.2680307870186956,0.31371438534089424,0.31371438534089424,0.31371438534089424
3,208.0,17.880883709408955,17.880883709408955,17.880883709408955,42.3549606098667,42.3549606098667,42.3549606098667
4,260.0,0.04897959183673469,0.04897959183673469,0.04897959183673469,0.05338331250867693,0.05338331250867693,0.05338331250867693
5,312.0,0.29915147638054856,0.29915147638054856,0.29915147638054856,0.454856179443192,0.454856179443192,0.454856179443192
6,364.0,0.6616598407403369,0.6616598407403369,0.6616598407403369,0.777181117771544,0.777181117771544,0.777181117771544
7,416.0,0.12724392819429778,0.12724392819429778,0.12724392819429778,0.1458997958316654,0.1458997958316654,0.1458997958316654
8,468.0,0.27706957027218054,0.27706957027218054,0.27706957027218054,0.4904890152536434,0.4904890152536434,0.4904890152536434
9,520.0,0.06942003514938488,0.06942003514938488,0.06942003514938488,0.06460089386924306,0.06460089386924306,0.06460089386924306
10,572.0,0.43963104109499274,0.43963104109499274,0.43963104109499274,3.711314355228241,3.711314355228241,3.711314355228241
11,624.0,3.6568853686781986,3.6568853686781986,3.6568853686781986,103.88805804628507,103.88805804628507,103.88805804628507
12,676.0,0.19188263557370525,0.19188263557370525,0.19188263557370525,0.18033168307306113,0.18033168307306113,0.18033168307306113
13,728.0,0.40327504830374056,0.40327504830374056,0.40327504830374056,0.3904844422908159,0.3904844422908159,0.3904844422908159
14,780.0,0.13650310233959168,0.13650310233959168,0.13650310233959168,0.1635089182769007,0.1635089182769007,0.1635089182769007
15,832.0,51.461426787881614,51.461426787881614,51.461426787881614,1659.6837999091756,1659.6837999091756,1659.6837999091756
16,884.0,0.23547915596493044,0.23547915596493044,0.23547915596493044,0.38310929407826855,0.38310929407826855,0.38310929407826855
17,936.0,0.4838040036033039,0.4838040036033039,0.4838040036033039,0.5550776664196025,0.5550776664196025,0.5550776664196025
18,988.0,0.29870000893406756,0.29870000893406756,0.29870000893406756,0.2512884383273031,0.2512884383273031,0.2512884383273031
19,1040.0,0.29141018452197776,0.29141018452197776,0.29141018452197776,0.686176697877028,0.686176697877028,0.686176697877028
20,52.0,0.2350281720490897,0.2350281720490897,0.2350281720490897,0.7166572092700274,0.7166572092700274,0.7166572092700274
21,104.0,0.5497680985462887,0.5497680985462887,0.5497680985462887,0.597022702207763,0.597022702207763,0.597022702207763
22,156.0,3.558350228503173,3.558350228503173,3.558350228503173,3.3479390873874686,3.3479390873874686,3.3479390873874686
23,208.0,0.32468477202663376,0.32468477202663376,0.32468477202663376,0.3788821749999196,0.3788821749999196,0.3788821749999196
24,260.0,0.5494062901100476,0.5494062901100476,0.5494062901100476,0.6988619403509603,0.6988619403509603,0.6988619403509603
25,312.0,0.1477412610875273,0.1477412610875273,0.1477412610875273,0.14990954450994046,0.14990954450994046,0.14990954450994046
26,364.0,0.43839244668280986,0.43839244668280986,0.43839244668280986,0.43035433184055755,0.43035433184055755,0.43035433184055755
27,416.0,0.11132857597266826,0.11132857597266826,0.11132857597266826,0.1535700239292505,0.1535700239292505,0.1535700239292505
28,468.0,1.9401217216627753,1.9401217216627753,1.9401217216627753,1.2985833091882357,1.2985833091882357,1.2985833091882357
29,520.0,0.043782837127845885,0.043782837127845885,0.043782837127845885,0.044492870528553156,0.044492870528553156,0.044492870528553156
30,572.0,0.02870641481562796,0.02870641481562796,0.02870641481562796,0.031002873953099936,0.031002873953099936,0.031002873953099936
31,624.0,0.11616836008643774,0.11616836008643774,0.11616836008643774,0.10415547155934214,0.10415547155934214,0.10415547155934214
32,676.0,0.05244755244755245,0.05244755244755245,0.05244755244755245,0.052027809020816024,0.052027809020816024,0.052027809020816024
33,728.0,0.1343784994400896,0.1343784994400896,0.1343784994400896,0.11744073915698683,0.11744073915698683,0.11744073915698683
34,780.0,0.30831290939456624,0.30831290939456624,0.30831290939456624,0.2781243881165517,0.2781243881165517,0.2781243881165517
35,832.0,0.19428571428571428,0.19428571428571428,0.19428571428571428,0.23082448979591833,0.23082448979591833,0.23082448979591833
36,884.0,0.12306403065744992,0.12306403065744992,0.12306403065744992,0.14572162076021242,0.14572162076021242,0.14572162076021242
37,936.0,0.21063394683026584,0.21063394683026584,0.21063394683026584,0.22761698052450438,0.22761698052450438,0.22761698052450438
38,988.0,0.32732375517838125,0.32732375517838125,0.32732375517838125,0.3428846011068044,0.3428846011068044,0.3428846011068044
39,1040.0,0.0,0.0,0.0,0.0,0.0,0.0
40,52.0,0.1122715404699739,0.1122715404699739,0.1122715404699739,0.1179434040725617,0.1179434040725617,0.1179434040725617
41,104.0,0.5697797972213006,0.5697797972213006,0.5697797972213006,0.658432245695945,0.658432245695945,0.658432245695945
42,156.0,0.28350011211382,0.28350011211382,0.28350011211382,0.413238171098304,0.413238171098304,0.413238171098304
43,208.0,0.23234820007511603,0.23234820007511603,0.23234820007511603,0.32863874595214704,0.32863874595214704,0.32863874595214704
44,260.0,0.4149865472320418,0.4149865472320418,0.4149865472320418,0.7101435672586975,0.7101435672586975,0.7101435672586975
45,312.0,0.14018341439032495,0.14018341439032495,0.14018341439032495,0.14476697176111453,0.14476697176111453,0.14476697176111453
46,364.0,0.038541234977206795,0.038541234977206795,0.038541234977206795,0.037055808183638524,0.037055808183638524,0.037055808183638524
47,416.0,0.04644808743169399,0.04644808743169399,0.04644808743169399,0.0442906626056317,0.0442906626056317,0.0442906626056317
48,468.0,0.1260075015803173,0.1260075015803173,0.1260075015803173,0.1289516145508452,0.1289516145508452,0.1289516145508452
49,520.0,0.25040924631189915,0.25040924631189915,0.25040924631189915,0.25083964983697027,0.25083964983697027,0.25083964983697027
50,572.0,0.4309669175310856,0.4309669175310856,0.4309669175310856,0.7574182838893233,0.7574182838893233,0.7574182838893233
51,624.0,0.021513638109873223,0.021513638109873223,0.021513638109873223,0.02412417835798966,0.02412417835798966,0.02412417835798966
52,676.0,0.2335900179495543,0.2335900179495543,0.2335900179495543,0.3605898025267343,0.3605898025267343,0.3605898025267343
53,728.0,0.14222222222222222,0.14222222222222222,0.14222222222222222,0.13088395061728395,0.13088395061728395,0.13088395061728395
54,780.0,0.2091364705975086,0.2091364705975086,0.2091364705975086,0.20955131529265164,0.20955131529265164,0.20955131529265164
55,832.0,0.2051865332120109,0.2051865332120109,0.2051865332120109,0.24497764946377762,0.24497764946377762,0.24497764946377762
56,884.0,0.22712285843758295,0.22712285843758295,0.22712285843758295,0.26989100947471734,0.26989100947471734,0.26989100947471734
57,936.0,0.19857126126380217,0.19857126126380217,0.19857126126380217,0.24914021358021443,0.24914021358021443,0.24914021358021443
58,988.0,0.3762497125684603,0.3762497125684603,0.3762497125684603,0.5433969461528448,0.5433969461528448,0.5433969461528448
59,1040.0,0.1352725892654842,0.1352725892654842,0.1352725892654842,0.15056665527583576,0.15056665527583576,0.15056665527583576
60,52.0,0.11957200973029236,0.11957200973029236,0.11957200973029236,0.1179780498070835,0.1179780498070835,0.1179780498070835
61,104.0,0.06629834254143646,0.06629834254143646,0.06629834254143646,0.06190287231769481,0.06190287231769481,0.06190287231769481
62,156.0,0.18530524041058888,0.18530524041058888,0.18530524041058888,0.1671746637164603,0.1671746637164603,0.1671746637164603
63,208.0,33.97658536585366,33.97658536585366,33.97658536585366,28.336362324013486,28.336362324013486,28.336362324013486
64,260.0,1.067825573549761,1.067825573549761,1.067825573549761,3.7585114507541055,3.7585114507541055,3.7585114507541055
65,312.0,0.11655444625029023,0.11655444625029023,0.11655444625029023,0.10296950730957842,0.10296950730957842,0.10296950730957842
66,364.0,27.221926960026455,27.221926960026455,27.221926960026455,50.118736224938864,50.118736224938864,50.118736224938864
67,416.0,0.19253532160284487,0.19253532160284487,0.19253532160284487,0.17592821302241776,0.17592821302241776,0.17592821302241776
68,468.0,0.05842956120092379,0.05842956120092379,0.05842956120092379,0.05501554757879128,0.05501554757879128,0.05501554757879128
69,520.0,0.9942942264548125,0.9942942264548125,0.9942942264548125,1.0904716532244667,1.0904716532244667,1.0904716532244667
70,572.0,0.47220272080742476,0.47220272080742476,0.47220272080742476,2.7154467536588607,2.7154467536588607,2.7154467536588607
71,624.0,0.39558557563835217,0.39558557563835217,0.39558557563835217,0.4034906687779726,0.4034906687779726,0.4034906687779726
72,676.0,97.69882171274516,97.69882171274516,97.69882171274516,157.909483467001,157.909483467001,157.909483467001
73,728.0,0.0815729606759831,0.0815729606759831,0.0815729606759831,0.08011868276578755,0.08011868276578755,0.08011868276578755
74,780.0,0.04683698296836983,0.04683698296836983,0.04683698296836983,0.051942550067783165,0.051942550067783165,0.051942550067783165
75,832.0,0.03984719843145717,0.03984719843145717,0.03984719843145717,0.04147646593919584,0.04147646593919584,0.04147646593919584
76,884.0,0.26666666666666666,0.26666666666666666,0.26666666666666666,0.22412698412698417,0.22412698412698417,0.22412698412698417
77,936.0,0.05850312689126488,0.05850312689126488,0.05850312689126488,0.060729088804021225,0.060729088804021225,0.060729088804021225
78,988.0,0.12914923403738066,0.12914923403738066,0.12914923403738066,0.15800657894765507,0.15800657894765507,0.15800657894765507
79,1040.0,1.9063479101316785,1.9063479101316785,1.9063479101316785,1.5763882424240476,1.5763882424240476,1.5763882424240476
80,52.0,0.26170789013477386,0.26170789013477386,0.26170789013477386,0.5101047110447653,0.5101047110447653,0.5101047110447653
81,104.0,0.39598792490020396,0.39598792490020396,0.39598792490020396,0.7092340224519458,0.7092340224519458,0.7092340224519458
82,156.0,9.555017961196087,9.555017961196087,9.555017961196087,27.53794122554171,27.53794122554171,27.53794122554171
83,208.0,0.0013360053440213762,0.0013360053440213762,0.0013360053440213762,0.0013342204337421224,0.0013342204337421224,0.0013342204337421224
84,260.0,0.026890409620163633,0.026890409620163633,0.026890409620163633,0.029315868834686152,0.029315868834686152,0.029315868834686152
85,312.0,0.4589041095890411,0.4589041095890411,0.4589041095890411,0.5222837305310565,0.5222837305310565,0.5222837305310565
86,364.0,0.31612540190489974,0.31612540190489974,0.31612540190489974,1.0826995783009388,1.0826995783009388,1.0826995783009388
87,416.0,0.2510729613733906,0.2510729613733906,0.2510729613733906,0.364000994676638,0.364000994676638,0.364000994676638
88,468.0,0.07900512070226774,0.07900512070226774,0.07900512070226774,0.08007860055900151,0.08007860055900151,0.08007860055900151
89,520.0,0.21766024377310705,0.21766024377310705,0.21766024377310705,0.2590271531327064,0.2590271531327064,0.2590271531327064
90,572.0,0.13732102369136823,0.13732102369136823,0.13732102369136823,0.12241994152246644,0.12241994152246644,0.12241994152246644
91,624.0,0.21762618128679692,0.21762618128679692,0.21762618128679692,0.21670949485133587,0.21670949485133587,0.21670949485133587
92,676.0,0.716052398852894,0.716052398852894,0.716052398852894,4.996715708666857,4.996715708666857,4.996715708666857
93,728.0,0.2727272727272727,0.2727272727272727,0.2727272727272727,0.2710743801652893,0.2710743801652893,0.2710743801652893
94,780.0,0.5671623332509732,0.5671623332509732,0.5671623332509732,0.5670495181111913,0.5670495181111913,0.5670495181111913
95,832.0,0.18072289156626506,0.18072289156626506,0.18072289156626506,0.19625489911453045,0.19625489911453045,0.19625489911453045
96,884.0,0.023752969121140142,0.023752969121140142,0.023752969121140142,0.023188765579070313,0.023188765579070313,0.023188765579070313
97,936.0,0.08508946322067594,0.08508946322067594,0.08508946322067594,0.0834158468671075,0.0834158468671075,0.0834158468671075
98,988.0,0.1384180790960452,0.1384180790960452,0.1384180790960452,0.1446822432889655,0.1446822432889655,0.1446822432889655
99,1040.0,0.0,0.0,0.0,0.0,0.0,0.0
100,52.0,0.33537391985725684,0.33537391985725684,0.33537391985725684,0.45757477999272456,0.45757477999272456,0.45757477999272456
101,104.0,17.64196214342842,17.64196214342842,17.64196214342842,14.659065624799887,14.659065624799887,14.659065624799887
102,156.0,0.10927170898006208,0.10927170898006208,0.10927170898006208,0.10860403660977481,0.10860403660977481,0.10860403660977481
103,208.0,0.6751080247056175,0.6751080247056175,0.6751080247056175,1.1442570955623714,1.1442570955623714,1.1442570955623714
104,260.0,0.2642246050783614,0.2642246050783614,0.2642246050783614,0.2463170350849705,0.2463170350849705,0.2463170350849705
105,312.0,0.3712761520187125,0.3712761520187125,0.3712761520187125,0.3485000913989988,0.3485000913989988,0.3485000913989988
106,364.0,0.18509615384615385,0.18509615384615385,0.18509615384615385,0.1508355676775148,0.1508355676775148,0.1508355676775148
107,416.0,0.9000962428812291,0.9000962428812291,0.9000962428812291,2.3440059892752863,2.3440059892752863,2.3440059892752863
108,468.0,0.2260596546310832,0.2260596546310832,0.2260596546310832,0.4104354940865369,0.4104354940865369,0.4104354940865369
109,520.0,0.37599617640752786,0.37599617640752786,0.37599617640752786,0.3395911119810173,0.3395911119810173,0.3395911119810173
110,572.0,50.31162661179478,50.31162661179478,50.31162661179478,80.466850068286,80.466850068286,80.466850068286
111,624.0,0.27065984381297203,0.27065984381297203,0.27065984381297203,0.23223617674487085,0.23223617674487085,0.23223617674487085
112,676.0,0.1778250007064476,0.1778250007064476,0.1778250007064476,0.33647944362442206,0.33647944362442206,0.33647944362442206
113,728.0,0.020527859237536656,0.020527859237536656,0.020527859237536656,0.020106466232660537,0.020106466232660537,0.020106466232660537
114,780.0,0.24962512472942022,0.24962512472942022,0.24962512472942022,0.18793719016855065,0.18793719016855065,0.18793719016855065
115,832.0,0.06498545101842872,0.06498545101842872,0.06498545101842872,0.08016098426941345,0.08016098426941345,0.08016098426941345
116,884.0,0.1805243445692884,0.1805243445692884,0.1805243445692884,0.1801450434148326,0.1801450434148326,0.1801450434148326
117,936.0,0.08002065049044915,0.08002065049044915,0.08002065049044915,0.079812493120279,0.079812493120279,0.079812493120279
118,988.0,0.24922491661036392,0.24922491661036392,0.24922491661036392,0.29314809326571944,0.29314809326571944,0.29314809326571944
119,1040.0,0.04439511653718091,0.04439511653718091,0.04439511653718091,0.0453838646006431,0.0453838646006431,0.0453838646006431
120,52.0,0.30036513854257574,0.30036513854257574,0.30036513854257574,0.3772693481309053,0.3772693481309053,0.3772693481309053
121,104.0,0.3028092863589423,0.3028092863589423,0.3028092863589423,0.39668544979245446,0.39668544979245446,0.39668544979245446
122,156.0,0.4409868453000516,0.4409868453000516,0.4409868453000516,0.9449308179801613,0.9449308179801613,0.9449308179801613
123,208.0,0.469550893038774,0.469550893038774,0.469550893038774,0.48140146588297233,0.48140146588297233,0.48140146588297233
124,260.0,0.5085811425045441,0.5085811425045441,0.5085811425045441,0.551953618577524,0.551953618577524,0.551953618577524
125,312.0,0.8159298519751884,0.8159298519751884,0.8159298519751884,0.7125008032298202,0.7125008032298202,0.7125008032298202
126,364.0,0.24531702381316034,0.24531702381316034,0.24531702381316034,0.26831371004944254,0.26831371004944254,0.26831371004944254
127,416.0,0.16665133990000738,0.16665133990000738,0.16665133990000738,0.2374920464809992,0.2374920464809992,0.2374920464809992
128,468.0,0.218331374853114,0.218331374853114,0.218331374853114,0.24915867279940243,0.24915867279940243,0.24915867279940243
129,520.0,0.20977869835360105,0.20977869835360105,0.20977869835360105,0.20953926020128708,0.20953926020128708,0.20953926020128708
130,572.0,0.14835164835164835,0.14835164835164835,0.14835164835164835,0.12634343678299728,0.12634343678299728,0.12634343678299728
131,624.0,10.11785142542832,10.11785142542832,10.11785142542832,41.66430388681734,41.66430388681734,41.66430388681734
132,676.0,0.33034595217187995,0.33034595217187995,0.33034595217187995,0.3067156551465665,0.3067156551465665,0.3067156551465665
133,728.0,0.14816965284241695,0.14816965284241695,0.14816965284241695,0.15048967638487684,0.15048967638487684,0.15048967638487684
134,780.0,0.1446280991735537,0.1446280991735537,0.1446280991735537,0.12371081210299843,0.12371081210299843,0.12371081210299843
135,832.0,0.2694300518134715,0.2694300518134715,0.2694300518134715,0.24865097049585225,0.24865097049585225,0.24865097049585225
136,884.0,0.12605548854041013,0.12605548854041013,0.12605548854041013,0.12222822852536445,0.12222822852536445,0.12222822852536445
137,936.0,0.16324013157894737,0.16324013157894737,0.16324013157894737,0.19662568575787742,0.19662568575787742,0.19662568575787742
138,988.0,0.47933499724578366,0.47933499724578366,0.47933499724578366,0.5580220128589131,0.5580220128589131,0.5580220128589131
139,1040.0,0.18353969410050983,0.18353969410050983,0.18353969410050983,0.22851274369021962,0.22851274369021962,0.22851274369021962
140,52.0,0.3048781238678888,0.3048781238678888,0.3048781238678888,0.3573993272681766,0.3573993272681766,0.3573993272681766
141,104.0,0.15984071019314877,0.15984071019314877,0.15984071019314877,0.16307604488598954,0.16307604488598954,0.16307604488598954
142,156.0,0.49492851519596914,0.49492851519596914,0.49492851519596914,0.8809772133414515,0.8809772133414515,0.8809772133414515
143,208.0,0.2494058366201939,0.2494058366201939,0.2494058366201939,0.2372494480809739,0.2372494480809739,0.2372494480809739
144,260.0,0.24388130820879358,0.24388130820879358,0.24388130820879358,0.2064954834214638,0.2064954834214638,0.2064954834214638
145,312.0,0.3063439249497619,0.3063439249497619,0.3063439249497619,0.2427535738381239,0.2427535738381239,0.2427535738381239
146,364.0,0.32750914569816075,0.32750914569816075,0.32750914569816075,0.36292330328876676,0.36292330328876676,0.36292330328876676
147,416.0,0.0941160131982887,0.0941160131982887,0.0941160131982887,0.0763692952966436,0.0763692952966436,0.0763692952966436
148,468.0,2.581825853240226,2.581825853240226,2.581825853240226,1.687484933722462,1.687484933722462,1.687484933722462
149,520.0,0.13497340425531915,0.13497340425531915,0.13497340425531915,0.13670239290968766,0.13670239290968766,0.13670239290968766
150,572.0,0.40679748093410023,0.40679748093410023,0.40679748093410023,0.9555230184897152,0.9555230184897152,0.9555230184897152
151,624.0,0.1516993636611794,0.1516993636611794,0.1516993636611794,0.20205321608476076,0.20205321608476076,0.20205321608476076
152,676.0,0.17423665787625692,0.17423665787625692,0.17423665787625692,0.17969328843764282,0.17969328843764282,0.17969328843764282
153,728.0,0.1391304347826087,0.1391304347826087,0.1391304347826087,0.21542533081285442,0.21542533081285442,0.21542533081285442
154,780.0,0.2843529576324784,0.2843529576324784,0.2843529576324784,0.2841332843117769,0.2841332843117769,0.2841332843117769
155,832.0,0.5,0.5,0.5,0.47641509433962265,0.47641509433962265,0.47641509433962265
156,884.0,0.1458985597996243,0.1458985597996243,0.1458985597996243,0.1258645182008062,0.1258645182008062,0.1258645182008062
157,936.0,0.11868549180525316,0.11868549180525316,0.11868549180525316,0.15096441995333096,0.15096441995333096,0.15096441995333096
158,988.0,0.33768460378970205,0.33768460378970205,0.33768460378970205,0.35977892504910614,0.35977892504910614,0.35977892504910614
159,1040.0,0.0588031822898651,0.0588031822898651,0.0588031822898651,0.05603717018703663,0.05603717018703663,0.05603717018703663
160,52.0,0.07656718093486517,0.07656718093486517,0.07656718093486517,0.08478605627740657,0.08478605627740657,0.08478605627740657
161,104.0,0.588670233507713,0.588670233507713,0.588670233507713,2.535944930796406,2.535944930796406,2.535944930796406
162,156.0,0.05899868278677374,0.05899868278677374,0.05899868278677374,0.061495009592037624,0.061495009592037624,0.061495009592037624
163,208.0,0.25,0.25,0.25,0.1875,0.1875,0.1875
164,260.0,0.3045664916672286,0.3045664916672286,0.3045664916672286,1.0043251134330806,1.0043251134330806,1.0043251134330806
165,312.0,0.134004884004884,0.134004884004884,0.134004884004884,0.13375209277223932,0.13375209277223932,0.13375209277223932
166,364.0,0.061535629583081446,0.061535629583081446,0.061535629583081446,0.06371836587621543,0.06371836587621543,0.06371836587621543
167,416.0,60.32979890450113,60.32979890450113,60.32979890450113,56.777276355687036,56.777276355687036,56.777276355687036
168,468.0,0.1956713847223742,0.1956713847223742,0.1956713847223742,0.16025265604403297,0.16025265604403297,0.16025265604403297
169,520.0,0.06850665352390341,0.06850665352390341,0.06850665352390341,0.06677061368170402,0.06677061368170402,0.06677061368170402
170,572.0,0.055549863139029536,0.055549863139029536,0.055549863139029536,0.05337861943784419,0.05337861943784419,0.05337861943784419
171,624.0,0.0035124692658939235,0.0035124692658939235,0.0035124692658939235,0.003500131825550075,0.003500131825550075,0.003500131825550075
172,676.0,0.04928664072632944,0.04928664072632944,0.04928664072632944,0.047722145679722626,0.047722145679722626,0.047722145679722626
173,728.0,0.03070175438596491,0.03070175438596491,0.03070175438596491,0.0297591566635888,0.0297591566635888,0.0297591566635888
174,780.0,0.33106436311181237,0.33106436311181237,0.33106436311181237,0.33946205870073304,0.33946205870073304,0.33946205870073304
175,832.0,0.16340451273564974,0.16340451273564974,0.16340451273564974,0.16509039569054496,0.16509039569054496,0.16509039569054496
176,884.0,0.1095479344387463,0.1095479344387463,0.1095479344387463,0.1114959616661783,0.1114959616661783,0.1114959616661783
177,936.0,0.7042831957168253,0.7042831957168253,0.7042831957168253,5.57848669145137,5.57848669145137,5.57848669145137
178,988.0,101.26527912609849,101.26527912609849,101.26527912609849,2355.78003383742,2355.78003383742,2355.78003383742
179,1040.0,0.0914154430346343,0.0914154430346343,0.0914154430346343,0.0891751014529567,0.0891751014529567,0.0891751014529567
180,52.0,0.2710268065196058,0.2710268065196058,0.2710268065196058,0.6476724122243179,0.6476724122243179,0.6476724122243179
181,104.0,1.292542087217058,1.292542087217058,1.292542087217058,3.2748696721542503,3.2748696721542503,3.2748696721542503
182,156.0,0.3750376846604747,0.3750376846604747,0.3750376846604747,0.31983997129725633,0.31983997129725633,0.31983997129725633
183,208.0,0.1204969972910613,0.1204969972910613,0.1204969972910613,0.09325281213473462,0.09325281213473462,0.09325281213473462
184,260.0,0.006751687921980495,0.006751687921980495,0.006751687921980495,0.006706102632184678,0.006706102632184678,0.006706102632184678
185,312.0,0.19213843462332972,0.19213843462332972,0.19213843462332972,0.18959228154802435,0.18959228154802435,0.18959228154802435
186,364.0,0.028978812415884726,0.028978812415884726,0.028978812415884726,0.024461370957050012,0.024461370957050012,0.024461370957050012
187,416.0,0.1753910323253389,0.1753910323253389,0.1753910323253389,0.14462901810519083,0.14462901810519083,0.14462901810519083
188,468.0,0.2468523631657033,0.2468523631657033,0.2468523631657033,0.2841939976598094,0.2841939976598094,0.2841939976598094
189,520.0,0.35363720935176945,0.35363720935176945,0.35363720935176945,0.4130838446877504,0.4130838446877504,0.4130838446877504
190,572.0,0.04992336325815634,0.04992336325815634,0.04992336325815634,0.048306869537363774,0.048306869537363774,0.048306869537363774
191,624.0,0.18544600938967137,0.18544600938967137,0.18544600938967137,0.27781635037139896,0.27781635037139896,0.27781635037139896
192,676.0,0.198292310732523,0.198292310732523,0.198292310732523,0.22754721724698418,0.22754721724698418,0.22754721724698418
193,728.0,0.26394942301724134,0.26394942301724134,0.26394942301724134,0.33166297854147,0.33166297854147,0.33166297854147
194,780.0,0.46700547720928126,0.46700547720928126,0.46700547720928126,0.509666518562866,0.509666518562866,0.509666518562866
195,832.0,0.12481317176958773,0.12481317176958773,0.12481317176958773,0.11099039370423387,0.11099039370423387,0.11099039370423387
196,884.0,0.16466163808588918,0.16466163808588918,0.16466163808588918,0.16275404255356232,0.16275404255356232,0.16275404255356232
197,936.0,0.6905838171028791,0.6905838171028791,0.6905838171028791,1.0338078660466796,1.0338078660466796,1.0338078660466796
198,988.0,0.30383480825958703,0.30383480825958703,0.30383480825958703,0.3029646452780606,0.3029646452780606,0.3029646452780606
199,1040.0,0.2802044668213711,0.2802044668213711,0.2802044668213711,0.30631669992708854,0.30631669992708854,0.30631669992708854
200,52.0,0.054906567691357946,0.054906567691357946,0.054906567691357946,0.05446342405697875,0.05446342405697875,0.05446342405697875
201,104.0,0.23008809914017783,0.23008809914017783,0.23008809914017783,0.2267170744176635,0.2267170744176635,0.2267170744176635
202,156.0,0.04656598222970317,0.04656598222970317,0.04656598222970317,0.06186732499665089,0.06186732499665089,0.06186732499665089
203,208.0,0.125,0.125,0.125,0.109375,0.109375,0.109375
204,260.0,0.11690425157665806,0.11690425157665806,0.11690425157665806,0.09678735911834176,0.09678735911834176,0.09678735911834176
205,312.0,0.1879008286730965,0.1879008286730965,0.1879008286730965,0.26772262903104427,0.26772262903104427,0.26772262903104427
206,364.0,0.407580140468781,0.407580140468781,0.407580140468781,0.5323641421422978,0.5323641421422978,0.5323641421422978
207,416.0,0.013478260869565217,0.013478260869565217,0.013478260869565217,0.013296597353497168,0.013296597353497168,0.013296597353497168
208,468.0,0.2343284695782191,0.2343284695782191,0.2343284695782191,0.24628731212434948,0.24628731212434948,0.24628731212434948
209,520.0,0.6492860377055814,0.6492860377055814,0.6492860377055814,1.339844161304751,1.339844161304751,1.339844161304751
210,572.0,0.0841873727058469,0.0841873727058469,0.0841873727058469,0.08607910867929763,0.08607910867929763,0.08607910867929763
211,624.0,0.44752761503778665,0.44752761503778665,0.44752761503778665,0.4430842565067282,0.4430842565067282,0.4430842565067282
212,676.0,67.96602669744048,67.96602669744048,67.96602669744048,62.38517708891929,62.38517708891929,62.38517708891929
213,728.0,0.26442687747035576,0.26442687747035576,0.26442687747035576,0.2775092565108032,0.2775092565108032,0.2775092565108032
214,780.0,0.033544539694371975,0.033544539694371975,0.033544539694371975,0.03241930355106468,0.03241930355106468,0.03241930355106468
215,832.0,0.35138521001340317,0.35138521001340317,0.35138521001340317,0.3142811743371461,0.3142811743371461,0.3142811743371461
216,884.0,0.1295482761143927,0.1295482761143927,0.1295482761143927,0.1466198145185554,0.1466198145185554,0.1466198145185554
217,936.0,0.33707865168539325,0.33707865168539325,0.33707865168539325,0.5380633758363843,0.5380633758363843,0.5380633758363843
218,988.0,0.003834172058471124,0.003834172058471124,0.003834172058471124,0.003819471183097162,0.003819471183097162,0.003819471183097162
219,1040.0,0.21670120597232756,0.21670120597232756,0.21670120597232756,0.18533011860601994,0.18533011860601994,0.18533011860601994
220,52.0,0.268201999285427,0.268201999285427,0.268201999285427,0.30380582183017396,0.30380582183017396,0.30380582183017396
221,104.0,0.4601222280053813,0.4601222280053813,0.4601222280053813,0.560926228039939,0.560926228039939,0.560926228039939
222,156.0,0.1930346678693455,0.1930346678693455,0.1930346678693455,0.6377179528278906,0.6377179528278906,0.6377179528278906
223,208.0,0.14739378445923315,0.14739378445923315,0.14739378445923315,0.13910187031741808,0.13910187031741808,0.13910187031741808
224,260.0,0.18843964406815641,0.18843964406815641,0.18843964406815641,0.20673320587586602,0.20673320587586602,0.20673320587586602
225,312.0,0.1991503727180825,0.1991503727180825,0.1991503727180825,0.22219920754898725,0.22219920754898725,0.22219920754898725
226,364.0,0.1749352738171281,0.1749352738171281,0.1749352738171281,0.20512889445001106,0.20512889445001106,0.20512889445001106
227,416.0,0.3929608171762444,0.3929608171762444,0.3929608171762444,0.3825224478030227,0.3825224478030227,0.3825224478030227
228,468.0,0.36816348861466136,0.36816348861466136,0.36816348861466136,1.2944086850674363,1.2944086850674363,1.2944086850674363
229,520.0,0.11735294117647059,0.11735294117647059,0.11735294117647059,0.29240475778546704,0.29240475778546704,0.29240475778546704
230,572.0,0.10227272727272728,0.10227272727272728,0.10227272727272728,0.09181301652892562,0.09181301652892562,0.09181301652892562
231,624.0,26.216703517676468,26.216703517676468,26.216703517676468,110.75422996047803,110.75422996047803,110.75422996047803
232,676.0,0.027158774373259052,0.027158774373259052,0.027158774373259052,0.029206690668135714,0.029206690668135714,0.029206690668135714
233,728.0,0.5218132320547708,0.5218132320547708,0.5218132320547708,0.5197111797578041,0.5197111797578041,0.5197111797578041
234,780.0,0.4590249038763201,0.4590249038763201,0.4590249038763201,0.512192003653951,0.512192003653951,0.512192003653951
235,832.0,0.2189449801474759,0.2189449801474759,0.2189449801474759,0.21184755397792077,0.21184755397792077,0.21184755397792077
236,884.0,0.3318785338101415,0.3318785338101415,0.3318785338101415,0.35141107222805484,0.35141107222805484,0.35141107222805484
237,936.0,0.06896551724137931,0.06896551724137931,0.06896551724137931,0.06420927467300833,0.06420927467300833,0.06420927467300833
238,988.0,0.1935672514619883,0.1935672514619883,0.1935672514619883,0.15726856126671454,0.15726856126671454,0.15726856126671454
239,1040.0,0.15270536843260898,0.15270536843260898,0.15270536843260898,0.16502771741798108,0.16502771741798108,0.16502771741798108
240,52.0,0.0,0.0,0.0,0.0,0.0,0.0
241,104.0,0.16576602229079473,0.16576602229079473,0.16576602229079473,0.21830404186948174,0.21830404186948174,0.21830404186948174
242,156.0,0.08496583143507973,0.08496583143507973,0.08496583143507973,0.09095848402613105,0.09095848402613105,0.09095848402613105
243,208.0,0.13448383084911425,0.13448383084911425,0.13448383084911425,0.11665099367150325,0.11665099367150325,0.11665099367150325
244,260.0,0.32885688216370595,0.32885688216370595,0.32885688216370595,0.31721591393474163,0.31721591393474163,0.31721591393474163
245,312.0,0.10472279260780287,0.10472279260780287,0.10472279260780287,0.09786270549692414,0.09786270549692414,0.09786270549692414
246,364.0,0.041637751561415685,0.041637751561415685,0.041637751561415685,0.03990404920632551,0.03990404920632551,0.03990404920632551
247,416.0,0.23649619922349518,0.23649619922349518,0.23649619922349518,0.31299689951342313,0.31299689951342313,0.31299689951342313
248,468.0,0.13653483992467044,0.13653483992467044,0.13653483992467044,0.12354279492553932,0.12354279492553932,0.12354279492553932
249,520.0,0.23988281266827197,0.23988281266827197,0.23988281266827197,0.3526281718111266,0.3526281718111266,0.3526281718111266
250,572.0,0.1474153588061592,0.1474153588061592,0.1474153588061592,0.1465073548677737,0.1465073548677737,0.1465073548677737
251,624.0,0.21686365504075467,0.21686365504075467,0.21686365504075467,0.3422268635777237,0.3422268635777237,0.3422268635777237
252,676.0,0.4835861318903499,0.4835861318903499,0.4835861318903499,1.6447383228497474,1.6447383228497474,1.6447383228497474
253,728.0,0.11532385466034756,0.11532385466034756,0.11532385466034756,0.1020242632066266,0.1020242632066266,0.1020242632066266
254,780.0,0.3214569245648161,0.3214569245648161,0.3214569245648161,0.35449808009509176,0.35449808009509176,0.35449808009509176
255,832.0,0.5174124964516562,0.5174124964516562,0.5174124964516562,0.6473064456928768,0.6473064456928768,0.6473064456928768
256,884.0,0.07149666348903717,0.07149666348903717,0.07149666348903717,0.07973093445025949,0.07973093445025949,0.07973093445025949
257,936.0,0.09997625267157445,0.09997625267157445,0.09997625267157445,0.09995487951205585,0.09995487951205585,0.09995487951205585
258,988.0,0.5421552791300066,0.5421552791300066,0.5421552791300066,0.5411586817053629,0.5411586817053629,0.5411586817053629
259,1040.0,0.21716184085753462,0.21716184085753462,0.21716184085753462,0.2577974663848881,0.2577974663848881,0.2577974663848881
260,52.0,0.20676473679493068,0.20676473679493068,0.20676473679493068,0.4618793193530639,0.4618793193530639,0.4618793193530639
261,104.0,0.19181507173557452,0.19181507173557452,0.19181507173557452,0.2554662703480137,0.2554662703480137,0.2554662703480137
262,156.0,0.1631290076381272,0.1631290076381272,0.1631290076381272,0.24270429569537424,0.24270429569537424,0.24270429569537424
263,208.0,0.24519370585904465,0.24519370585904465,0.24519370585904465,0.424224778755294,0.424224778755294,0.424224778755294
264,260.0,0.08673835125448029,0.08673835125448029,0.08673835125448029,0.16667000680875113,0.16667000680875113,0.16667000680875113
265,312.0,0.23267020100656804,0.23267020100656804,0.23267020100656804,0.23924091491573682,0.23924091491573682,0.23924091491573682
266,364.0,0.08310871518418689,0.08310871518418689,0.08310871518418689,0.07620165664462059,0.07620165664462059,0.07620165664462059
267,416.0,0.30041796503930007,0.30041796503930007,0.30041796503930007,0.44995835467035505,0.44995835467035505,0.44995835467035505
268,468.0,0.08902574276122305,0.08902574276122305,0.08902574276122305,0.08602600242987721,0.08602600242987721,0.08602600242987721
269,520.0,0.46346782988004365,0.46346782988004365,0.46346782988004365,0.45891621843073227,0.45891621843073227,0.45891621843073227
270,572.0,0.2361111111111111,0.2361111111111111,0.2361111111111111,0.20814043209876543,0.20814043209876543,0.20814043209876543
271,624.0,0.047619047619047616,0.047619047619047616,0.047619047619047616,0.0453514739229025,0.0453514739229025,0.0453514739229025
272,676.0,0.05023156394727467,0.05023156394727467,0.05023156394727467,0.0491333628369912,0.0491333628369912,0.0491333628369912
273,728.0,0.08370220438659415,0.08370220438659415,0.08370220438659415,0.09269782165857127,0.09269782165857127,0.09269782165857127
274,780.0,0.3504963020637706,0.3504963020637706,0.3504963020637706,0.5094315596872564,0.5094315596872564,0.5094315596872564
275,832.0,0.05832590516337853,0.05832590516337853,0.05832590516337853,0.06030899777872036,0.06030899777872036,0.06030899777872036
276,884.0,19.23843261103971,19.23843261103971,19.23843261103971,100.23720142552264,100.23720142552264,100.23720142552264
277,936.0,0.2681710041267632,0.2681710041267632,0.2681710041267632,0.2489421703864489,0.2489421703864489,0.2489421703864489
278,988.0,0.41022737250732877,0.41022737250732877,0.41022737250732877,0.590605021365112,0.590605021365112,0.590605021365112
279,1040.0,0.017871326449563147,0.017871326449563147,0.017871326449563147,0.017551942140496293,0.017551942140496293,0.017551942140496293
280,52.0,0.15399830460582084,0.15399830460582084,0.15399830460582084,0.1421505860383802,0.1421505860383802,0.1421505860383802
281,104.0,0.2571870958184639,0.2571870958184639,0.2571870958184639,0.2961174225395351,0.2961174225395351,0.2961174225395351
282,156.0,0.16313893115874226,0.16313893115874226,0.16313893115874226,0.1759055870289106,0.1759055870289106,0.1759055870289106
283,208.0,0.04991883116883117,0.04991883116883117,0.04991883116883117,0.05716720120382864,0.05716720120382864,0.05716720120382864
284,260.0,0.20865674065284182,0.20865674065284182,0.20865674065284182,0.2093128335082466,0.2093128335082466,0.2093128335082466
285,312.0,0.247596276910883,0.247596276910883,0.247596276910883,0.2424197183323794,0.2424197183323794,0.2424197183323794
286,364.0,0.1258790436005626,0.1258790436005626,0.1258790436005626,0.11776909366772102,0.11776909366772102,0.11776909366772102
287,416.0,0.18228224750536298,0.18228224750536298,0.18228224750536298,0.2564121504145364,0.2564121504145364,0.2564121504145364
288,468.0,0.1,0.1,0.1,0.09000000000000001,0.09000000000000001,0.09000000000000001
289,520.0,0.22979602375419572,0.22979602375419572,0.22979602375419572,0.20590796252485563,0.20590796252485563,0.20590796252485563
290,572.0,0.12573107347359266,0.12573107347359266,0.12573107347359266,0.14736195378542657,0.14736195378542657,0.14736195378542657
291,624.0,0.20219015604950435,0.20219015604950435,0.20219015604950435,0.2076980696171564,0.2076980696171564,0.2076980696171564
292,676.0,0.031748697574869256,0.031748697574869256,0.031748697574869256,0.03161458349408021,0.03161458349408021,0.03161458349408021
293,728.0,0.4752821910387931,0.4752821910387931,0.4752821910387931,0.4807891465369146,0.4807891465369146,0.4807891465369146
294,780.0,0.06575250641318045,0.06575250641318045,0.06575250641318045,0.06465429929181067,0.06465429929181067,0.06465429929181067
295,832.0,133.37345486089063,133.37345486089063,133.37345486089063,151.88021343721763,151.88021343721763,151.88021343721763
296,884.0,0.05508474576271186,0.05508474576271186,0.05508474576271186,0.06899956908934216,0.06899956908934216,0.06899956908934216
297,936.0,0.14741847826086957,0.14741847826086957,0.14741847826086957,0.12908300965855385,0.12908300965855385,0.12908300965855385
298,988.0,0.005671077504725898,0.005671077504725898,0.005671077504725898,0.00563891638466129,0.00563891638466129,0.00563891638466129
299,1040.0,0.31773471169763934,0.31773471169763934,0.31773471169763934,0.3174935394655564,0.3174935394655564,0.3174935394655564
300,52.0,0.09760132340777503,0.09760132340777503,0.09760132340777503,0.08807530507682593,0.08807530507682593,0.08807530507682593
301,104.0,0.06753305733206982,0.06753305733206982,0.06753305733206982,0.06571832725962687,0.06571832725962687,0.06571832725962687
302,156.0,0.015080361743382278,0.015080361743382278,0.015080361743382278,0.015727302855111227,0.015727302855111227,0.015727302855111227
303,208.0,1.0352745052635035,1.0352745052635035,1.0352745052635035,14.927616287775797,14.927616287775797,14.927616287775797
304,260.0,0.11331247827598193,0.11331247827598193,0.11331247827598193,0.10881478348350014,0.10881478348350014,0.10881478348350014
305,312.0,0.2978723404255319,0.2978723404255319,0.2978723404255319,0.5495699411498416,0.5495699411498416,0.5495699411498416
306,364.0,0.10588511840884901,0.10588511840884901,0.10588511840884901,0.09339868562859634,0.09339868562859634,0.09339868562859634
307,416.0,0.336734693877551,0.336734693877551,0.336734693877551,1.466609745939192,1.466609745939192,1.466609745939192
308,468.0,0.12155809267965077,0.12155809267965077,0.12155809267965077,0.1309590229852137,0.1309590229852137,0.1309590229852137
309,520.0,0.33500731267526335,0.33500731267526335,0.33500731267526335,0.4909069055743877,0.4909069055743877,0.4909069055743877
310,572.0,0.1702469128216306,0.1702469128216306,0.1702469128216306,0.1349106849323164,0.1349106849323164,0.1349106849323164
311,624.0,2.012646354934512,2.012646354934512,2.012646354934512,23.46562059370249,23.46562059370249,23.46562059370249
312,676.0,0.9571372139682652,0.9571372139682652,0.9571372139682652,14.381001258312777,14.381001258312777,14.381001258312777
313,728.0,35.46313531914827,35.46313531914827,35.46313531914827,95.66355446931532,95.66355446931532,95.66355446931532
314,780.0,0.18491413518494923,0.18491413518494923,0.18491413518494923,0.16449731295060274,0.16449731295060274,0.16449731295060274
315,832.0,0.41976905216885935,0.41976905216885935,0.41976905216885935,0.4126158350716075,0.4126158350716075,0.4126158350716075
316,884.0,0.253483853412497,0.253483853412497,0.253483853412497,0.25569639305317954,0.25569639305317954,0.25569639305317954
317,936.0,0.06893154236966928,0.06893154236966928,0.06893154236966928,0.07065776488709918,0.07065776488709918,0.07065776488709918
318,988.0,0.09393939393939393,0.09393939393939393,0.09393939393939393,0.11028960938051847,0.11028960938051847,0.11028960938051847
319,1040.0,0.37410629898464937,0.37410629898464937,0.37410629898464937,0.4904279205710602,0.4904279205710602,0.4904279205710602
320,52.0,0.12410833105824323,0.12410833105824323,0.12410833105824323,0.12184149076524688,0.12184149076524688,0.12184149076524688
321,104.0,0.23440904828490022,0.23440904828490022,0.23440904828490022,0.344011292032011,0.344011292032011,0.344011292032011
322,156.0,0.5343249160341175,0.5343249160341175,0.5343249160341175,0.6161622244308501,0.6161622244308501,0.6161622244308501
323,208.0,0.3523767618785446,0.3523767618785446,0.3523767618785446,0.5412364401752957,0.5412364401752957,0.5412364401752957
324,260.0,0.31661878860262205,0.31661878860262205,0.31661878860262205,0.40457159201254966,0.40457159201254966,0.40457159201254966
325,312.0,0.19028158139976387,0.19028158139976387,0.19028158139976387,0.15398407988076088,0.15398407988076088,0.15398407988076088
326,364.0,0.34370246883057326,0.34370246883057326,0.34370246883057326,0.7299142596507499,0.7299142596507499,0.7299142596507499
327,416.0,0.8089122700508931,0.8089122700508931,0.8089122700508931,0.8331131048267592,0.8331131048267592,0.8331131048267592
328,468.0,0.07994114762138303,0.07994114762138303,0.07994114762138303,0.07453143351530875,0.07453143351530875,0.07453143351530875
329,520.0,0.2421830286293916,0.2421830286293916,0.2421830286293916,0.23940023398758123,0.23940023398758123,0.23940023398758123
330,572.0,0.21140585873970652,0.21140585873970652,0.21140585873970652,0.2147594465880925,0.2147594465880925,0.2147594465880925
331,624.0,0.5497242053226117,0.5497242053226117,0.5497242053226117,0.5441050176873298,0.5441050176873298,0.5441050176873298
332,676.0,0.11471610660486674,0.11471610660486674,0.11471610660486674,0.1061913156965448,0.1061913156965448,0.1061913156965448
333,728.0,0.46140874941631804,0.46140874941631804,0.46140874941631804,0.31467595282256156,0.31467595282256156,0.31467595282256156
334,780.0,0.06060606060606061,0.06060606060606061,0.06060606060606061,0.06625697534788444,0.06625697534788444,0.06625697534788444
335,832.0,0.6917015632583148,0.6917015632583148,0.6917015632583148,0.8744294050678959,0.8744294050678959,0.8744294050678959
336,884.0,0.3573795241709716,0.3573795241709716,0.3573795241709716,0.34475175709548805,0.34475175709548805,0.34475175709548805
337,936.0,57.38606512661409,57.38606512661409,57.38606512661409,94.92578343617329,94.92578343617329,94.92578343617329
338,988.0,0.08847959552184904,0.08847959552184904,0.08847959552184904,0.0813732391105623,0.0813732391105623,0.0813732391105623
339,1040.0,0.05547476841846387,0.05547476841846387,0.05547476841846387,0.05959765744453399,0.05959765744453399,0.05959765744453399
340,52.0,0.15053763440860216,0.15053763440860216,0.15053763440860216,0.12787605503526422,0.12787605503526422,0.12787605503526422
341,104.0,0.021172638436482084,0.021172638436482084,0.021172638436482084,0.02235302231323409,0.02235302231323409,0.02235302231323409
342,156.0,0.3376801199813929,0.3376801199813929,0.3376801199813929,0.4260829683229958,0.4260829683229958,0.4260829683229958
343,208.0,0.5924654636587724,0.5924654636587724,0.5924654636587724,2.3188732600624236,2.3188732600624236,2.3188732600624236
344,260.0,0.2530586204895119,0.2530586204895119,0.2530586204895119,0.44315334546752433,0.44315334546752433,0.44315334546752433
345,312.0,0.23627637050208303,0.23627637050208303,0.23627637050208303,0.2126507725811603,0.2126507725811603,0.2126507725811603
346,364.0,0.6874590071786848,0.6874590071786848,0.6874590071786848,0.966727139086121,0.966727139086121,0.966727139086121
347,416.0,7.655784788707574,7.655784788707574,7.655784788707574,29.909107229567656,29.909107229567656,29.909107229567656
348,468.0,0.11707569426761784,0.11707569426761784,0.11707569426761784,0.2680870000141461,0.2680870000141461,0.2680870000141461
349,520.0,0.04390443128445987,0.04390443128445987,0.04390443128445987,0.044427312083692286,0.044427312083692286,0.044427312083692286
350,572.0,0.1877444589308996,0.1877444589308996,0.1877444589308996,0.19943259180436826,0.19943259180436826,0.19943259180436826
351,624.0,0.25247038359250484,0.25247038359250484,0.25247038359250484,0.2999689846948666,0.2999689846948666,0.2999689846948666
352,676.0,0.18446736791382282,0.18446736791382282,0.18446736791382282,0.23022277510555586,0.23022277510555586,0.23022277510555586
353,728.0,0.19853768278965128,0.19853768278965128,0.19853768278965128,0.18949167490171717,0.18949167490171717,0.18949167490171717
354,780.0,0.12056737588652482,0.12056737588652482,0.12056737588652482,0.10603088375836223,0.10603088375836223,0.10603088375836223
355,832.0,0.01169864295741694,0.01169864295741694,0.01169864295741694,0.011561784710371819,0.011561784710371819,0.011561784710371819
356,884.0,0.5978364560113006,0.5978364560113006,0.5978364560113006,0.6180397823812722,0.6180397823812722,0.6180397823812722
357,936.0,0.21027013871988318,0.21027013871988318,0.21027013871988318,0.2327394986970117,0.2327394986970117,0.2327394986970117
358,988.0,0.0,0.0,0.0,0.0,0.0,0.0
359,1040.0,0.018613138686131386,0.018613138686131386,0.018613138686131386,0.018266689754382226,0.018266689754382226,0.018266689754382226
360,52.0,0.266335248542611,0.266335248542611,0.266335248542611,0.2671256494798029,0.2671256494798029,0.2671256494798029
361,104.0,11.75212779572953,11.75212779572953,11.75212779572953,10.256543224058515,10.256543224058515,10.256543224058515
362,156.0,0.06738131699846861,0.06738131699846861,0.06738131699846861,0.06284107511802049,0.06284107511802049,0.06284107511802049
363,208.0,0.11866859623733719,0.11866859623733719,0.11866859623733719,0.11905814053334059,0.11905814053334059,0.11905814053334059
364,260.0,0.9674841200354055,0.9674841200354055,0.9674841200354055,1.2365758848012336,1.2365758848012336,1.2365758848012336
365,312.0,0.657981446325873,0.657981446325873,0.657981446325873,0.6634313441305422,0.6634313441305422,0.6634313441305422
366,364.0,47.77158784912059,47.77158784912059,47.77158784912059,44.61504132365379,44.61504132365379,44.61504132365379
367,416.0,0.03333333333333333,0.03333333333333333,0.03333333333333333,0.032222222222222215,0.032222222222222215,0.032222222222222215
368,468.0,0.41986545799281805,0.41986545799281805,0.41986545799281805,0.4373612060800224,0.4373612060800224,0.4373612060800224
369,520.0,0.25349541600645475,0.25349541600645475,0.25349541600645475,0.34474551933461955,0.34474551933461955,0.34474551933461955
370,572.0,0.03114754098360656,0.03114754098360656,0.03114754098360656,0.030177371674281108,0.030177371674281108,0.030177371674281108
371,624.0,0.18232044198895028,0.18232044198895028,0.18232044198895028,0.22642776472024664,0.22642776472024664,0.22642776472024664
372,676.0,0.2808408573008911,0.2808408573008911,0.2808408573008911,0.3784804961273228,0.3784804961273228,0.3784804961273228
373,728.0,0.18385148856264769,0.18385148856264769,0.18385148856264769,0.17831575462004406,0.17831575462004406,0.17831575462004406
374,780.0,20.831750130474997,20.831750130474997,20.831750130474997,48.844682640596226,48.844682640596226,48.844682640596226
375,832.0,0.6377376263738591,0.6377376263738591,0.6377376263738591,0.802807044342473,0.802807044342473,0.802807044342473
376,884.0,0.12100373611811573,0.12100373611811573,0.12100373611811573,0.11123802800696365,0.11123802800696365,0.11123802800696365
377,936.0,123.72688843341784,123.72688843341784,123.72688843341784,128.25840681772192,128.25840681772192,128.25840681772192
378,988.0,0.3955561451301286,0.3955561451301286,0.3955561451301286,0.48196528282198975,0.48196528282198975,0.48196528282198975
379,1040.0,0.27842851499375143,0.27842851499375143,0.27842851499375143,0.27878947119925745,0.27878947119925745,0.27878947119925745
380,52.0,0.0746043983591293,0.0746043983591293,0.0746043983591293,0.07387548894045741,0.07387548894045741,0.07387548894045741
381,104.0,0.2038091996297208,0.2038091996297208,0.2038091996297208,0.2222721972380795,0.2222721972380795,0.2222721972380795
382,156.0,0.27381824234793145,0.27381824234793145,0.27381824234793145,0.6550077753872631,0.6550077753872631,0.6550077753872631
383,208.0,0.20219149673262343,0.20219149673262343,0.20219149673262343,0.3198533083440428,0.3198533083440428,0.3198533083440428
384,260.0,0.08771929824561403,0.08771929824561403,0.08771929824561403,0.08002462296091105,0.08002462296091105,0.08002462296091105
385,312.0,0.21099750244453286,0.21099750244453286,0.21099750244453286,0.2382256880571963,0.2382256880571963,0.2382256880571963
386,364.0,35.97392307049297,35.97392307049297,35.97392307049297,195.94528639668098,195.94528639668098,195.94528639668098
387,416.0,0.17932296431838976,0.17932296431838976,0.17932296431838976,0.15326565934150252,0.15326565934150252,0.15326565934150252
388,468.0,0.21461420925123317,0.21461420925123317,0.21461420925123317,0.23740254815165376,0.23740254815165376,0.23740254815165376
389,520.0,0.2987207706308095,0.2987207706308095,0.2987207706308095,0.30847968599836995,0.30847968599836995,0.30847968599836995
390,572.0,0.05109862033725089,0.05109862033725089,0.05109862033725089,0.05972924781107559,0.05972924781107559,0.05972924781107559
391,624.0,0.237880496054115,0.237880496054115,0.237880496054115,0.38196980308070094,0.38196980308070094,0.38196980308070094
392,676.0,0.27657626288900955,0.27657626288900955,0.27657626288900955,0.7931737138024701,0.7931737138024701,0.7931737138024701
393,728.0,0.2926938842915055,0.2926938842915055,0.2926938842915055,0.32584844387984785,0.32584844387984785,0.32584844387984785
394,780.0,0.2839807614717787,0.2839807614717787,0.2839807614717787,0.28469896849483034,0.28469896849483034,0.28469896849483034
395,832.0,0.24289112037719643,0.24289112037719643,0.24289112037719643,0.2286673053608956,0.2286673053608956,0.2286673053608956
396,884.0,0.19670436964681448,0.19670436964681448,0.19670436964681448,0.22721418118777423,0.22721418118777423,0.22721418118777423
397,936.0,0.25348189415041783,0.25348189415041783,0.25348189415041783,0.33964665078638434,0.33964665078638434,0.33964665078638434
398,988.0,0.11428696136394305,0.11428696136394305,0.11428696136394305,0.13032889911605347,0.13032889911605347,0.13032889911605347
399,1040.0,0.04207920792079208,0.04207920792079208,0.04207920792079208,0.040308548181550836,0.040308548181550836,0.040308548181550836
400,52.0,0.010416666666666666,0.010416666666666666,0.010416666666666666,0.010308159722222222,0.010308159722222222,0.010308159722222222
401,104.0,0.7342004089982959,0.7342004089982959,0.7342004089982959,0.7947995625562876,0.7947995625562876,0.7947995625562876
402,156.0,21.95973239939147,21.95973239939147,21.95973239939147,21.87692080226649,21.87692080226649,21.87692080226649
403,208.0,0.11602245698308251,0.11602245698308251,0.11602245698308251,0.24566822985784054,0.24566822985784054,0.24566822985784054
404,260.0,0.6151980157900326,0.6151980157900326,0.6151980157900326,0.8166707173534619,0.8166707173534619,0.8166707173534619
405,312.0,0.2086529610309911,0.2086529610309911,0.2086529610309911,0.2007106432951599,0.2007106432951599,0.2007106432951599
406,364.0,0.24876235423111104,0.24876235423111104,0.24876235423111104,0.3313575781521113,0.3313575781521113,0.3313575781521113
407,416.0,0.008250179749487722,0.008250179749487722,0.008250179749487722,0.007582017362243396,0.007582017362243396,0.007582017362243396
408,468.0,0.22592011283678098,0.22592011283678098,0.22592011283678098,0.2416911507757653,0.2416911507757653,0.2416911507757653
409,520.0,0.05133858131252387,0.05133858131252387,0.05133858131252387,0.04361514969472854,0.04361514969472854,0.04361514969472854
410,572.0,0.3175670627886188,0.3175670627886188,0.3175670627886188,0.31396657944404777,0.31396657944404777,0.31396657944404777
411,624.0,0.7063432200896234,0.7063432200896234,0.7063432200896234,0.7727473667481428,0.7727473667481428,0.7727473667481428
412,676.0,103.99517597389507,103.99517597389507,103.99517597389507,488.9916003545025,488.9916003545025,488.9916003545025
413,728.0,0.1706200582605077,0.1706200582605077,0.1706200582605077,0.14150885397968863,0.14150885397968863,0.14150885397968863
414,780.0,0.3610864864521452,0.3610864864521452,0.3610864864521452,0.32176155708505144,0.32176155708505144,0.32176155708505144
415,832.0,0.033520212674979476,0.033520212674979476,0.033520212674979476,0.029858426129363378,0.029858426129363378,0.029858426129363378
416,884.0,0.009782608695652175,0.009782608695652175,0.009782608695652175,0.009686909262759922,0.009686909262759922,0.009686909262759922
417,936.0,0.864884177035715,0.864884177035715,0.864884177035715,1.243858190540892,1.243858190540892,1.243858190540892
418,988.0,0.2835662541970798,0.2835662541970798,0.2835662541970798,0.30353088522561383,0.30353088522561383,0.30353088522561383
419,1040.0,0.17910923798105974,0.17910923798105974,0.17910923798105974,0.15181379030336295,0.15181379030336295,0.15181379030336295
420,52.0,0.1523809523809524,0.1523809523809524,0.1523809523809524,0.141859410430839,0.141859410430839,0.141859410430839
421,104.0,0.5498565079284935,0.5498565079284935,0.5498565079284935,0.8289151112974493,0.8289151112974493,0.8289151112974493
422,156.0,0.4725619781344643,0.4725619781344643,0.4725619781344643,0.5450049409221278,0.5450049409221278,0.5450049409221278
423,208.0,0.30517135057896844,0.30517135057896844,0.30517135057896844,0.3249090436695997,0.3249090436695997,0.3249090436695997
424,260.0,0.38604554653434175,0.38604554653434175,0.38604554653434175,2.3572777102917084,2.3572777102917084,2.3572777102917084
425,312.0,0.6251095745235605,0.6251095745235605,0.6251095745235605,0.6633198408630677,0.6633198408630677,0.6633198408630677
426,364.0,0.3044771328008576,0.3044771328008576,0.3044771328008576,0.37484383383820824,0.37484383383820824,0.37484383383820824
427,416.0,0.1937100591858919,0.1937100591858919,0.1937100591858919,0.15564606784501533,0.15564606784501533,0.15564606784501533
428,468.0,82.65357852882704,82.65357852882704,82.65357852882704,66.40136393369406,66.40136393369406,66.40136393369406
429,520.0,0.14846610580795352,0.14846610580795352,0.14846610580795352,0.1105569270514671,0.1105569270514671,0.1105569270514671
430,572.0,0.34982646360427744,0.34982646360427744,0.34982646360427744,0.36339603692327554,0.36339603692327554,0.36339603692327554
431,624.0,0.033789954337899546,0.033789954337899546,0.033789954337899546,0.03630116136027189,0.03630116136027189,0.03630116136027189
432,676.0,0.05122422856094028,0.05122422856094028,0.05122422856094028,0.049495783091845595,0.049495783091845595,0.049495783091845595
433,728.0,0.01936619718309859,0.01936619718309859,0.01936619718309859,0.018991147589763935,0.018991147589763935,0.018991147589763935
434,780.0,12.043314949734013,12.043314949734013,12.043314949734013,557.1516645911616,557.1516645911616,557.1516645911616
435,832.0,0.22748413955914415,0.22748413955914415,0.22748413955914415,0.30384505578736787,0.30384505578736787,0.30384505578736787
436,884.0,0.10847457627118644,0.10847457627118644,0.10847457627118644,0.15094513070956622,0.15094513070956622,0.15094513070956622
437,936.0,0.24125214106641132,0.24125214106641132,0.24125214106641132,0.23247288755094997,0.23247288755094997,0.23247288755094997
438,988.0,84.98097653772987,84.98097653772987,84.98097653772987,76.85442567922125,76.85442567922125,76.85442567922125
439,1040.0,0.3817929712781742,0.3817929712781742,0.3817929712781742,0.3976470269545429,0.3976470269545429,0.3976470269545429
440,52.0,0.019260944032613893,0.019260944032613893,0.019260944032613893,0.01533357412042169,0.01533357412042169,0.01533357412042169
441,104.0,0.19865690390043775,0.19865690390043775,0.19865690390043775,0.2645886823366951,0.2645886823366951,0.2645886823366951
442,156.0,23.323013587638275,23.323013587638275,23.323013587638275,20.77007582213964,20.77007582213964,20.77007582213964
443,208.0,0.08197315923104824,0.08197315923104824,0.08197315923104824,0.24645414073767974,0.24645414073767974,0.24645414073767974
444,260.0,0.4031440585772724,0.4031440585772724,0.4031440585772724,0.5418693013153171,0.5418693013153171,0.5418693013153171
445,312.0,2.3044556927838364,2.3044556927838364,2.3044556927838364,8.12024123558195,8.12024123558195,8.12024123558195
446,364.0,0.4299465165365422,0.4299465165365422,0.4299465165365422,0.3640257088762836,0.3640257088762836,0.3640257088762836
447,416.0,0.32120777633013614,0.32120777633013614,0.32120777633013614,0.43016548173335845,0.43016548173335845,0.43016548173335845
448,468.0,0.0660951506221555,0.0660951506221555,0.0660951506221555,0.05871692964373977,0.05871692964373977,0.05871692964373977
449,520.0,0.238285587386187,0.238285587386187,0.238285587386187,0.22503210409385327,0.22503210409385327,0.22503210409385327
450,572.0,0.31905965104730494,0.31905965104730494,0.31905965104730494,0.29743719355292836,0.29743719355292836,0.29743719355292836
451,624.0,0.02951096121416526,0.02951096121416526,0.02951096121416526,0.02864006438238129,0.02864006438238129,0.02864006438238129
452,676.0,0.2776203966005666,0.2776203966005666,0.2776203966005666,0.30253031482477194,0.30253031482477194,0.30253031482477194
453,728.0,0.23974692536028297,0.23974692536028297,0.23974692536028297,0.2496131722196655,0.2496131722196655,0.2496131722196655
454,780.0,0.4845522096206492,0.4845522096206492,0.4845522096206492,0.5931325038248008,0.5931325038248008,0.5931325038248008
455,832.0,0.03952070632751734,0.03952070632751734,0.03952070632751734,0.03837925314492889,0.03837925314492889,0.03837925314492889
456,884.0,0.6251834319375614,0.6251834319375614,0.6251834319375614,1.0317667282533223,1.0317667282533223,1.0317667282533223
457,936.0,0.2067566332267245,0.2067566332267245,0.2067566332267245,0.21055655524233882,0.21055655524233882,0.21055655524233882
458,988.0,0.19462786634721474,0.19462786634721474,0.19462786634721474,0.24251899624931328,0.24251899624931328,0.24251899624931328
459,1040.0,91.27160686343687,91.27160686343687,91.27160686343687,90.99012008619972,90.99012008619972,90.99012008619972
460,52.0,1.8661414558528373,1.8661414558528373,1.8661414558528373,1.5392854781840557,1.5392854781840557,1.5392854781840557
461,104.0,0.6668628082409472,0.6668628082409472,0.6668628082409472,1.1196403461995545,1.1196403461995545,1.1196403461995545
462,156.0,0.40372209046273855,0.40372209046273855,0.40372209046273855,0.38812738812835895,0.38812738812835895,0.38812738812835895
463,208.0,27.853311997282955,27.853311997282955,27.853311997282955,37.14200411518316,37.14200411518316,37.14200411518316
464,260.0,0.6855544713570272,0.6855544713570272,0.6855544713570272,0.7635977012504401,0.7635977012504401,0.7635977012504401
465,312.0,0.06886759369937746,0.06886759369937746,0.06886759369937746,0.07513771082776448,0.07513771082776448,0.07513771082776448
466,364.0,0.14687890755039734,0.14687890755039734,0.14687890755039734,0.26658550444871404,0.26658550444871404,0.26658550444871404
467,416.0,0.06701197798640336,0.06701197798640336,0.06701197798640336,0.07093833621133522,0.07093833621133522,0.07093833621133522
468,468.0,0.5497822742418985,0.5497822742418985,0.5497822742418985,1.9511061747241494,1.9511061747241494,1.9511061747241494
469,520.0,0.6640266748957058,0.6640266748957058,0.6640266748957058,1.8661620315882352,1.8661620315882352,1.8661620315882352
470,572.0,0.21290830381739473,0.21290830381739473,0.21290830381739473,0.3454610813202635,0.3454610813202635,0.3454610813202635
471,624.0,0.14294416243654823,0.14294416243654823,0.14294416243654823,0.12413549434409546,0.12413549434409546,0.12413549434409546
472,676.0,0.17066666666666666,0.17066666666666666,0.17066666666666666,0.1534369914529915,0.1534369914529915,0.1534369914529915
473,728.0,0.15844255975327678,0.15844255975327678,0.15844255975327678,0.1503007355209727,0.1503007355209727,0.1503007355209727
474,780.0,0.47489837611401164,0.47489837611401164,0.47489837611401164,0.451508786785211,0.451508786785211,0.451508786785211
475,832.0,0.5002889700135603,0.5002889700135603,0.5002889700135603,0.6565748033793188,0.6565748033793188,0.6565748033793188
476,884.0,0.39011796231610263,0.39011796231610263,0.39011796231610263,0.4286219053345232,0.4286219053345232,0.4286219053345232
477,936.0,0.2001937358734259,0.2001937358734259,0.2001937358734259,0.1885307987595983,0.1885307987595983,0.1885307987595983
478,988.0,112.15159143070323,112.15159143070323,112.15159143070323,137.53781265660535,137.53781265660535,137.53781265660535
479,1040.0,0.015121849146070442,0.015121849146070442,0.015121849146070442,0.01156445622031617,0.01156445622031617,0.01156445622031617
480,52.0,2.066635841644613,2.066635841644613,2.066635841644613,2.267356560896542,2.267356560896542,2.267356560896542
481,104.0,0.1597562646755495,0.1597562646755495,0.1597562646755495,0.1925702610129357,0.1925702610129357,0.1925702610129357
482,156.0,0.24899297134788437,0.24899297134788437,0.24899297134788437,0.3388659010886212,0.3388659010886212,0.3388659010886212
483,208.0,0.3482715781679216,0.3482715781679216,0.3482715781679216,0.48301688421396394,0.48301688421396394,0.48301688421396394
484,260.0,0.13636363636363635,0.13636363636363635,0.13636363636363635,0.22685950413223144,0.22685950413223144,0.22685950413223144
485,312.0,57.039205328106334,57.039205328106334,57.039205328106334,55.95397980237535,55.95397980237535,55.95397980237535
486,364.0,0.5552366514092757,0.5552366514092757,0.5552366514092757,0.51540502472568,0.51540502472568,0.51540502472568
487,416.0,0.052648794272537665,0.052648794272537665,0.052648794272537665,0.05835689826051154,0.05835689826051154,0.05835689826051154
488,468.0,0.11688311688311688,0.11688311688311688,0.11688311688311688,0.11064260414909766,0.11064260414909766,0.11064260414909766
489,520.0,0.4025157232704403,0.4025157232704403,0.4025157232704403,0.4291760610735335,0.4291760610735335,0.4291760610735335
490,572.0,0.19019020703050013,0.19019020703050013,0.19019020703050013,0.27275997046597533,0.27275997046597533,0.27275997046597533
491,624.0,0.1577540951923092,0.1577540951923092,0.1577540951923092,0.2640610449420635,0.2640610449420635,0.2640610449420635
492,676.0,0.6184867138082094,0.6184867138082094,0.6184867138082094,0.5527631080820085,0.5527631080820085,0.5527631080820085
493,728.0,0.16066481994459833,0.16066481994459833,0.16066481994459833,0.1582434484422652,0.1582434484422652,0.1582434484422652
494,780.0,7.678991483860116,7.678991483860116,7.678991483860116,235.31325911100305,235.31325911100305,235.31325911100305
495,832.0,0.28769099120950636,0.28769099120950636,0.28769099120950636,0.4480551641933172,0.4480551641933172,0.4480551641933172
496,884.0,0.2320343224883804,0.2320343224883804,0.2320343224883804,0.22109750615124815,0.22109750615124815,0.22109750615124815
497,936.0,0.04391891891891892,0.04391891891891892,0.04391891891891892,0.04649455198441685,0.04649455198441685,0.04649455198441685
498,988.0,0.7003887643049117,0.7003887643049117,0.7003887643049117,0.6905316614048742,0.6905316614048742,0.6905316614048742
499,1040.0,0.2094986158317723,0.2094986158317723,0.2094986158317723,0.26375016727647804,0.26375016727647804,0.26375016727647804
500,52.0,0.056907241224171755,0.056907241224171755,0.056907241224171755,0.0598771247263062,0.0598771247263062,0.0598771247263062
501,104.0,1.9186104371770627,1.9186104371770627,1.9186104371770627,1.7289832580396616,1.7289832580396616,1.7289832580396616
502,156.0,0.05035279025016036,0.05035279025016036,0.05035279025016036,0.04910026040113048,0.04910026040113048,0.04910026040113048
503,208.0,0.7769452470383708,0.7769452470383708,0.7769452470383708,0.9411781444635672,0.9411781444635672,0.9411781444635672
504,260.0,2.405873578924605,2.405873578924605,2.405873578924605,51.982789527993695,51.982789527993695,51.982789527993695
505,312.0,0.8421542599565727,0.8421542599565727,0.8421542599565727,1.1467989741842224,1.1467989741842224,1.1467989741842224
506,364.0,0.09266756635177688,0.09266756635177688,0.09266756635177688,0.10207399070244443,0.10207399070244443,0.10207399070244443
507,416.0,0.09342915811088295,0.09342915811088295,0.09342915811088295,0.08839624908820293,0.08839624908820293,0.08839624908820293
508,468.0,0.163864195806758,0.163864195806758,0.163864195806758,0.22158422900067526,0.22158422900067526,0.22158422900067526
509,520.0,0.11509125874912104,0.11509125874912104,0.11509125874912104,0.14304426437218573,0.14304426437218573,0.14304426437218573
510,572.0,0.0590506472859414,0.0590506472859414,0.0590506472859414,0.05556366834105274,0.05556366834105274,0.05556366834105274
511,624.0,0.09159482758620689,0.09159482758620689,0.09159482758620689,0.09541785882382084,0.09541785882382084,0.09541785882382084
512,676.0,0.3862927388342243,0.3862927388342243,0.3862927388342243,3.4307546223346743,3.4307546223346743,3.4307546223346743
513,728.0,0.3164521582485675,0.3164521582485675,0.3164521582485675,0.31637732290709286,0.31637732290709286,0.31637732290709286
514,780.0,0.17211783808861053,0.17211783808861053,0.17211783808861053,0.15223580703740452,0.15223580703740452,0.15223580703740452
515,832.0,0.4154477404520448,0.4154477404520448,0.4154477404520448,10.452124454080707,10.452124454080707,10.452124454080707
516,884.0,3.8236868965486286,3.8236868965486286,3.8236868965486286,2.647373637502461,2.647373637502461,2.647373637502461
517,936.0,0.041558175449825575,0.041558175449825575,0.041558175449825575,0.041303202247942004,0.041303202247942004,0.041303202247942004
518,988.0,0.16115954089801832,0.16115954089801832,0.16115954089801832,0.1500591356877544,0.1500591356877544,0.1500591356877544
519,1040.0,0.09885405237308316,0.09885405237308316,0.09885405237308316,0.10279959390157621,0.10279959390157621,0.10279959390157621
520,52.0,0.44695650834964945,0.44695650834964945,0.44695650834964945,0.48056482565713493,0.48056482565713493,0.48056482565713493
521,104.0,0.5264392598986556,0.5264392598986556,0.5264392598986556,1.0154095502246243,1.0154095502246243,1.0154095502246243
522,156.0,21.75596311162832,21.75596311162832,21.75596311162832,18.407834172305314,18.407834172305314,18.407834172305314
523,208.0,0.0724450194049159,0.0724450194049159,0.0724450194049159,0.0710777217507435,0.0710777217507435,0.0710777217507435
524,260.0,0.17974771388346578,0.17974771388346578,0.17974771388346578,0.16438832519728738,0.16438832519728738,0.16438832519728738
525,312.0,0.46001055419224546,0.46001055419224546,0.46001055419224546,0.6158374039657986,0.6158374039657986,0.6158374039657986
526,364.0,0.06602286784501521,0.06602286784501521,0.06602286784501521,0.0643049775340945,0.0643049775340945,0.0643049775340945
527,416.0,0.5573704423982525,0.5573704423982525,0.5573704423982525,0.6898924247435864,0.6898924247435864,0.6898924247435864
528,468.0,0.2876166059468115,0.2876166059468115,0.2876166059468115,0.31094783350177263,0.31094783350177263,0.31094783350177263
529,520.0,0.08074166629780805,0.08074166629780805,0.08074166629780805,0.14370067365735056,0.14370067365735056,0.14370067365735056
530,572.0,0.1532567049808429,0.1532567049808429,0.1532567049808429,0.13046570874553437,0.13046570874553437,0.13046570874553437
531,624.0,0.37188712752678904,0.37188712752678904,0.37188712752678904,0.42433994669762165,0.42433994669762165,0.42433994669762165
532,676.0,0.6841121453935467,0.6841121453935467,0.6841121453935467,2.1187561787724603,2.1187561787724603,2.1187561787724603
533,728.0,0.15102974828375287,0.15102974828375287,0.15102974828375287,0.14652639957270552,0.14652639957270552,0.14652639957270552
534,780.0,0.41461405074923374,0.41461405074923374,0.41461405074923374,0.48399172676639446,0.48399172676639446,0.48399172676639446
535,832.0,97.92921185005649,97.92921185005649,97.92921185005649,184.77429681826553,184.77429681826553,184.77429681826553
536,884.0,0.5056494728092545,0.5056494728092545,0.5056494728092545,0.3745336902993133,0.3745336902993133,0.3745336902993133
537,936.0,1.412237759749627,1.412237759749627,1.412237759749627,11.433009061247198,11.433009061247198,11.433009061247198
538,988.0,0.007893905904641616,0.007893905904641616,0.007893905904641616,0.00783159215421028,0.00783159215421028,0.00783159215421028
539,1040.0,0.13222559852238477,0.13222559852238477,0.13222559852238477,0.1254046726920303,0.1254046726920303,0.1254046726920303
540,52.0,0.7297131567262051,0.7297131567262051,0.7297131567262051,0.769807799558037,0.769807799558037,0.769807799558037
541,104.0,0.15771607265512266,0.15771607265512266,0.15771607265512266,0.20711286896383496,0.20711286896383496,0.20711286896383496
542,156.0,0.0020151133501259445,0.0020151133501259445,0.0020151133501259445,0.00201105266831209,0.00201105266831209,0.00201105266831209
543,208.0,0.4745731626550803,0.4745731626550803,0.4745731626550803,0.44296832630404476,0.44296832630404476,0.44296832630404476
544,260.0,1.1150762382221064,1.1150762382221064,1.1150762382221064,1.5971414140387439,1.5971414140387439,1.5971414140387439
545,312.0,0.6097815158866114,0.6097815158866114,0.6097815158866114,0.8050922696169222,0.8050922696169222,0.8050922696169222
546,364.0,0.18808025471441653,0.18808025471441653,0.18808025471441653,0.37864738074304355,0.37864738074304355,0.37864738074304355
547,416.0,0.0002053388090349076,0.0002053388090349076,0.0002053388090349076,0.00020529664500841172,0.00020529664500841172,0.00020529664500841172
548,468.0,0.029676258992805755,0.029676258992805755,0.029676258992805755,0.02969485922053724,0.02969485922053724,0.02969485922053724
549,520.0,0.03080872913992298,0.03080872913992298,0.03080872913992298,0.034352491014944614,0.034352491014944614,0.034352491014944614
550,572.0,0.17686141901357239,0.17686141901357239,0.17686141901357239,0.15302793641776427,0.15302793641776427,0.15302793641776427
551,624.0,0.11743235166583031,0.11743235166583031,0.11743235166583031,0.1081492610831399,0.1081492610831399,0.1081492610831399
552,676.0,0.5944947682038243,0.5944947682038243,0.5944947682038243,0.6610063133062886,0.6610063133062886,0.6610063133062886
553,728.0,0.06684141546526867,0.06684141546526867,0.06684141546526867,0.12615695213360154,0.12615695213360154,0.12615695213360154
554,780.0,0.30248256703459264,0.30248256703459264,0.30248256703459264,0.3579195981148124,0.3579195981148124,0.3579195981148124
555,832.0,0.17532733224222585,0.17532733224222585,0.17532733224222585,0.17936670954754755,0.17936670954754755,0.17936670954754755
556,884.0,0.06650140450884792,0.06650140450884792,0.06650140450884792,0.06463553714526858,0.06463553714526858,0.06463553714526858
557,936.0,0.18016638448103178,0.18016638448103178,0.18016638448103178,0.24838077376409662,0.24838077376409662,0.24838077376409662
558,988.0,0.272634420497844,0.272634420497844,0.272634420497844,0.2602538278020618,0.2602538278020618,0.2602538278020618
559,1040.0,0.15646926872970754,0.15646926872970754,0.15646926872970754,0.17774362262396476,0.17774362262396476,0.17774362262396476
560,52.0,0.562951154272444,0.562951154272444,0.562951154272444,1.7156748416697492,1.7156748416697492,1.7156748416697492
561,104.0,0.17157363750587082,0.17157363750587082,0.17157363750587082,0.17757976785428173,0.17757976785428173,0.17757976785428173
562,156.0,0.16216216216216217,0.16216216216216217,0.16216216216216217,0.15388361334307277,0.15388361334307277,0.15388361334307277
563,208.0,0.4151218642167238,0.4151218642167238,0.4151218642167238,0.4401043703488048,0.4401043703488048,0.4401043703488048
564,260.0,9.360220206988437,9.360220206988437,9.360220206988437,16.285593031993063,16.285593031993063,16.285593031993063
565,312.0,1.214442407520007,1.214442407520007,1.214442407520007,2.021192762147613,2.021192762147613,2.021192762147613
566,364.0,0.2739125924419207,0.2739125924419207,0.2739125924419207,0.30748567882971656,0.30748567882971656,0.30748567882971656
567,416.0,0.5989524385838917,0.5989524385838917,0.5989524385838917,0.6025526206539314,0.6025526206539314,0.6025526206539314
568,468.0,0.47188548808500225,0.47188548808500225,0.47188548808500225,0.6096374057272254,0.6096374057272254,0.6096374057272254
569,520.0,0.14588232003712176,0.14588232003712176,0.14588232003712176,0.15610137845439512,0.15610137845439512,0.15610137845439512
570,572.0,0.17447598571400963,0.17447598571400963,0.17447598571400963,0.16927101943281891,0.16927101943281891,0.16927101943281891
571,624.0,0.3813236095980578,0.3813236095980578,0.3813236095980578,1.4747014743027689,1.4747014743027689,1.4747014743027689
572,676.0,0.16655879180151026,0.16655879180151026,0.16655879180151026,0.14917294773014758,0.14917294773014758,0.14917294773014758
573,728.0,114.68404432952191,114.68404432952191,114.68404432952191,113.61735794837956,113.61735794837956,113.61735794837956
574,780.0,0.026991869918699188,0.026991869918699188,0.026991869918699188,0.027564121885121282,0.027564121885121282,0.027564121885121282
575,832.0,0.34120460879960035,0.34120460879960035,0.34120460879960035,0.3628791161501356,0.3628791161501356,0.3628791161501356
576,884.0,0.7411752736895033,0.7411752736895033,0.7411752736895033,0.8296536928313372,0.8296536928313372,0.8296536928313372
577,936.0,0.5813263109901412,0.5813263109901412,0.5813263109901412,0.6509196559713034,0.6509196559713034,0.6509196559713034
578,988.0,0.27114677365429624,0.27114677365429624,0.27114677365429624,0.24777665214522418,0.24777665214522418,0.24777665214522418
579,1040.0,0.11721762058703616,0.11721762058703616,0.11721762058703616,0.12173558787451265,0.12173558787451265,0.12173558787451265
580,52.0,0.1248878454766459,0.1248878454766459,0.1248878454766459,0.15604604817594758,0.15604604817594758,0.15604604817594758
581,104.0,0.11389297987236131,0.11389297987236131,0.11389297987236131,0.22463270921434084,0.22463270921434084,0.22463270921434084
582,156.0,0.29877321949707286,0.29877321949707286,0.29877321949707286,0.3006332930969949,0.3006332930969949,0.3006332930969949
583,208.0,0.6407409063054451,0.6407409063054451,0.6407409063054451,0.8014962049004896,0.8014962049004896,0.8014962049004896
584,260.0,0.25236050046990577,0.25236050046990577,0.25236050046990577,0.45711437848646563,0.45711437848646563,0.45711437848646563
585,312.0,0.13969523231727,0.13969523231727,0.13969523231727,0.18217195069665545,0.18217195069665545,0.18217195069665545
586,364.0,4.298867487671029,4.298867487671029,4.298867487671029,12.372980167249345,12.372980167249345,12.372980167249345
587,416.0,0.941287725340683,0.941287725340683,0.941287725340683,0.8860221305478927,0.8860221305478927,0.8860221305478927
588,468.0,0.13343065693430656,0.13343065693430656,0.13343065693430656,0.12905757365869253,0.12905757365869253,0.12905757365869253
589,520.0,64.68533293630999,64.68533293630999,64.68533293630999,73.51193178584735,73.51193178584735,73.51193178584735
590,572.0,0.5265585049841599,0.5265585049841599,0.5265585049841599,0.5339860406083545,0.5339860406083545,0.5339860406083545
591,624.0,0.5664742228807523,0.5664742228807523,0.5664742228807523,1.4475356591357336,1.4475356591357336,1.4475356591357336
592,676.0,0.8518487694469752,0.8518487694469752,0.8518487694469752,1.0091653431378367,1.0091653431378367,1.0091653431378367
593,728.0,0.0421903052064632,0.0421903052064632,0.0421903052064632,0.04400094762593917,0.04400094762593917,0.04400094762593917
594,780.0,0.31808447464395123,0.31808447464395123,0.31808447464395123,0.36591654826125397,0.36591654826125397,0.36591654826125397
595,832.0,0.04877040472581275,0.04877040472581275,0.04877040472581275,0.04960021521657393,0.04960021521657393,0.04960021521657393
596,884.0,0.1935302848583091,0.1935302848583091,0.1935302848583091,0.32050936263456753,0.32050936263456753,0.32050936263456753
597,936.0,110.29896907216495,110.29896907216495,110.29896907216495,97.73535976193006,97.73535976193006,97.73535976193006
598,988.0,0.06820068666715405,0.06820068666715405,0.06820068666715405,0.06347095309973622,0.06347095309973622,0.06347095309973622
599,1040.0,0.0010878433505575197,0.0010878433505575197,0.0010878433505575197,0.0010866599474021674,0.0010866599474021674,0.0010866599474021674
600,52.0,0.2527295132196303,0.2527295132196303,0.2527295132196303,0.37009474974380285,0.37009474974380285,0.37009474974380285
601,104.0,0.07630522088353414,0.07630522088353414,0.07630522088353414,0.0704827341494492,0.0704827341494492,0.0704827341494492
602,156.0,0.16949602122015914,0.16949602122015914,0.16949602122015914,0.1407671200106945,0.1407671200106945,0.1407671200106945
603,208.0,0.015666489644184812,0.015666489644184812,0.015666489644184812,0.01648318563754464,0.01648318563754464,0.01648318563754464
604,260.0,0.16662403513575805,0.16662403513575805,0.16662403513575805,0.1486152556163665,0.1486152556163665,0.1486152556163665
605,312.0,0.29175563649668274,0.29175563649668274,0.29175563649668274,0.25719708148667975,0.25719708148667975,0.25719708148667975
606,364.0,0.1542061771837689,0.1542061771837689,0.1542061771837689,0.1880820394413656,0.1880820394413656,0.1880820394413656
607,416.0,40.107752054081104,40.107752054081104,40.107752054081104,38.15315108366393,38.15315108366393,38.15315108366393
608,468.0,0.8468224560906723,0.8468224560906723,0.8468224560906723,1.0827776872134247,1.0827776872134247,1.0827776872134247
609,520.0,0.23772205337782995,0.23772205337782995,0.23772205337782995,0.3202813109191654,0.3202813109191654,0.3202813109191654
610,572.0,0.1659392680519625,0.1659392680519625,0.1659392680519625,0.14243277910475943,0.14243277910475943,0.14243277910475943
611,624.0,0.10252100840336134,0.10252100840336134,0.10252100840336134,0.12226255207965539,0.12226255207965539,0.12226255207965539
612,676.0,0.36107411513749604,0.36107411513749604,0.36107411513749604,0.42418148837626674,0.42418148837626674,0.42418148837626674
613,728.0,0.21964167219641673,0.21964167219641673,0.21964167219641673,0.24837332880091975,0.24837332880091975,0.24837332880091975
614,780.0,0.506625499756562,0.506625499756562,0.506625499756562,4.1020031396814325,4.1020031396814325,4.1020031396814325
615,832.0,0.19203878494774268,0.19203878494774268,0.19203878494774268,0.25694686117973387,0.25694686117973387,0.25694686117973387
616,884.0,0.12673805701892907,0.12673805701892907,0.12673805701892907,0.14610972222859867,0.14610972222859867,0.14610972222859867
617,936.0,0.1720712370632305,0.1720712370632305,0.1720712370632305,2.653117522390544,2.653117522390544,2.653117522390544
618,988.0,0.15930564711052517,0.15930564711052517,0.15930564711052517,0.159416261446906,0.159416261446906,0.159416261446906
619,1040.0,0.0742296918767507,0.0742296918767507,0.0742296918767507,0.07152076516881263,0.07152076516881263,0.07152076516881263
620,52.0,2.0527357032423708,2.0527357032423708,2.0527357032423708,1.9846799443626026,1.9846799443626026,1.9846799443626026
621,104.0,0.14499546887262954,0.14499546887262954,0.14499546887262954,0.17696269508275084,0.17696269508275084,0.17696269508275084
622,156.0,0.41540791936393184,0.41540791936393184,0.41540791936393184,4.204670102827853,4.204670102827853,4.204670102827853
623,208.0,0.15061072409183887,0.15061072409183887,0.15061072409183887,0.14505976568230855,0.14505976568230855,0.14505976568230855
624,260.0,3.677290924061999,3.677290924061999,3.677290924061999,4.68234628220586,4.68234628220586,4.68234628220586
625,312.0,0.14195334663859938,0.14195334663859938,0.14195334663859938,0.14996074910456506,0.14996074910456506,0.14996074910456506
626,364.0,0.12907876479173747,0.12907876479173747,0.12907876479173747,0.24178837365802971,0.24178837365802971,0.24178837365802971
627,416.0,0.30630001518115174,0.30630001518115174,0.30630001518115174,0.31270935002392436,0.31270935002392436,0.31270935002392436
628,468.0,0.024272611690053972,0.024272611690053972,0.024272611690053972,0.02323014370595411,0.02323014370595411,0.02323014370595411
629,520.0,0.2003389140865488,0.2003389140865488,0.2003389140865488,0.20118591794186214,0.20118591794186214,0.20118591794186214
630,572.0,0.19285924558301193,0.19285924558301193,0.19285924558301193,0.2259875312688287,0.2259875312688287,0.2259875312688287
631,624.0,0.4487053816992023,0.4487053816992023,0.4487053816992023,0.5533637690563894,0.5533637690563894,0.5533637690563894
632,676.0,0.3281618140579686,0.3281618140579686,0.3281618140579686,0.39065900007685483,0.39065900007685483,0.39065900007685483
633,728.0,0.15800533325606694,0.15800533325606694,0.15800533325606694,0.2218742521121198,0.2218742521121198,0.2218742521121198
634,780.0,0.050968623870434514,0.050968623870434514,0.050968623870434514,0.04977522423813427,0.04977522423813427,0.04977522423813427
635,832.0,0.35812274368231045,0.35812274368231045,0.35812274368231045,0.33239791995203904,0.33239791995203904,0.33239791995203904
636,884.0,157.01687595603747,157.01687595603747,157.01687595603747,132.9399435367935,132.9399435367935,132.9399435367935
637,936.0,0.011639185257032008,0.011639185257032008,0.011639185257032008,0.0115037146235845,0.0115037146235845,0.0115037146235845
638,988.0,0.2125720437211692,0.2125720437211692,0.2125720437211692,0.882644567906573,0.882644567906573,0.882644567906573
639,1040.0,0.2120784923871286,0.2120784923871286,0.2120784923871286,0.4586616794806766,0.4586616794806766,0.4586616794806766
640,52.0,4.368711561986493,4.368711561986493,4.368711561986493,5.081858551797544,5.081858551797544,5.081858551797544
641,104.0,0.052414605418138985,0.052414605418138985,0.052414605418138985,0.061445877572311916,0.061445877572311916,0.061445877572311916
642,156.0,0.11802551251485745,0.11802551251485745,0.11802551251485745,0.12522799685962202,0.12522799685962202,0.12522799685962202
643,208.0,0.2121559633027523,0.2121559633027523,0.2121559633027523,0.21760452613416378,0.21760452613416378,0.21760452613416378
644,260.0,35.46929232048918,35.46929232048918,35.46929232048918,42.00747404927626,42.00747404927626,42.00747404927626
645,312.0,0.13500404203718674,0.13500404203718674,0.13500404203718674,0.20570276877913488,0.20570276877913488,0.20570276877913488
646,364.0,0.1495307001299186,0.1495307001299186,0.1495307001299186,0.17374550258911411,0.17374550258911411,0.17374550258911411
647,416.0,0.19235060593436656,0.19235060593436656,0.19235060593436656,0.18276693030810054,0.18276693030810054,0.18276693030810054
648,468.0,0.1654485964500699,0.1654485964500699,0.1654485964500699,0.20197814285325905,0.20197814285325905,0.20197814285325905
649,520.0,0.03802639849151477,0.03802639849151477,0.03802639849151477,0.0365803915092793,0.0365803915092793,0.0365803915092793
650,572.0,0.16304347826086957,0.16304347826086957,0.16304347826086957,0.1473298676748582,0.1473298676748582,0.1473298676748582
651,624.0,3.77382557472452,3.77382557472452,3.77382557472452,217.42625061015366,217.42625061015366,217.42625061015366
652,676.0,0.14680498407678869,0.14680498407678869,0.14680498407678869,0.15969248765891156,0.15969248765891156,0.15969248765891156
653,728.0,0.4030917724798829,0.4030917724798829,0.4030917724798829,0.4496737682002562,0.4496737682002562,0.4496737682002562
654,780.0,0.32399784771393025,0.32399784771393025,0.32399784771393025,0.3056721326352623,0.3056721326352623,0.3056721326352623
655,832.0,0.53330495048623,0.53330495048623,0.53330495048623,0.6224853490813574,0.6224853490813574,0.6224853490813574
656,884.0,0.2053164191292935,0.2053164191292935,0.2053164191292935,0.28960793642191934,0.28960793642191934,0.28960793642191934
657,936.0,0.07880133185349611,0.07880133185349611,0.07880133185349611,0.08369046108590651,0.08369046108590651,0.08369046108590651
658,988.0,0.03625853914871256,0.03625853914871256,0.03625853914871256,0.03494385748751384,0.03494385748751384,0.03494385748751384
659,1040.0,0.040106951871657755,0.040106951871657755,0.040106951871657755,0.038498384283222276,0.038498384283222276,0.038498384283222276
660,52.0,0.23478260869565218,0.23478260869565218,0.23478260869565218,0.40574669187145557,0.40574669187145557,0.40574669187145557
661,104.0,0.6606455410358484,0.6606455410358484,0.6606455410358484,1.2396020428136012,1.2396020428136012,1.2396020428136012
662,156.0,0.1288111045683004,0.1288111045683004,0.1288111045683004,0.1507163412996688,0.1507163412996688,0.1507163412996688
663,208.0,0.1908410273111979,0.1908410273111979,0.1908410273111979,0.22704266597078393,0.22704266597078393,0.22704266597078393
664,260.0,0.6018421022358557,0.6018421022358557,0.6018421022358557,0.8367825567333952,0.8367825567333952,0.8367825567333952
665,312.0,0.4179782198565537,0.4179782198565537,0.4179782198565537,0.45758507953926836,0.45758507953926836,0.45758507953926836
666,364.0,0.14413009578970817,0.14413009578970817,0.14413009578970817,0.13226728180531497,0.13226728180531497,0.13226728180531497
667,416.0,0.05374409714414212,0.05374409714414212,0.05374409714414212,0.05220489336239038,0.05220489336239038,0.05220489336239038
668,468.0,0.09178476462256138,0.09178476462256138,0.09178476462256138,0.09813148347928582,0.09813148347928582,0.09813148347928582
669,520.0,0.10794461942968832,0.10794461942968832,0.10794461942968832,0.09739403393704744,0.09739403393704744,0.09739403393704744
670,572.0,0.3926761020487185,0.3926761020487185,0.3926761020487185,0.6653322726059884,0.6653322726059884,0.6653322726059884
671,624.0,1.3320907632209453,1.3320907632209453,1.3320907632209453,1.6400415841082492,1.6400415841082492,1.6400415841082492
672,676.0,0.030303030303030304,0.030303030303030304,0.030303030303030304,0.02938475665748394,0.02938475665748394,0.02938475665748394
673,728.0,0.10778318714464272,0.10778318714464272,0.10778318714464272,0.09493956415908834,0.09493956415908834,0.09493956415908834
674,780.0,0.1331153602935519,0.1331153602935519,0.1331153602935519,0.1354574654838829,0.1354574654838829,0.1354574654838829
675,832.0,0.13392058433302623,0.13392058433302623,0.13392058433302623,0.1351509208148611,0.1351509208148611,0.1351509208148611
676,884.0,0.08517221703807439,0.08517221703807439,0.08517221703807439,0.09592444080815456,0.09592444080815456,0.09592444080815456
677,936.0,0.18487394957983194,0.18487394957983194,0.18487394957983194,0.20154668202122478,0.20154668202122478,0.20154668202122478
678,988.0,0.11709211986681466,0.11709211986681466,0.11709211986681466,0.1189198461199235,0.1189198461199235,0.1189198461199235
679,1040.0,0.023346303501945526,0.023346303501945526,0.023346303501945526,0.02280125361474057,0.02280125361474057,0.02280125361474057
680,52.0,0.2813906328077188,0.2813906328077188,0.2813906328077188,0.2911710016377879,0.2911710016377879,0.2911710016377879
681,104.0,0.25491583679393104,0.25491583679393104,0.25491583679393104,0.23362189393781407,0.23362189393781407,0.23362189393781407
682,156.0,0.11369031917699815,0.11369031917699815,0.11369031917699815,0.134001443533293,0.134001443533293,0.134001443533293
683,208.0,0.08352116779976866,0.08352116779976866,0.08352116779976866,0.07440043713452711,0.07440043713452711,0.07440043713452711
684,260.0,0.039795338260375214,0.039795338260375214,0.039795338260375214,0.03821166931311754,0.03821166931311754,0.03821166931311754
685,312.0,0.06097560975609756,0.06097560975609756,0.06097560975609756,0.059290105096172885,0.059290105096172885,0.059290105096172885
686,364.0,3.025719305488712,3.025719305488712,3.025719305488712,34.6096179454613,34.6096179454613,34.6096179454613
687,416.0,0.16993125313070165,0.16993125313070165,0.16993125313070165,0.17240706696453034,0.17240706696453034,0.17240706696453034
688,468.0,0.29358675322983624,0.29358675322983624,0.29358675322983624,0.2966409976935349,0.2966409976935349,0.2966409976935349
689,520.0,0.10372686995048215,0.10372686995048215,0.10372686995048215,0.09505256861081784,0.09505256861081784,0.09505256861081784
690,572.0,0.17473118279569894,0.17473118279569894,0.17473118279569894,0.15734237098701198,0.15734237098701198,0.15734237098701198
691,624.0,0.45454545454545453,0.45454545454545453,0.45454545454545453,0.6115702479338843,0.6115702479338843,0.6115702479338843
692,676.0,0.29654421584434254,0.29654421584434254,0.29654421584434254,0.3806070530299861,0.3806070530299861,0.3806070530299861
693,728.0,0.21856327407242243,0.21856327407242243,0.21856327407242243,0.25384178889559017,0.25384178889559017,0.25384178889559017
694,780.0,0.19708029197080293,0.19708029197080293,0.19708029197080293,0.17283819063349146,0.17283819063349146,0.17283819063349146
695,832.0,0.7765435633027434,0.7765435633027434,0.7765435633027434,5.2263043258354624,5.2263043258354624,5.2263043258354624
696,884.0,0.03740926856504746,0.03740926856504746,0.03740926856504746,0.03712650977450687,0.03712650977450687,0.03712650977450687
697,936.0,0.2203972129327667,0.2203972129327667,0.2203972129327667,0.3229589927033211,0.3229589927033211,0.3229589927033211
698,988.0,0.12428908094905448,0.12428908094905448,0.12428908094905448,0.10986161102047515,0.10986161102047515,0.10986161102047515
699,1040.0,0.25711618290298743,0.25711618290298743,0.25711618290298743,0.22514962657734192,0.22514962657734192,0.22514962657734192
700,52.0,0.1915605566128829,0.1915605566128829,0.1915605566128829,0.24516300628781873,0.24516300628781873,0.24516300628781873
701,104.0,0.08760360834763192,0.08760360834763192,0.08760360834763192,0.10352693824276792,0.10352693824276792,0.10352693824276792
702,156.0,0.20290333223358628,0.20290333223358628,0.20290333223358628,0.2547721711238352,0.2547721711238352,0.2547721711238352
703,208.0,0.37264904050689734,0.37264904050689734,0.37264904050689734,0.4891335344372898,0.4891335344372898,0.4891335344372898
704,260.0,0.11744202366137903,0.11744202366137903,0.11744202366137903,0.1291722699908291,0.1291722699908291,0.1291722699908291
705,312.0,26.206221809433135,26.206221809433135,26.206221809433135,171.9467253559815,171.9467253559815,171.9467253559815
706,364.0,0.2276545012990617,0.2276545012990617,0.2276545012990617,0.22196227965119478,0.22196227965119478,0.22196227965119478
707,416.0,0.03531300160513644,0.03531300160513644,0.03531300160513644,0.03567112995936917,0.03567112995936917,0.03567112995936917
708,468.0,0.04849778635655084,0.04849778635655084,0.04849778635655084,0.05203435626688152,0.05203435626688152,0.05203435626688152
709,520.0,0.1875,0.1875,0.1875,0.24088541666666666,0.24088541666666666,0.24088541666666666
710,572.0,0.2574170051414969,0.2574170051414969,0.2574170051414969,0.2283062768553927,0.2283062768553927,0.2283062768553927
711,624.0,73.45676374802143,73.45676374802143,73.45676374802143,176.78025731477143,176.78025731477143,176.78025731477143
712,676.0,0.4915154710351775,0.4915154710351775,0.4915154710351775,0.5264821712287877,0.5264821712287877,0.5264821712287877
713,728.0,0.1382365972529907,0.1382365972529907,0.1382365972529907,0.15368638974615284,0.15368638974615284,0.15368638974615284
714,780.0,0.04094721520044422,0.04094721520044422,0.04094721520044422,0.039220325440936094,0.039220325440936094,0.039220325440936094
715,832.0,0.3605683836589698,0.3605683836589698,0.3605683836589698,0.35844514763273383,0.35844514763273383,0.35844514763273383
716,884.0,0.6397096418556387,0.6397096418556387,0.6397096418556387,0.707214546012946,0.707214546012946,0.707214546012946
717,936.0,0.25977816695855227,0.25977816695855227,0.25977816695855227,0.23666007921975735,0.23666007921975735,0.23666007921975735
718,988.0,0.012547613712749272,0.012547613712749272,0.012547613712749272,0.012838300164034514,0.012838300164034514,0.012838300164034514
719,1040.0,0.22516715610735524,0.22516715610735524,0.22516715610735524,0.23563805063110774,0.23563805063110774,0.23563805063110774
720,52.0,0.23093544881152267,0.23093544881152267,0.23093544881152267,0.2821867026375842,0.2821867026375842,0.2821867026375842
721,104.0,0.26171697362641544,0.26171697362641544,0.26171697362641544,0.41793557994660036,0.41793557994660036,0.41793557994660036
722,156.0,0.5572432485435285,0.5572432485435285,0.5572432485435285,0.6579274449046835,0.6579274449046835,0.6579274449046835
723,208.0,21.843701912508244,21.843701912508244,21.843701912508244,20.436991000174405,20.436991000174405,20.436991000174405
724,260.0,0.40632951031465614,0.40632951031465614,0.40632951031465614,0.41569289758515654,0.41569289758515654,0.41569289758515654
725,312.0,0.42532526241020435,0.42532526241020435,0.42532526241020435,0.42221511501200737,0.42221511501200737,0.42221511501200737
726,364.0,0.9216357868206412,0.9216357868206412,0.9216357868206412,1.0356685352875818,1.0356685352875818,1.0356685352875818
727,416.0,0.3987569416090792,0.3987569416090792,0.3987569416090792,0.4167368008626029,0.4167368008626029,0.4167368008626029
728,468.0,0.8214696102656661,0.8214696102656661,0.8214696102656661,0.7623807699800065,0.7623807699800065,0.7623807699800065
729,520.0,0.08882341255916949,0.08882341255916949,0.08882341255916949,0.10225531778258148,0.10225531778258148,0.10225531778258148
730,572.0,0.7688355416764092,0.7688355416764092,0.7688355416764092,1.1014111932784392,1.1014111932784392,1.1014111932784392
731,624.0,0.03441173238402911,0.03441173238402911,0.03441173238402911,0.03182040823291685,0.03182040823291685,0.03182040823291685
732,676.0,0.7310600397944452,0.7310600397944452,0.7310600397944452,0.7148798983160365,0.7148798983160365,0.7148798983160365
733,728.0,0.03977452625822693,0.03977452625822693,0.03977452625822693,0.03760869777019505,0.03760869777019505,0.03760869777019505
734,780.0,0.2548148148148148,0.2548148148148148,0.2548148148148148,0.25210644718792874,0.25210644718792874,0.25210644718792874
735,832.0,0.47030774085393606,0.47030774085393606,0.47030774085393606,0.9679160000669886,0.9679160000669886,0.9679160000669886
736,884.0,0.15679975831543544,0.15679975831543544,0.15679975831543544,0.1610133764813137,0.1610133764813137,0.1610133764813137
737,936.0,0.46556301808830575,0.46556301808830575,0.46556301808830575,0.521540953899711,0.521540953899711,0.521540953899711
738,988.0,148.9329780978827,148.9329780978827,148.9329780978827,173.14612593507107,173.14612593507107,173.14612593507107
739,1040.0,0.2342473824428967,0.2342473824428967,0.2342473824428967,0.2800604759724247,0.2800604759724247,0.2800604759724247
740,52.0,1.6692748490656164,1.6692748490656164,1.6692748490656164,2.0538005909251247,2.0538005909251247,2.0538005909251247
741,104.0,0.07453660549762131,0.07453660549762131,0.07453660549762131,0.07020113062197567,0.07020113062197567,0.07020113062197567
742,156.0,0.10192720009054858,0.10192720009054858,0.10192720009054858,0.10587732453800697,0.10587732453800697,0.10587732453800697
743,208.0,0.0,0.0,0.0,0.0,0.0,0.0
744,260.0,0.09745124654143503,0.09745124654143503,0.09745124654143503,0.09786782051119665,0.09786782051119665,0.09786782051119665
745,312.0,45.86309723495285,45.86309723495285,45.86309723495285,45.72140606103868,45.72140606103868,45.72140606103868
746,364.0,0.010830849202200305,0.010830849202200305,0.010830849202200305,0.009760313855705405,0.009760313855705405,0.009760313855705405
747,416.0,17.437349204453778,17.437349204453778,17.437349204453778,44.443206953640654,44.443206953640654,44.443206953640654
748,468.0,0.11192934350075569,0.11192934350075569,0.11192934350075569,0.11796841918543248,0.11796841918543248,0.11796841918543248
749,520.0,0.16706443914081145,0.16706443914081145,0.16706443914081145,0.13915391231537755,0.13915391231537755,0.13915391231537755
750,572.0,0.1649616368286445,0.1649616368286445,0.1649616368286445,0.14030683996049215,0.14030683996049215,0.14030683996049215
751,624.0,0.11875,0.11875,0.11875,0.14214843750000003,0.14214843750000003,0.14214843750000003
752,676.0,0.17128248828291437,0.17128248828291437,0.17128248828291437,0.14194479749052766,0.14194479749052766,0.14194479749052766
753,728.0,0.2749326145552561,0.2749326145552561,0.2749326145552561,0.3574758490081686,0.3574758490081686,0.3574758490081686
754,780.0,0.11363636363636363,0.11363636363636363,0.11363636363636363,0.1184614996976416,0.1184614996976416,0.1184614996976416
755,832.0,0.29451174695193044,0.29451174695193044,0.29451174695193044,0.3795056106520478,0.3795056106520478,0.3795056106520478
756,884.0,0.3297623228811017,0.3297623228811017,0.3297623228811017,0.4747801193314842,0.4747801193314842,0.4747801193314842
757,936.0,0.21053189330646416,0.21053189330646416,0.21053189330646416,0.2034256641483906,0.2034256641483906,0.2034256641483906
758,988.0,0.8422344879306811,0.8422344879306811,0.8422344879306811,2.975508956275444,2.975508956275444,2.975508956275444
759,1040.0,0.01820340324495449,0.01820340324495449,0.01820340324495449,0.020246396300250137,0.020246396300250137,0.020246396300250137
760,52.0,1.250370077620715,1.250370077620715,1.250370077620715,1.7381132392272503,1.7381132392272503,1.7381132392272503
761,104.0,0.024663034126756526,0.024663034126756526,0.024663034126756526,0.02462832780759936,0.02462832780759936,0.02462832780759936
762,156.0,0.4006567782770359,0.4006567782770359,0.4006567782770359,0.39706402552970615,0.39706402552970615,0.39706402552970615
763,208.0,0.10243243243243243,0.10243243243243243,0.10243243243243243,0.19248056975894812,0.19248056975894812,0.19248056975894812
764,260.0,0.2771385026792411,0.2771385026792411,0.2771385026792411,0.40296189776397184,0.40296189776397184,0.40296189776397184
765,312.0,0.4301468434565297,0.4301468434565297,0.4301468434565297,0.4988109759783102,0.4988109759783102,0.4988109759783102
766,364.0,0.23895424640079926,0.23895424640079926,0.23895424640079926,0.2744853590805622,0.2744853590805622,0.2744853590805622
767,416.0,0.20430107526881722,0.20430107526881722,0.20430107526881722,0.17869117817088676,0.17869117817088676,0.17869117817088676
768,468.0,0.04719101123595506,0.04719101123595506,0.04719101123595506,0.04945840171695493,0.04945840171695493,0.04945840171695493
769,520.0,0.042771266586725566,0.042771266586725566,0.042771266586725566,0.046122554861546004,0.046122554861546004,0.046122554861546004
770,572.0,0.36912932292822476,0.36912932292822476,0.36912932292822476,0.4749011180963331,0.4749011180963331,0.4749011180963331
771,624.0,0.12728273294446646,0.12728273294446646,0.12728273294446646,0.14746434466578145,0.14746434466578145,0.14746434466578145
772,676.0,0.023003472222222224,0.023003472222222224,0.023003472222222224,0.022474312487943675,0.022474312487943675,0.022474312487943675
773,728.0,0.15059558362660244,0.15059558362660244,0.15059558362660244,0.14965228569131273,0.14965228569131273,0.14965228569131273
774,780.0,0.07976256312067614,0.07976256312067614,0.07976256312067614,0.10724826510503142,0.10724826510503142,0.10724826510503142
775,832.0,0.17320261437908496,0.17320261437908496,0.17320261437908496,0.3066021615617925,0.3066021615617925,0.3066021615617925
776,884.0,0.12681159420289856,0.12681159420289856,0.12681159420289856,0.12159997899600926,0.12159997899600926,0.12159997899600926
777,936.0,0.21739130434782608,0.21739130434782608,0.21739130434782608,0.2885412058078269,0.2885412058078269,0.2885412058078269
778,988.0,0.11239052045045618,0.11239052045045618,0.11239052045045618,0.12454096355467711,0.12454096355467711,0.12454096355467711
779,1040.0,0.00027285129604365623,0.00027285129604365623,0.00027285129604365623,0.00027277684821390354,0.00027277684821390354,0.00027277684821390354
780,52.0,0.3080057044083949,0.3080057044083949,0.3080057044083949,0.43089478791285296,0.43089478791285296,0.43089478791285296
781,104.0,0.11373191795070124,0.11373191795070124,0.11373191795070124,0.0869254368760787,0.0869254368760787,0.0869254368760787
782,156.0,0.12023851496478931,0.12023851496478931,0.12023851496478931,0.1131947131310584,0.1131947131310584,0.1131947131310584
783,208.0,0.36396680494105227,0.36396680494105227,0.36396680494105227,1.4901365052999886,1.4901365052999886,1.4901365052999886
784,260.0,0.10308641975308643,0.10308641975308643,0.10308641975308643,0.09739788142051514,0.09739788142051514,0.09739788142051514
785,312.0,0.07681564245810056,0.07681564245810056,0.07681564245810056,0.09884796042570457,0.09884796042570457,0.09884796042570457
786,364.0,0.16934689858877586,0.16934689858877586,0.16934689858877586,0.16101640969090636,0.16101640969090636,0.16101640969090636
787,416.0,0.09447068630175048,0.09447068630175048,0.09447068630175048,0.09332591460333563,0.09332591460333563,0.09332591460333563
788,468.0,0.1951731695428132,0.1951731695428132,0.1951731695428132,0.19993020595000324,0.19993020595000324,0.19993020595000324
789,520.0,0.11763732019484348,0.11763732019484348,0.11763732019484348,0.1493076712843623,0.1493076712843623,0.1493076712843623
790,572.0,0.36011249391228406,0.36011249391228406,0.36011249391228406,0.6914457801481928,0.6914457801481928,0.6914457801481928
791,624.0,0.13092243969688963,0.13092243969688963,0.13092243969688963,0.1368340268737052,0.1368340268737052,0.1368340268737052
792,676.0,0.7332680649483247,0.7332680649483247,0.7332680649483247,0.9481944674895545,0.9481944674895545,0.9481944674895545
793,728.0,0.07207207207207207,0.07207207207207207,0.07207207207207207,0.06687768849931014,0.06687768849931014,0.06687768849931014
794,780.0,0.3115400296894587,0.3115400296894587,0.3115400296894587,0.40578803152298376,0.40578803152298376,0.40578803152298376
795,832.0,0.42072085037685353,0.42072085037685353,0.42072085037685353,0.4358591518579025,0.4358591518579025,0.4358591518579025
796,884.0,0.570917052551529,0.570917052551529,0.570917052551529,0.5800708843392229,0.5800708843392229,0.5800708843392229
797,936.0,0.18073902920084944,0.18073902920084944,0.18073902920084944,0.17991170470422244,0.17991170470422244,0.17991170470422244
798,988.0,0.13583815028901733,0.13583815028901733,0.13583815028901733,0.1462878813191219,0.1462878813191219,0.1462878813191219
799,1040.0,0.3538921411456205,0.3538921411456205,0.3538921411456205,0.35127240447619296,0.35127240447619296,0.35127240447619296
800,52.0,0.14590306088665392,0.14590306088665392,0.14590306088665392,0.16255899217344735,0.16255899217344735,0.16255899217344735
801,104.0,0.10968009970918155,0.10968009970918155,0.10968009970918155,0.11676130190144415,0.11676130190144415,0.11676130190144415
802,156.0,0.4281232613739569,0.4281232613739569,0.4281232613739569,0.4180514237542485,0.4180514237542485,0.4180514237542485
803,208.0,0.07221728682440658,0.07221728682440658,0.07221728682440658,0.08319898012928657,0.08319898012928657,0.08319898012928657
804,260.0,0.06602328195884755,0.06602328195884755,0.06602328195884755,0.06217462817203471,0.06217462817203471,0.06217462817203471
805,312.0,0.0030581039755351682,0.0030581039755351682,0.0030581039755351682,0.0030487519756099827,0.0030487519756099827,0.0030487519756099827
806,364.0,0.1401342711924828,0.1401342711924828,0.1401342711924828,0.1154497466208972,0.1154497466208972,0.1154497466208972
807,416.0,0.3401886850319883,0.3401886850319883,0.3401886850319883,0.3704731034421105,0.3704731034421105,0.3704731034421105
808,468.0,0.0673392773345847,0.0673392773345847,0.0673392773345847,0.06890512139957163,0.06890512139957163,0.06890512139957163
809,520.0,0.09954751131221719,0.09954751131221719,0.09954751131221719,0.09480910359270754,0.09480910359270754,0.09480910359270754
810,572.0,0.2297734627831715,0.2297734627831715,0.2297734627831715,0.20772195515338124,0.20772195515338124,0.20772195515338124
811,624.0,0.014637391882900865,0.014637391882900865,0.014637391882900865,0.014423138641767254,0.014423138641767254,0.014423138641767254
812,676.0,0.2064755838641189,0.2064755838641189,0.2064755838641189,0.1829516973868672,0.1829516973868672,0.1829516973868672
813,728.0,0.32634838593577165,0.32634838593577165,0.32634838593577165,0.4128893858484447,0.4128893858484447,0.4128893858484447
814,780.0,0.704903677712817,0.704903677712817,0.704903677712817,0.7185474375765911,0.7185474375765911,0.7185474375765911
815,832.0,0.19870967741935483,0.19870967741935483,0.19870967741935483,0.2443854318418314,0.2443854318418314,0.2443854318418314
816,884.0,0.6170052811741225,0.6170052811741225,0.6170052811741225,0.4840006596002773,0.4840006596002773,0.4840006596002773
817,936.0,0.09496834388537154,0.09496834388537154,0.09496834388537154,0.11260713828479475,0.11260713828479475,0.11260713828479475
818,988.0,0.19499896144239215,0.19499896144239215,0.19499896144239215,0.2775450136167986,0.2775450136167986,0.2775450136167986
819,1040.0,0.2653061224489796,0.2653061224489796,0.2653061224489796,0.2532278217409413,0.2532278217409413,0.2532278217409413
820,52.0,0.048918656266121074,0.048918656266121074,0.048918656266121074,0.06441769582895492,0.06441769582895492,0.06441769582895492
821,104.0,0.17197994476972792,0.17197994476972792,0.17197994476972792,0.20934457081833363,0.20934457081833363,0.20934457081833363
822,156.0,0.03204830469112866,0.03204830469112866,0.03204830469112866,0.031021210857553248,0.031021210857553248,0.031021210857553248
823,208.0,0.31499943579486434,0.31499943579486434,0.31499943579486434,0.39502287316278273,0.39502287316278273,0.39502287316278273
824,260.0,1.9779457645228926,1.9779457645228926,1.9779457645228926,1.5519383626192265,1.5519383626192265,1.5519383626192265
825,312.0,0.10214730082279751,0.10214730082279751,0.10214730082279751,0.09893779327336866,0.09893779327336866,0.09893779327336866
826,364.0,0.7747167567079484,0.7747167567079484,0.7747167567079484,8.418102634257039,8.418102634257039,8.418102634257039
827,416.0,0.18309859154929578,0.18309859154929578,0.18309859154929578,0.26224955365998814,0.26224955365998814,0.26224955365998814
828,468.0,0.30808434866097756,0.30808434866097756,0.30808434866097756,0.34084780185204355,0.34084780185204355,0.34084780185204355
829,520.0,0.1984631549800248,0.1984631549800248,0.1984631549800248,0.21401059849596427,0.21401059849596427,0.21401059849596427
830,572.0,0.02857142857142857,0.02857142857142857,0.02857142857142857,0.02775510204081633,0.02775510204081633,0.02775510204081633
831,624.0,0.08860759493670886,0.08860759493670886,0.08860759493670886,0.08075628905624099,0.08075628905624099,0.08075628905624099
832,676.0,72.42578646801594,72.42578646801594,72.42578646801594,707.4636101776372,707.4636101776372,707.4636101776372
833,728.0,0.5141519575207183,0.5141519575207183,0.5141519575207183,0.8235131677262035,0.8235131677262035,0.8235131677262035
834,780.0,0.28682304604254655,0.28682304604254655,0.28682304604254655,0.3579716284255994,0.3579716284255994,0.3579716284255994
835,832.0,0.011815496478073164,0.011815496478073164,0.011815496478073164,0.011675890521049807,0.011675890521049807,0.011675890521049807
836,884.0,0.09360269822968734,0.09360269822968734,0.09360269822968734,0.09863287497000983,0.09863287497000983,0.09863287497000983
837,936.0,0.11872415829887774,0.11872415829887774,0.11872415829887774,0.11762341652801273,0.11762341652801273,0.11762341652801273
838,988.0,0.046172539489671933,0.046172539489671933,0.046172539489671933,0.04647076974409778,0.04647076974409778,0.04647076974409778
839,1040.0,0.008016877637130802,0.008016877637130802,0.008016877637130802,0.007952607310082073,0.007952607310082073,0.007952607310082073
840,52.0,0.09092363543595221,0.09092363543595221,0.09092363543595221,0.0926392849106156,0.0926392849106156,0.0926392849106156
841,104.0,0.43152889068241806,0.43152889068241806,0.43152889068241806,2.0936072522610867,2.0936072522610867,2.0936072522610867
842,156.0,0.6136120408429464,0.6136120408429464,0.6136120408429464,0.6613530663301249,0.6613530663301249,0.6613530663301249
843,208.0,0.16524701873935263,0.16524701873935263,0.16524701873935263,0.1379404415371087,0.1379404415371087,0.1379404415371087
844,260.0,0.09396876682821756,0.09396876682821756,0.09396876682821756,0.08729264953606679,0.08729264953606679,0.08729264953606679
845,312.0,0.15941683705572984,0.15941683705572984,0.15941683705572984,0.1924376610740214,0.1924376610740214,0.1924376610740214
846,364.0,0.10845721517082177,0.10845721517082177,0.10845721517082177,0.18711495995350805,0.18711495995350805,0.18711495995350805
847,416.0,0.12807603549894703,0.12807603549894703,0.12807603549894703,0.14662777255413875,0.14662777255413875,0.14662777255413875
848,468.0,1.5721664684938284,1.5721664684938284,1.5721664684938284,35.92918152310564,35.92918152310564,35.92918152310564
849,520.0,0.2843016200191329,0.2843016200191329,0.2843016200191329,0.5865312345907258,0.5865312345907258,0.5865312345907258
850,572.0,0.03331735378715245,0.03331735378715245,0.03331735378715245,0.03220730772377416,0.03220730772377416,0.03220730772377416
851,624.0,0.24569079332340787,0.24569079332340787,0.24569079332340787,0.2653173853203605,0.2653173853203605,0.2653173853203605
852,676.0,0.1458108510587106,0.1458108510587106,0.1458108510587106,0.15466153020880796,0.15466153020880796,0.15466153020880796
853,728.0,0.058500776792565864,0.058500776792565864,0.058500776792565864,0.06768956243207835,0.06768956243207835,0.06768956243207835
854,780.0,101.59598262605029,101.59598262605029,101.59598262605029,112.3071587481567,112.3071587481567,112.3071587481567
855,832.0,1.5667310733487267,1.5667310733487267,1.5667310733487267,33.889773392124724,33.889773392124724,33.889773392124724
856,884.0,0.37834248454575664,0.37834248454575664,0.37834248454575664,0.3809822839146977,0.3809822839146977,0.3809822839146977
857,936.0,0.13580246913580246,0.13580246913580246,0.13580246913580246,0.15576893766194178,0.15576893766194178,0.15576893766194178
858,988.0,0.6697771084620106,0.6697771084620106,0.6697771084620106,0.7870033576041542,0.7870033576041542,0.7870033576041542
859,1040.0,0.29722444966955436,0.29722444966955436,0.29722444966955436,0.29716053735081427,0.29716053735081427,0.29716053735081427
860,52.0,0.1434976132290325,0.1434976132290325,0.1434976132290325,0.16746448223815166,0.16746448223815166,0.16746448223815166
861,104.0,0.06030267753201397,0.06030267753201397,0.06030267753201397,0.06411678847944315,0.06411678847944315,0.06411678847944315
862,156.0,0.6365408564835262,0.6365408564835262,0.6365408564835262,0.8130093614157731,0.8130093614157731,0.8130093614157731
863,208.0,0.4049273712534605,0.4049273712534605,0.4049273712534605,0.5503337815791436,0.5503337815791436,0.5503337815791436
864,260.0,0.3304419089677162,0.3304419089677162,0.3304419089677162,0.4262038198897047,0.4262038198897047,0.4262038198897047
865,312.0,0.35268270546676944,0.35268270546676944,0.35268270546676944,0.3370290486210411,0.3370290486210411,0.3370290486210411
866,364.0,0.21258383822421173,0.21258383822421173,0.21258383822421173,0.18572018543745036,0.18572018543745036,0.18572018543745036
867,416.0,0.2686517879563147,0.2686517879563147,0.2686517879563147,0.3008616949496639,0.3008616949496639,0.3008616949496639
868,468.0,0.02399232245681382,0.02399232245681382,0.02399232245681382,0.025336076716487185,0.025336076716487185,0.025336076716487185
869,520.0,3.356640318730231,3.356640318730231,3.356640318730231,74.97626506108915,74.97626506108915,74.97626506108915
870,572.0,19.69402431608157,19.69402431608157,19.69402431608157,630.1429268539396,630.1429268539396,630.1429268539396
871,624.0,0.20440167888748095,0.20440167888748095,0.20440167888748095,0.27081767252030314,0.27081767252030314,0.27081767252030314
872,676.0,0.22286328834775535,0.22286328834775535,0.22286328834775535,0.26347733305472004,0.26347733305472004,0.26347733305472004
873,728.0,0.01900674432863274,0.01900674432863274,0.01900674432863274,0.019871729568247933,0.019871729568247933,0.019871729568247933
874,780.0,0.4106356810002001,0.4106356810002001,0.4106356810002001,0.4438108863513242,0.4438108863513242,0.4438108863513242
875,832.0,0.5178007488276389,0.5178007488276389,0.5178007488276389,0.5674948043644192,0.5674948043644192,0.5674948043644192
876,884.0,0.018518518518518517,0.018518518518518517,0.018518518518518517,0.021262002743484224,0.021262002743484224,0.021262002743484224
877,936.0,0.093267725341087,0.093267725341087,0.093267725341087,0.09396272836787446,0.09396272836787446,0.09396272836787446
878,988.0,0.22219739240305533,0.22219739240305533,0.22219739240305533,0.23809525474127585,0.23809525474127585,0.23809525474127585
879,1040.0,0.4507860569717947,0.4507860569717947,0.4507860569717947,0.47270933448299807,0.47270933448299807,0.47270933448299807
880,52.0,0.16726945435144897,0.16726945435144897,0.16726945435144897,0.23701998284739945,0.23701998284739945,0.23701998284739945
881,104.0,11.787999838728359,11.787999838728359,11.787999838728359,13.211583639478166,13.211583639478166,13.211583639478166
882,156.0,0.33791110960577764,0.33791110960577764,0.33791110960577764,0.39040070236480046,0.39040070236480046,0.39040070236480046
883,208.0,0.07213157439036827,0.07213157439036827,0.07213157439036827,0.07707781161093243,0.07707781161093243,0.07707781161093243
884,260.0,21.98183534067219,21.98183534067219,21.98183534067219,46.40073403868724,46.40073403868724,46.40073403868724
885,312.0,0.09858531310820681,0.09858531310820681,0.09858531310820681,0.09390877227932377,0.09390877227932377,0.09390877227932377
886,364.0,0.20570264765784113,0.20570264765784113,0.20570264765784113,0.3181752191172261,0.3181752191172261,0.3181752191172261
887,416.0,0.22076615534805774,0.22076615534805774,0.22076615534805774,0.2113031290870245,0.2113031290870245,0.2113031290870245
888,468.0,0.24565217391304348,0.24565217391304348,0.24565217391304348,0.27661153119092624,0.27661153119092624,0.27661153119092624
889,520.0,0.21073070805013455,0.21073070805013455,0.21073070805013455,0.2107059459889974,0.2107059459889974,0.2107059459889974
890,572.0,0.3304769098776374,0.3304769098776374,0.3304769098776374,0.29860832110182517,0.29860832110182517,0.29860832110182517
891,624.0,0.9822111604515237,0.9822111604515237,0.9822111604515237,1.0948797602383797,1.0948797602383797,1.0948797602383797
892,676.0,0.12145967981040169,0.12145967981040169,0.12145967981040169,0.1112636405672189,0.1112636405672189,0.1112636405672189
893,728.0,0.8597422414107085,0.8597422414107085,0.8597422414107085,0.8273911728578245,0.8273911728578245,0.8273911728578245
894,780.0,0.3256466237457858,0.3256466237457858,0.3256466237457858,0.5805377422269901,0.5805377422269901,0.5805377422269901
895,832.0,79.92130484104416,79.92130484104416,79.92130484104416,109.58986045773004,109.58986045773004,109.58986045773004
896,884.0,0.05567271193589203,0.05567271193589203,0.05567271193589203,0.055103838896863024,0.055103838896863024,0.055103838896863024
897,936.0,0.48057623211864764,0.48057623211864764,0.48057623211864764,0.44257182036893555,0.44257182036893555,0.44257182036893555
898,988.0,0.33158340030424377,0.33158340030424377,0.33158340030424377,0.3876116323056944,0.3876116323056944,0.3876116323056944
899,1040.0,0.054568023450048866,0.054568023450048866,0.054568023450048866,0.04340577269610795,0.04340577269610795,0.04340577269610795
900,52.0,0.21335211688003589,0.21335211688003589,0.21335211688003589,0.2412150278565006,0.2412150278565006,0.2412150278565006
901,104.0,0.3249532154034171,0.3249532154034171,0.3249532154034171,0.32546857479640906,0.32546857479640906,0.32546857479640906
902,156.0,0.4998748672500226,0.4998748672500226,0.4998748672500226,0.8701087128912449,0.8701087128912449,0.8701087128912449
903,208.0,0.12027823024413899,0.12027823024413899,0.12027823024413899,0.11167390563234168,0.11167390563234168,0.11167390563234168
904,260.0,0.40528303862948445,0.40528303862948445,0.40528303862948445,0.4174335430218624,0.4174335430218624,0.4174335430218624
905,312.0,22.12798971896407,22.12798971896407,22.12798971896407,21.807799471331226,21.807799471331226,21.807799471331226
906,364.0,0.10072963113092825,0.10072963113092825,0.10072963113092825,0.11368815835588336,0.11368815835588336,0.11368815835588336
907,416.0,0.18461538461538463,0.18461538461538463,0.18461538461538463,0.1505325443786982,0.1505325443786982,0.1505325443786982
908,468.0,0.6169815911381079,0.6169815911381079,0.6169815911381079,0.6551523456337466,0.6551523456337466,0.6551523456337466
909,520.0,0.35867404705788064,0.35867404705788064,0.35867404705788064,0.524678994940557,0.524678994940557,0.524678994940557
910,572.0,0.023746701846965697,0.023746701846965697,0.023746701846965697,0.02318279599835701,0.02318279599835701,0.02318279599835701
911,624.0,0.2204440355308589,0.2204440355308589,0.2204440355308589,0.31136091691710677,0.31136091691710677,0.31136091691710677
912,676.0,0.292629268884458,0.292629268884458,0.292629268884458,0.2761197419410429,0.2761197419410429,0.2761197419410429
913,728.0,0.2073170731707317,0.2073170731707317,0.2073170731707317,0.17868390663820558,0.17868390663820558,0.17868390663820558
914,780.0,0.21357944048709782,0.21357944048709782,0.21357944048709782,0.2358153325439628,0.2358153325439628,0.2358153325439628
915,832.0,0.38318073101064914,0.38318073101064914,0.38318073101064914,0.484100050846578,0.484100050846578,0.484100050846578
916,884.0,0.025119617224880382,0.025119617224880382,0.025119617224880382,0.024488622055355867,0.024488622055355867,0.024488622055355867
917,936.0,0.2389201349831271,0.2389201349831271,0.2389201349831271,0.2223322422155048,0.2223322422155048,0.2223322422155048
918,988.0,0.30630071552760885,0.30630071552760885,0.30630071552760885,0.3063532506194996,0.3063532506194996,0.3063532506194996
919,1040.0,0.29750049249840343,0.29750049249840343,0.29750049249840343,0.3865250182929325,0.3865250182929325,0.3865250182929325
920,52.0,0.2368066213042781,0.2368066213042781,0.2368066213042781,0.2575981950628935,0.2575981950628935,0.2575981950628935
921,104.0,0.7340301905470549,0.7340301905470549,0.7340301905470549,1.4440134576789583,1.4440134576789583,1.4440134576789583
922,156.0,0.11216429424588345,0.11216429424588345,0.11216429424588345,0.1127807504804488,0.1127807504804488,0.1127807504804488
923,208.0,0.0603150058259992,0.0603150058259992,0.0603150058259992,0.05485946303547086,0.05485946303547086,0.05485946303547086
924,260.0,0.30010714505389147,0.30010714505389147,0.30010714505389147,0.4214484731063264,0.4214484731063264,0.4214484731063264
925,312.0,0.15006200909466721,0.15006200909466721,0.15006200909466721,0.13002376630782797,0.13002376630782797,0.13002376630782797
926,364.0,0.11027148054855863,0.11027148054855863,0.11027148054855863,0.10930675529355384,0.10930675529355384,0.10930675529355384
927,416.0,0.12653061224489795,0.12653061224489795,0.12653061224489795,0.15133694294044148,0.15133694294044148,0.15133694294044148
928,468.0,0.5497076023391813,0.5497076023391813,0.5497076023391813,28.645189972983143,28.645189972983143,28.645189972983143
929,520.0,0.09533073929961089,0.09533073929961089,0.09533073929961089,0.08624278944420052,0.08624278944420052,0.08624278944420052
930,572.0,0.0,0.0,0.0,0.0,0.0,0.0
931,624.0,0.041328236980410896,0.041328236980410896,0.041328236980410896,0.04583139393272549,0.04583139393272549,0.04583139393272549
932,676.0,0.30264026402640265,0.30264026402640265,0.30264026402640265,0.2902570554085111,0.2902570554085111,0.2902570554085111
933,728.0,0.1816301575346517,0.1816301575346517,0.1816301575346517,0.17346007583491885,0.17346007583491885,0.17346007583491885
934,780.0,0.24417784050811575,0.24417784050811575,0.24417784050811575,0.21842940521114465,0.21842940521114465,0.21842940521114465
935,832.0,0.17567492523626324,0.17567492523626324,0.17567492523626324,0.15376269856669153,0.15376269856669153,0.15376269856669153
936,884.0,0.07709750566893424,0.07709750566893424,0.07709750566893424,0.07568862768085315,0.07568862768085315,0.07568862768085315
937,936.0,0.6176350810629733,0.6176350810629733,0.6176350810629733,0.6970792316692164,0.6970792316692164,0.6970792316692164
938,988.0,0.13861870178455488,0.13861870178455488,0.13861870178455488,0.1296788892698788,0.1296788892698788,0.1296788892698788
939,1040.0,0.9687856290222915,0.9687856290222915,0.9687856290222915,0.9999772837229584,0.9999772837229584,0.9999772837229584
940,52.0,0.08363511593914316,0.08363511593914316,0.08363511593914316,0.08631591997168248,0.08631591997168248,0.08631591997168248
941,104.0,0.17475112622991015,0.17475112622991015,0.17475112622991015,0.16316845600956376,0.16316845600956376,0.16316845600956376
942,156.0,0.12680628545476186,0.12680628545476186,0.12680628545476186,0.14487059852141698,0.14487059852141698,0.14487059852141698
943,208.0,0.11917626225078111,0.11917626225078111,0.11917626225078111,0.1275586132583543,0.1275586132583543,0.1275586132583543
944,260.0,0.1441827144549832,0.1441827144549832,0.1441827144549832,0.12046847696691038,0.12046847696691038,0.12046847696691038
945,312.0,0.23857301567893566,0.23857301567893566,0.23857301567893566,0.23303893477961204,0.23303893477961204,0.23303893477961204
946,364.0,0.09530720851475569,0.09530720851475569,0.09530720851475569,0.11041339135103682,0.11041339135103682,0.11041339135103682
947,416.0,31.29725507264358,31.29725507264358,31.29725507264358,308.3681717761398,308.3681717761398,308.3681717761398
948,468.0,0.15747640905071383,0.15747640905071383,0.15747640905071383,0.14394107321558325,0.14394107321558325,0.14394107321558325
949,520.0,0.0,0.0,0.0,0.0,0.0,0.0
950,572.0,0.3400900900900901,0.3400900900900901,0.3400900900900901,0.8820864783702621,0.8820864783702621,0.8820864783702621
951,624.0,0.4830046589267429,0.4830046589267429,0.4830046589267429,0.480075818987706,0.480075818987706,0.480075818987706
952,676.0,0.175625,0.175625,0.175625,0.148530859375,0.148530859375,0.148530859375
953,728.0,0.3837421378325227,0.3837421378325227,0.3837421378325227,0.35048529342264034,0.35048529342264034,0.35048529342264034
954,780.0,2.432626691067024,2.432626691067024,2.432626691067024,3.628282163726678,3.628282163726678,3.628282163726678
955,832.0,0.822891192410385,0.822891192410385,0.822891192410385,1.0152372257941926,1.0152372257941926,1.0152372257941926
956,884.0,34.56861347982849,34.56861347982849,34.56861347982849,155.8277454115956,155.8277454115956,155.8277454115956
957,936.0,0.2566066854928976,0.2566066854928976,0.2566066854928976,0.38004024539991355,0.38004024539991355,0.38004024539991355
958,988.0,0.6429021980671805,0.6429021980671805,0.6429021980671805,0.6525002340238247,0.6525002340238247,0.6525002340238247
959,1040.0,0.3247403243364354,0.3247403243364354,0.3247403243364354,0.30323558384696103,0.30323558384696103,0.30323558384696103
960,52.0,0.06639657888813864,0.06639657888813864,0.06639657888813864,0.06603938987801015,0.06603938987801015,0.06603938987801015
961,104.0,0.1495846629731773,0.1495846629731773,0.1495846629731773,0.16190580489537776,0.16190580489537776,0.16190580489537776
962,156.0,0.4186652120693867,0.4186652120693867,0.4186652120693867,0.43429819391160596,0.43429819391160596,0.43429819391160596
963,208.0,0.75954632343047,0.75954632343047,0.75954632343047,0.713001297482626,0.713001297482626,0.713001297482626
964,260.0,0.2189480218203999,0.2189480218203999,0.2189480218203999,0.3114676210844455,0.3114676210844455,0.3114676210844455
965,312.0,0.23695607341719943,0.23695607341719943,0.23695607341719943,0.2649489527002759,0.2649489527002759,0.2649489527002759
966,364.0,0.2021981094152001,0.2021981094152001,0.2021981094152001,0.27874599104411746,0.27874599104411746,0.27874599104411746
967,416.0,0.11231622077609063,0.11231622077609063,0.11231622077609063,0.10162946279063433,0.10162946279063433,0.10162946279063433
968,468.0,0.2302768800039793,0.2302768800039793,0.2302768800039793,0.25404775003916563,0.25404775003916563,0.25404775003916563
969,520.0,0.3415199342343409,0.3415199342343409,0.3415199342343409,0.31708268852198207,0.31708268852198207,0.31708268852198207
970,572.0,0.432858080464227,0.432858080464227,0.432858080464227,1.1742126945200209,1.1742126945200209,1.1742126945200209
971,624.0,0.20363101079489695,0.20363101079489695,0.20363101079489695,0.17099761065756514,0.17099761065756514,0.17099761065756514
972,676.0,0.2551867219917012,0.2551867219917012,0.2551867219917012,0.23570961243780233,0.23570961243780233,0.23570961243780233
973,728.0,0.2376967328885473,0.2376967328885473,0.2376967328885473,0.2489604266669534,0.2489604266669534,0.2489604266669534
974,780.0,83.3437435792069,83.3437435792069,83.3437435792069,75.31783788616949,75.31783788616949,75.31783788616949
975,832.0,0.18455598455598454,0.18455598455598454,0.18455598455598454,0.15667267929816192,0.15667267929816192,0.15667267929816192
976,884.0,0.16034031413612565,0.16034031413612565,0.16034031413612565,0.36630669046901126,0.36630669046901126,0.36630669046901126
977,936.0,0.1783893985728848,0.1783893985728848,0.1783893985728848,0.14697436824642726,0.14697436824642726,0.14697436824642726
978,988.0,0.11780203236733158,0.11780203236733158,0.11780203236733158,0.11672110043997941,0.11672110043997941,0.11672110043997941
979,1040.0,0.2621066384499374,0.2621066384499374,0.2621066384499374,0.44146019571628314,0.44146019571628314,0.44146019571628314
980,52.0,0.1541433107023685,0.1541433107023685,0.1541433107023685,0.16335078258392244,0.16335078258392244,0.16335078258392244
981,104.0,0.11640170102902168,0.11640170102902168,0.11640170102902168,0.10503688103001384,0.10503688103001384,0.10503688103001384
982,156.0,0.4479394715879216,0.4479394715879216,0.4479394715879216,1.045339475809188,1.045339475809188,1.045339475809188
983,208.0,0.02168256721595837,0.02168256721595837,0.02168256721595837,0.021212433494883814,0.021212433494883814,0.021212433494883814
984,260.0,0.0410958904109589,0.0410958904109589,0.0410958904109589,0.03940701820228937,0.03940701820228937,0.03940701820228937
985,312.0,0.038223140495867766,0.038223140495867766,0.038223140495867766,0.040894363431459586,0.040894363431459586,0.040894363431459586
986,364.0,0.28328485672718884,0.28328485672718884,0.28328485672718884,0.29370573191740224,0.29370573191740224,0.29370573191740224
987,416.0,71.50496541732085,71.50496541732085,71.50496541732085,60.98930833203449,60.98930833203449,60.98930833203449
988,468.0,0.04418067919551599,0.04418067919551599,0.04418067919551599,0.0422287467813389,0.0422287467813389,0.0422287467813389
989,520.0,0.06761565836298933,0.06761565836298933,0.06761565836298933,0.06482314053773383,0.06482314053773383,0.06482314053773383
990,572.0,0.20072501459104117,0.20072501459104117,0.20072501459104117,0.20908200209947167,0.20908200209947167,0.20908200209947167
991,624.0,0.24682562348860665,0.24682562348860665,0.24682562348860665,0.2547765882429578,0.2547765882429578,0.2547765882429578
992,676.0,0.258317949113182,0.258317949113182,0.258317949113182,0.2977128007208978,0.2977128007208978,0.2977128007208978
993,728.0,0.0019646365422396855,0.0019646365422396855,0.0019646365422396855,0.0019607767454965824,0.0019607767454965824,0.0019607767454965824
994,780.0,0.325909661229611,0.325909661229611,0.325909661229611,0.6105332063934863,0.6105332063934863,0.6105332063934863
995,832.0,0.1171774117704345,0.1171774117704345,0.1171774117704345,0.0,0.0,0.0
996,884.0,0.5042535192767583,0.5042535192767583,0.5042535192767583,0.6506782735026015,0.6506782735026015,0.6506782735026015
997,936.0,0.24018738052993008,0.24018738052993008,0.24018738052993008,0.29720937223953015,0.29720937223953015,0.29720937223953015
998,988.0,0.2021932830705963,0.2021932830705963,0.2021932830705963,0.18187318813857029,0.18187318813857029,0.18187318813857029
999,1040.0,89.3196485130513,89.3196485130513,89.3196485130513,103.44813119498356,103.44813119498356,103.44813119498356
