,time,meanH,meanB,meanC,varH,varB,varC
0,52.0,0.09904388330473156,0.09904388330473156,0.09904388330473156,0.09805988505635904,0.09805988505635904,0.09805988505635904
1,104.0,0.0469208211143695,0.0469208211143695,0.0469208211143695,0.04471925766032284,0.04471925766032284,0.04471925766032284
2,156.0,0.1642651296829971,0.1642651296829971,0.1642651296829971,0.19491898446129444,0.19491898446129444,0.19491898446129444
3,208.0,0.2736318407960199,0.2736318407960199,0.2736318407960199,0.42761317789163633,0.42761317789163633,0.42761317789163633
4,260.0,0.7957790303162536,0.7957790303162536,0.7957790303162536,0.8053130631480707,0.8053130631480707,0.8053130631480707
5,312.0,0.75,0.75,0.75,0.5875,0.5875,0.5875
6,364.0,0.03259227282538312,0.03259227282538312,0.03259227282538312,0.03627855963811076,0.03627855963811076,0.03627855963811076
7,416.0,0.10380049567378143,0.10380049567378143,0.10380049567378143,0.16067242837652485,0.16067242837652485,0.16067242837652485
8,468.0,0.2601530987772162,0.2601530987772162,0.2601530987772162,0.29207281629476245,0.29207281629476245,0.29207281629476245
9,520.0,0.15530817118928564,0.15530817118928564,0.15530817118928564,0.1501732895736098,0.1501732895736098,0.1501732895736098
10,572.0,0.3372006068733087,0.3372006068733087,0.3372006068733087,1.2674141150263898,1.2674141150263898,1.2674141150263898
11,624.0,0.0,0.0,0.0,0.0,0.0,0.0
12,676.0,0.21934762631979327,0.21934762631979327,0.21934762631979327,0.20629583676631863,0.20629583676631863,0.20629583676631863
13,728.0,0.3572561658386219,0.3572561658386219,0.3572561658386219,0.3649342875479527,0.3649342875479527,0.3649342875479527
14,780.0,0.43544024160382777,0.43544024160382777,0.43544024160382777,0.43406040584449496,0.43406040584449496,0.43406040584449496
15,832.0,0.18541666666666667,0.18541666666666667,0.18541666666666667,0.1802039930555556,0.1802039930555556,0.1802039930555556
16,884.0,0.29307490609755965,0.29307490609755965,0.29307490609755965,0.3215412363458628,0.3215412363458628,0.3215412363458628
17,936.0,0.19239013933547697,0.19239013933547697,0.19239013933547697,0.2384415541149859,0.2384415541149859,0.2384415541149859
18,988.0,3.32653905666227,3.32653905666227,3.32653905666227,1.6486379628220185,1.6486379628220185,1.6486379628220185
19,1040.0,0.6930618757912637,0.6930618757912637,0.6930618757912637,0.7256074941911982,0.7256074941911982,0.7256074941911982
20,52.0,0.3631194845140821,0.3631194845140821,0.3631194845140821,0.2851706881423815,0.2851706881423815,0.2851706881423815
21,104.0,0.18991123081068995,0.18991123081068995,0.18991123081068995,0.17077287682997921,0.17077287682997921,0.17077287682997921
22,156.0,0.21104603642915823,0.21104603642915823,0.21104603642915823,0.24199590558003128,0.24199590558003128,0.24199590558003128
23,208.0,1.7225072826651184,1.7225072826651184,1.7225072826651184,7.529896556450401,7.529896556450401,7.529896556450401
24,260.0,0.02326091727013386,0.02326091727013386,0.02326091727013386,0.023597617460909767,0.023597617460909767,0.023597617460909767
25,312.0,0.6614653591217696,0.6614653591217696,0.6614653591217696,5.933688702998297,5.933688702998297,5.933688702998297
26,364.0,0.02806090403978861,0.02806090403978861,0.02806090403978861,0.0272253840370267,0.0272253840370267,0.0272253840370267
27,416.0,0.4113899538232935,0.4113899538232935,0.4113899538232935,0.48342296171716226,0.48342296171716226,0.48342296171716226
28,468.0,0.12197606315253375,0.12197606315253375,0.12197606315253375,0.11575591182835152,0.11575591182835152,0.11575591182835152
29,520.0,0.01278409090909091,0.01278409090909091,0.01278409090909091,0.012620657928719008,0.012620657928719008,0.012620657928719008
30,572.0,0.42748091603053434,0.42748091603053434,0.42748091603053434,1.221840219101451,1.221840219101451,1.221840219101451
31,624.0,27.239462431276724,27.239462431276724,27.239462431276724,26.070941189333855,26.070941189333855,26.070941189333855
32,676.0,0.17982807100882645,0.17982807100882645,0.17982807100882645,0.22158229188331768,0.22158229188331768,0.22158229188331768
33,728.0,0.1498717478930011,0.1498717478930011,0.1498717478930011,0.22121746248140806,0.22121746248140806,0.22121746248140806
34,780.0,0.1286648985200301,0.1286648985200301,0.1286648985200301,0.1475424637849902,0.1475424637849902,0.1475424637849902
35,832.0,0.8875750450719556,0.8875750450719556,0.8875750450719556,10.71481896349352,10.71481896349352,10.71481896349352
36,884.0,0.4576047708199614,0.4576047708199614,0.4576047708199614,0.5415675320027185,0.5415675320027185,0.5415675320027185
37,936.0,2.221293231658841,2.221293231658841,2.221293231658841,3.1345415926120155,3.1345415926120155,3.1345415926120155
38,988.0,0.17908902691511386,0.17908902691511386,0.17908902691511386,0.1967055883475003,0.1967055883475003,0.1967055883475003
39,1040.0,0.1092398519841484,0.1092398519841484,0.1092398519841484,0.11330371063234812,0.11330371063234812,0.11330371063234812
40,52.0,2.045410431495263,2.045410431495263,2.045410431495263,4.632381487220603,4.632381487220603,4.632381487220603
41,104.0,0.15667141182334157,0.15667141182334157,0.15667141182334157,0.2924025335038837,0.2924025335038837,0.2924025335038837
42,156.0,0.290594368949581,0.290594368949581,0.290594368949581,0.2759248210163506,0.2759248210163506,0.2759248210163506
43,208.0,0.03737347521411887,0.03737347521411887,0.03737347521411887,0.03805300274310068,0.03805300274310068,0.03805300274310068
44,260.0,0.40189155155055983,0.40189155155055983,0.40189155155055983,0.9487903753233213,0.9487903753233213,0.9487903753233213
45,312.0,0.3303942516307968,0.3303942516307968,0.3303942516307968,0.3091361432736374,0.3091361432736374,0.3091361432736374
46,364.0,0.5,0.5,0.5,0.25,0.25,0.25
47,416.0,0.01511879049676026,0.01511879049676026,0.01511879049676026,0.014890212670675328,0.014890212670675328,0.014890212670675328
48,468.0,0.22295775339623103,0.22295775339623103,0.22295775339623103,0.2275194815760656,0.2275194815760656,0.2275194815760656
49,520.0,0.3802095492454594,0.3802095492454594,0.3802095492454594,0.39113328513016526,0.39113328513016526,0.39113328513016526
50,572.0,48.49338086753463,48.49338086753463,48.49338086753463,166.35775799609505,166.35775799609505,166.35775799609505
51,624.0,0.09634481301500106,0.09634481301500106,0.09634481301500106,0.09128813971374593,0.09128813971374593,0.09128813971374593
52,676.0,0.44913167038125235,0.44913167038125235,0.44913167038125235,0.600829142711199,0.600829142711199,0.600829142711199
53,728.0,0.1315860008427181,0.1315860008427181,0.1315860008427181,0.17587085305757552,0.17587085305757552,0.17587085305757552
54,780.0,0.3442145990891463,0.3442145990891463,0.3442145990891463,0.4111500317447355,0.4111500317447355,0.4111500317447355
55,832.0,0.22910216718266255,0.22910216718266255,0.22910216718266255,0.2772335592213095,0.2772335592213095,0.2772335592213095
56,884.0,0.2132373303793963,0.2132373303793963,0.2132373303793963,0.18050602481524916,0.18050602481524916,0.18050602481524916
57,936.0,0.36484971315510517,0.36484971315510517,0.36484971315510517,1.8432207326598482,1.8432207326598482,1.8432207326598482
58,988.0,0.1325153374233129,0.1325153374233129,0.1325153374233129,0.11740901050095974,0.11740901050095974,0.11740901050095974
59,1040.0,0.14832371806386474,0.14832371806386474,0.14832371806386474,0.1627426229410256,0.1627426229410256,0.1627426229410256
60,52.0,0.19834996045175501,0.19834996045175501,0.19834996045175501,0.24945812499946077,0.24945812499946077,0.24945812499946077
61,104.0,0.1431784107946027,0.1431784107946027,0.1431784107946027,0.13617160685024804,0.13617160685024804,0.13617160685024804
62,156.0,0.32163893481990474,0.32163893481990474,0.32163893481990474,0.4678779666856504,0.4678779666856504,0.4678779666856504
63,208.0,14.166438496076424,14.166438496076424,14.166438496076424,13.277332217910805,13.277332217910805,13.277332217910805
64,260.0,0.30309531337885726,0.30309531337885726,0.30309531337885726,0.3867836357875181,0.3867836357875181,0.3867836357875181
65,312.0,0.09475292919001528,0.09475292919001528,0.09475292919001528,0.08883135770283095,0.08883135770283095,0.08883135770283095
66,364.0,0.09286231034248492,0.09286231034248492,0.09286231034248492,0.09126381192206526,0.09126381192206526,0.09126381192206526
67,416.0,0.0891089108910891,0.0891089108910891,0.0891089108910891,0.08116851289089305,0.08116851289089305,0.08116851289089305
68,468.0,0.07461766011862322,0.07461766011862322,0.07461766011862322,0.07195658095488852,0.07195658095488852,0.07195658095488852
69,520.0,0.03026312836826763,0.03026312836826763,0.03026312836826763,0.02793683339848053,0.02793683339848053,0.02793683339848053
70,572.0,21.839572516943022,21.839572516943022,21.839572516943022,121.04530783225597,121.04530783225597,121.04530783225597
71,624.0,2.5738719265594012,2.5738719265594012,2.5738719265594012,1.8592487087251464,1.8592487087251464,1.8592487087251464
72,676.0,0.3674428939374292,0.3674428939374292,0.3674428939374292,0.42990066602227794,0.42990066602227794,0.42990066602227794
73,728.0,57.40406593788815,57.40406593788815,57.40406593788815,963.8532495838656,963.8532495838656,963.8532495838656
74,780.0,131.58500488543496,131.58500488543496,131.58500488543496,118.14176643455922,118.14176643455922,118.14176643455922
75,832.0,0.15155807365439095,0.15155807365439095,0.15155807365439095,0.13425394634416457,0.13425394634416457,0.13425394634416457
76,884.0,0.0380952380952381,0.0380952380952381,0.0380952380952381,0.036643990929705224,0.036643990929705224,0.036643990929705224
77,936.0,0.14708350818296265,0.14708350818296265,0.14708350818296265,0.1586014395223968,0.1586014395223968,0.1586014395223968
78,988.0,1.0,1.0,1.0,0.0,0.0,0.0
79,1040.0,0.27462647865186485,0.27462647865186485,0.27462647865186485,0.26554043086623497,0.26554043086623497,0.26554043086623497
80,52.0,0.2953898690950484,0.2953898690950484,0.2953898690950484,0.2468370278541092,0.2468370278541092,0.2468370278541092
81,104.0,0.7489662017117737,0.7489662017117737,0.7489662017117737,4.123761025966186,4.123761025966186,4.123761025966186
82,156.0,23.083468395461914,23.083468395461914,23.083468395461914,19.223989266829353,19.223989266829353,19.223989266829353
83,208.0,0.17248961741044055,0.17248961741044055,0.17248961741044055,0.19677047517604337,0.19677047517604337,0.19677047517604337
84,260.0,0.055100927441352976,0.055100927441352976,0.055100927441352976,0.0575203526068867,0.0575203526068867,0.0575203526068867
85,312.0,0.12195121951219512,0.12195121951219512,0.12195121951219512,0.10707911957168353,0.10707911957168353,0.10707911957168353
86,364.0,0.4002849090664909,0.4002849090664909,0.4002849090664909,0.425020793696355,0.425020793696355,0.425020793696355
87,416.0,0.16933127886857044,0.16933127886857044,0.16933127886857044,0.23237845713744165,0.23237845713744165,0.23237845713744165
88,468.0,0.23570032776051214,0.23570032776051214,0.23570032776051214,0.2796492259924743,0.2796492259924743,0.2796492259924743
89,520.0,0.5092902946321308,0.5092902946321308,0.5092902946321308,0.6692921601811119,0.6692921601811119,0.6692921601811119
90,572.0,50.39552862727393,50.39552862727393,50.39552862727393,229.51001480105694,229.51001480105694,229.51001480105694
91,624.0,0.29305065101296823,0.29305065101296823,0.29305065101296823,0.31473513858932806,0.31473513858932806,0.31473513858932806
92,676.0,0.2676973148901546,0.2676973148901546,0.2676973148901546,0.24322830219783495,0.24322830219783495,0.24322830219783495
93,728.0,0.02355612603321404,0.02355612603321404,0.02355612603321404,0.023983282924675595,0.023983282924675595,0.023983282924675595
94,780.0,0.212253829321663,0.212253829321663,0.212253829321663,0.2284712878682685,0.2284712878682685,0.2284712878682685
95,832.0,0.3044926244515049,0.3044926244515049,0.3044926244515049,0.30828930971892976,0.30828930971892976,0.30828930971892976
96,884.0,0.3006798874474814,0.3006798874474814,0.3006798874474814,0.24799467409791603,0.24799467409791603,0.24799467409791603
97,936.0,0.01008249312557287,0.01008249312557287,0.01008249312557287,0.009980836457945641,0.009980836457945641,0.009980836457945641
98,988.0,0.13021148036253777,0.13021148036253777,0.13021148036253777,0.12775796131835235,0.12775796131835235,0.12775796131835235
99,1040.0,0.05096262740656852,0.05096262740656852,0.05096262740656852,0.05119669509253046,0.05119669509253046,0.05119669509253046
100,52.0,0.16456633861163136,0.16456633861163136,0.16456633861163136,0.21283692888539507,0.21283692888539507,0.21283692888539507
101,104.0,3.623455565865944,3.623455565865944,3.623455565865944,17.640099718101492,17.640099718101492,17.640099718101492
102,156.0,0.33833199009718407,0.33833199009718407,0.33833199009718407,0.3797167448328808,0.3797167448328808,0.3797167448328808
103,208.0,0.23804151624548736,0.23804151624548736,0.23804151624548736,0.24726222932333272,0.24726222932333272,0.24726222932333272
104,260.0,0.3588235294117647,0.3588235294117647,0.3588235294117647,0.32418685121107266,0.32418685121107266,0.32418685121107266
105,312.0,0.030060145422366118,0.030060145422366118,0.030060145422366118,0.026312851949498076,0.026312851949498076,0.026312851949498076
106,364.0,0.165780269513241,0.165780269513241,0.165780269513241,0.1747963397592954,0.1747963397592954,0.1747963397592954
107,416.0,0.18009735008422795,0.18009735008422795,0.18009735008422795,0.2101940920551429,0.2101940920551429,0.2101940920551429
108,468.0,0.4613888768755343,0.4613888768755343,0.4613888768755343,0.5361700285810818,0.5361700285810818,0.5361700285810818
109,520.0,0.0,0.0,0.0,0.0,0.0,0.0
110,572.0,0.19442536996365317,0.19442536996365317,0.19442536996365317,0.20476736487156164,0.20476736487156164,0.20476736487156164
111,624.0,0.09037433155080214,0.09037433155080214,0.09037433155080214,0.08595012725556923,0.08595012725556923,0.08595012725556923
112,676.0,3.9913161193398805,3.9913161193398805,3.9913161193398805,3.9166080601192212,3.9166080601192212,3.9166080601192212
113,728.0,0.11319882669026106,0.11319882669026106,0.11319882669026106,0.10974319524194766,0.10974319524194766,0.10974319524194766
114,780.0,79.5434666051715,79.5434666051715,79.5434666051715,588.3960904840712,588.3960904840712,588.3960904840712
115,832.0,0.5104166666666666,0.5104166666666666,0.5104166666666666,0.4547526041666667,0.4547526041666667,0.4547526041666667
116,884.0,0.010526315789473684,0.010526315789473684,0.010526315789473684,0.011731301939058171,0.011731301939058171,0.011731301939058171
117,936.0,3.9508293084419286,3.9508293084419286,3.9508293084419286,304.3945239600327,304.3945239600327,304.3945239600327
118,988.0,0.6548230039284308,0.6548230039284308,0.6548230039284308,0.5562945993051674,0.5562945993051674,0.5562945993051674
119,1040.0,0.23086959421228676,0.23086959421228676,0.23086959421228676,0.2744087754035672,0.2744087754035672,0.2744087754035672
120,52.0,0.14690721649484537,0.14690721649484537,0.14690721649484537,0.22326363056647894,0.22326363056647894,0.22326363056647894
121,104.0,0.9581148181258846,0.9581148181258846,0.9581148181258846,1.2094928601303787,1.2094928601303787,1.2094928601303787
122,156.0,0.2591627472496871,0.2591627472496871,0.2591627472496871,0.3513879817069122,0.3513879817069122,0.3513879817069122
123,208.0,0.282960729931781,0.282960729931781,0.282960729931781,0.29445466305478024,0.29445466305478024,0.29445466305478024
124,260.0,0.11462450592885376,0.11462450592885376,0.11462450592885376,0.1489165586089456,0.1489165586089456,0.1489165586089456
125,312.0,0.01229120705956508,0.01229120705956508,0.01229120705956508,0.012140133288583979,0.012140133288583979,0.012140133288583979
126,364.0,0.20683369017362757,0.20683369017362757,0.20683369017362757,0.22794804681562786,0.22794804681562786,0.22794804681562786
127,416.0,0.25782531563240924,0.25782531563240924,0.25782531563240924,0.5440409060483841,0.5440409060483841,0.5440409060483841
128,468.0,0.07777811039140094,0.07777811039140094,0.07777811039140094,0.08284546908269827,0.08284546908269827,0.08284546908269827
129,520.0,22.900134095678037,22.900134095678037,22.900134095678037,100.50242401951229,100.50242401951229,100.50242401951229
130,572.0,0.17325321146322747,0.17325321146322747,0.17325321146322747,0.2266947199967233,0.2266947199967233,0.2266947199967233
131,624.0,0.12433510638297872,0.12433510638297872,0.12433510638297872,0.14743971749094612,0.14743971749094612,0.14743971749094612
132,676.0,86.92448899319206,86.92448899319206,86.92448899319206,275.00465356328624,275.00465356328624,275.00465356328624
133,728.0,20.756342957130357,20.756342957130357,20.756342957130357,20.457254167594755,20.457254167594755,20.457254167594755
134,780.0,0.13696682464454976,0.13696682464454976,0.13696682464454976,0.11915478088991711,0.11915478088991711,0.11915478088991711
135,832.0,0.17524682651622003,0.17524682651622003,0.17524682651622003,0.14735625078329995,0.14735625078329995,0.14735625078329995
136,884.0,0.030742954739538857,0.030742954739538857,0.030742954739538857,0.031505767403395904,0.031505767403395904,0.031505767403395904
137,936.0,0.661484454670478,0.661484454670478,0.661484454670478,0.716266096150508,0.716266096150508,0.716266096150508
138,988.0,0.06721111427461089,0.06721111427461089,0.06721111427461089,0.06529916635293276,0.06529916635293276,0.06529916635293276
139,1040.0,0.032174278123521485,0.032174278123521485,0.032174278123521485,0.02385120529612822,0.02385120529612822,0.02385120529612822
140,52.0,0.2262382957863917,0.2262382957863917,0.2262382957863917,0.21686587718874809,0.21686587718874809,0.21686587718874809
141,104.0,0.12444309191887798,0.12444309191887798,0.12444309191887798,0.1464893392207665,0.1464893392207665,0.1464893392207665
142,156.0,0.0536162997163839,0.0536162997163839,0.0536162997163839,0.05365329953132076,0.05365329953132076,0.05365329953132076
143,208.0,0.5213722051206181,0.5213722051206181,0.5213722051206181,0.6401096566663933,0.6401096566663933,0.6401096566663933
144,260.0,0.3448275862068966,0.3448275862068966,0.3448275862068966,0.29488703923900117,0.29488703923900117,0.29488703923900117
145,312.0,0.1329268292682927,0.1329268292682927,0.1329268292682927,0.14208655562165376,0.14208655562165376,0.14208655562165376
146,364.0,0.48700130041599676,0.48700130041599676,0.48700130041599676,0.40826710389769705,0.40826710389769705,0.40826710389769705
147,416.0,0.16683738682414465,0.16683738682414465,0.16683738682414465,0.14807140464092614,0.14807140464092614,0.14807140464092614
148,468.0,0.5272716436371037,0.5272716436371037,0.5272716436371037,0.6190068088525223,0.6190068088525223,0.6190068088525223
149,520.0,0.18977443609022557,0.18977443609022557,0.18977443609022557,0.1615796483690429,0.1615796483690429,0.1615796483690429
150,572.0,0.16901408450704225,0.16901408450704225,0.16901408450704225,0.1451431594260398,0.1451431594260398,0.1451431594260398
151,624.0,0.13560885608856088,0.13560885608856088,0.13560885608856088,0.15873200936806414,0.15873200936806414,0.15873200936806414
152,676.0,0.42328408520469635,0.42328408520469635,0.42328408520469635,0.4312795388475594,0.4312795388475594,0.4312795388475594
153,728.0,0.5436026516249077,0.5436026516249077,0.5436026516249077,0.5821814100037824,0.5821814100037824,0.5821814100037824
154,780.0,0.1956212493109505,0.1956212493109505,0.1956212493109505,0.22642471673290776,0.22642471673290776,0.22642471673290776
155,832.0,0.2980884109916368,0.2980884109916368,0.2980884109916368,0.2845005274284189,0.2845005274284189,0.2845005274284189
156,884.0,0.361244019138756,0.361244019138756,0.361244019138756,0.4436654380623154,0.4436654380623154,0.4436654380623154
157,936.0,0.22244470615744866,0.22244470615744866,0.22244470615744866,0.4162314609230562,0.4162314609230562,0.4162314609230562
158,988.0,0.12305810748925432,0.12305810748925432,0.12305810748925432,0.16719516904411819,0.16719516904411819,0.16719516904411819
159,1040.0,0.06376226197345643,0.06376226197345643,0.06376226197345643,0.06085070401150205,0.06085070401150205,0.06085070401150205
160,52.0,0.27602500340635533,0.27602500340635533,0.27602500340635533,0.32548523622414516,0.32548523622414516,0.32548523622414516
161,104.0,0.35476040329496117,0.35476040329496117,0.35476040329496117,0.5085833013974401,0.5085833013974401,0.5085833013974401
162,156.0,0.11136410681018423,0.11136410681018423,0.11136410681018423,0.0989621425245541,0.0989621425245541,0.0989621425245541
163,208.0,0.13810526315789473,0.13810526315789473,0.13810526315789473,0.13587430470914125,0.13587430470914125,0.13587430470914125
164,260.0,27.91068712364142,27.91068712364142,27.91068712364142,55.39020364306868,55.39020364306868,55.39020364306868
165,312.0,0.20282588878760255,0.20282588878760255,0.20282588878760255,0.17080331790771053,0.17080331790771053,0.17080331790771053
166,364.0,0.10241935483870968,0.10241935483870968,0.10241935483870968,0.09192963059313213,0.09192963059313213,0.09192963059313213
167,416.0,0.24816446402349487,0.24816446402349487,0.24816446402349487,0.2311212025159511,0.2311212025159511,0.2311212025159511
168,468.0,0.2109928854130919,0.2109928854130919,0.2109928854130919,0.2311681074475037,0.2311681074475037,0.2311681074475037
169,520.0,0.2610912476619427,0.2610912476619427,0.2610912476619427,0.2649724876097667,0.2649724876097667,0.2649724876097667
170,572.0,0.20747996438112198,0.20747996438112198,0.20747996438112198,0.20717468236794173,0.20717468236794173,0.20717468236794173
171,624.0,0.4120491589351087,0.4120491589351087,0.4120491589351087,0.8429132392139405,0.8429132392139405,0.8429132392139405
172,676.0,0.518590767176723,0.518590767176723,0.518590767176723,0.5550604379883475,0.5550604379883475,0.5550604379883475
173,728.0,36.65989810700844,36.65989810700844,36.65989810700844,1387.6200432234957,1387.6200432234957,1387.6200432234957
174,780.0,0.17023443013569117,0.17023443013569117,0.17023443013569117,0.1561133581977054,0.1561133581977054,0.1561133581977054
175,832.0,0.3114754098360656,0.3114754098360656,0.3114754098360656,0.6079011018543404,0.6079011018543404,0.6079011018543404
176,884.0,0.34348308852477794,0.34348308852477794,0.34348308852477794,0.49090196090920174,0.49090196090920174,0.49090196090920174
177,936.0,0.04586350669299978,0.04586350669299978,0.04586350669299978,0.04376004544682096,0.04376004544682096,0.04376004544682096
178,988.0,0.37592601630672046,0.37592601630672046,0.37592601630672046,0.41189128841367395,0.41189128841367395,0.41189128841367395
179,1040.0,0.13165680473372782,0.13165680473372782,0.13165680473372782,0.1155912533074572,0.1155912533074572,0.1155912533074572
180,52.0,0.4560897891760259,0.4560897891760259,0.4560897891760259,1.122921659355967,1.122921659355967,1.122921659355967
181,104.0,0.9224979411906639,0.9224979411906639,0.9224979411906639,1.1423106839365356,1.1423106839365356,1.1423106839365356
182,156.0,0.7387719603047035,0.7387719603047035,0.7387719603047035,0.9295401799738069,0.9295401799738069,0.9295401799738069
183,208.0,0.3920890051628376,0.3920890051628376,0.3920890051628376,0.4287404786469242,0.4287404786469242,0.4287404786469242
184,260.0,0.45019928322108727,0.45019928322108727,0.45019928322108727,0.7572734655531769,0.7572734655531769,0.7572734655531769
185,312.0,0.13385674088034527,0.13385674088034527,0.13385674088034527,0.16263577764161743,0.16263577764161743,0.16263577764161743
186,364.0,37.99975978072926,37.99975978072926,37.99975978072926,44.2287685927136,44.2287685927136,44.2287685927136
187,416.0,0.17345360824742267,0.17345360824742267,0.17345360824742267,0.15419219630141354,0.15419219630141354,0.15419219630141354
188,468.0,0.8487950637636746,0.8487950637636746,0.8487950637636746,1.0160588022746542,1.0160588022746542,1.0160588022746542
189,520.0,0.015507883173946756,0.015507883173946756,0.015507883173946756,0.01526738873340997,0.01526738873340997,0.01526738873340997
190,572.0,0.16772867826081084,0.16772867826081084,0.16772867826081084,0.1740511505490802,0.1740511505490802,0.1740511505490802
191,624.0,0.13817748659916618,0.13817748659916618,0.13817748659916618,0.11908446879630341,0.11908446879630341,0.11908446879630341
192,676.0,19.530785562632698,19.530785562632698,19.530785562632698,19.889179637668423,19.889179637668423,19.889179637668423
193,728.0,0.3009122748321876,0.3009122748321876,0.3009122748321876,0.6073012264714203,0.6073012264714203,0.6073012264714203
194,780.0,0.14725274725274726,0.14725274725274726,0.14725274725274726,0.14534959545948556,0.14534959545948556,0.14534959545948556
195,832.0,0.2984759672560869,0.2984759672560869,0.2984759672560869,0.33909469212146154,0.33909469212146154,0.33909469212146154
196,884.0,0.05248091603053435,0.05248091603053435,0.05248091603053435,0.04972666948313035,0.04972666948313035,0.04972666948313035
197,936.0,0.061896276312052655,0.061896276312052655,0.061896276312052655,0.06259736689239934,0.06259736689239934,0.06259736689239934
198,988.0,0.017897551944044434,0.017897551944044434,0.017897551944044434,0.018811543505630145,0.018811543505630145,0.018811543505630145
199,1040.0,0.21800835332883833,0.21800835332883833,0.21800835332883833,0.23671405463887976,0.23671405463887976,0.23671405463887976
200,52.0,0.1433675908458048,0.1433675908458048,0.1433675908458048,0.17040897106795777,0.17040897106795777,0.17040897106795777
201,104.0,2.5800191070157945,2.5800191070157945,2.5800191070157945,2.021753091403962,2.021753091403962,2.021753091403962
202,156.0,0.16366329390062692,0.16366329390062692,0.16366329390062692,0.13944404105660455,0.13944404105660455,0.13944404105660455
203,208.0,0.21257770132698128,0.21257770132698128,0.21257770132698128,0.2820671043240604,0.2820671043240604,0.2820671043240604
204,260.0,0.14627603608161344,0.14627603608161344,0.14627603608161344,0.15751814456268953,0.15751814456268953,0.15751814456268953
205,312.0,0.26174496644295303,0.26174496644295303,0.26174496644295303,0.2804828611323814,0.2804828611323814,0.2804828611323814
206,364.0,0.2320637732506643,0.2320637732506643,0.2320637732506643,0.24198342905963327,0.24198342905963327,0.24198342905963327
207,416.0,0.14433549416294159,0.14433549416294159,0.14433549416294159,0.14747920098069298,0.14747920098069298,0.14747920098069298
208,468.0,0.4101693326828743,0.4101693326828743,0.4101693326828743,0.6203532073489237,0.6203532073489237,0.6203532073489237
209,520.0,0.1511470730760454,0.1511470730760454,0.1511470730760454,0.13527933888737068,0.13527933888737068,0.13527933888737068
210,572.0,0.34013067562418464,0.34013067562418464,0.34013067562418464,0.3495078340938732,0.3495078340938732,0.3495078340938732
211,624.0,0.6877017935697141,0.6877017935697141,0.6877017935697141,1.5251404553709023,1.5251404553709023,1.5251404553709023
212,676.0,0.7070415611030783,0.7070415611030783,0.7070415611030783,0.637393429165184,0.637393429165184,0.637393429165184
213,728.0,0.24026330224904005,0.24026330224904005,0.24026330224904005,0.20996416544976435,0.20996416544976435,0.20996416544976435
214,780.0,1.0109492451040227,1.0109492451040227,1.0109492451040227,0.9812089193470677,0.9812089193470677,0.9812089193470677
215,832.0,0.3037993205959493,0.3037993205959493,0.3037993205959493,0.34937661761196936,0.34937661761196936,0.34937661761196936
216,884.0,0.6306381140679963,0.6306381140679963,0.6306381140679963,0.40330574975576267,0.40330574975576267,0.40330574975576267
217,936.0,0.23860859630265727,0.23860859630265727,0.23860859630265727,0.3195478745969845,0.3195478745969845,0.3195478745969845
218,988.0,0.10461819238790009,0.10461819238790009,0.10461819238790009,0.11835522042139009,0.11835522042139009,0.11835522042139009
219,1040.0,0.30343895798794257,0.30343895798794257,0.30343895798794257,0.34503180211995865,0.34503180211995865,0.34503180211995865
220,52.0,1.4126163796954458,1.4126163796954458,1.4126163796954458,5.6519774852384,5.6519774852384,5.6519774852384
221,104.0,0.2131428864384381,0.2131428864384381,0.2131428864384381,0.20118702511435493,0.20118702511435493,0.20118702511435493
222,156.0,0.22992683580335324,0.22992683580335324,0.22992683580335324,0.2345419825621928,0.2345419825621928,0.2345419825621928
223,208.0,0.5510141821216281,0.5510141821216281,0.5510141821216281,0.5706055054577795,0.5706055054577795,0.5706055054577795
224,260.0,0.15599281888458227,0.15599281888458227,0.15599281888458227,0.14846366904996092,0.14846366904996092,0.14846366904996092
225,312.0,0.2486368386727133,0.2486368386727133,0.2486368386727133,0.3329667213412637,0.3329667213412637,0.3329667213412637
226,364.0,0.3032622563154697,0.3032622563154697,0.3032622563154697,0.3169851906979916,0.3169851906979916,0.3169851906979916
227,416.0,0.23791361811935138,0.23791361811935138,0.23791361811935138,0.31127697367673773,0.31127697367673773,0.31127697367673773
228,468.0,0.21425912842812567,0.21425912842812567,0.21425912842812567,0.2839320825567283,0.2839320825567283,0.2839320825567283
229,520.0,0.14500659818197853,0.14500659818197853,0.14500659818197853,0.18514569543023432,0.18514569543023432,0.18514569543023432
230,572.0,0.08189646942853908,0.08189646942853908,0.08189646942853908,0.07972672055578009,0.07972672055578009,0.07972672055578009
231,624.0,0.27683676174439764,0.27683676174439764,0.27683676174439764,0.30453007100229196,0.30453007100229196,0.30453007100229196
232,676.0,0.8129176743868295,0.8129176743868295,0.8129176743868295,1.1345647232797553,1.1345647232797553,1.1345647232797553
233,728.0,0.18993964355219584,0.18993964355219584,0.18993964355219584,0.20914259277029226,0.20914259277029226,0.20914259277029226
234,780.0,0.1509090718219679,0.1509090718219679,0.1509090718219679,0.25517338100415565,0.25517338100415565,0.25517338100415565
235,832.0,0.4393276646033357,0.4393276646033357,0.4393276646033357,0.5770740529776849,0.5770740529776849,0.5770740529776849
236,884.0,0.13164442433838497,0.13164442433838497,0.13164442433838497,0.1482431452239448,0.1482431452239448,0.1482431452239448
237,936.0,0.17366581191073363,0.17366581191073363,0.17366581191073363,0.16647607301577155,0.16647607301577155,0.16647607301577155
238,988.0,0.2485588347881513,0.2485588347881513,0.2485588347881513,0.2091283002866609,0.2091283002866609,0.2091283002866609
239,1040.0,0.08008313588068947,0.08008313588068947,0.08008313588068947,0.08622576091722596,0.08622576091722596,0.08622576091722596
240,52.0,0.058351893095768374,0.058351893095768374,0.058351893095768374,0.0727643216055476,0.0727643216055476,0.0727643216055476
241,104.0,0.2302448605516162,0.2302448605516162,0.2302448605516162,0.3018634981455367,0.3018634981455367,0.3018634981455367
242,156.0,0.13095238095238096,0.13095238095238096,0.13095238095238096,0.13761337868480722,0.13761337868480722,0.13761337868480722
243,208.0,0.03147397943284512,0.03147397943284512,0.03147397943284512,0.031106615168988046,0.031106615168988046,0.031106615168988046
244,260.0,0.42675017751591815,0.42675017751591815,0.42675017751591815,0.4650047946474546,0.4650047946474546,0.4650047946474546
245,312.0,0.18803418803418803,0.18803418803418803,0.18803418803418803,0.16977134925852874,0.16977134925852874,0.16977134925852874
246,364.0,0.38214949660338526,0.38214949660338526,0.38214949660338526,0.6472941031750511,0.6472941031750511,0.6472941031750511
247,416.0,0.22468944556371714,0.22468944556371714,0.22468944556371714,0.26540713482295736,0.26540713482295736,0.26540713482295736
248,468.0,0.12462908011869436,0.12462908011869436,0.12462908011869436,0.11740527784870872,0.11740527784870872,0.11740527784870872
249,520.0,0.08225108225108226,0.08225108225108226,0.08225108225108226,0.09087785711162334,0.09087785711162334,0.09087785711162334
250,572.0,0.32841614510037914,0.32841614510037914,0.32841614510037914,0.3476147354247672,0.3476147354247672,0.3476147354247672
251,624.0,0.032302722658052604,0.032302722658052604,0.032302722658052604,0.03125925676692954,0.03125925676692954,0.03125925676692954
252,676.0,0.0557753164556962,0.0557753164556962,0.0557753164556962,0.05266443052996315,0.05266443052996315,0.05266443052996315
253,728.0,0.07105480583861196,0.07105480583861196,0.07105480583861196,0.08363201875341175,0.08363201875341175,0.08363201875341175
254,780.0,0.277069021916912,0.277069021916912,0.277069021916912,0.2546033818895569,0.2546033818895569,0.2546033818895569
255,832.0,0.2470944921677615,0.2470944921677615,0.2470944921677615,0.26284527202120495,0.26284527202120495,0.26284527202120495
256,884.0,1.1387749321441307,1.1387749321441307,1.1387749321441307,1.5706249777050925,1.5706249777050925,1.5706249777050925
257,936.0,0.0,0.0,0.0,0.0,0.0,0.0
258,988.0,0.3096231870022033,0.3096231870022033,0.3096231870022033,0.26529920395074136,0.26529920395074136,0.26529920395074136
259,1040.0,0.2858708623679017,0.2858708623679017,0.2858708623679017,0.30089955684316366,0.30089955684316366,0.30089955684316366
260,52.0,0.4384132798206237,0.4384132798206237,0.4384132798206237,0.3900909186705445,0.3900909186705445,0.3900909186705445
261,104.0,0.44524194168173004,0.44524194168173004,0.44524194168173004,0.4193316509163738,0.4193316509163738,0.4193316509163738
262,156.0,0.3755624168049167,0.3755624168049167,0.3755624168049167,0.44221928419872114,0.44221928419872114,0.44221928419872114
263,208.0,3.297509181092936,3.297509181092936,3.297509181092936,22.794241606175998,22.794241606175998,22.794241606175998
264,260.0,0.3894702597790323,0.3894702597790323,0.3894702597790323,0.5072029068026616,0.5072029068026616,0.5072029068026616
265,312.0,0.3459745355738276,0.3459745355738276,0.3459745355738276,0.3991407204608014,0.3991407204608014,0.3991407204608014
266,364.0,0.08093209721874217,0.08093209721874217,0.08093209721874217,0.4807965253315824,0.4807965253315824,0.4807965253315824
267,416.0,0.4303449483100295,0.4303449483100295,0.4303449483100295,0.49901030921367184,0.49901030921367184,0.49901030921367184
268,468.0,0.7516168216686991,0.7516168216686991,0.7516168216686991,0.861110124895915,0.861110124895915,0.861110124895915
269,520.0,0.1253680710460219,0.1253680710460219,0.1253680710460219,0.1106046246417337,0.1106046246417337,0.1106046246417337
270,572.0,0.33687430149665326,0.33687430149665326,0.33687430149665326,0.3420244981734842,0.3420244981734842,0.3420244981734842
271,624.0,0.16948768570688572,0.16948768570688572,0.16948768570688572,0.21553114679862329,0.21553114679862329,0.21553114679862329
272,676.0,0.25133689839572193,0.25133689839572193,0.25133689839572193,0.26303297206096826,0.26303297206096826,0.26303297206096826
273,728.0,0.04499370145544741,0.04499370145544741,0.04499370145544741,0.04748262165010444,0.04748262165010444,0.04748262165010444
274,780.0,0.06053425247738044,0.06053425247738044,0.06053425247738044,0.08530587571173118,0.08530587571173118,0.08530587571173118
275,832.0,0.4260166761022327,0.4260166761022327,0.4260166761022327,0.5291998617757218,0.5291998617757218,0.5291998617757218
276,884.0,0.46788817730173793,0.46788817730173793,0.46788817730173793,0.3731149009266939,0.3731149009266939,0.3731149009266939
277,936.0,0.7304791396971235,0.7304791396971235,0.7304791396971235,0.6298731395609054,0.6298731395609054,0.6298731395609054
278,988.0,1.9758512316754644,1.9758512316754644,1.9758512316754644,1.33361742508476,1.33361742508476,1.33361742508476
279,1040.0,0.08380592312539382,0.08380592312539382,0.08380592312539382,0.08056320871097834,0.08056320871097834,0.08056320871097834
280,52.0,0.13427019734799098,0.13427019734799098,0.13427019734799098,0.15024427793744904,0.15024427793744904,0.15024427793744904
281,104.0,0.38310536171547255,0.38310536171547255,0.38310536171547255,0.39269777741830025,0.39269777741830025,0.39269777741830025
282,156.0,0.2909302779513733,0.2909302779513733,0.2909302779513733,0.49885890995275567,0.49885890995275567,0.49885890995275567
283,208.0,6.017501712301511,6.017501712301511,6.017501712301511,65.73373052830082,65.73373052830082,65.73373052830082
284,260.0,0.2645043529087422,0.2645043529087422,0.2645043529087422,0.37295730384190523,0.37295730384190523,0.37295730384190523
285,312.0,0.1261433737502659,0.1261433737502659,0.1261433737502659,0.1255471132452866,0.1255471132452866,0.1255471132452866
286,364.0,26.899979730938465,26.899979730938465,26.899979730938465,221.2988537904602,221.2988537904602,221.2988537904602
287,416.0,0.04959093859001067,0.04959093859001067,0.04959093859001067,0.048900465539417445,0.048900465539417445,0.048900465539417445
288,468.0,0.3117183073975533,0.3117183073975533,0.3117183073975533,0.28036382739746213,0.28036382739746213,0.28036382739746213
289,520.0,86.08881592026306,86.08881592026306,86.08881592026306,121.61863134760775,121.61863134760775,121.61863134760775
290,572.0,0.22841658549307223,0.22841658549307223,0.22841658549307223,0.30512413940619393,0.30512413940619393,0.30512413940619393
291,624.0,106.96579427110044,106.96579427110044,106.96579427110044,94.34918046423013,94.34918046423013,94.34918046423013
292,676.0,0.26373626373626374,0.26373626373626374,0.26373626373626374,0.25645050919776197,0.25645050919776197,0.25645050919776197
293,728.0,0.27325581395348836,0.27325581395348836,0.27325581395348836,0.2334707950243375,0.2334707950243375,0.2334707950243375
294,780.0,0.13468869123252858,0.13468869123252858,0.13468869123252858,0.11654764768659714,0.11654764768659714,0.11654764768659714
295,832.0,0.11677273553009647,0.11677273553009647,0.11677273553009647,0.15623988618750156,0.15623988618750156,0.15623988618750156
296,884.0,0.42444053306512447,0.42444053306512447,0.42444053306512447,0.4464532009519914,0.4464532009519914,0.4464532009519914
297,936.0,0.2633091330002339,0.2633091330002339,0.2633091330002339,0.3336078657852745,0.3336078657852745,0.3336078657852745
298,988.0,0.21935483870967742,0.21935483870967742,0.21935483870967742,0.3131737773152966,0.3131737773152966,0.3131737773152966
299,1040.0,0.22535211267605634,0.22535211267605634,0.22535211267605634,0.21212722343450366,0.21212722343450366,0.21212722343450366
300,52.0,0.35872214351427534,0.35872214351427534,0.35872214351427534,0.5924493389766003,0.5924493389766003,0.5924493389766003
301,104.0,0.2896681240128551,0.2896681240128551,0.2896681240128551,0.27598576158814025,0.27598576158814025,0.27598576158814025
302,156.0,0.35025429560157506,0.35025429560157506,0.35025429560157506,1.7966871125974386,1.7966871125974386,1.7966871125974386
303,208.0,0.34596626025303967,0.34596626025303967,0.34596626025303967,0.34980106969966174,0.34980106969966174,0.34980106969966174
304,260.0,0.040740740740740744,0.040740740740740744,0.040740740740740744,0.048340192043895745,0.048340192043895745,0.048340192043895745
305,312.0,43.01992473199316,43.01992473199316,43.01992473199316,44.01599381656626,44.01599381656626,44.01599381656626
306,364.0,1.160450539901414,1.160450539901414,1.160450539901414,0.8265825155652332,0.8265825155652332,0.8265825155652332
307,416.0,0.07415426786697299,0.07415426786697299,0.07415426786697299,0.07884556519074623,0.07884556519074623,0.07884556519074623
308,468.0,0.21793282659826654,0.21793282659826654,0.21793282659826654,0.37046246773710934,0.37046246773710934,0.37046246773710934
309,520.0,0.014964216005204945,0.014964216005204945,0.014964216005204945,0.016041524418920157,0.016041524418920157,0.016041524418920157
310,572.0,0.026374531567432132,0.026374531567432132,0.026374531567432132,0.026736116679373232,0.026736116679373232,0.026736116679373232
311,624.0,0.1400949711223197,0.1400949711223197,0.1400949711223197,0.14225371592012329,0.14225371592012329,0.14225371592012329
312,676.0,0.31088147789244963,0.31088147789244963,0.31088147789244963,0.22374817176542416,0.22374817176542416,0.22374817176542416
313,728.0,0.9791899012347219,0.9791899012347219,0.9791899012347219,3.4399681987599613,3.4399681987599613,3.4399681987599613
314,780.0,0.5507750066786686,0.5507750066786686,0.5507750066786686,0.5262147709744931,0.5262147709744931,0.5262147709744931
315,832.0,0.05472905525111227,0.05472905525111227,0.05472905525111227,0.04212235270502211,0.04212235270502211,0.04212235270502211
316,884.0,0.06850738361288917,0.06850738361288917,0.06850738361288917,0.05704906006601992,0.05704906006601992,0.05704906006601992
317,936.0,0.3269738560909133,0.3269738560909133,0.3269738560909133,0.5361809799788654,0.5361809799788654,0.5361809799788654
318,988.0,0.03281149474587176,0.03281149474587176,0.03281149474587176,0.03216380898646401,0.03216380898646401,0.03216380898646401
319,1040.0,0.06718824069539032,0.06718824069539032,0.06718824069539032,0.080628147817683,0.080628147817683,0.080628147817683
320,52.0,0.09503125155231228,0.09503125155231228,0.09503125155231228,0.09601546708353915,0.09601546708353915,0.09601546708353915
321,104.0,0.09620596205962059,0.09620596205962059,0.09620596205962059,0.09779048332488746,0.09779048332488746,0.09779048332488746
322,156.0,0.1878544068107533,0.1878544068107533,0.1878544068107533,0.24442229502025628,0.24442229502025628,0.24442229502025628
323,208.0,0.7388954535169291,0.7388954535169291,0.7388954535169291,0.8009961563108242,0.8009961563108242,0.8009961563108242
324,260.0,0.00779896013864818,0.00779896013864818,0.00779896013864818,0.007738136359403957,0.007738136359403957,0.007738136359403957
325,312.0,1.122754254564376,1.122754254564376,1.122754254564376,1.6758498315678652,1.6758498315678652,1.6758498315678652
326,364.0,0.7751016407963098,0.7751016407963098,0.7751016407963098,0.759110307628279,0.759110307628279,0.759110307628279
327,416.0,1.1623651626888623,1.1623651626888623,1.1623651626888623,1.3826437602081945,1.3826437602081945,1.3826437602081945
328,468.0,0.5632913349282269,0.5632913349282269,0.5632913349282269,11.154870342539763,11.154870342539763,11.154870342539763
329,520.0,0.18487813850591625,0.18487813850591625,0.18487813850591625,0.22004508063026182,0.22004508063026182,0.22004508063026182
330,572.0,0.26974601228981554,0.26974601228981554,0.26974601228981554,0.40487088707262797,0.40487088707262797,0.40487088707262797
331,624.0,16.853341336309946,16.853341336309946,16.853341336309946,30.649469834630494,30.649469834630494,30.649469834630494
332,676.0,0.35640761099177737,0.35640761099177737,0.35640761099177737,0.3546349588055359,0.3546349588055359,0.3546349588055359
333,728.0,0.19791666666666666,0.19791666666666666,0.19791666666666666,0.16291232638888892,0.16291232638888892,0.16291232638888892
334,780.0,0.15814026491647065,0.15814026491647065,0.15814026491647065,0.14785959797781373,0.14785959797781373,0.14785959797781373
335,832.0,0.3136956198017021,0.3136956198017021,0.3136956198017021,0.29210752138309276,0.29210752138309276,0.29210752138309276
336,884.0,0.3630573248407643,0.3630573248407643,0.3630573248407643,0.4376161304718244,0.4376161304718244,0.4376161304718244
337,936.0,0.08832807570977919,0.08832807570977919,0.08832807570977919,0.08863798880616641,0.08863798880616641,0.08863798880616641
338,988.0,27.225042363295493,27.225042363295493,27.225042363295493,31.92938358686287,31.92938358686287,31.92938358686287
339,1040.0,0.24775022744073874,0.24775022744073874,0.24775022744073874,0.2435935785351385,0.2435935785351385,0.2435935785351385
340,52.0,0.54690444473729,0.54690444473729,0.54690444473729,1.2572089603034158,1.2572089603034158,1.2572089603034158
341,104.0,0.27219180120202835,0.27219180120202835,0.27219180120202835,0.29004702350615824,0.29004702350615824,0.29004702350615824
342,156.0,0.16521739130434782,0.16521739130434782,0.16521739130434782,0.15531190926275992,0.15531190926275992,0.15531190926275992
343,208.0,28.644308707706944,28.644308707706944,28.644308707706944,44.72491551527999,44.72491551527999,44.72491551527999
344,260.0,0.1351193942923704,0.1351193942923704,0.1351193942923704,0.13549930141186375,0.13549930141186375,0.13549930141186375
345,312.0,0.0347179169249845,0.0347179169249845,0.0347179169249845,0.03351258316937439,0.03351258316937439,0.03351258316937439
346,364.0,0.121101656473945,0.121101656473945,0.121101656473945,0.12487559054436252,0.12487559054436252,0.12487559054436252
347,416.0,0.14754098360655737,0.14754098360655737,0.14754098360655737,0.18666257150535567,0.18666257150535567,0.18666257150535567
348,468.0,0.09711375212224109,0.09711375212224109,0.09711375212224109,0.09854854563430869,0.09854854563430869,0.09854854563430869
349,520.0,0.2540983606557377,0.2540983606557377,0.2540983606557377,0.40264713786616496,0.40264713786616496,0.40264713786616496
350,572.0,0.4198564853688998,0.4198564853688998,0.4198564853688998,1.1505630929325636,1.1505630929325636,1.1505630929325636
351,624.0,0.15496771505936263,0.15496771505936263,0.15496771505936263,0.13095272234864283,0.13095272234864283,0.13095272234864283
352,676.0,0.16049382716049382,0.16049382716049382,0.16049382716049382,0.15942691662856273,0.15942691662856273,0.15942691662856273
353,728.0,0.03663003663003663,0.03663003663003663,0.03663003663003663,0.035288277046518796,0.035288277046518796,0.035288277046518796
354,780.0,0.29186218608977993,0.29186218608977993,0.29186218608977993,0.28636029682903064,0.28636029682903064,0.28636029682903064
355,832.0,0.3570168346418486,0.3570168346418486,0.3570168346418486,0.3387499519244858,0.3387499519244858,0.3387499519244858
356,884.0,0.5873631616731806,0.5873631616731806,0.5873631616731806,0.6619657695373404,0.6619657695373404,0.6619657695373404
357,936.0,0.4896279498376121,0.4896279498376121,0.4896279498376121,0.8984773789194533,0.8984773789194533,0.8984773789194533
358,988.0,0.21536600120992136,0.21536600120992136,0.21536600120992136,0.19923152061056743,0.19923152061056743,0.19923152061056743
359,1040.0,0.14026814275209487,0.14026814275209487,0.14026814275209487,0.14539954069031283,0.14539954069031283,0.14539954069031283
360,52.0,0.18965910413875087,0.18965910413875087,0.18965910413875087,0.19119828439278078,0.19119828439278078,0.19119828439278078
361,104.0,0.40168633336901016,0.40168633336901016,0.40168633336901016,0.2308403237750167,0.2308403237750167,0.2308403237750167
362,156.0,0.7799182438612963,0.7799182438612963,0.7799182438612963,9.094672533418436,9.094672533418436,9.094672533418436
363,208.0,0.6305225182597057,0.6305225182597057,0.6305225182597057,1.2762648659753557,1.2762648659753557,1.2762648659753557
364,260.0,0.060411558794452,0.060411558794452,0.060411558794452,0.06302022978991145,0.06302022978991145,0.06302022978991145
365,312.0,0.410958904109589,0.410958904109589,0.410958904109589,0.5982360668042785,0.5982360668042785,0.5982360668042785
366,364.0,0.0870972078111393,0.0870972078111393,0.0870972078111393,0.08197413870455302,0.08197413870455302,0.08197413870455302
367,416.0,0.22206439393939395,0.22206439393939395,0.22206439393939395,0.19405861706554178,0.19405861706554178,0.19405861706554178
368,468.0,0.13529682466635987,0.13529682466635987,0.13529682466635987,0.11791198046391635,0.11791198046391635,0.11791198046391635
369,520.0,0.021810915708291877,0.021810915708291877,0.021810915708291877,0.01937243364530026,0.01937243364530026,0.01937243364530026
370,572.0,0.1783143697450169,0.1783143697450169,0.1783143697450169,0.23932892715385873,0.23932892715385873,0.23932892715385873
371,624.0,0.9049774542676886,0.9049774542676886,0.9049774542676886,1.1037770493228407,1.1037770493228407,1.1037770493228407
372,676.0,0.31055644796550247,0.31055644796550247,0.31055644796550247,0.2769948893964467,0.2769948893964467,0.2769948893964467
373,728.0,0.490625,0.490625,0.490625,0.6061621093749999,0.6061621093749999,0.6061621093749999
374,780.0,0.12393162393162394,0.12393162393162394,0.12393162393162394,0.11284608079479876,0.11284608079479876,0.11284608079479876
375,832.0,0.1968820258001541,0.1968820258001541,0.1968820258001541,0.19118794105861298,0.19118794105861298,0.19118794105861298
376,884.0,0.0,0.0,0.0,0.0,0.0,0.0
377,936.0,0.11805702217529039,0.11805702217529039,0.11805702217529039,0.10538672114129094,0.10538672114129094,0.10538672114129094
378,988.0,0.0518279601109972,0.0518279601109972,0.0518279601109972,0.05385584224119159,0.05385584224119159,0.05385584224119159
379,1040.0,0.2591190591605987,0.2591190591605987,0.2591190591605987,0.2760726708346789,0.2760726708346789,0.2760726708346789
380,52.0,6.700807341729629,6.700807341729629,6.700807341729629,10.834777382494886,10.834777382494886,10.834777382494886
381,104.0,0.2234106135795014,0.2234106135795014,0.2234106135795014,0.22474782531513057,0.22474782531513057,0.22474782531513057
382,156.0,0.06478405315614617,0.06478405315614617,0.06478405315614617,0.06390933874902044,0.06390933874902044,0.06390933874902044
383,208.0,0.02301410541945063,0.02301410541945063,0.02301410541945063,0.02693879935560284,0.02693879935560284,0.02693879935560284
384,260.0,0.26802027859630584,0.26802027859630584,0.26802027859630584,0.2741698240868558,0.2741698240868558,0.2741698240868558
385,312.0,0.0377268180533606,0.0377268180533606,0.0377268180533606,0.0396336234350782,0.0396336234350782,0.0396336234350782
386,364.0,0.7896942472679896,0.7896942472679896,0.7896942472679896,0.7354738707087103,0.7354738707087103,0.7354738707087103
387,416.0,0.08323947581152877,0.08323947581152877,0.08323947581152877,0.08650664937263262,0.08650664937263262,0.08650664937263262
388,468.0,0.5388418655100008,0.5388418655100008,0.5388418655100008,0.586620589239252,0.586620589239252,0.586620589239252
389,520.0,0.23126520378819265,0.23126520378819265,0.23126520378819265,0.21470743807428755,0.21470743807428755,0.21470743807428755
390,572.0,56.03300762645122,56.03300762645122,56.03300762645122,92.04543479158343,92.04543479158343,92.04543479158343
391,624.0,0.18892195875872295,0.18892195875872295,0.18892195875872295,0.1955169096604637,0.1955169096604637,0.1955169096604637
392,676.0,0.28746928746928746,0.28746928746928746,0.28746928746928746,0.3080247994252908,0.3080247994252908,0.3080247994252908
393,728.0,0.0015128593040847202,0.0015128593040847202,0.0015128593040847202,0.001510570560810764,0.001510570560810764,0.001510570560810764
394,780.0,0.022132796780684104,0.022132796780684104,0.022132796780684104,0.021642936087349032,0.021642936087349032,0.021642936087349032
395,832.0,0.7304479386763616,0.7304479386763616,0.7304479386763616,0.7652666141273579,0.7652666141273579,0.7652666141273579
396,884.0,0.15384615384615385,0.15384615384615385,0.15384615384615385,0.14069690992767916,0.14069690992767916,0.14069690992767916
397,936.0,0.10714285714285714,0.10714285714285714,0.10714285714285714,0.1077017885806008,0.1077017885806008,0.1077017885806008
398,988.0,0.2672567640763107,0.2672567640763107,0.2672567640763107,0.29583050211790973,0.29583050211790973,0.29583050211790973
399,1040.0,0.3012673095044903,0.3012673095044903,0.3012673095044903,0.46059450032821114,0.46059450032821114,0.46059450032821114
400,52.0,0.3402013466386196,0.3402013466386196,0.3402013466386196,0.34199824025169884,0.34199824025169884,0.34199824025169884
401,104.0,2.351171337345994,2.351171337345994,2.351171337345994,4.867435175112718,4.867435175112718,4.867435175112718
402,156.0,17.567901234567902,17.567901234567902,17.567901234567902,19.554031397652796,19.554031397652796,19.554031397652796
403,208.0,0.0962262612133109,0.0962262612133109,0.0962262612133109,0.0975727193683695,0.0975727193683695,0.0975727193683695
404,260.0,22.065737642959025,22.065737642959025,22.065737642959025,37.261863184526185,37.261863184526185,37.261863184526185
405,312.0,0.3196720004337702,0.3196720004337702,0.3196720004337702,0.3721548458627523,0.3721548458627523,0.3721548458627523
406,364.0,0.8322335197125322,0.8322335197125322,0.8322335197125322,0.6384988010637821,0.6384988010637821,0.6384988010637821
407,416.0,0.789567566141993,0.789567566141993,0.789567566141993,1.7751415224083886,1.7751415224083886,1.7751415224083886
408,468.0,0.2215591197314435,0.2215591197314435,0.2215591197314435,0.24930767731425685,0.24930767731425685,0.24930767731425685
409,520.0,0.6332822782879028,0.6332822782879028,0.6332822782879028,0.6739333046932456,0.6739333046932456,0.6739333046932456
410,572.0,0.10405848703547341,0.10405848703547341,0.10405848703547341,0.11117193679366802,0.11117193679366802,0.11117193679366802
411,624.0,0.270390783065074,0.270390783065074,0.270390783065074,0.35304713557617623,0.35304713557617623,0.35304713557617623
412,676.0,0.3829259464738077,0.3829259464738077,0.3829259464738077,1.017122914853211,1.017122914853211,1.017122914853211
413,728.0,0.05117258524541212,0.05117258524541212,0.05117258524541212,0.049364999125643114,0.049364999125643114,0.049364999125643114
414,780.0,0.15181518151815182,0.15181518151815182,0.15181518151815182,0.1287673321787624,0.1287673321787624,0.1287673321787624
415,832.0,0.08922171758879602,0.08922171758879602,0.08922171758879602,0.06840525630258157,0.06840525630258157,0.06840525630258157
416,884.0,0.34220412089346736,0.34220412089346736,0.34220412089346736,0.5029728591741647,0.5029728591741647,0.5029728591741647
417,936.0,0.14817275747508304,0.14817275747508304,0.14817275747508304,0.13817772430767872,0.13817772430767872,0.13817772430767872
418,988.0,0.05358598207008965,0.05358598207008965,0.05358598207008965,0.050714524595673674,0.050714524595673674,0.050714524595673674
419,1040.0,0.3450554746768345,0.3450554746768345,0.3450554746768345,0.35562311052053364,0.35562311052053364,0.35562311052053364
420,52.0,0.5794949799233351,0.5794949799233351,0.5794949799233351,0.7188668854760896,0.7188668854760896,0.7188668854760896
421,104.0,0.20139747247034337,0.20139747247034337,0.20139747247034337,0.20073138562837664,0.20073138562837664,0.20073138562837664
422,156.0,0.4260089686098655,0.4260089686098655,0.4260089686098655,2.755736089605664,2.755736089605664,2.755736089605664
423,208.0,0.25233118654605685,0.25233118654605685,0.25233118654605685,0.28405101263281607,0.28405101263281607,0.28405101263281607
424,260.0,0.2623856823812639,0.2623856823812639,0.2623856823812639,0.3221863890382704,0.3221863890382704,0.3221863890382704
425,312.0,0.38133001084708323,0.38133001084708323,0.38133001084708323,0.3866784536785116,0.3866784536785116,0.3866784536785116
426,364.0,0.41208236886907784,0.41208236886907784,0.41208236886907784,0.5368527052371572,0.5368527052371572,0.5368527052371572
427,416.0,1.1929297976825757,1.1929297976825757,1.1929297976825757,1.7010724860344526,1.7010724860344526,1.7010724860344526
428,468.0,0.284576683348911,0.284576683348911,0.284576683348911,0.3427380872176402,0.3427380872176402,0.3427380872176402
429,520.0,0.38232696242003816,0.38232696242003816,0.38232696242003816,0.42511713408184515,0.42511713408184515,0.42511713408184515
430,572.0,0.02926829268292683,0.02926829268292683,0.02926829268292683,0.02841165972635336,0.02841165972635336,0.02841165972635336
431,624.0,0.1889767558280275,0.1889767558280275,0.1889767558280275,0.20171558860222114,0.20171558860222114,0.20171558860222114
432,676.0,0.09318874957641478,0.09318874957641478,0.09318874957641478,0.09399291557657945,0.09399291557657945,0.09399291557657945
433,728.0,0.24891213572548224,0.24891213572548224,0.24891213572548224,0.2194657280833286,0.2194657280833286,0.2194657280833286
434,780.0,0.14531106207713929,0.14531106207713929,0.14531106207713929,0.1583051348685179,0.1583051348685179,0.1583051348685179
435,832.0,0.11475551989874264,0.11475551989874264,0.11475551989874264,0.11480335849871687,0.11480335849871687,0.11480335849871687
436,884.0,0.11302690133203379,0.11302690133203379,0.11302690133203379,0.10693425033082518,0.10693425033082518,0.10693425033082518
437,936.0,0.018208765615075163,0.018208765615075163,0.018208765615075163,0.017877206469850426,0.017877206469850426,0.017877206469850426
438,988.0,0.15676557878836153,0.15676557878836153,0.15676557878836153,0.20120653735937388,0.20120653735937388,0.20120653735937388
439,1040.0,0.04150792059354321,0.04150792059354321,0.04150792059354321,0.039785013121543325,0.039785013121543325,0.039785013121543325
440,52.0,0.02792925164951372,0.02792925164951372,0.02792925164951372,0.028318550430599995,0.028318550430599995,0.028318550430599995
441,104.0,0.5791217732983394,0.5791217732983394,0.5791217732983394,0.7521002523734954,0.7521002523734954,0.7521002523734954
442,156.0,0.18010971268109296,0.18010971268109296,0.18010971268109296,0.21693880393279558,0.21693880393279558,0.21693880393279558
443,208.0,0.1511627906976744,0.1511627906976744,0.1511627906976744,0.13367932770312432,0.13367932770312432,0.13367932770312432
444,260.0,0.323979835701018,0.323979835701018,0.323979835701018,0.32074344812568395,0.32074344812568395,0.32074344812568395
445,312.0,0.3179856019375956,0.3179856019375956,0.3179856019375956,0.2698278075897053,0.2698278075897053,0.2698278075897053
446,364.0,1.8645998424193428,1.8645998424193428,1.8645998424193428,56.474930589895266,56.474930589895266,56.474930589895266
447,416.0,0.4196660861751216,0.4196660861751216,0.4196660861751216,0.49135587774655354,0.49135587774655354,0.49135587774655354
448,468.0,0.3903054720826575,0.3903054720826575,0.3903054720826575,0.4105845983892831,0.4105845983892831,0.4105845983892831
449,520.0,0.09337380092791304,0.09337380092791304,0.09337380092791304,0.0922344854399578,0.0922344854399578,0.0922344854399578
450,572.0,0.23802357023900866,0.23802357023900866,0.23802357023900866,0.26028343704693,0.26028343704693,0.26028343704693
451,624.0,0.180544504835141,0.180544504835141,0.180544504835141,0.18432957552996893,0.18432957552996893,0.18432957552996893
452,676.0,0.3251067746282815,0.3251067746282815,0.3251067746282815,0.32268809607404975,0.32268809607404975,0.32268809607404975
453,728.0,0.11019106638232581,0.11019106638232581,0.11019106638232581,0.09795374962471913,0.09795374962471913,0.09795374962471913
454,780.0,0.14050768213140213,0.14050768213140213,0.14050768213140213,0.22593061047038848,0.22593061047038848,0.22593061047038848
455,832.0,0.14395924921679076,0.14395924921679076,0.14395924921679076,0.11330251270025972,0.11330251270025972,0.11330251270025972
456,884.0,0.19728660260033917,0.19728660260033917,0.19728660260033917,0.20471847127896078,0.20471847127896078,0.20471847127896078
457,936.0,0.037541401052388304,0.037541401052388304,0.037541401052388304,0.03566545612846799,0.03566545612846799,0.03566545612846799
458,988.0,95.72733388697371,95.72733388697371,95.72733388697371,365.169036290489,365.169036290489,365.169036290489
459,1040.0,0.16346153846153846,0.16346153846153846,0.16346153846153846,0.13674186390532547,0.13674186390532547,0.13674186390532547
460,52.0,0.0712645846352644,0.0712645846352644,0.0712645846352644,0.08396683444371593,0.08396683444371593,0.08396683444371593
461,104.0,0.005368098159509203,0.005368098159509203,0.005368098159509203,0.005339281681659077,0.005339281681659077,0.005339281681659077
462,156.0,7.794249249608649,7.794249249608649,7.794249249608649,18.01106899444317,18.01106899444317,18.01106899444317
463,208.0,0.6492460253614513,0.6492460253614513,0.6492460253614513,0.6433962211424867,0.6433962211424867,0.6433962211424867
464,260.0,0.053452115812917596,0.053452115812917596,0.053452115812917596,0.050594987128040024,0.050594987128040024,0.050594987128040024
465,312.0,0.31433051851545435,0.31433051851545435,0.31433051851545435,0.2980577404430014,0.2980577404430014,0.2980577404430014
466,364.0,0.5015599256112895,0.5015599256112895,0.5015599256112895,0.5301207624116683,0.5301207624116683,0.5301207624116683
467,416.0,0.08559684449823649,0.08559684449823649,0.08559684449823649,0.06972247057026085,0.06972247057026085,0.06972247057026085
468,468.0,0.36681936946150334,0.36681936946150334,0.36681936946150334,0.3553463872120477,0.3553463872120477,0.3553463872120477
469,520.0,0.27153846153846156,0.27153846153846156,0.27153846153846156,0.2585745562130178,0.2585745562130178,0.2585745562130178
470,572.0,0.1750358680057389,0.1750358680057389,0.1750358680057389,0.19375268881391655,0.19375268881391655,0.19375268881391655
471,624.0,0.24492886248499088,0.24492886248499088,0.24492886248499088,0.34910269469501026,0.34910269469501026,0.34910269469501026
472,676.0,0.11846549247915242,0.11846549247915242,0.11846549247915242,0.17286692549444505,0.17286692549444505,0.17286692549444505
473,728.0,0.24780378955959714,0.24780378955959714,0.24780378955959714,0.2798927246414248,0.2798927246414248,0.2798927246414248
474,780.0,0.46481822320489147,0.46481822320489147,0.46481822320489147,0.47778137878552346,0.47778137878552346,0.47778137878552346
475,832.0,0.16651918060873816,0.16651918060873816,0.16651918060873816,0.1986865038996499,0.1986865038996499,0.1986865038996499
476,884.0,0.12470848513041466,0.12470848513041466,0.12470848513041466,0.13975622672877536,0.13975622672877536,0.13975622672877536
477,936.0,0.031331592689295036,0.031331592689295036,0.031331592689295036,0.03034992398884715,0.03034992398884715,0.03034992398884715
478,988.0,0.17691586701813594,0.17691586701813594,0.17691586701813594,0.32580430466333266,0.32580430466333266,0.32580430466333266
479,1040.0,93.52123685438954,93.52123685438954,93.52123685438954,85.38997101701705,85.38997101701705,85.38997101701705
480,52.0,0.6077926992394816,0.6077926992394816,0.6077926992394816,0.6709789452928172,0.6709789452928172,0.6709789452928172
481,104.0,1.0394102036517092,1.0394102036517092,1.0394102036517092,1.2048404836974733,1.2048404836974733,1.2048404836974733
482,156.0,0.22205660675931435,0.22205660675931435,0.22205660675931435,0.20906708801682458,0.20906708801682458,0.20906708801682458
483,208.0,0.7956140045132812,0.7956140045132812,0.7956140045132812,3.749044133499795,3.749044133499795,3.749044133499795
484,260.0,0.03218562874251497,0.03218562874251497,0.03218562874251497,0.03713773799705977,0.03713773799705977,0.03713773799705977
485,312.0,0.26686393135823244,0.26686393135823244,0.26686393135823244,0.31341558493515864,0.31341558493515864,0.31341558493515864
486,364.0,0.2859826714467685,0.2859826714467685,0.2859826714467685,0.3087079859145978,0.3087079859145978,0.3087079859145978
487,416.0,0.38733959882030833,0.38733959882030833,0.38733959882030833,0.3695965034531827,0.3695965034531827,0.3695965034531827
488,468.0,0.124200245789648,0.124200245789648,0.124200245789648,0.13853111732832835,0.13853111732832835,0.13853111732832835
489,520.0,0.5426355333245081,0.5426355333245081,0.5426355333245081,0.6154100264521175,0.6154100264521175,0.6154100264521175
490,572.0,0.7983170529553395,0.7983170529553395,0.7983170529553395,1.0352381386445244,1.0352381386445244,1.0352381386445244
491,624.0,0.021986353297952996,0.021986353297952996,0.021986353297952996,0.021502953566610583,0.021502953566610583,0.021502953566610583
492,676.0,0.4082832117778936,0.4082832117778936,0.4082832117778936,0.45439867460139116,0.45439867460139116,0.45439867460139116
493,728.0,0.13984770573621547,0.13984770573621547,0.13984770573621547,0.13839625908174888,0.13839625908174888,0.13839625908174888
494,780.0,0.2507422061822628,0.2507422061822628,0.2507422061822628,0.31767327808933593,0.31767327808933593,0.31767327808933593
495,832.0,0.010684377707190298,0.010684377707190298,0.010684377707190298,0.010570221780200392,0.010570221780200392,0.010570221780200392
496,884.0,1.8959772780071151,1.8959772780071151,1.8959772780071151,12.769321542840727,12.769321542840727,12.769321542840727
497,936.0,0.27369822575660585,0.27369822575660585,0.27369822575660585,0.3259102136078172,0.3259102136078172,0.3259102136078172
498,988.0,0.02097902097902098,0.02097902097902098,0.02097902097902098,0.02053890165778278,0.02053890165778278,0.02053890165778278
499,1040.0,0.1924808721032987,0.1924808721032987,0.1924808721032987,0.21118138896213295,0.21118138896213295,0.21118138896213295
500,52.0,7.684107107539649,7.684107107539649,7.684107107539649,7.5188390126822835,7.5188390126822835,7.5188390126822835
501,104.0,0.19333293729497597,0.19333293729497597,0.19333293729497597,0.2138716846732545,0.2138716846732545,0.2138716846732545
502,156.0,0.49116635054358604,0.49116635054358604,0.49116635054358604,0.4788870724882594,0.4788870724882594,0.4788870724882594
503,208.0,0.58506192023163,0.58506192023163,0.58506192023163,0.6725786558336982,0.6725786558336982,0.6725786558336982
504,260.0,0.3099914521759964,0.3099914521759964,0.3099914521759964,0.3558513587454966,0.3558513587454966,0.3558513587454966
505,312.0,0.8452394563624179,0.8452394563624179,0.8452394563624179,1.273484801576943,1.273484801576943,1.273484801576943
506,364.0,0.23646336627425113,0.23646336627425113,0.23646336627425113,0.2761776504322609,0.2761776504322609,0.2761776504322609
507,416.0,0.561005651902847,0.561005651902847,0.561005651902847,0.7136451796231468,0.7136451796231468,0.7136451796231468
508,468.0,0.04046242774566474,0.04046242774566474,0.04046242774566474,0.040109741202327,0.040109741202327,0.040109741202327
509,520.0,70.38479111723245,70.38479111723245,70.38479111723245,182.91966075811195,182.91966075811195,182.91966075811195
510,572.0,0.7066763538814322,0.7066763538814322,0.7066763538814322,2.0841725354925997,2.0841725354925997,2.0841725354925997
511,624.0,0.2473038924284207,0.2473038924284207,0.2473038924284207,0.3229413411466672,0.3229413411466672,0.3229413411466672
512,676.0,0.11682791957095076,0.11682791957095076,0.11682791957095076,0.10970641435917161,0.10970641435917161,0.10970641435917161
513,728.0,0.2168184025465485,0.2168184025465485,0.2168184025465485,0.32367635355696955,0.32367635355696955,0.32367635355696955
514,780.0,0.17531060085244654,0.17531060085244654,0.17531060085244654,0.16201946632181546,0.16201946632181546,0.16201946632181546
515,832.0,0.29214659685863875,0.29214659685863875,0.29214659685863875,0.2947550779858008,0.2947550779858008,0.2947550779858008
516,884.0,0.19223122924009667,0.19223122924009667,0.19223122924009667,0.20377072036300017,0.20377072036300017,0.20377072036300017
517,936.0,0.25,0.25,0.25,0.30113636363636365,0.30113636363636365,0.30113636363636365
518,988.0,0.058168727860117606,0.058168727860117606,0.058168727860117606,0.056076185274164,0.056076185274164,0.056076185274164
519,1040.0,0.10606820461384152,0.10606820461384152,0.10606820461384152,0.1068538489088127,0.1068538489088127,0.1068538489088127
520,52.0,0.3480351925337124,0.3480351925337124,0.3480351925337124,0.5990235432453955,0.5990235432453955,0.5990235432453955
521,104.0,0.5241561879549967,0.5241561879549967,0.5241561879549967,0.5631160153141248,0.5631160153141248,0.5631160153141248
522,156.0,0.14025131625252182,0.14025131625252182,0.14025131625252182,0.12951055968648265,0.12951055968648265,0.12951055968648265
523,208.0,27.089507879715292,27.089507879715292,27.089507879715292,36.60123721196428,36.60123721196428,36.60123721196428
524,260.0,0.36048149695780857,0.36048149695780857,0.36048149695780857,0.3222869806945443,0.3222869806945443,0.3222869806945443
525,312.0,5.08410344076748,5.08410344076748,5.08410344076748,63.451581428488005,63.451581428488005,63.451581428488005
526,364.0,0.026852312282446545,0.026852312282446545,0.026852312282446545,0.027125795692067575,0.027125795692067575,0.027125795692067575
527,416.0,0.13492695883134131,0.13492695883134131,0.13492695883134131,0.12947067859593056,0.12947067859593056,0.12947067859593056
528,468.0,1.254991899631051,1.254991899631051,1.254991899631051,1.7804738674012295,1.7804738674012295,1.7804738674012295
529,520.0,0.2602996254681648,0.2602996254681648,0.2602996254681648,0.24872350573019678,0.24872350573019678,0.24872350573019678
530,572.0,0.7467548638236903,0.7467548638236903,0.7467548638236903,1.1017312658745888,1.1017312658745888,1.1017312658745888
531,624.0,0.11415043972370673,0.11415043972370673,0.11415043972370673,0.11194353243625339,0.11194353243625339,0.11194353243625339
532,676.0,0.14856929453216425,0.14856929453216425,0.14856929453216425,0.12984048620450525,0.12984048620450525,0.12984048620450525
533,728.0,0.014299332697807437,0.014299332697807437,0.014299332697807437,0.014094861782204853,0.014094861782204853,0.014094861782204853
534,780.0,0.2084373782449323,0.2084373782449323,0.2084373782449323,0.18973457680264505,0.18973457680264505,0.18973457680264505
535,832.0,0.3257375128087417,0.3257375128087417,0.3257375128087417,0.5165448914629425,0.5165448914629425,0.5165448914629425
536,884.0,0.47995418098510884,0.47995418098510884,0.47995418098510884,0.46494753512856746,0.46494753512856746,0.46494753512856746
537,936.0,0.11055433761352959,0.11055433761352959,0.11055433761352959,0.10647488845049297,0.10647488845049297,0.10647488845049297
538,988.0,0.05128812593154829,0.05128812593154829,0.05128812593154829,0.039462807035255225,0.039462807035255225,0.039462807035255225
539,1040.0,0.09601593453895385,0.09601593453895385,0.09601593453895385,0.09358283573386456,0.09358283573386456,0.09358283573386456
540,52.0,0.07087453259028736,0.07087453259028736,0.07087453259028736,0.07149658664950292,0.07149658664950292,0.07149658664950292
541,104.0,5.091736163760425,5.091736163760425,5.091736163760425,5.04844573478771,5.04844573478771,5.04844573478771
542,156.0,0.5399876162187075,0.5399876162187075,0.5399876162187075,0.923924682455767,0.923924682455767,0.923924682455767
543,208.0,0.14247487238039325,0.14247487238039325,0.14247487238039325,0.13640620177348997,0.13640620177348997,0.13640620177348997
544,260.0,0.00980392156862745,0.00980392156862745,0.00980392156862745,0.009707804690503655,0.009707804690503655,0.009707804690503655
545,312.0,0.022143381692460787,0.022143381692460787,0.022143381692460787,0.023101521721678096,0.023101521721678096,0.023101521721678096
546,364.0,0.12243547319655856,0.12243547319655856,0.12243547319655856,0.11141590831147363,0.11141590831147363,0.11141590831147363
547,416.0,0.19212469900088935,0.19212469900088935,0.19212469900088935,0.21849587814600013,0.21849587814600013,0.21849587814600013
548,468.0,0.005190311418685121,0.005190311418685121,0.005190311418685121,0.00516337208606219,0.00516337208606219,0.00516337208606219
549,520.0,0.18891638198972505,0.18891638198972505,0.18891638198972505,0.22901011087668166,0.22901011087668166,0.22901011087668166
550,572.0,0.12130209076846273,0.12130209076846273,0.12130209076846273,0.11013107108581503,0.11013107108581503,0.11013107108581503
551,624.0,0.4613113532549052,0.4613113532549052,0.4613113532549052,0.4612012017867106,0.4612012017867106,0.4612012017867106
552,676.0,0.5002734271739191,0.5002734271739191,0.5002734271739191,0.5871473691452928,0.5871473691452928,0.5871473691452928
553,728.0,0.054514480408858604,0.054514480408858604,0.054514480408858604,0.06176411691127176,0.06176411691127176,0.06176411691127176
554,780.0,0.31450451148595393,0.31450451148595393,0.31450451148595393,1.5352047714386414,1.5352047714386414,1.5352047714386414
555,832.0,0.21650717703349281,0.21650717703349281,0.21650717703349281,0.23063660401547587,0.23063660401547587,0.23063660401547587
556,884.0,0.1263276063963901,0.1263276063963901,0.1263276063963901,0.14758465521382153,0.14758465521382153,0.14758465521382153
557,936.0,0.3408725508466176,0.3408725508466176,0.3408725508466176,0.34581858969474333,0.34581858969474333,0.34581858969474333
558,988.0,0.061103511171910624,0.061103511171910624,0.061103511171910624,0.05736987209437481,0.05736987209437481,0.05736987209437481
559,1040.0,0.152191894127378,0.152191894127378,0.152191894127378,0.15218915755216086,0.15218915755216086,0.15218915755216086
560,52.0,1.014363599334247,1.014363599334247,1.014363599334247,1.354002225201638,1.354002225201638,1.354002225201638
561,104.0,0.22757263114505272,0.22757263114505272,0.22757263114505272,0.3131403685924274,0.3131403685924274,0.3131403685924274
562,156.0,0.04389634433229544,0.04389634433229544,0.04389634433229544,0.040361644279979535,0.040361644279979535,0.040361644279979535
563,208.0,0.07954423207614039,0.07954423207614039,0.07954423207614039,0.07763522432105832,0.07763522432105832,0.07763522432105832
564,260.0,0.0352960022684771,0.0352960022684771,0.0352960022684771,0.033367274525219634,0.033367274525219634,0.033367274525219634
565,312.0,0.45314220970712193,0.45314220970712193,0.45314220970712193,0.6325314213857753,0.6325314213857753,0.6325314213857753
566,364.0,0.2362093352192362,0.2362093352192362,0.2362093352192362,0.21718959125655946,0.21718959125655946,0.21718959125655946
567,416.0,0.2839472238411908,0.2839472238411908,0.2839472238411908,0.657007473804009,0.657007473804009,0.657007473804009
568,468.0,0.10132575757575757,0.10132575757575757,0.10132575757575757,0.09863460600321396,0.09863460600321396,0.09863460600321396
569,520.0,0.20582246512714233,0.20582246512714233,0.20582246512714233,0.27774176688648,0.27774176688648,0.27774176688648
570,572.0,0.16091954022988506,0.16091954022988506,0.16091954022988506,0.24996697053771952,0.24996697053771952,0.24996697053771952
571,624.0,0.11969472567572607,0.11969472567572607,0.11969472567572607,0.1243222485240275,0.1243222485240275,0.1243222485240275
572,676.0,0.3759555718986332,0.3759555718986332,0.3759555718986332,1.9811508229339454,1.9811508229339454,1.9811508229339454
573,728.0,79.02033570802948,79.02033570802948,79.02033570802948,82.46709397864704,82.46709397864704,82.46709397864704
574,780.0,0.3907771165958972,0.3907771165958972,0.3907771165958972,0.44382271120277184,0.44382271120277184,0.44382271120277184
575,832.0,0.5892844853714567,0.5892844853714567,0.5892844853714567,0.8332414871190942,0.8332414871190942,0.8332414871190942
576,884.0,0.17781878038658477,0.17781878038658477,0.17781878038658477,0.183145288079568,0.183145288079568,0.183145288079568
577,936.0,0.06695778748180495,0.06695778748180495,0.06695778748180495,0.07120806663149488,0.07120806663149488,0.07120806663149488
578,988.0,3.8615321403110316,3.8615321403110316,3.8615321403110316,250.22690659060086,250.22690659060086,250.22690659060086
579,1040.0,0.204546568607616,0.204546568607616,0.204546568607616,0.47496506923398835,0.47496506923398835,0.47496506923398835
580,52.0,0.3270783628734734,0.3270783628734734,0.3270783628734734,0.4362804797197984,0.4362804797197984,0.4362804797197984
581,104.0,0.46651772602750485,0.46651772602750485,0.46651772602750485,0.4373644657312677,0.4373644657312677,0.4373644657312677
582,156.0,0.27611256477968704,0.27611256477968704,0.27611256477968704,0.41378670356817365,0.41378670356817365,0.41378670356817365
583,208.0,0.011814177012414898,0.011814177012414898,0.011814177012414898,0.011674602233934227,0.011674602233934227,0.011674602233934227
584,260.0,0.05706332637439109,0.05706332637439109,0.05706332637439109,0.05519889160563671,0.05519889160563671,0.05519889160563671
585,312.0,0.2435957674268711,0.2435957674268711,0.2435957674268711,0.2701901170736003,0.2701901170736003,0.2701901170736003
586,364.0,0.12362707535121328,0.12362707535121328,0.12362707535121328,0.12264738072286405,0.12264738072286405,0.12264738072286405
587,416.0,0.012525050100200401,0.012525050100200401,0.012525050100200401,0.012368173220187868,0.012368173220187868,0.012368173220187868
588,468.0,32.69892683075309,32.69892683075309,32.69892683075309,50.007540735275406,50.007540735275406,50.007540735275406
589,520.0,0.06838784455706384,0.06838784455706384,0.06838784455706384,0.06739810047351201,0.06739810047351201,0.06739810047351201
590,572.0,0.07889546351084813,0.07889546351084813,0.07889546351084813,0.07661574252379896,0.07661574252379896,0.07661574252379896
591,624.0,3.1550315594474285,3.1550315594474285,3.1550315594474285,7.110921725020243,7.110921725020243,7.110921725020243
592,676.0,1.1569082022831918,1.1569082022831918,1.1569082022831918,1.5439961861578047,1.5439961861578047,1.5439961861578047
593,728.0,0.4507532977720872,0.4507532977720872,0.4507532977720872,0.4547090309227547,0.4547090309227547,0.4547090309227547
594,780.0,0.902347177769946,0.902347177769946,0.902347177769946,1.088533297830716,1.088533297830716,1.088533297830716
595,832.0,0.4251423232060192,0.4251423232060192,0.4251423232060192,0.4634995476959041,0.4634995476959041,0.4634995476959041
596,884.0,0.0003749531308586427,0.0003749531308586427,0.0003749531308586427,0.00037481254100830193,0.00037481254100830193,0.00037481254100830193
597,936.0,1.8524998028074475,1.8524998028074475,1.8524998028074475,2.7493577037777994,2.7493577037777994,2.7493577037777994
598,988.0,0.1906258931123178,0.1906258931123178,0.1906258931123178,0.15943198893800628,0.15943198893800628,0.15943198893800628
599,1040.0,90.69119694413628,90.69119694413628,90.69119694413628,86.35951947491195,86.35951947491195,86.35951947491195
600,52.0,0.9224168613752018,0.9224168613752018,0.9224168613752018,3.8338941413973355,3.8338941413973355,3.8338941413973355
601,104.0,0.5420199833791075,0.5420199833791075,0.5420199833791075,0.617169266969758,0.617169266969758,0.617169266969758
602,156.0,0.22556312394796205,0.22556312394796205,0.22556312394796205,0.24372276674097829,0.24372276674097829,0.24372276674097829
603,208.0,0.6527241758993113,0.6527241758993113,0.6527241758993113,1.3494198574043055,1.3494198574043055,1.3494198574043055
604,260.0,0.0769433049870474,0.0769433049870474,0.0769433049870474,0.07589036332751752,0.07589036332751752,0.07589036332751752
605,312.0,0.7236705738497506,0.7236705738497506,0.7236705738497506,0.8516027625310468,0.8516027625310468,0.8516027625310468
606,364.0,0.3435772867701234,0.3435772867701234,0.3435772867701234,0.3059509179238905,0.3059509179238905,0.3059509179238905
607,416.0,0.13438351621981792,0.13438351621981792,0.13438351621981792,0.1611448490542276,0.1611448490542276,0.1611448490542276
608,468.0,0.09571133206657054,0.09571133206657054,0.09571133206657054,0.09235268352549099,0.09235268352549099,0.09235268352549099
609,520.0,0.416659073944947,0.416659073944947,0.416659073944947,0.4452686753390261,0.4452686753390261,0.4452686753390261
610,572.0,0.1518129026189004,0.1518129026189004,0.1518129026189004,0.16971211238128966,0.16971211238128966,0.16971211238128966
611,624.0,0.002302555836979047,0.002302555836979047,0.002302555836979047,0.002297254073596641,0.002297254073596641,0.002297254073596641
612,676.0,104.44238610990405,104.44238610990405,104.44238610990405,252.62044123962713,252.62044123962713,252.62044123962713
613,728.0,0.16375,0.16375,0.16375,0.14193593749999997,0.14193593749999997,0.14193593749999997
614,780.0,0.005090909090909091,0.005090909090909091,0.005090909090909091,0.0050649917355371915,0.0050649917355371915,0.0050649917355371915
615,832.0,0.14508000073929495,0.14508000073929495,0.14508000073929495,0.13266379805270076,0.13266379805270076,0.13266379805270076
616,884.0,0.0,0.0,0.0,0.0,0.0,0.0
617,936.0,0.38346078563131786,0.38346078563131786,0.38346078563131786,0.49582414825070453,0.49582414825070453,0.49582414825070453
618,988.0,0.2317000372611745,0.2317000372611745,0.2317000372611745,0.2869568035753177,0.2869568035753177,0.2869568035753177
619,1040.0,118.21488486407594,118.21488486407594,118.21488486407594,149.3932307258019,149.3932307258019,149.3932307258019
620,52.0,1.4786644811076235,1.4786644811076235,1.4786644811076235,1.1726616416524485,1.1726616416524485,1.1726616416524485
621,104.0,0.07789598721536026,0.07789598721536026,0.07789598721536026,0.08088547374661584,0.08088547374661584,0.08088547374661584
622,156.0,0.21167407186346293,0.21167407186346293,0.21167407186346293,0.4350830374087815,0.4350830374087815,0.4350830374087815
623,208.0,1.3328169731820807,1.3328169731820807,1.3328169731820807,16.659275635296716,16.659275635296716,16.659275635296716
624,260.0,0.4757835922407465,0.4757835922407465,0.4757835922407465,0.675340630098493,0.675340630098493,0.675340630098493
625,312.0,0.06442251886244922,0.06442251886244922,0.06442251886244922,0.09799715635883234,0.09799715635883234,0.09799715635883234
626,364.0,0.22456516846497945,0.22456516846497945,0.22456516846497945,0.24203615595519143,0.24203615595519143,0.24203615595519143
627,416.0,0.23116459121526303,0.23116459121526303,0.23116459121526303,0.23771144166837466,0.23771144166837466,0.23771144166837466
628,468.0,0.50748091273538,0.50748091273538,0.50748091273538,0.5115016928533205,0.5115016928533205,0.5115016928533205
629,520.0,82.00380749854364,82.00380749854364,82.00380749854364,169.6605273892653,169.6605273892653,169.6605273892653
630,572.0,0.08187294633077766,0.08187294633077766,0.08187294633077766,0.08557502438310446,0.08557502438310446,0.08557502438310446
631,624.0,1.4993329223123972,1.4993329223123972,1.4993329223123972,2.13983432501484,2.13983432501484,2.13983432501484
632,676.0,0.22500954218108446,0.22500954218108446,0.22500954218108446,0.2626343787560996,0.2626343787560996,0.2626343787560996
633,728.0,0.6301418952070602,0.6301418952070602,0.6301418952070602,0.6922457541562413,0.6922457541562413,0.6922457541562413
634,780.0,77.73421566897606,77.73421566897606,77.73421566897606,535.5978102591343,535.5978102591343,535.5978102591343
635,832.0,0.08387385372399911,0.08387385372399911,0.08387385372399911,0.08981151976146284,0.08981151976146284,0.08981151976146284
636,884.0,0.5003712966289541,0.5003712966289541,0.5003712966289541,0.5919894414489978,0.5919894414489978,0.5919894414489978
637,936.0,78.29383800164146,78.29383800164146,78.29383800164146,152.27407420231873,152.27407420231873,152.27407420231873
638,988.0,0.4826262962023918,0.4826262962023918,0.4826262962023918,0.51188942118045,0.51188942118045,0.51188942118045
639,1040.0,0.25539160045402953,0.25539160045402953,0.25539160045402953,0.2650816003380742,0.2650816003380742,0.2650816003380742
640,52.0,0.6893622253446758,0.6893622253446758,0.6893622253446758,0.8655933669135281,0.8655933669135281,0.8655933669135281
641,104.0,0.11595300558622404,0.11595300558622404,0.11595300558622404,0.11299674557441283,0.11299674557441283,0.11299674557441283
642,156.0,0.20557030527387,0.20557030527387,0.20557030527387,0.5246473751160202,0.5246473751160202,0.5246473751160202
643,208.0,0.04636104636104636,0.04636104636104636,0.04636104636104636,0.049909705439360984,0.049909705439360984,0.049909705439360984
644,260.0,0.22926395445784484,0.22926395445784484,0.22926395445784484,0.25582757289625546,0.25582757289625546,0.25582757289625546
645,312.0,0.013787160706591986,0.013787160706591986,0.013787160706591986,0.013597074906242592,0.013597074906242592,0.013597074906242592
646,364.0,0.35690204676694137,0.35690204676694137,0.35690204676694137,0.4455025893694678,0.4455025893694678,0.4455025893694678
647,416.0,0.298695390431643,0.298695390431643,0.298695390431643,0.34861885185417546,0.34861885185417546,0.34861885185417546
648,468.0,0.3451519536903039,0.3451519536903039,0.3451519536903039,0.444545960991118,0.444545960991118,0.444545960991118
649,520.0,0.1952662721893491,0.1952662721893491,0.1952662721893491,0.15845227952647162,0.15845227952647162,0.15845227952647162
650,572.0,0.3528764807113103,0.3528764807113103,0.3528764807113103,0.4478872048088628,0.4478872048088628,0.4478872048088628
651,624.0,0.1246371547807121,0.1246371547807121,0.1246371547807121,0.12397520329616765,0.12397520329616765,0.12397520329616765
652,676.0,0.45895043538258895,0.45895043538258895,0.45895043538258895,0.46295867380097105,0.46295867380097105,0.46295867380097105
653,728.0,1.1913042973119945,1.1913042973119945,1.1913042973119945,8.000416182593876,8.000416182593876,8.000416182593876
654,780.0,0.26512851565633516,0.26512851565633516,0.26512851565633516,0.5832879816945795,0.5832879816945795,0.5832879816945795
655,832.0,0.08857142857142856,0.08857142857142856,0.08857142857142856,0.10644081632653062,0.10644081632653062,0.10644081632653062
656,884.0,0.35009611124509765,0.35009611124509765,0.35009611124509765,0.39997524961857545,0.39997524961857545,0.39997524961857545
657,936.0,0.12,0.12,0.12,0.10559999999999999,0.10559999999999999,0.10559999999999999
658,988.0,0.1738938053097345,0.1738938053097345,0.1738938053097345,0.14365474978463466,0.14365474978463466,0.14365474978463466
659,1040.0,0.07889385929239529,0.07889385929239529,0.07889385929239529,0.07754965079189725,0.07754965079189725,0.07754965079189725
660,52.0,0.2750144180849715,0.2750144180849715,0.2750144180849715,0.3350189726175011,0.3350189726175011,0.3350189726175011
661,104.0,0.03990746096009254,0.03990746096009254,0.03990746096009254,0.0452552835128708,0.0452552835128708,0.0452552835128708
662,156.0,0.5904876331655037,0.5904876331655037,0.5904876331655037,2.8794232702451494,2.8794232702451494,2.8794232702451494
663,208.0,0.13507512841909594,0.13507512841909594,0.13507512841909594,0.14825477881558172,0.14825477881558172,0.14825477881558172
664,260.0,0.0787037037037037,0.0787037037037037,0.0787037037037037,0.08469266659446971,0.08469266659446971,0.08469266659446971
665,312.0,0.05742935278030994,0.05742935278030994,0.05742935278030994,0.06324699250213353,0.06324699250213353,0.06324699250213353
666,364.0,0.7379494641360669,0.7379494641360669,0.7379494641360669,0.7639743943113639,0.7639743943113639,0.7639743943113639
667,416.0,73.10975590677639,73.10975590677639,73.10975590677639,66.10168335870226,66.10168335870226,66.10168335870226
668,468.0,0.056913413751328315,0.056913413751328315,0.056913413751328315,0.056560705738059124,0.056560705738059124,0.056560705738059124
669,520.0,0.04605873261205564,0.04605873261205564,0.04605873261205564,0.0476467538920568,0.0476467538920568,0.0476467538920568
670,572.0,0.10546623794212219,0.10546623794212219,0.10546623794212219,0.10077397876366041,0.10077397876366041,0.10077397876366041
671,624.0,0.9140411501545037,0.9140411501545037,0.9140411501545037,1.2115813898662222,1.2115813898662222,1.2115813898662222
672,676.0,0.39510254384231985,0.39510254384231985,0.39510254384231985,0.5222525244291171,0.5222525244291171,0.5222525244291171
673,728.0,0.3131036368155187,0.3131036368155187,0.3131036368155187,0.3110793753991163,0.3110793753991163,0.3110793753991163
674,780.0,0.3392857142857143,0.3392857142857143,0.3392857142857143,0.3670280612244898,0.3670280612244898,0.3670280612244898
675,832.0,0.31800709862501503,0.31800709862501503,0.31800709862501503,0.7039428526398896,0.7039428526398896,0.7039428526398896
676,884.0,0.1881135468592087,0.1881135468592087,0.1881135468592087,0.19113363721806959,0.19113363721806959,0.19113363721806959
677,936.0,0.10029102305798075,0.10029102305798075,0.10029102305798075,0.10635093388628263,0.10635093388628263,0.10635093388628263
678,988.0,0.01990632318501171,0.01990632318501171,0.01990632318501171,0.019510061482265573,0.019510061482265573,0.019510061482265573
679,1040.0,0.13286713286713286,0.13286713286713286,0.13286713286713286,0.12919947185681446,0.12919947185681446,0.12919947185681446
680,52.0,0.7571055692927631,0.7571055692927631,0.7571055692927631,0.9649583398294557,0.9649583398294557,0.9649583398294557
681,104.0,0.1365664179835664,0.1365664179835664,0.1365664179835664,0.34222564033996217,0.34222564033996217,0.34222564033996217
682,156.0,0.07227488151658767,0.07227488151658767,0.07227488151658767,0.07889956425057837,0.07889956425057837,0.07889956425057837
683,208.0,0.4678964330933824,0.4678964330933824,0.4678964330933824,0.47947272831869137,0.47947272831869137,0.47947272831869137
684,260.0,0.05394157453851073,0.05394157453851073,0.05394157453851073,0.0825544431081099,0.0825544431081099,0.0825544431081099
685,312.0,0.02696836030015128,0.02696836030015128,0.02696836030015128,0.03152916385905272,0.03152916385905272,0.03152916385905272
686,364.0,0.2413294242353916,0.2413294242353916,0.2413294242353916,0.23152464840891998,0.23152464840891998,0.23152464840891998
687,416.0,0.18882955173365187,0.18882955173365187,0.18882955173365187,0.19638264811196832,0.19638264811196832,0.19638264811196832
688,468.0,0.03890063424947146,0.03890063424947146,0.03890063424947146,0.04330703663807553,0.04330703663807553,0.04330703663807553
689,520.0,0.35069314928187917,0.35069314928187917,0.35069314928187917,0.42620112868453636,0.42620112868453636,0.42620112868453636
690,572.0,0.48773155105431265,0.48773155105431265,0.48773155105431265,1.0654274056776645,1.0654274056776645,1.0654274056776645
691,624.0,0.5695058545685016,0.5695058545685016,0.5695058545685016,0.6298007876194494,0.6298007876194494,0.6298007876194494
692,676.0,0.09502923976608187,0.09502923976608187,0.09502923976608187,0.08892265996374954,0.08892265996374954,0.08892265996374954
693,728.0,0.2697753604182344,0.2697753604182344,0.2697753604182344,0.30861274896321034,0.30861274896321034,0.30861274896321034
694,780.0,0.10479811081891359,0.10479811081891359,0.10479811081891359,0.12275450579226355,0.12275450579226355,0.12275450579226355
695,832.0,0.1400578250282497,0.1400578250282497,0.1400578250282497,0.2250511949573219,0.2250511949573219,0.2250511949573219
696,884.0,0.02903907074973601,0.02903907074973601,0.02903907074973601,0.03136370174697176,0.03136370174697176,0.03136370174697176
697,936.0,0.3480463096960926,0.3480463096960926,0.3480463096960926,0.32965971420852347,0.32965971420852347,0.32965971420852347
698,988.0,0.020583408283194948,0.020583408283194948,0.020583408283194948,0.021122549558384565,0.021122549558384565,0.021122549558384565
699,1040.0,0.13900779236267774,0.13900779236267774,0.13900779236267774,0.14243129111050937,0.14243129111050937,0.14243129111050937
700,52.0,0.8284907822396901,0.8284907822396901,0.8284907822396901,1.5848313426583265,1.5848313426583265,1.5848313426583265
701,104.0,10.675272901976081,10.675272901976081,10.675272901976081,13.852628803258286,13.852628803258286,13.852628803258286
702,156.0,0.1457064897085055,0.1457064897085055,0.1457064897085055,0.1294223345985816,0.1294223345985816,0.1294223345985816
703,208.0,0.07208605081328129,0.07208605081328129,0.07208605081328129,0.060504007102999836,0.060504007102999836,0.060504007102999836
704,260.0,2.733083807759377,2.733083807759377,2.733083807759377,15.583675210485202,15.583675210485202,15.583675210485202
705,312.0,0.5142416173928053,0.5142416173928053,0.5142416173928053,0.48602221244597144,0.48602221244597144,0.48602221244597144
706,364.0,0.0159343312409464,0.0159343312409464,0.0159343312409464,0.016163286851303117,0.016163286851303117,0.016163286851303117
707,416.0,0.35513313030311583,0.35513313030311583,0.35513313030311583,0.32752010013033667,0.32752010013033667,0.32752010013033667
708,468.0,0.6093188537868519,0.6093188537868519,0.6093188537868519,3.3971709434843658,3.3971709434843658,3.3971709434843658
709,520.0,34.09188904793957,34.09188904793957,34.09188904793957,57.74504787503706,57.74504787503706,57.74504787503706
710,572.0,0.17212697835726626,0.17212697835726626,0.17212697835726626,0.13377098764432163,0.13377098764432163,0.13377098764432163
711,624.0,0.05108728404956768,0.05108728404956768,0.05108728404956768,0.05192327865642337,0.05192327865642337,0.05192327865642337
712,676.0,0.4866941113478195,0.4866941113478195,0.4866941113478195,0.5576038682028025,0.5576038682028025,0.5576038682028025
713,728.0,0.2734799941025855,0.2734799941025855,0.2734799941025855,0.2942899778854462,0.2942899778854462,0.2942899778854462
714,780.0,0.3252260459708891,0.3252260459708891,0.3252260459708891,0.43571290563446785,0.43571290563446785,0.43571290563446785
715,832.0,0.3125190817187406,0.3125190817187406,0.3125190817187406,0.29696615618808886,0.29696615618808886,0.29696615618808886
716,884.0,0.32258086118734897,0.32258086118734897,0.32258086118734897,0.3942875979457266,0.3942875979457266,0.3942875979457266
717,936.0,0.033783783783783786,0.033783783783783786,0.033783783783783786,0.03264243973703434,0.03264243973703434,0.03264243973703434
718,988.0,164.50218151621567,164.50218151621567,164.50218151621567,179.1362912000262,179.1362912000262,179.1362912000262
719,1040.0,0.069221260815822,0.069221260815822,0.069221260815822,0.07555452335514704,0.07555452335514704,0.07555452335514704
720,52.0,0.03376939458472771,0.03376939458472771,0.03376939458472771,0.035062852814449416,0.035062852814449416,0.035062852814449416
721,104.0,0.023956761296811874,0.023956761296811874,0.023956761296811874,0.024918691561134642,0.024918691561134642,0.024918691561134642
722,156.0,0.10358565737051793,0.10358565737051793,0.10358565737051793,0.09285566895763558,0.09285566895763558,0.09285566895763558
723,208.0,35.720715206555155,35.720715206555155,35.720715206555155,85.13393989576039,85.13393989576039,85.13393989576039
724,260.0,0.18752879007517828,0.18752879007517828,0.18752879007517828,0.18601589111090533,0.18601589111090533,0.18601589111090533
725,312.0,0.750361147520828,0.750361147520828,0.750361147520828,0.828746357609431,0.828746357609431,0.828746357609431
726,364.0,0.23073567957491253,0.23073567957491253,0.23073567957491253,0.23428534329698658,0.23428534329698658,0.23428534329698658
727,416.0,0.0024813895781637717,0.0024813895781637717,0.0024813895781637717,0.0024752322839251507,0.0024752322839251507,0.0024752322839251507
728,468.0,0.16397058525451863,0.16397058525451863,0.16397058525451863,0.15545163113871613,0.15545163113871613,0.15545163113871613
729,520.0,0.11342351716961499,0.11342351716961499,0.11342351716961499,0.10541467564534716,0.10541467564534716,0.10541467564534716
730,572.0,0.06879129420909444,0.06879129420909444,0.06879129420909444,0.06405905205013225,0.06405905205013225,0.06405905205013225
731,624.0,0.3500731428822814,0.3500731428822814,0.3500731428822814,0.37200910016084016,0.37200910016084016,0.37200910016084016
732,676.0,0.31337912849245814,0.31337912849245814,0.31337912849245814,0.3740261285837992,0.3740261285837992,0.3740261285837992
733,728.0,0.4547647592507953,0.4547647592507953,0.4547647592507953,0.5209175397069945,0.5209175397069945,0.5209175397069945
734,780.0,0.11950394588500564,0.11950394588500564,0.11950394588500564,0.1210062928254672,0.1210062928254672,0.1210062928254672
735,832.0,0.07569331158238173,0.07569331158238173,0.07569331158238173,0.06996383416407422,0.06996383416407422,0.06996383416407422
736,884.0,0.00824081736698805,0.00824081736698805,0.00824081736698805,0.006657967448470943,0.006657967448470943,0.006657967448470943
737,936.0,0.253038469341626,0.253038469341626,0.253038469341626,0.21397776497519705,0.21397776497519705,0.21397776497519705
738,988.0,0.2026945685927197,0.2026945685927197,0.2026945685927197,0.2946849959284054,0.2946849959284054,0.2946849959284054
739,1040.0,0.11454150378937436,0.11454150378937436,0.11454150378937436,0.12820164481747603,0.12820164481747603,0.12820164481747603
740,52.0,7.937421422522968,7.937421422522968,7.937421422522968,8.217810006204905,8.217810006204905,8.217810006204905
741,104.0,0.05470128560625157,0.05470128560625157,0.05470128560625157,0.053725692216648205,0.053725692216648205,0.053725692216648205
742,156.0,0.219939789013046,0.219939789013046,0.219939789013046,0.21607826224170987,0.21607826224170987,0.21607826224170987
743,208.0,0.15989159891598917,0.15989159891598917,0.15989159891598917,0.1397463297126196,0.1397463297126196,0.1397463297126196
744,260.0,0.3555157735600126,0.3555157735600126,0.3555157735600126,0.41097493728325163,0.41097493728325163,0.41097493728325163
745,312.0,0.566149059801774,0.566149059801774,0.566149059801774,0.474044316374743,0.474044316374743,0.474044316374743
746,364.0,0.620669466416358,0.620669466416358,0.620669466416358,0.8458433554653859,0.8458433554653859,0.8458433554653859
747,416.0,0.05402505200091493,0.05402505200091493,0.05402505200091493,0.0539416429127293,0.0539416429127293,0.0539416429127293
748,468.0,0.4341187292865422,0.4341187292865422,0.4341187292865422,0.521911036964628,0.521911036964628,0.521911036964628
749,520.0,0.3438246690469489,0.3438246690469489,0.3438246690469489,0.43322243751759515,0.43322243751759515,0.43322243751759515
750,572.0,0.2945718436003406,0.2945718436003406,0.2945718436003406,0.288488765203776,0.288488765203776,0.288488765203776
751,624.0,0.017300056721497446,0.017300056721497446,0.017300056721497446,0.017000764758930424,0.017000764758930424,0.017000764758930424
752,676.0,0.3145130731337628,0.3145130731337628,0.3145130731337628,0.3633778511932463,0.3633778511932463,0.3633778511932463
753,728.0,0.13180328259577453,0.13180328259577453,0.13180328259577453,0.1301865387792474,0.1301865387792474,0.1301865387792474
754,780.0,0.20100026884248826,0.20100026884248826,0.20100026884248826,0.21772419421968361,0.21772419421968361,0.21772419421968361
755,832.0,0.15577881415150563,0.15577881415150563,0.15577881415150563,0.1580617715205731,0.1580617715205731,0.1580617715205731
756,884.0,0.3595321145451743,0.3595321145451743,0.3595321145451743,0.5279226747109811,0.5279226747109811,0.5279226747109811
757,936.0,0.1574608408903545,0.1574608408903545,0.1574608408903545,0.15245257987629207,0.15245257987629207,0.15245257987629207
758,988.0,0.029676258992805755,0.029676258992805755,0.029676258992805755,0.028795578644997672,0.028795578644997672,0.028795578644997672
759,1040.0,0.8731494934892798,0.8731494934892798,0.8731494934892798,1.0702382321150237,1.0702382321150237,1.0702382321150237
760,52.0,8.404532591809769,8.404532591809769,8.404532591809769,7.108856853682929,7.108856853682929,7.108856853682929
761,104.0,0.7256049576059043,0.7256049576059043,0.7256049576059043,0.6298863636622585,0.6298863636622585,0.6298863636622585
762,156.0,8.02192610554099,8.02192610554099,8.02192610554099,21.020554396450173,21.020554396450173,21.020554396450173
763,208.0,0.010796545105566218,0.010796545105566218,0.010796545105566218,0.010679979719349692,0.010679979719349692,0.010679979719349692
764,260.0,0.3538538538538539,0.3538538538538539,0.3538538538538539,0.3437564190817444,0.3437564190817444,0.3437564190817444
765,312.0,1.9307521509360461,1.9307521509360461,1.9307521509360461,14.305199457707394,14.305199457707394,14.305199457707394
766,364.0,0.4731929889393041,0.4731929889393041,0.4731929889393041,0.47525501376003276,0.47525501376003276,0.47525501376003276
767,416.0,37.015637106266,37.015637106266,37.015637106266,37.58841839587997,37.58841839587997,37.58841839587997
768,468.0,0.2805219012115564,0.2805219012115564,0.2805219012115564,0.2857063445809148,0.2857063445809148,0.2857063445809148
769,520.0,0.19567087448330595,0.19567087448330595,0.19567087448330595,0.2096798622917872,0.2096798622917872,0.2096798622917872
770,572.0,0.2947584134639927,0.2947584134639927,0.2947584134639927,0.3328137014549788,0.3328137014549788,0.3328137014549788
771,624.0,0.06557377049180328,0.06557377049180328,0.06557377049180328,0.06127385111529157,0.06127385111529157,0.06127385111529157
772,676.0,119.531387335894,119.531387335894,119.531387335894,108.30578035781248,108.30578035781248,108.30578035781248
773,728.0,0.031055900621118012,0.031055900621118012,0.031055900621118012,0.030091431657729255,0.030091431657729255,0.030091431657729255
774,780.0,0.148838396732193,0.148838396732193,0.148838396732193,0.12719612323337542,0.12719612323337542,0.12719612323337542
775,832.0,0.298498560245362,0.298498560245362,0.298498560245362,0.3240124794107986,0.3240124794107986,0.3240124794107986
776,884.0,0.01159678858162355,0.01159678858162355,0.01159678858162355,0.011462303076216675,0.011462303076216675,0.011462303076216675
777,936.0,0.38350595718296293,0.38350595718296293,0.38350595718296293,0.394988259219692,0.394988259219692,0.394988259219692
778,988.0,0.21025621270969716,0.21025621270969716,0.21025621270969716,0.22604085346835728,0.22604085346835728,0.22604085346835728
779,1040.0,0.09438695515835685,0.09438695515835685,0.09438695515835685,0.08547805785429116,0.08547805785429116,0.08547805785429116
780,52.0,0.3359568292379689,0.3359568292379689,0.3359568292379689,0.2922353343276655,0.2922353343276655,0.2922353343276655
781,104.0,0.22212049826949373,0.22212049826949373,0.22212049826949373,0.2121295338350703,0.2121295338350703,0.2121295338350703
782,156.0,0.12100456621004566,0.12100456621004566,0.12100456621004566,0.13284647943120453,0.13284647943120453,0.13284647943120453
783,208.0,17.550432855075154,17.550432855075154,17.550432855075154,86.45813644316883,86.45813644316883,86.45813644316883
784,260.0,0.23066840903044536,0.23066840903044536,0.23066840903044536,0.20385232623064217,0.20385232623064217,0.20385232623064217
785,312.0,0.015324843513921865,0.015324843513921865,0.015324843513921865,0.01595336415076874,0.01595336415076874,0.01595336415076874
786,364.0,0.5115144468210305,0.5115144468210305,0.5115144468210305,0.7359950691457219,0.7359950691457219,0.7359950691457219
787,416.0,0.11168384879725086,0.11168384879725086,0.11168384879725086,0.10823118527178473,0.10823118527178473,0.10823118527178473
788,468.0,0.3962571363701607,0.3962571363701607,0.3962571363701607,0.4335238713472963,0.4335238713472963,0.4335238713472963
789,520.0,0.3734242290580054,0.3734242290580054,0.3734242290580054,0.38070056665041946,0.38070056665041946,0.38070056665041946
790,572.0,0.25655829380310674,0.25655829380310674,0.25655829380310674,0.2796910482179357,0.2796910482179357,0.2796910482179357
791,624.0,0.291892005455076,0.291892005455076,0.291892005455076,0.2375687521566866,0.2375687521566866,0.2375687521566866
792,676.0,39.048274998065125,39.048274998065125,39.048274998065125,938.4419744109442,938.4419744109442,938.4419744109442
793,728.0,0.10651048760555706,0.10651048760555706,0.10651048760555706,0.1006141104184765,0.1006141104184765,0.1006141104184765
794,780.0,0.1753920326248867,0.1753920326248867,0.1753920326248867,0.17511879129152388,0.17511879129152388,0.17511879129152388
795,832.0,129.94937477980054,129.94937477980054,129.94937477980054,112.13334281314293,112.13334281314293,112.13334281314293
796,884.0,0.1682004760675309,0.1682004760675309,0.1682004760675309,0.21906109984422206,0.21906109984422206,0.21906109984422206
797,936.0,0.3974522292993631,0.3974522292993631,0.3974522292993631,0.5362992413485335,0.5362992413485335,0.5362992413485335
798,988.0,0.07345360824742268,0.07345360824742268,0.07345360824742268,0.06805817568285685,0.06805817568285685,0.06805817568285685
799,1040.0,0.044003115264797506,0.044003115264797506,0.044003115264797506,0.04206684111179044,0.04206684111179044,0.04206684111179044
800,52.0,0.07825979344529076,0.07825979344529076,0.07825979344529076,0.07868235652898975,0.07868235652898975,0.07868235652898975
801,104.0,0.16876653364777583,0.16876653364777583,0.16876653364777583,0.17960602010697263,0.17960602010697263,0.17960602010697263
802,156.0,0.15172711479209616,0.15172711479209616,0.15172711479209616,0.21226013483591757,0.21226013483591757,0.21226013483591757
803,208.0,0.3764302468829624,0.3764302468829624,0.3764302468829624,0.3962068033590216,0.3962068033590216,0.3962068033590216
804,260.0,1.0177283467450478,1.0177283467450478,1.0177283467450478,1.0389951854513075,1.0389951854513075,1.0389951854513075
805,312.0,0.13252631320825775,0.13252631320825775,0.13252631320825775,0.114921184452898,0.114921184452898,0.114921184452898
806,364.0,0.3106495134897445,0.3106495134897445,0.3106495134897445,0.43371084746764355,0.43371084746764355,0.43371084746764355
807,416.0,0.10804174340085942,0.10804174340085942,0.10804174340085942,0.11846817259757444,0.11846817259757444,0.11846817259757444
808,468.0,0.007646095030038231,0.007646095030038231,0.007646095030038231,0.007587632260829856,0.007587632260829856,0.007587632260829856
809,520.0,0.01916513520609084,0.01916513520609084,0.01916513520609084,0.018797832798623095,0.018797832798623095,0.018797832798623095
810,572.0,0.25,0.25,0.25,0.1875,0.1875,0.1875
811,624.0,0.551652758019764,0.551652758019764,0.551652758019764,0.6347323317230198,0.6347323317230198,0.6347323317230198
812,676.0,0.23895902588085868,0.23895902588085868,0.23895902588085868,0.303338827589254,0.303338827589254,0.303338827589254
813,728.0,0.13942127019917325,0.13942127019917325,0.13942127019917325,0.15831443395569583,0.15831443395569583,0.15831443395569583
814,780.0,0.16022592105624844,0.16022592105624844,0.16022592105624844,0.14158033941153544,0.14158033941153544,0.14158033941153544
815,832.0,0.19514261013140646,0.19514261013140646,0.19514261013140646,0.18465127241715637,0.18465127241715637,0.18465127241715637
816,884.0,0.038044731381139035,0.038044731381139035,0.038044731381139035,0.04028651586859857,0.04028651586859857,0.04028651586859857
817,936.0,0.6964062467865307,0.6964062467865307,0.6964062467865307,0.7497694442106468,0.7497694442106468,0.7497694442106468
818,988.0,0.16905767245269987,0.16905767245269987,0.16905767245269987,0.19988992625954832,0.19988992625954832,0.19988992625954832
819,1040.0,0.2987012987012987,0.2987012987012987,0.2987012987012987,0.5125091358857592,0.5125091358857592,0.5125091358857592
820,52.0,0.18692309312799876,0.18692309312799876,0.18692309312799876,0.17556772822144903,0.17556772822144903,0.17556772822144903
821,104.0,0.43844254996555326,0.43844254996555326,0.43844254996555326,0.43345404999218473,0.43345404999218473,0.43345404999218473
822,156.0,1.2567394118904598,1.2567394118904598,1.2567394118904598,2.6148903901027687,2.6148903901027687,2.6148903901027687
823,208.0,0.029177718832891247,0.029177718832891247,0.029177718832891247,0.028326379556599984,0.028326379556599984,0.028326379556599984
824,260.0,0.08411801632140616,0.08411801632140616,0.08411801632140616,0.09336358180347244,0.09336358180347244,0.09336358180347244
825,312.0,0.19406335744574707,0.19406335744574707,0.19406335744574707,2.220259094015269,2.220259094015269,2.220259094015269
826,364.0,0.22559063435317847,0.22559063435317847,0.22559063435317847,0.2660934033616271,0.2660934033616271,0.2660934033616271
827,416.0,0.18067556952081698,0.18067556952081698,0.18067556952081698,0.1951646653654454,0.1951646653654454,0.1951646653654454
828,468.0,0.022844827586206897,0.022844827586206897,0.022844827586206897,0.022753975921522,0.022753975921522,0.022753975921522
829,520.0,0.4149053805628005,0.4149053805628005,0.4149053805628005,0.5578352391034018,0.5578352391034018,0.5578352391034018
830,572.0,0.27055329516597554,0.27055329516597554,0.27055329516597554,0.24868274587487257,0.24868274587487257,0.24868274587487257
831,624.0,0.43418944529763204,0.43418944529763204,0.43418944529763204,0.48274447765380685,0.48274447765380685,0.48274447765380685
832,676.0,0.48295956226164394,0.48295956226164394,0.48295956226164394,0.44181792429635997,0.44181792429635997,0.44181792429635997
833,728.0,0.06344628695025234,0.06344628695025234,0.06344628695025234,0.0594208556224786,0.0594208556224786,0.0594208556224786
834,780.0,0.1409970238095238,0.1409970238095238,0.1409970238095238,0.38971805356257083,0.38971805356257083,0.38971805356257083
835,832.0,0.11087694795829815,0.11087694795829815,0.11087694795829815,0.1049551053261562,0.1049551053261562,0.1049551053261562
836,884.0,0.5411107697215932,0.5411107697215932,0.5411107697215932,0.6802197627656799,0.6802197627656799,0.6802197627656799
837,936.0,0.02043506921555702,0.02043506921555702,0.02043506921555702,0.023093724140398418,0.023093724140398418,0.023093724140398418
838,988.0,0.8990625136789263,0.8990625136789263,0.8990625136789263,2.528451939235946,2.528451939235946,2.528451939235946
839,1040.0,0.21312362017324912,0.21312362017324912,0.21312362017324912,0.23984196432591282,0.23984196432591282,0.23984196432591282
840,52.0,0.10852713178294573,0.10852713178294573,0.10852713178294573,0.1072369095465841,0.1072369095465841,0.1072369095465841
841,104.0,0.43980198487460054,0.43980198487460054,0.43980198487460054,0.4191170476547371,0.4191170476547371,0.4191170476547371
842,156.0,0.248054244034376,0.248054244034376,0.248054244034376,0.22230359634938412,0.22230359634938412,0.22230359634938412
843,208.0,4.293039378823974,4.293039378823974,4.293039378823974,22.346305955244617,22.346305955244617,22.346305955244617
844,260.0,0.2402065913216661,0.2402065913216661,0.2402065913216661,0.26387585772499345,0.26387585772499345,0.26387585772499345
845,312.0,0.1438474870017331,0.1438474870017331,0.1438474870017331,0.12315538748501934,0.12315538748501934,0.12315538748501934
846,364.0,0.043674698795180725,0.043674698795180725,0.043674698795180725,0.041767219480330964,0.041767219480330964,0.041767219480330964
847,416.0,1.8216657974296138,1.8216657974296138,1.8216657974296138,1.4561054009753456,1.4561054009753456,1.4561054009753456
848,468.0,0.3646282782850677,0.3646282782850677,0.3646282782850677,0.40481462809173374,0.40481462809173374,0.40481462809173374
849,520.0,1.55223101011831,1.55223101011831,1.55223101011831,1.0081203156308234,1.0081203156308234,1.0081203156308234
850,572.0,0.4463683718340427,0.4463683718340427,0.4463683718340427,1.0629161584450713,1.0629161584450713,1.0629161584450713
851,624.0,0.019714656290531776,0.019714656290531776,0.019714656290531776,0.02140121559582868,0.02140121559582868,0.02140121559582868
852,676.0,0.006477439054665407,0.006477439054665407,0.006477439054665407,0.005336547402334593,0.005336547402334593,0.005336547402334593
853,728.0,0.0920847327994281,0.0920847327994281,0.0920847327994281,0.14056284771148553,0.14056284771148553,0.14056284771148553
854,780.0,0.09627853575532097,0.09627853575532097,0.09627853575532097,0.13204087911406276,0.13204087911406276,0.13204087911406276
855,832.0,0.19518014793605346,0.19518014793605346,0.19518014793605346,0.15899371009026683,0.15899371009026683,0.15899371009026683
856,884.0,0.10542504492899525,0.10542504492899525,0.10542504492899525,0.1205334936001191,0.1205334936001191,0.1205334936001191
857,936.0,131.31755521955662,131.31755521955662,131.31755521955662,364.5673958351356,364.5673958351356,364.5673958351356
858,988.0,0.1197780678851175,0.1197780678851175,0.1197780678851175,0.1067367653675463,0.1067367653675463,0.1067367653675463
859,1040.0,0.2752776563553921,0.2752776563553921,0.2752776563553921,0.28606279578352334,0.28606279578352334,0.28606279578352334
860,52.0,0.11150957270846072,0.11150957270846072,0.11150957270846072,0.12862585058908105,0.12862585058908105,0.12862585058908105
861,104.0,0.060347577492954343,0.060347577492954343,0.060347577492954343,0.06576887768376488,0.06576887768376488,0.06576887768376488
862,156.0,0.07313365015024803,0.07313365015024803,0.07313365015024803,0.085292350896695,0.085292350896695,0.085292350896695
863,208.0,0.9794978145316413,0.9794978145316413,0.9794978145316413,1.1028715868834393,1.1028715868834393,1.1028715868834393
864,260.0,0.0967342899554676,0.0967342899554676,0.0967342899554676,0.09628324904191296,0.09628324904191296,0.09628324904191296
865,312.0,0.1427538995771588,0.1427538995771588,0.1427538995771588,0.1270261672113151,0.1270261672113151,0.1270261672113151
866,364.0,0.21166064514316915,0.21166064514316915,0.21166064514316915,0.2116210993592595,0.2116210993592595,0.2116210993592595
867,416.0,0.3591690118416751,0.3591690118416751,0.3591690118416751,0.7041707337113793,0.7041707337113793,0.7041707337113793
868,468.0,0.3097552735207479,0.3097552735207479,0.3097552735207479,0.3103762113747557,0.3103762113747557,0.3103762113747557
869,520.0,0.43870870721856847,0.43870870721856847,0.43870870721856847,0.5052469675904098,0.5052469675904098,0.5052469675904098
870,572.0,0.3561373239951609,0.3561373239951609,0.3561373239951609,0.39481224373406076,0.39481224373406076,0.39481224373406076
871,624.0,0.08888347551511824,0.08888347551511824,0.08888347551511824,0.07365492156086102,0.07365492156086102,0.07365492156086102
872,676.0,0.24547889373114515,0.24547889373114515,0.24547889373114515,0.22383726436477772,0.22383726436477772,0.22383726436477772
873,728.0,0.17294730860832436,0.17294730860832436,0.17294730860832436,0.19643132388458084,0.19643132388458084,0.19643132388458084
874,780.0,0.6635325091624229,0.6635325091624229,0.6635325091624229,0.6948210862382248,0.6948210862382248,0.6948210862382248
875,832.0,0.13489548079190364,0.13489548079190364,0.13489548079190364,0.14972752428021416,0.14972752428021416,0.14972752428021416
876,884.0,0.4814168571308847,0.4814168571308847,0.4814168571308847,0.5016755634059678,0.5016755634059678,0.5016755634059678
877,936.0,0.18700335920293865,0.18700335920293865,0.18700335920293865,0.222109143775837,0.222109143775837,0.222109143775837
878,988.0,0.20283140283140283,0.20283140283140283,0.20283140283140283,0.18743085059687378,0.18743085059687378,0.18743085059687378
879,1040.0,0.04342148220698661,0.04342148220698661,0.04342148220698661,0.04414787556855071,0.04414787556855071,0.04414787556855071
880,52.0,0.3953478144398949,0.3953478144398949,0.3953478144398949,0.6360611567074319,0.6360611567074319,0.6360611567074319
881,104.0,0.38876691801168417,0.38876691801168417,0.38876691801168417,0.29089972925040286,0.29089972925040286,0.29089972925040286
882,156.0,0.07902923635878928,0.07902923635878928,0.07902923635878928,0.07869981672060408,0.07869981672060408,0.07869981672060408
883,208.0,0.3541930509828111,0.3541930509828111,0.3541930509828111,0.34555755807762584,0.34555755807762584,0.34555755807762584
884,260.0,0.44905995118511666,0.44905995118511666,0.44905995118511666,0.46322114583718543,0.46322114583718543,0.46322114583718543
885,312.0,0.20148977313239305,0.20148977313239305,0.20148977313239305,0.1974111286179523,0.1974111286179523,0.1974111286179523
886,364.0,0.18515497553017946,0.18515497553017946,0.18515497553017946,0.16718582426969764,0.16718582426969764,0.16718582426969764
887,416.0,0.05860415556739478,0.05860415556739478,0.05860415556739478,0.05516970851762736,0.05516970851762736,0.05516970851762736
888,468.0,0.2786721214115134,0.2786721214115134,0.2786721214115134,0.26921050384938466,0.26921050384938466,0.26921050384938466
889,520.0,1.191527964750145,1.191527964750145,1.191527964750145,1.4580347564503437,1.4580347564503437,1.4580347564503437
890,572.0,0.24418413712273696,0.24418413712273696,0.24418413712273696,0.36939925443309013,0.36939925443309013,0.36939925443309013
891,624.0,0.5513244943003033,0.5513244943003033,0.5513244943003033,0.6256371376276739,0.6256371376276739,0.6256371376276739
892,676.0,69.21353976154134,69.21353976154134,69.21353976154134,96.76021455756403,96.76021455756403,96.76021455756403
893,728.0,0.19162640901771336,0.19162640901771336,0.19162640901771336,0.16972054319950425,0.16972054319950425,0.16972054319950425
894,780.0,1.2316732592454265,1.2316732592454265,1.2316732592454265,1.3451265230257616,1.3451265230257616,1.3451265230257616
895,832.0,0.03519720419370943,0.03519720419370943,0.03519720419370943,0.034956863257285815,0.034956863257285815,0.034956863257285815
896,884.0,0.4125024570118911,0.4125024570118911,0.4125024570118911,0.3713696771596102,0.3713696771596102,0.3713696771596102
897,936.0,0.6958378914046632,0.6958378914046632,0.6958378914046632,0.9079577691329354,0.9079577691329354,0.9079577691329354
898,988.0,0.09083982676679142,0.09083982676679142,0.09083982676679142,0.10388394837714844,0.10388394837714844,0.10388394837714844
899,1040.0,0.3036121107263301,0.3036121107263301,0.3036121107263301,0.26014350689659815,0.26014350689659815,0.26014350689659815
900,52.0,0.3231634281820902,0.3231634281820902,0.3231634281820902,0.7402950895772306,0.7402950895772306,0.7402950895772306
901,104.0,0.08053807172111103,0.08053807172111103,0.08053807172111103,0.08029671050361414,0.08029671050361414,0.08029671050361414
902,156.0,0.08101963236721829,0.08101963236721829,0.08101963236721829,0.11511034893009703,0.11511034893009703,0.11511034893009703
903,208.0,0.0493006993006993,0.0493006993006993,0.0493006993006993,0.04966734314636413,0.04966734314636413,0.04966734314636413
904,260.0,1.1744380890716692,1.1744380890716692,1.1744380890716692,0.7300095868106243,0.7300095868106243,0.7300095868106243
905,312.0,0.4358601339753032,0.4358601339753032,0.4358601339753032,0.5226561022124531,0.5226561022124531,0.5226561022124531
906,364.0,0.08302388621465803,0.08302388621465803,0.08302388621465803,0.08479473612246986,0.08479473612246986,0.08479473612246986
907,416.0,0.09343629343629344,0.09343629343629344,0.09343629343629344,0.10709977489900271,0.10709977489900271,0.10709977489900271
908,468.0,0.08742045485211314,0.08742045485211314,0.08742045485211314,0.07202356566063788,0.07202356566063788,0.07202356566063788
909,520.0,0.0853409168321055,0.0853409168321055,0.0853409168321055,0.09929445507641259,0.09929445507641259,0.09929445507641259
910,572.0,0.13359050084190818,0.13359050084190818,0.13359050084190818,0.15766482112593042,0.15766482112593042,0.15766482112593042
911,624.0,0.3,0.3,0.3,0.20999999999999996,0.20999999999999996,0.20999999999999996
912,676.0,0.17694573584920453,0.17694573584920453,0.17694573584920453,0.169052142843211,0.169052142843211,0.169052142843211
913,728.0,0.1843817787418655,0.1843817787418655,0.1843817787418655,0.16340032279162992,0.16340032279162992,0.16340032279162992
914,780.0,0.21025169647690273,0.21025169647690273,0.21025169647690273,0.1846746722733798,0.1846746722733798,0.1846746722733798
915,832.0,0.23928553692506202,0.23928553692506202,0.23928553692506202,0.38319497006345987,0.38319497006345987,0.38319497006345987
916,884.0,27.908124262710924,27.908124262710924,27.908124262710924,63.42227591695315,63.42227591695315,63.42227591695315
917,936.0,0.3187555369399624,0.3187555369399624,0.3187555369399624,0.3524170618476902,0.3524170618476902,0.3524170618476902
918,988.0,0.17669315172152858,0.17669315172152858,0.17669315172152858,0.1651472940393667,0.1651472940393667,0.1651472940393667
919,1040.0,0.09411764705882353,0.09411764705882353,0.09411764705882353,0.09310265282583621,0.09310265282583621,0.09310265282583621
920,52.0,0.18572595012539014,0.18572595012539014,0.18572595012539014,0.22015774374601127,0.22015774374601127,0.22015774374601127
921,104.0,1.2797015527080922,1.2797015527080922,1.2797015527080922,3.933771092843673,3.933771092843673,3.933771092843673
922,156.0,0.05467563462790193,0.05467563462790193,0.05467563462790193,0.05689341290383354,0.05689341290383354,0.05689341290383354
923,208.0,0.06466512702078522,0.06466512702078522,0.06466512702078522,0.06048354836817093,0.06048354836817093,0.06048354836817093
924,260.0,0.4376696069557518,0.4376696069557518,0.4376696069557518,0.5364730509306894,0.5364730509306894,0.5364730509306894
925,312.0,0.1649069884364002,0.1649069884364002,0.1649069884364002,0.15179009944336888,0.15179009944336888,0.15179009944336888
926,364.0,0.14968999333129776,0.14968999333129776,0.14968999333129776,0.17676296649487425,0.17676296649487425,0.17676296649487425
927,416.0,0.2030404545701327,0.2030404545701327,0.2030404545701327,0.1729977262301801,0.1729977262301801,0.1729977262301801
928,468.0,0.08157960467795103,0.08157960467795103,0.08157960467795103,0.08736179202450291,0.08736179202450291,0.08736179202450291
929,520.0,0.44273939143790536,0.44273939143790536,0.44273939143790536,0.5554123286279454,0.5554123286279454,0.5554123286279454
930,572.0,0.1175103305785124,0.1175103305785124,0.1175103305785124,0.12126363625691554,0.12126363625691554,0.12126363625691554
931,624.0,0.031551059730250484,0.031551059730250484,0.031551059730250484,0.03055559036014865,0.03055559036014865,0.03055559036014865
932,676.0,0.012979839823253245,0.012979839823253245,0.012979839823253245,0.01281136358141594,0.01281136358141594,0.01281136358141594
933,728.0,0.04089581304771178,0.04089581304771178,0.04089581304771178,0.04117076519181705,0.04117076519181705,0.04117076519181705
934,780.0,0.17634569095484276,0.17634569095484276,0.17634569095484276,0.1969188679773845,0.1969188679773845,0.1969188679773845
935,832.0,0.77665986574825,0.77665986574825,0.77665986574825,0.8095065053858478,0.8095065053858478,0.8095065053858478
936,884.0,0.5250870455433391,0.5250870455433391,0.5250870455433391,0.6921243465366218,0.6921243465366218,0.6921243465366218
937,936.0,0.25829470728248183,0.25829470728248183,0.25829470728248183,0.24077271097872008,0.24077271097872008,0.24077271097872008
938,988.0,0.2010443864229765,0.2010443864229765,0.2010443864229765,0.20240099802984546,0.20240099802984546,0.20240099802984546
939,1040.0,0.06829219147327571,0.06829219147327571,0.06829219147327571,0.06531742822942797,0.06531742822942797,0.06531742822942797
940,52.0,0.05449373713983996,0.05449373713983996,0.05449373713983996,0.051340998529065346,0.051340998529065346,0.051340998529065346
941,104.0,0.1114648976517992,0.1114648976517992,0.1114648976517992,0.1104912719630753,0.1104912719630753,0.1104912719630753
942,156.0,0.04401035537773594,0.04401035537773594,0.04401035537773594,0.04348554096125285,0.04348554096125285,0.04348554096125285
943,208.0,0.5031288225924386,0.5031288225924386,0.5031288225924386,1.085031770209637,1.085031770209637,1.085031770209637
944,260.0,0.18580768621585755,0.18580768621585755,0.18580768621585755,0.19255483682201266,0.19255483682201266,0.19255483682201266
945,312.0,0.031750572082379865,0.031750572082379865,0.031750572082379865,0.03074247325482146,0.03074247325482146,0.03074247325482146
946,364.0,0.15624855614640837,0.15624855614640837,0.15624855614640837,0.1559760726560328,0.1559760726560328,0.1559760726560328
947,416.0,0.39311883162782013,0.39311883162782013,0.39311883162782013,1.2899657221127898,1.2899657221127898,1.2899657221127898
948,468.0,0.07772795216741404,0.07772795216741404,0.07772795216741404,0.08065492748474509,0.08065492748474509,0.08065492748474509
949,520.0,0.49766203023647215,0.49766203023647215,0.49766203023647215,0.6319519360112138,0.6319519360112138,0.6319519360112138
950,572.0,0.2707317073170732,0.2707317073170732,0.2707317073170732,0.36816775728732903,0.36816775728732903,0.36816775728732903
951,624.0,114.11940298507463,114.11940298507463,114.11940298507463,100.49832288451135,100.49832288451135,100.49832288451135
952,676.0,0.25947961514975154,0.25947961514975154,0.25947961514975154,0.273930140600443,0.273930140600443,0.273930140600443
953,728.0,0.13178301722035968,0.13178301722035968,0.13178301722035968,0.1504442103862155,0.1504442103862155,0.1504442103862155
954,780.0,0.1480125146787252,0.1480125146787252,0.1480125146787252,0.13144294209009846,0.13144294209009846,0.13144294209009846
955,832.0,0.3536318364624028,0.3536318364624028,0.3536318364624028,0.5995555652788027,0.5995555652788027,0.5995555652788027
956,884.0,0.3315413074543775,0.3315413074543775,0.3315413074543775,0.33913349919064495,0.33913349919064495,0.33913349919064495
957,936.0,0.28778105387270253,0.28778105387270253,0.28778105387270253,0.3217699559943763,0.3217699559943763,0.3217699559943763
958,988.0,0.14861312592590134,0.14861312592590134,0.14861312592590134,0.15706128289629964,0.15706128289629964,0.15706128289629964
959,1040.0,0.15584186996647642,0.15584186996647642,0.15584186996647642,0.17865869564876727,0.17865869564876727,0.17865869564876727
960,52.0,0.1681407954268646,0.1681407954268646,0.1681407954268646,0.18453961722720383,0.18453961722720383,0.18453961722720383
961,104.0,0.029850746268656716,0.029850746268656716,0.029850746268656716,0.028959679215861,0.028959679215861,0.028959679215861
962,156.0,0.13688487354962486,0.13688487354962486,0.13688487354962486,0.13496778230500014,0.13496778230500014,0.13496778230500014
963,208.0,15.100067597062909,15.100067597062909,15.100067597062909,134.99374604770662,134.99374604770662,134.99374604770662
964,260.0,0.019591877909938396,0.019591877909938396,0.019591877909938396,0.016618241702479643,0.016618241702479643,0.016618241702479643
965,312.0,0.006666666666666667,0.006666666666666667,0.006666666666666667,0.00662222222222222,0.00662222222222222,0.00662222222222222
966,364.0,0.10810810810810811,0.10810810810810811,0.10810810810810811,0.11231899626176257,0.11231899626176257,0.11231899626176257
967,416.0,0.021882437828747665,0.021882437828747665,0.021882437828747665,0.02236585258999536,0.02236585258999536,0.02236585258999536
968,468.0,0.3348740233268273,0.3348740233268273,0.3348740233268273,0.4130466162905956,0.4130466162905956,0.4130466162905956
969,520.0,0.2975896061717771,0.2975896061717771,0.2975896061717771,0.2964200501031238,0.2964200501031238,0.2964200501031238
970,572.0,0.07989750757046354,0.07989750757046354,0.07989750757046354,0.07910439201102513,0.07910439201102513,0.07910439201102513
971,624.0,0.2680741681622413,0.2680741681622413,0.2680741681622413,0.4004173934888345,0.4004173934888345,0.4004173934888345
972,676.0,0.3422722047556208,0.3422722047556208,0.3422722047556208,0.381991795476908,0.381991795476908,0.381991795476908
973,728.0,0.22337217465238454,0.22337217465238454,0.22337217465238454,0.22756935442793777,0.22756935442793777,0.22756935442793777
974,780.0,0.019425580417792816,0.019425580417792816,0.019425580417792816,0.01895236296723637,0.01895236296723637,0.01895236296723637
975,832.0,0.32618802501204724,0.32618802501204724,0.32618802501204724,0.3555022532269734,0.3555022532269734,0.3555022532269734
976,884.0,0.07043603258265453,0.07043603258265453,0.07043603258265453,0.08176612516068509,0.08176612516068509,0.08176612516068509
977,936.0,0.5042986712491949,0.5042986712491949,0.5042986712491949,0.48375616759728995,0.48375616759728995,0.48375616759728995
978,988.0,0.31058495821727017,0.31058495821727017,0.31058495821727017,0.280974309634469,0.280974309634469,0.280974309634469
979,1040.0,0.06084867894315452,0.06084867894315452,0.06084867894315452,0.05714611721402743,0.05714611721402743,0.05714611721402743
980,52.0,0.2161626927160623,0.2161626927160623,0.2161626927160623,0.24610515768367408,0.24610515768367408,0.24610515768367408
981,104.0,0.12317512346554042,0.12317512346554042,0.12317512346554042,0.13532845340791305,0.13532845340791305,0.13532845340791305
982,156.0,0.13165214711461173,0.13165214711461173,0.13165214711461173,0.1448487893633989,0.1448487893633989,0.1448487893633989
983,208.0,0.027613774258336794,0.027613774258336794,0.027613774258336794,0.0271485339718621,0.0271485339718621,0.0271485339718621
984,260.0,0.012834457254731346,0.012834457254731346,0.012834457254731346,0.012669733961707823,0.012669733961707823,0.012669733961707823
985,312.0,0.28210901778361325,0.28210901778361325,0.28210901778361325,0.32604636277466054,0.32604636277466054,0.32604636277466054
986,364.0,0.29235616572342066,0.29235616572342066,0.29235616572342066,0.32019349165400146,0.32019349165400146,0.32019349165400146
987,416.0,2.8015318253397767,2.8015318253397767,2.8015318253397767,88.6953997626721,88.6953997626721,88.6953997626721
988,468.0,0.05543968801090401,0.05543968801090401,0.05543968801090401,0.05801342255807366,0.05801342255807366,0.05801342255807366
989,520.0,0.06409202958093672,0.06409202958093672,0.06409202958093672,0.05998424132513307,0.05998424132513307,0.05998424132513307
990,572.0,0.030716723549488054,0.030716723549488054,0.030716723549488054,0.029773206443872376,0.029773206443872376,0.029773206443872376
991,624.0,0.18039710079248591,0.18039710079248591,0.18039710079248591,0.22218246410646897,0.22218246410646897,0.22218246410646897
992,676.0,0.18368650153902152,0.18368650153902152,0.18368650153902152,0.1374989858578303,0.1374989858578303,0.1374989858578303
993,728.0,0.09795213422156428,0.09795213422156428,0.09795213422156428,0.09921366955688106,0.09921366955688106,0.09921366955688106
994,780.0,0.15283887794035778,0.15283887794035778,0.15283887794035778,0.1382711430611164,0.1382711430611164,0.1382711430611164
995,832.0,0.08270179432350812,0.08270179432350812,0.08270179432350812,0.07250593248158342,0.07250593248158342,0.07250593248158342
996,884.0,0.28189080425279717,0.28189080425279717,0.28189080425279717,0.4320335410485327,0.4320335410485327,0.4320335410485327
997,936.0,0.24405841782433443,0.24405841782433443,0.24405841782433443,0.308760662326733,0.308760662326733,0.308760662326733
998,988.0,0.3484123751914865,0.3484123751914865,0.3484123751914865,0.35797480797989295,0.35797480797989295,0.35797480797989295
999,1040.0,0.22381038387979915,0.22381038387979915,0.22381038387979915,0.19330569372594741,0.19330569372594741,0.19330569372594741
