,time,meanH,meanB,meanC,varH,varB,varC
0,52.0,0.27504866615949236,0.27504866615949236,0.27504866615949236,0.43112084057484384,0.43112084057484384,0.43112084057484384
1,104.0,0.8243296876412491,0.8243296876412491,0.8243296876412491,5.325128811285081,5.325128811285081,5.325128811285081
2,156.0,0.19506490594838272,0.19506490594838272,0.19506490594838272,0.1736217770118551,0.1736217770118551,0.1736217770118551
3,208.0,0.3626760624417384,0.3626760624417384,0.3626760624417384,0.5024970038758654,0.5024970038758654,0.5024970038758654
4,260.0,0.24758851970405946,0.24758851970405946,0.24758851970405946,0.24474571905759823,0.24474571905759823,0.24474571905759823
5,312.0,0.09191390200687366,0.09191390200687366,0.09191390200687366,0.083118958156973,0.083118958156973,0.083118958156973
6,364.0,0.7673565638799209,0.7673565638799209,0.7673565638799209,0.9219947462273986,0.9219947462273986,0.9219947462273986
7,416.0,0.4579820510956544,0.4579820510956544,0.4579820510956544,0.45853821423071467,0.45853821423071467,0.45853821423071467
8,468.0,0.07194218463235227,0.07194218463235227,0.07194218463235227,0.07695455700751756,0.07695455700751756,0.07695455700751756
9,520.0,0.30954040573826547,0.30954040573826547,0.30954040573826547,0.32584704938201703,0.32584704938201703,0.32584704938201703
10,572.0,1.5119563875146722,1.5119563875146722,1.5119563875146722,14.770401169023545,14.770401169023545,14.770401169023545
11,624.0,0.6076635571730192,0.6076635571730192,0.6076635571730192,2.487384152094812,2.487384152094812,2.487384152094812
12,676.0,0.12430939226519337,0.12430939226519337,0.12430939226519337,0.10885656725985166,0.10885656725985166,0.10885656725985166
13,728.0,0.40337025826911993,0.40337025826911993,0.40337025826911993,0.5694010412771822,0.5694010412771822,0.5694010412771822
14,780.0,0.22431230730432528,0.22431230730432528,0.22431230730432528,0.21778327722615276,0.21778327722615276,0.21778327722615276
15,832.0,0.016284680337756333,0.016284680337756333,0.016284680337756333,0.01642158039659062,0.01642158039659062,0.01642158039659062
16,884.0,0.2057347670250896,0.2057347670250896,0.2057347670250896,0.17201012319985612,0.17201012319985612,0.17201012319985612
17,936.0,0.14705882352941177,0.14705882352941177,0.14705882352941177,0.12543252595155713,0.12543252595155713,0.12543252595155713
18,988.0,0.18922264315293189,0.18922264315293189,0.18922264315293189,0.16785587933379198,0.16785587933379198,0.16785587933379198
19,1040.0,0.17591721542803387,0.17591721542803387,0.17591721542803387,0.18636263472714737,0.18636263472714737,0.18636263472714737
20,52.0,0.1333768547141533,0.1333768547141533,0.1333768547141533,0.18479016333401194,0.18479016333401194,0.18479016333401194
21,104.0,0.2926869199774822,0.2926869199774822,0.2926869199774822,0.27539540023151393,0.27539540023151393,0.27539540023151393
22,156.0,0.1102667582536167,0.1102667582536167,0.1102667582536167,0.10824677579513044,0.10824677579513044,0.10824677579513044
23,208.0,0.23421271503395105,0.23421271503395105,0.23421271503395105,0.28069913887425046,0.28069913887425046,0.28069913887425046
24,260.0,0.8945774251778768,0.8945774251778768,0.8945774251778768,1.0467417121492202,1.0467417121492202,1.0467417121492202
25,312.0,0.4396563453969267,0.4396563453969267,0.4396563453969267,1.4051700739713497,1.4051700739713497,1.4051700739713497
26,364.0,0.16742355672948175,0.16742355672948175,0.16742355672948175,0.25222519619388956,0.25222519619388956,0.25222519619388956
27,416.0,0.4806771305322181,0.4806771305322181,0.4806771305322181,0.4522410562602268,0.4522410562602268,0.4522410562602268
28,468.0,0.22217258790812167,0.22217258790812167,0.22217258790812167,0.19538742273690218,0.19538742273690218,0.19538742273690218
29,520.0,0.12728964876861235,0.12728964876861235,0.12728964876861235,0.17186011961699155,0.17186011961699155,0.17186011961699155
30,572.0,0.08928571428571429,0.08928571428571429,0.08928571428571429,0.08845663265306121,0.08845663265306121,0.08845663265306121
31,624.0,0.10621186910704382,0.10621186910704382,0.10621186910704382,0.09659480147864734,0.09659480147864734,0.09659480147864734
32,676.0,0.47837680132855853,0.47837680132855853,0.47837680132855853,0.5681153358110801,0.5681153358110801,0.5681153358110801
33,728.0,0.47060942437048203,0.47060942437048203,0.47060942437048203,0.43745114232823484,0.43745114232823484,0.43745114232823484
34,780.0,0.101667344448963,0.101667344448963,0.101667344448963,0.09133109552165891,0.09133109552165891,0.09133109552165891
35,832.0,0.12209660842754368,0.12209660842754368,0.12209660842754368,0.11911091769661646,0.11911091769661646,0.11911091769661646
36,884.0,0.35352619215281367,0.35352619215281367,0.35352619215281367,0.4016813149075501,0.4016813149075501,0.4016813149075501
37,936.0,0.0952271080883009,0.0952271080883009,0.0952271080883009,0.13217570552053842,0.13217570552053842,0.13217570552053842
38,988.0,0.15437319806101027,0.15437319806101027,0.15437319806101027,0.1972162464136798,0.1972162464136798,0.1972162464136798
39,1040.0,0.45409275120558107,0.45409275120558107,0.45409275120558107,0.6339676765663634,0.6339676765663634,0.6339676765663634
40,52.0,0.38092218654771515,0.38092218654771515,0.38092218654771515,0.3494702192213802,0.3494702192213802,0.3494702192213802
41,104.0,15.448584200747536,15.448584200747536,15.448584200747536,13.411345831598641,13.411345831598641,13.411345831598641
42,156.0,0.6303151079927746,0.6303151079927746,0.6303151079927746,2.396866705539579,2.396866705539579,2.396866705539579
43,208.0,0.2487800098587254,0.2487800098587254,0.2487800098587254,0.2554845375959075,0.2554845375959075,0.2554845375959075
44,260.0,0.3244387950502595,0.3244387950502595,0.3244387950502595,0.35075805621862505,0.35075805621862505,0.35075805621862505
45,312.0,0.016217694270827383,0.016217694270827383,0.016217694270827383,0.015891980500025136,0.015891980500025136,0.015891980500025136
46,364.0,0.17538664034221785,0.17538664034221785,0.17538664034221785,0.14462616673168735,0.14462616673168735,0.14462616673168735
47,416.0,0.2075678639978064,0.2075678639978064,0.2075678639978064,0.26154952754418986,0.26154952754418986,0.26154952754418986
48,468.0,0.12350031174569648,0.12350031174569648,0.12350031174569648,0.13238087811438567,0.13238087811438567,0.13238087811438567
49,520.0,0.06129597197898424,0.06129597197898424,0.06129597197898424,0.06604515558297445,0.06604515558297445,0.06604515558297445
50,572.0,0.28083580139023767,0.28083580139023767,0.28083580139023767,0.3095659571914227,0.3095659571914227,0.3095659571914227
51,624.0,0.21025296808122299,0.21025296808122299,0.21025296808122299,0.2639303232143858,0.2639303232143858,0.2639303232143858
52,676.0,0.21967355746852624,0.21967355746852624,0.21967355746852624,0.2120523262517702,0.2120523262517702,0.2120523262517702
53,728.0,0.3100271002710027,0.3100271002710027,0.3100271002710027,0.3483276415419981,0.3483276415419981,0.3483276415419981
54,780.0,0.005720823798627002,0.005720823798627002,0.005720823798627002,0.005688095973692063,0.005688095973692063,0.005688095973692063
55,832.0,0.11666666666666667,0.11666666666666667,0.11666666666666667,0.11238888888888887,0.11238888888888887,0.11238888888888887
56,884.0,0.24115334207077327,0.24115334207077327,0.24115334207077327,0.22231688736432206,0.22231688736432206,0.22231688736432206
57,936.0,0.23358104036955213,0.23358104036955213,0.23358104036955213,0.23083857201249464,0.23083857201249464,0.23083857201249464
58,988.0,0.5804263626153644,0.5804263626153644,0.5804263626153644,0.6477607686902467,0.6477607686902467,0.6477607686902467
59,1040.0,0.15839447561501943,0.15839447561501943,0.15839447561501943,0.1734437753341769,0.1734437753341769,0.1734437753341769
60,52.0,0.3902376614701235,0.3902376614701235,0.3902376614701235,0.5362245624220163,0.5362245624220163,0.5362245624220163
61,104.0,0.07977606717984605,0.07977606717984605,0.07977606717984605,0.07481142641112495,0.07481142641112495,0.07481142641112495
62,156.0,0.22169268628142874,0.22169268628142874,0.22169268628142874,0.23665505091236996,0.23665505091236996,0.23665505091236996
63,208.0,0.18402255261922076,0.18402255261922076,0.18402255261922076,0.3028577402095531,0.3028577402095531,0.3028577402095531
64,260.0,0.6548687586842608,0.6548687586842608,0.6548687586842608,0.8283927723983127,0.8283927723983127,0.8283927723983127
65,312.0,0.0754414125200642,0.0754414125200642,0.0754414125200642,0.07296027867023593,0.07296027867023593,0.07296027867023593
66,364.0,0.11661124359551438,0.11661124359551438,0.11661124359551438,0.1464739366706049,0.1464739366706049,0.1464739366706049
67,416.0,0.3483266406119235,0.3483266406119235,0.3483266406119235,0.49773375430573324,0.49773375430573324,0.49773375430573324
68,468.0,0.23020911500632946,0.23020911500632946,0.23020911500632946,0.30903353798400235,0.30903353798400235,0.30903353798400235
69,520.0,0.16351462040908835,0.16351462040908835,0.16351462040908835,0.18425511918460186,0.18425511918460186,0.18425511918460186
70,572.0,0.7177687243155718,0.7177687243155718,0.7177687243155718,3.406658551722493,3.406658551722493,3.406658551722493
71,624.0,0.2021551724137931,0.2021551724137931,0.2021551724137931,0.19059880350772887,0.19059880350772887,0.19059880350772887
72,676.0,0.16972533439561183,0.16972533439561183,0.16972533439561183,0.1701673353990184,0.1701673353990184,0.1701673353990184
73,728.0,0.1490746390075249,0.1490746390075249,0.1490746390075249,0.13091891185834537,0.13091891185834537,0.13091891185834537
74,780.0,0.729422438137646,0.729422438137646,0.729422438137646,1.5896946938034409,1.5896946938034409,1.5896946938034409
75,832.0,0.10677618069815195,0.10677618069815195,0.10677618069815195,0.12925593142442732,0.12925593142442732,0.12925593142442732
76,884.0,0.0066244239631336405,0.0066244239631336405,0.0066244239631336405,0.0065805409702903,0.0065805409702903,0.0065805409702903
77,936.0,165.9239803430104,165.9239803430104,165.9239803430104,168.01538361278324,168.01538361278324,168.01538361278324
78,988.0,0.026100307062436028,0.026100307062436028,0.026100307062436028,0.026442622487111437,0.026442622487111437,0.026442622487111437
79,1040.0,0.3134392970251778,0.3134392970251778,0.3134392970251778,0.337124113540421,0.337124113540421,0.337124113540421
80,52.0,0.08046070043771758,0.08046070043771758,0.08046070043771758,0.11329344123497803,0.11329344123497803,0.11329344123497803
81,104.0,0.3923324798360034,0.3923324798360034,0.3923324798360034,0.5509404806739001,0.5509404806739001,0.5509404806739001
82,156.0,0.3255093222706322,0.3255093222706322,0.3255093222706322,0.403234162024321,0.403234162024321,0.403234162024321
83,208.0,0.045454545454545456,0.045454545454545456,0.045454545454545456,0.04338842975206614,0.04338842975206614,0.04338842975206614
84,260.0,0.4320415190905643,0.4320415190905643,0.4320415190905643,0.45699900508360497,0.45699900508360497,0.45699900508360497
85,312.0,0.22566022783367842,0.22566022783367842,0.22566022783367842,0.22602966877668187,0.22602966877668187,0.22602966877668187
86,364.0,21.5979645578999,21.5979645578999,21.5979645578999,69.386575213304,69.386575213304,69.386575213304
87,416.0,0.237237070927834,0.237237070927834,0.237237070927834,0.2279664234798995,0.2279664234798995,0.2279664234798995
88,468.0,0.24189696349368817,0.24189696349368817,0.24189696349368817,0.28846641176491816,0.28846641176491816,0.28846641176491816
89,520.0,76.2507414388369,76.2507414388369,76.2507414388369,70.2729776550951,70.2729776550951,70.2729776550951
90,572.0,0.5132873403156039,0.5132873403156039,0.5132873403156039,0.5154217077391189,0.5154217077391189,0.5154217077391189
91,624.0,0.36686391449500333,0.36686391449500333,0.36686391449500333,0.34248745762091504,0.34248745762091504,0.34248745762091504
92,676.0,0.5568234245462168,0.5568234245462168,0.5568234245462168,0.658804201046567,0.658804201046567,0.658804201046567
93,728.0,0.3164500473937677,0.3164500473937677,0.3164500473937677,0.572215018722238,0.572215018722238,0.572215018722238
94,780.0,0.0064650677789363925,0.0064650677789363925,0.0064650677789363925,0.00642327067755015,0.00642327067755015,0.00642327067755015
95,832.0,0.34359893950182824,0.34359893950182824,0.34359893950182824,0.3639875338750565,0.3639875338750565,0.3639875338750565
96,884.0,0.09472367066988213,0.09472367066988213,0.09472367066988213,0.09456358897167075,0.09456358897167075,0.09456358897167075
97,936.0,0.02220726783310902,0.02220726783310902,0.02220726783310902,0.02171410508849758,0.02171410508849758,0.02171410508849758
98,988.0,0.014021659407760866,0.014021659407760866,0.014021659407760866,0.011435457841695418,0.011435457841695418,0.011435457841695418
99,1040.0,0.04845760821734781,0.04845760821734781,0.04845760821734781,0.051568217745196675,0.051568217745196675,0.051568217745196675
100,52.0,5.201695368948098,5.201695368948098,5.201695368948098,4.904700231350768,4.904700231350768,4.904700231350768
101,104.0,1.070961561139907,1.070961561139907,1.070961561139907,1.1400166266452043,1.1400166266452043,1.1400166266452043
102,156.0,0.07785168760778517,0.07785168760778517,0.07785168760778517,0.08016724974524264,0.08016724974524264,0.08016724974524264
103,208.0,0.21509041840801987,0.21509041840801987,0.21509041840801987,0.6112075066917975,0.6112075066917975,0.6112075066917975
104,260.0,0.1545354320735602,0.1545354320735602,0.1545354320735602,0.24383098569011027,0.24383098569011027,0.24383098569011027
105,312.0,0.1692378444793233,0.1692378444793233,0.1692378444793233,0.16516108887948097,0.16516108887948097,0.16516108887948097
106,364.0,0.26748401044973036,0.26748401044973036,0.26748401044973036,0.39952953314658346,0.39952953314658346,0.39952953314658346
107,416.0,0.34182217343578486,0.34182217343578486,0.34182217343578486,0.48798745904730684,0.48798745904730684,0.48798745904730684
108,468.0,0.33845982806070074,0.33845982806070074,0.33845982806070074,0.3677948099260964,0.3677948099260964,0.3677948099260964
109,520.0,0.37122889431911915,0.37122889431911915,0.37122889431911915,0.7529035357196077,0.7529035357196077,0.7529035357196077
110,572.0,0.2062015729763596,0.2062015729763596,0.2062015729763596,0.16891599135336327,0.16891599135336327,0.16891599135336327
111,624.0,0.4531443755412152,0.4531443755412152,0.4531443755412152,1.5217691367154504,1.5217691367154504,1.5217691367154504
112,676.0,0.7688930564777611,0.7688930564777611,0.7688930564777611,0.7172741322910647,0.7172741322910647,0.7172741322910647
113,728.0,0.09135935509245693,0.09135935509245693,0.09135935509245693,0.0960863598188887,0.0960863598188887,0.0960863598188887
114,780.0,0.12613430127041741,0.12613430127041741,0.12613430127041741,0.11929884947678038,0.11929884947678038,0.11929884947678038
115,832.0,0.07552152099287035,0.07552152099287035,0.07552152099287035,0.07509924610405044,0.07509924610405044,0.07509924610405044
116,884.0,0.08,0.08,0.08,0.07360000000000001,0.07360000000000001,0.07360000000000001
117,936.0,0.6924288202126054,0.6924288202126054,0.6924288202126054,0.7184671400716868,0.7184671400716868,0.7184671400716868
118,988.0,0.42895156998403405,0.42895156998403405,0.42895156998403405,0.3950319502889136,0.3950319502889136,0.3950319502889136
119,1040.0,0.3913714736280165,0.3913714736280165,0.3913714736280165,0.36981506438168615,0.36981506438168615,0.36981506438168615
120,52.0,0.07183576101166513,0.07183576101166513,0.07183576101166513,0.05970403178469658,0.05970403178469658,0.05970403178469658
121,104.0,0.1951219512195122,0.1951219512195122,0.1951219512195122,0.19498975477559655,0.19498975477559655,0.19498975477559655
122,156.0,0.24832613458050093,0.24832613458050093,0.24832613458050093,0.285200732737673,0.285200732737673,0.285200732737673
123,208.0,1.9807669416805855,1.9807669416805855,1.9807669416805855,2.5086755174348014,2.5086755174348014,2.5086755174348014
124,260.0,0.5838398374551318,0.5838398374551318,0.5838398374551318,1.0015219049364759,1.0015219049364759,1.0015219049364759
125,312.0,0.38615598915610844,0.38615598915610844,0.38615598915610844,0.3320158536024587,0.3320158536024587,0.3320158536024587
126,364.0,0.03405381282357879,0.03405381282357879,0.03405381282357879,0.0273000942833124,0.0273000942833124,0.0273000942833124
127,416.0,0.3063675942035011,0.3063675942035011,0.3063675942035011,0.2999712331328925,0.2999712331328925,0.2999712331328925
128,468.0,0.48615911871311734,0.48615911871311734,0.48615911871311734,0.7559608299129332,0.7559608299129332,0.7559608299129332
129,520.0,0.07668977469670711,0.07668977469670711,0.07668977469670711,0.07947396441884005,0.07947396441884005,0.07947396441884005
130,572.0,1.2268039092121763,1.2268039092121763,1.2268039092121763,1.1978123042231683,1.1978123042231683,1.1978123042231683
131,624.0,0.04935404972835661,0.04935404972835661,0.04935404972835661,0.054090321741425355,0.054090321741425355,0.054090321741425355
132,676.0,2.1064718383216077,2.1064718383216077,2.1064718383216077,4.134721932397906,4.134721932397906,4.134721932397906
133,728.0,0.1716939398554542,0.1716939398554542,0.1716939398554542,0.19838798972076718,0.19838798972076718,0.19838798972076718
134,780.0,42.23624716541973,42.23624716541973,42.23624716541973,873.769062929344,873.769062929344,873.769062929344
135,832.0,0.0825242718446602,0.0825242718446602,0.0825242718446602,0.07571401640116882,0.07571401640116882,0.07571401640116882
136,884.0,0.20203507959754627,0.20203507959754627,0.20203507959754627,0.1926167928985038,0.1926167928985038,0.1926167928985038
137,936.0,0.5053293429957858,0.5053293429957858,0.5053293429957858,0.5384545124358985,0.5384545124358985,0.5384545124358985
138,988.0,0.0922639505224127,0.0922639505224127,0.0922639505224127,0.09954061437047036,0.09954061437047036,0.09954061437047036
139,1040.0,0.10812209001551992,0.10812209001551992,0.10812209001551992,0.11712492663567323,0.11712492663567323,0.11712492663567323
140,52.0,0.22377622377622378,0.22377622377622378,0.22377622377622378,0.22964448139273314,0.22964448139273314,0.22964448139273314
141,104.0,17.07070511686095,17.07070511686095,17.07070511686095,16.059901462441683,16.059901462441683,16.059901462441683
142,156.0,0.2234299971718747,0.2234299971718747,0.2234299971718747,0.2739689931127888,0.2739689931127888,0.2739689931127888
143,208.0,0.04758961681087762,0.04758961681087762,0.04758961681087762,0.049033127012090505,0.049033127012090505,0.049033127012090505
144,260.0,0.08429752066115702,0.08429752066115702,0.08429752066115702,0.07719144867153883,0.07719144867153883,0.07719144867153883
145,312.0,0.31786547636859097,0.31786547636859097,0.31786547636859097,0.5990091412892344,0.5990091412892344,0.5990091412892344
146,364.0,0.17632241813602015,0.17632241813602015,0.17632241813602015,0.14523282299868664,0.14523282299868664,0.14523282299868664
147,416.0,0.02444197531395429,0.02444197531395429,0.02444197531395429,0.02386958087447722,0.02386958087447722,0.02386958087447722
148,468.0,0.20933521923620935,0.20933521923620935,0.20933521923620935,0.23381061080446292,0.23381061080446292,0.23381061080446292
149,520.0,0.0,0.0,0.0,0.0,0.0,0.0
150,572.0,0.15517241379310345,0.15517241379310345,0.15517241379310345,0.14296504941424143,0.14296504941424143,0.14296504941424143
151,624.0,0.30291471421952254,0.30291471421952254,0.30291471421952254,0.2793297664015091,0.2793297664015091,0.2793297664015091
152,676.0,0.13194125745754934,0.13194125745754934,0.13194125745754934,0.1163684664896533,0.1163684664896533,0.1163684664896533
153,728.0,0.2646848661270353,0.2646848661270353,0.2646848661270353,0.3432417379617858,0.3432417379617858,0.3432417379617858
154,780.0,0.17427385892116182,0.17427385892116182,0.17427385892116182,0.14390248101788874,0.14390248101788874,0.14390248101788874
155,832.0,0.3536696501782622,0.3536696501782622,0.3536696501782622,0.3334042392435585,0.3334042392435585,0.3334042392435585
156,884.0,0.2767825983227763,0.2767825983227763,0.2767825983227763,0.9166033699551085,0.9166033699551085,0.9166033699551085
157,936.0,0.05959046863820238,0.05959046863820238,0.05959046863820238,0.06705629583197312,0.06705629583197312,0.06705629583197312
158,988.0,0.5825211592497532,0.5825211592497532,0.5825211592497532,0.6344003551584726,0.6344003551584726,0.6344003551584726
159,1040.0,0.33582535504992955,0.33582535504992955,0.33582535504992955,0.3496343367966403,0.3496343367966403,0.3496343367966403
160,52.0,0.3262628959411961,0.3262628959411961,0.3262628959411961,0.2787589598686095,0.2787589598686095,0.2787589598686095
161,104.0,0.0682601418962119,0.0682601418962119,0.0682601418962119,0.07585531453751052,0.07585531453751052,0.07585531453751052
162,156.0,0.07410988301457054,0.07410988301457054,0.07410988301457054,0.07375309599812417,0.07375309599812417,0.07375309599812417
163,208.0,0.35880348998899697,0.35880348998899697,0.35880348998899697,0.34597547643470355,0.34597547643470355,0.34597547643470355
164,260.0,18.700702563620727,18.700702563620727,18.700702563620727,35.18501921709156,35.18501921709156,35.18501921709156
165,312.0,0.1486810551558753,0.1486810551558753,0.1486810551558753,0.12657499899361088,0.12657499899361088,0.12657499899361088
166,364.0,0.20612813370473537,0.20612813370473537,0.20612813370473537,0.1859234487628122,0.1859234487628122,0.1859234487628122
167,416.0,25.31078108533343,25.31078108533343,25.31078108533343,48.180245226166065,48.180245226166065,48.180245226166065
168,468.0,0.13555291319857313,0.13555291319857313,0.13555291319857313,0.13620329119543717,0.13620329119543717,0.13620329119543717
169,520.0,0.5259431154822102,0.5259431154822102,0.5259431154822102,0.5441436921323862,0.5441436921323862,0.5441436921323862
170,572.0,47.82386743291134,47.82386743291134,47.82386743291134,454.10849803826625,454.10849803826625,454.10849803826625
171,624.0,0.117732236523616,0.117732236523616,0.117732236523616,0.13933554775095428,0.13933554775095428,0.13933554775095428
172,676.0,0.31720734486298596,0.31720734486298596,0.31720734486298596,0.2972226089241604,0.2972226089241604,0.2972226089241604
173,728.0,0.4846668065952882,0.4846668065952882,0.4846668065952882,0.7573152611697607,0.7573152611697607,0.7573152611697607
174,780.0,0.8223212310587912,0.8223212310587912,0.8223212310587912,1.2426913895462437,1.2426913895462437,1.2426913895462437
175,832.0,0.09088273458265701,0.09088273458265701,0.09088273458265701,0.17226930602039756,0.17226930602039756,0.17226930602039756
176,884.0,0.45565580942933676,0.45565580942933676,0.45565580942933676,0.5829164560307695,0.5829164560307695,0.5829164560307695
177,936.0,0.4884217212529231,0.4884217212529231,0.4884217212529231,0.504939255270912,0.504939255270912,0.504939255270912
178,988.0,0.1405462741978255,0.1405462741978255,0.1405462741978255,0.1255662886966726,0.1255662886966726,0.1255662886966726
179,1040.0,0.19800097851919027,0.19800097851919027,0.19800097851919027,0.2811673465534609,0.2811673465534609,0.2811673465534609
180,52.0,0.7328897544845809,0.7328897544845809,0.7328897544845809,1.1747199353470004,1.1747199353470004,1.1747199353470004
181,104.0,0.38696726632826134,0.38696726632826134,0.38696726632826134,0.6652665678635152,0.6652665678635152,0.6652665678635152
182,156.0,0.0701290109163083,0.0701290109163083,0.0701290109163083,0.06521093274420861,0.06521093274420861,0.06521093274420861
183,208.0,0.5274845904962008,0.5274845904962008,0.5274845904962008,0.6107988182155731,0.6107988182155731,0.6107988182155731
184,260.0,0.03360177728408775,0.03360177728408775,0.03360177728408775,0.03247269784743831,0.03247269784743831,0.03247269784743831
185,312.0,0.12168455152864953,0.12168455152864953,0.12168455152864953,0.10687742144792096,0.10687742144792096,0.10687742144792096
186,364.0,0.0953907993818394,0.0953907993818394,0.0953907993818394,0.09670513536822653,0.09670513536822653,0.09670513536822653
187,416.0,0.07204610951008646,0.07204610951008646,0.07204610951008646,0.07742223034269312,0.07742223034269312,0.07742223034269312
188,468.0,0.33828251428781464,0.33828251428781464,0.33828251428781464,0.3632383894064114,0.3632383894064114,0.3632383894064114
189,520.0,0.1083957430035475,0.1083957430035475,0.1083957430035475,0.10689443069531905,0.10689443069531905,0.10689443069531905
190,572.0,0.36428571428571427,0.36428571428571427,0.36428571428571427,0.41729591836734686,0.41729591836734686,0.41729591836734686
191,624.0,0.061572341893200225,0.061572341893200225,0.061572341893200225,0.05623284557633449,0.05623284557633449,0.05623284557633449
192,676.0,0.027976618334859326,0.027976618334859326,0.027976618334859326,0.02978225312322635,0.02978225312322635,0.02978225312322635
193,728.0,0.09915198956294846,0.09915198956294846,0.09915198956294846,0.10954265987373245,0.10954265987373245,0.10954265987373245
194,780.0,0.13856928464232116,0.13856928464232116,0.13856928464232116,0.1343753417479125,0.1343753417479125,0.1343753417479125
195,832.0,0.08409468014712836,0.08409468014712836,0.08409468014712836,0.09060227279474756,0.09060227279474756,0.09060227279474756
196,884.0,0.08940697148030784,0.08940697148030784,0.08940697148030784,0.09182531604012639,0.09182531604012639,0.09182531604012639
197,936.0,0.23439617143510244,0.23439617143510244,0.23439617143510244,0.23861718451295927,0.23861718451295927,0.23861718451295927
198,988.0,0.04271123491179202,0.04271123491179202,0.04271123491179202,0.044601005751214076,0.044601005751214076,0.044601005751214076
199,1040.0,0.07877604166666667,0.07877604166666667,0.07877604166666667,0.1129349602593316,0.1129349602593316,0.1129349602593316
200,52.0,0.06232859636000997,0.06232859636000997,0.06232859636000997,0.06941357539516267,0.06941357539516267,0.06941357539516267
201,104.0,0.251401889843564,0.251401889843564,0.251401889843564,0.3835033562487286,0.3835033562487286,0.3835033562487286
202,156.0,0.5188378437222485,0.5188378437222485,0.5188378437222485,0.6280088343830074,0.6280088343830074,0.6280088343830074
203,208.0,0.18350369020470544,0.18350369020470544,0.18350369020470544,0.30048243415501213,0.30048243415501213,0.30048243415501213
204,260.0,0.40020954987695495,0.40020954987695495,0.40020954987695495,1.3762527384180372,1.3762527384180372,1.3762527384180372
205,312.0,0.1780821917808219,0.1780821917808219,0.1780821917808219,0.15641458685181708,0.15641458685181708,0.15641458685181708
206,364.0,0.21029369443176393,0.21029369443176393,0.21029369443176393,0.20758049380411098,0.20758049380411098,0.20758049380411098
207,416.0,0.3402445849543486,0.3402445849543486,0.3402445849543486,0.6380638969819382,0.6380638969819382,0.6380638969819382
208,468.0,0.320057098212608,0.320057098212608,0.320057098212608,0.6096140926419004,0.6096140926419004,0.6096140926419004
209,520.0,88.34859720725163,88.34859720725163,88.34859720725163,77.66822659536909,77.66822659536909,77.66822659536909
210,572.0,0.6622470178720213,0.6622470178720213,0.6622470178720213,0.6346187509115138,0.6346187509115138,0.6346187509115138
211,624.0,0.3308016219615576,0.3308016219615576,0.3308016219615576,0.3090993521471235,0.3090993521471235,0.3090993521471235
212,676.0,0.6616637758536131,0.6616637758536131,0.6616637758536131,0.7581161886085724,0.7581161886085724,0.7581161886085724
213,728.0,0.025078369905956112,0.025078369905956112,0.025078369905956112,0.02444944526881614,0.02444944526881614,0.02444944526881614
214,780.0,1.1135105589277225,1.1135105589277225,1.1135105589277225,1.0881016832271053,1.0881016832271053,1.0881016832271053
215,832.0,0.14935557240333586,0.14935557240333586,0.14935557240333586,0.14372778789730312,0.14372778789730312,0.14372778789730312
216,884.0,0.13950276243093923,0.13950276243093923,0.13950276243093923,0.15871577485424743,0.15871577485424743,0.15871577485424743
217,936.0,0.15185444366689993,0.15185444366689993,0.15185444366689993,0.13299341198340284,0.13299341198340284,0.13299341198340284
218,988.0,0.12,0.12,0.12,0.1056,0.1056,0.1056
219,1040.0,1.3072807239757744,1.3072807239757744,1.3072807239757744,9.211913406345479,9.211913406345479,9.211913406345479
220,52.0,0.5416666666666666,0.5416666666666666,0.5416666666666666,2.0815972222222223,2.0815972222222223,2.0815972222222223
221,104.0,0.3504322766570605,0.3504322766570605,0.3504322766570605,0.3440560091023097,0.3440560091023097,0.3440560091023097
222,156.0,0.2660040759934858,0.2660040759934858,0.2660040759934858,0.25454960484751527,0.25454960484751527,0.25454960484751527
223,208.0,0.33472216037009334,0.33472216037009334,0.33472216037009334,0.4883985506800206,0.4883985506800206,0.4883985506800206
224,260.0,0.5473904613296018,0.5473904613296018,0.5473904613296018,0.5806368409341311,0.5806368409341311,0.5806368409341311
225,312.0,0.3469625583095063,0.3469625583095063,0.3469625583095063,0.41960262663415804,0.41960262663415804,0.41960262663415804
226,364.0,0.16433941997851773,0.16433941997851773,0.16433941997851773,0.1623946316612461,0.1623946316612461,0.1623946316612461
227,416.0,0.22221925553865454,0.22221925553865454,0.22221925553865454,0.2141342753813033,0.2141342753813033,0.2141342753813033
228,468.0,0.3842162528241787,0.3842162528241787,0.3842162528241787,0.4457659619759342,0.4457659619759342,0.4457659619759342
229,520.0,1.4537078937961692,1.4537078937961692,1.4537078937961692,2.4130014641411828,2.4130014641411828,2.4130014641411828
230,572.0,0.37727272727272726,0.37727272727272726,0.37727272727272726,0.3596133412042503,0.3596133412042503,0.3596133412042503
231,624.0,0.024133738736867617,0.024133738736867617,0.024133738736867617,0.023696372046121444,0.023696372046121444,0.023696372046121444
232,676.0,0.23163841807909605,0.23163841807909605,0.23163841807909605,0.4604679370551247,0.4604679370551247,0.4604679370551247
233,728.0,0.4288065843621399,0.4288065843621399,0.4288065843621399,0.48526071567681084,0.48526071567681084,0.48526071567681084
234,780.0,0.5556587104497731,0.5556587104497731,0.5556587104497731,0.556913547652694,0.556913547652694,0.556913547652694
235,832.0,0.2351467259517895,0.2351467259517895,0.2351467259517895,0.22685033307288807,0.22685033307288807,0.22685033307288807
236,884.0,0.5152542372881356,0.5152542372881356,0.5152542372881356,0.5548520540074692,0.5548520540074692,0.5548520540074692
237,936.0,0.21988802892209397,0.21988802892209397,0.21988802892209397,0.20768687704372418,0.20768687704372418,0.20768687704372418
238,988.0,0.10460599334073252,0.10460599334073252,0.10460599334073252,0.09588333532479018,0.09588333532479018,0.09588333532479018
239,1040.0,0.31309221362162065,0.31309221362162065,0.31309221362162065,0.33971151685034173,0.33971151685034173,0.33971151685034173
240,52.0,0.2477888428416231,0.2477888428416231,0.2477888428416231,0.24127914103883427,0.24127914103883427,0.24127914103883427
241,104.0,0.5406456137092563,0.5406456137092563,0.5406456137092563,0.6743837378722259,0.6743837378722259,0.6743837378722259
242,156.0,0.14030116351881897,0.14030116351881897,0.14030116351881897,0.11952081929647737,0.11952081929647737,0.11952081929647737
243,208.0,0.39688549817390345,0.39688549817390345,0.39688549817390345,0.37359084764262945,0.37359084764262945,0.37359084764262945
244,260.0,0.818470737601364,0.818470737601364,0.818470737601364,1.510783774649949,1.510783774649949,1.510783774649949
245,312.0,1.12482047034981,1.12482047034981,1.12482047034981,9.875638616521336,9.875638616521336,9.875638616521336
246,364.0,0.12696008122367955,0.12696008122367955,0.12696008122367955,0.11380883498759899,0.11380883498759899,0.11380883498759899
247,416.0,0.15880274495278301,0.15880274495278301,0.15880274495278301,0.13563354238455239,0.13563354238455239,0.13563354238455239
248,468.0,0.4393496020339363,0.4393496020339363,0.4393496020339363,0.8667501160215566,0.8667501160215566,0.8667501160215566
249,520.0,0.0068169900367068695,0.0068169900367068695,0.0068169900367068695,0.00677051868354631,0.00677051868354631,0.00677051868354631
250,572.0,0.15637704635224164,0.15637704635224164,0.15637704635224164,0.14024814013470507,0.14024814013470507,0.14024814013470507
251,624.0,0.36200716845878134,0.36200716845878134,0.36200716845878134,0.37221878384066465,0.37221878384066465,0.37221878384066465
252,676.0,0.06718495650162384,0.06718495650162384,0.06718495650162384,0.06409737887146309,0.06409737887146309,0.06409737887146309
253,728.0,0.12349094567404427,0.12349094567404427,0.12349094567404427,0.10824093201057453,0.10824093201057453,0.10824093201057453
254,780.0,0.35707697464912763,0.35707697464912763,0.35707697464912763,0.4135112917950828,0.4135112917950828,0.4135112917950828
255,832.0,0.16110344461789214,0.16110344461789214,0.16110344461789214,0.1707618291354971,0.1707618291354971,0.1707618291354971
256,884.0,0.38504464285714285,0.38504464285714285,0.38504464285714285,0.6251781230070153,0.6251781230070153,0.6251781230070153
257,936.0,0.13302752293577982,0.13302752293577982,0.13302752293577982,0.11877156804982747,0.11877156804982747,0.11877156804982747
258,988.0,0.37115716573425767,0.37115716573425767,0.37115716573425767,0.3943532973685829,0.3943532973685829,0.3943532973685829
259,1040.0,0.015047291487532245,0.015047291487532245,0.015047291487532245,0.01568071573428047,0.01568071573428047,0.01568071573428047
260,52.0,0.17942004679701107,0.17942004679701107,0.17942004679701107,0.18469778956185007,0.18469778956185007,0.18469778956185007
261,104.0,0.5189748171763646,0.5189748171763646,0.5189748171763646,0.5369552335767503,0.5369552335767503,0.5369552335767503
262,156.0,0.31053813109640993,0.31053813109640993,0.31053813109640993,0.39527446708175173,0.39527446708175173,0.39527446708175173
263,208.0,0.20386186647827334,0.20386186647827334,0.20386186647827334,0.1904505683275256,0.1904505683275256,0.1904505683275256
264,260.0,0.27322231426699917,0.27322231426699917,0.27322231426699917,0.3131462050543778,0.3131462050543778,0.3131462050543778
265,312.0,0.2809734513274336,0.2809734513274336,0.2809734513274336,0.365744185135876,0.365744185135876,0.365744185135876
266,364.0,0.16064420460979498,0.16064420460979498,0.16064420460979498,0.1419004375554484,0.1419004375554484,0.1419004375554484
267,416.0,0.18331441543700341,0.18331441543700341,0.18331441543700341,0.15198038808958445,0.15198038808958445,0.15198038808958445
268,468.0,1.3401715504065874,1.3401715504065874,1.3401715504065874,1.769441820934996,1.769441820934996,1.769441820934996
269,520.0,0.11529889066314099,0.11529889066314099,0.11529889066314099,0.14913343557276704,0.14913343557276704,0.14913343557276704
270,572.0,78.87599755496711,78.87599755496711,78.87599755496711,173.4243147527183,173.4243147527183,173.4243147527183
271,624.0,0.06733862320394596,0.06733862320394596,0.06733862320394596,0.06323304145699354,0.06323304145699354,0.06323304145699354
272,676.0,0.03346554288547347,0.03346554288547347,0.03346554288547347,0.04573181747904339,0.04573181747904339,0.04573181747904339
273,728.0,0.11635919537333127,0.11635919537333127,0.11635919537333127,0.11810010412788588,0.11810010412788588,0.11810010412788588
274,780.0,0.007056870070568701,0.007056870070568701,0.007056870070568701,0.007007070655375813,0.007007070655375813,0.007007070655375813
275,832.0,0.14274904786274956,0.14274904786274956,0.14274904786274956,0.1606383117540997,0.1606383117540997,0.1606383117540997
276,884.0,0.12368275097060455,0.12368275097060455,0.12368275097060455,0.11282237744512214,0.11282237744512214,0.11282237744512214
277,936.0,0.24,0.24,0.24,0.3290666666666667,0.3290666666666667,0.3290666666666667
278,988.0,0.11605863960099029,0.11605863960099029,0.11605863960099029,0.11794319662420558,0.11794319662420558,0.11794319662420558
279,1040.0,0.5813532042988057,0.5813532042988057,0.5813532042988057,1.224359571821586,1.224359571821586,1.224359571821586
280,52.0,0.07602339181286549,0.07602339181286549,0.07602339181286549,0.07609178892650734,0.07609178892650734,0.07609178892650734
281,104.0,0.5,0.5,0.5,0.25,0.25,0.25
282,156.0,0.12920592193808883,0.12920592193808883,0.12920592193808883,0.12327891183572476,0.12327891183572476,0.12327891183572476
283,208.0,0.1504689184049957,0.1504689184049957,0.1504689184049957,0.34264951891987416,0.34264951891987416,0.34264951891987416
284,260.0,0.5444753373581498,0.5444753373581498,0.5444753373581498,0.5601236476243638,0.5601236476243638,0.5601236476243638
285,312.0,0.37907679490339413,0.37907679490339413,0.37907679490339413,0.40267865510916934,0.40267865510916934,0.40267865510916934
286,364.0,0.18652849740932642,0.18652849740932642,0.18652849740932642,0.18282369996509976,0.18282369996509976,0.18282369996509976
287,416.0,0.0540427314620863,0.0540427314620863,0.0540427314620863,0.051541050541010006,0.051541050541010006,0.051541050541010006
288,468.0,0.3048964099556794,0.3048964099556794,0.3048964099556794,0.32871767710868277,0.32871767710868277,0.32871767710868277
289,520.0,0.16702544561656582,0.16702544561656582,0.16702544561656582,0.16092464870980383,0.16092464870980383,0.16092464870980383
290,572.0,0.30667969493417374,0.30667969493417374,0.30667969493417374,0.3923770201039208,0.3923770201039208,0.3923770201039208
291,624.0,0.07813798836242726,0.07813798836242726,0.07813798836242726,0.07203244313710044,0.07203244313710044,0.07203244313710044
292,676.0,0.12878787878787878,0.12878787878787878,0.12878787878787878,0.11725206611570245,0.11725206611570245,0.11725206611570245
293,728.0,0.07317873468817285,0.07317873468817285,0.07317873468817285,0.0747372849227524,0.0747372849227524,0.0747372849227524
294,780.0,0.0921760391198044,0.0921760391198044,0.0921760391198044,0.0836796169319887,0.0836796169319887,0.0836796169319887
295,832.0,58.77705669268821,58.77705669268821,58.77705669268821,544.8169544392518,544.8169544392518,544.8169544392518
296,884.0,0.17321207110376188,0.17321207110376188,0.17321207110376188,0.15395789260335832,0.15395789260335832,0.15395789260335832
297,936.0,0.1796927187708751,0.1796927187708751,0.1796927187708751,0.14873925093562765,0.14873925093562765,0.14873925093562765
298,988.0,0.6003007228495478,0.6003007228495478,0.6003007228495478,1.720365879724473,1.720365879724473,1.720365879724473
299,1040.0,0.20394408495588873,0.20394408495588873,0.20394408495588873,0.2854334361188226,0.2854334361188226,0.2854334361188226
300,52.0,0.3498735557880671,0.3498735557880671,0.3498735557880671,0.4467098798606574,0.4467098798606574,0.4467098798606574
301,104.0,0.2978993918594612,0.2978993918594612,0.2978993918594612,0.44794207042158557,0.44794207042158557,0.44794207042158557
302,156.0,0.895529594015585,0.895529594015585,0.895529594015585,1.7934160848318563,1.7934160848318563,1.7934160848318563
303,208.0,0.2532581895033463,0.2532581895033463,0.2532581895033463,0.23209135672669742,0.23209135672669742,0.23209135672669742
304,260.0,0.5415059238127213,0.5415059238127213,0.5415059238127213,0.6699810826774377,0.6699810826774377,0.6699810826774377
305,312.0,1.397758608070674,1.397758608070674,1.397758608070674,2.346883736934591,2.346883736934591,2.346883736934591
306,364.0,0.2856515034547648,0.2856515034547648,0.2856515034547648,0.5723836208028197,0.5723836208028197,0.5723836208028197
307,416.0,0.29054449733795396,0.29054449733795396,0.29054449733795396,0.31124447737504796,0.31124447737504796,0.31124447737504796
308,468.0,0.1455192765693496,0.1455192765693496,0.1455192765693496,0.14782956203850767,0.14782956203850767,0.14782956203850767
309,520.0,1.3807918776671175,1.3807918776671175,1.3807918776671175,1.3702458266187518,1.3702458266187518,1.3702458266187518
310,572.0,0.29324457462325176,0.29324457462325176,0.29324457462325176,0.3439486848655352,0.3439486848655352,0.3439486848655352
311,624.0,11.583690941221379,11.583690941221379,11.583690941221379,58.23496243575117,58.23496243575117,58.23496243575117
312,676.0,0.21137225066556986,0.21137225066556986,0.21137225066556986,0.20187137701959984,0.20187137701959984,0.20187137701959984
313,728.0,0.19258288065016044,0.19258288065016044,0.19258288065016044,0.32530034458540996,0.32530034458540996,0.32530034458540996
314,780.0,0.24767975063489184,0.24767975063489184,0.24767975063489184,0.326488826598874,0.326488826598874,0.326488826598874
315,832.0,0.1873129175255869,0.1873129175255869,0.1873129175255869,0.20171405258201858,0.20171405258201858,0.20171405258201858
316,884.0,0.253328568849131,0.253328568849131,0.253328568849131,0.4414340336113792,0.4414340336113792,0.4414340336113792
317,936.0,0.1882960413080895,0.1882960413080895,0.1882960413080895,0.15284064213579177,0.15284064213579177,0.15284064213579177
318,988.0,0.40854431436729416,0.40854431436729416,0.40854431436729416,0.38132649807753904,0.38132649807753904,0.38132649807753904
319,1040.0,0.1440922190201729,0.1440922190201729,0.1440922190201729,0.12332965143801543,0.12332965143801543,0.12332965143801543
320,52.0,0.14503839026580045,0.14503839026580045,0.14503839026580045,0.1471262016997776,0.1471262016997776,0.1471262016997776
321,104.0,0.2792157774496909,0.2792157774496909,0.2792157774496909,0.351651481463693,0.351651481463693,0.351651481463693
322,156.0,0.33754164130523706,0.33754164130523706,0.33754164130523706,0.32711118736976963,0.32711118736976963,0.32711118736976963
323,208.0,0.15818909038445716,0.15818909038445716,0.15818909038445716,0.2825521433580691,0.2825521433580691,0.2825521433580691
324,260.0,0.30793175600795314,0.30793175600795314,0.30793175600795314,1.2734160775057073,1.2734160775057073,1.2734160775057073
325,312.0,0.061855670103092786,0.061855670103092786,0.061855670103092786,0.05802954617919014,0.05802954617919014,0.05802954617919014
326,364.0,0.13615447350334556,0.13615447350334556,0.13615447350334556,0.1219614071137791,0.1219614071137791,0.1219614071137791
327,416.0,0.25782430391682504,0.25782430391682504,0.25782430391682504,0.27051502946107936,0.27051502946107936,0.27051502946107936
328,468.0,0.27559748106496706,0.27559748106496706,0.27559748106496706,0.25896738637527317,0.25896738637527317,0.25896738637527317
329,520.0,0.12090163934426229,0.12090163934426229,0.12090163934426229,0.11857951491534534,0.11857951491534534,0.11857951491534534
330,572.0,0.18785153517171993,0.18785153517171993,0.18785153517171993,0.1661139359308876,0.1661139359308876,0.1661139359308876
331,624.0,0.12345618687059182,0.12345618687059182,0.12345618687059182,0.19129717590390538,0.19129717590390538,0.19129717590390538
332,676.0,0.2610598771449358,0.2610598771449358,0.2610598771449358,0.36727026458582623,0.36727026458582623,0.36727026458582623
333,728.0,0.2527009532424233,0.2527009532424233,0.2527009532424233,0.3559586496318782,0.3559586496318782,0.3559586496318782
334,780.0,2.2342061737502448,2.2342061737502448,2.2342061737502448,2.3492966574329706,2.3492966574329706,2.3492966574329706
335,832.0,0.18240978187006615,0.18240978187006615,0.18240978187006615,0.23657637107199614,0.23657637107199614,0.23657637107199614
336,884.0,0.31645354041447643,0.31645354041447643,0.31645354041447643,0.4237387490514445,0.4237387490514445,0.4237387490514445
337,936.0,0.344226627168934,0.344226627168934,0.344226627168934,0.5753062998213673,0.5753062998213673,0.5753062998213673
338,988.0,0.32587064676616917,0.32587064676616917,0.32587064676616917,0.36229920051483877,0.36229920051483877,0.36229920051483877
339,1040.0,0.02198427563672159,0.02198427563672159,0.02198427563672159,0.02089393092427121,0.02089393092427121,0.02089393092427121
340,52.0,0.25901260914569335,0.25901260914569335,0.25901260914569335,0.5040819061894637,0.5040819061894637,0.5040819061894637
341,104.0,0.125,0.125,0.125,0.109375,0.109375,0.109375
342,156.0,0.13333333333333333,0.13333333333333333,0.13333333333333333,0.11555555555555552,0.11555555555555552,0.11555555555555552
343,208.0,0.016971862438588656,0.016971862438588656,0.016971862438588656,0.01802370220068496,0.01802370220068496,0.01802370220068496
344,260.0,0.24436704561338082,0.24436704561338082,0.24436704561338082,0.2588633460270631,0.2588633460270631,0.2588633460270631
345,312.0,0.33731412574256525,0.33731412574256525,0.33731412574256525,0.396756750263618,0.396756750263618,0.396756750263618
346,364.0,0.022970903522205207,0.022970903522205207,0.022970903522205207,0.02244324111357875,0.02244324111357875,0.02244324111357875
347,416.0,0.2911771979180425,0.2911771979180425,0.2911771979180425,0.27544042074786584,0.27544042074786584,0.27544042074786584
348,468.0,0.21625557243679872,0.21625557243679872,0.21625557243679872,0.208245243744733,0.208245243744733,0.208245243744733
349,520.0,1.0397526981902312,1.0397526981902312,1.0397526981902312,0.6862062855759408,0.6862062855759408,0.6862062855759408
350,572.0,0.3465247706990726,0.3465247706990726,0.3465247706990726,0.41833375063969613,0.41833375063969613,0.41833375063969613
351,624.0,53.144414820291544,53.144414820291544,53.144414820291544,680.4400148310175,680.4400148310175,680.4400148310175
352,676.0,2.044735992728068,2.044735992728068,2.044735992728068,1.2852499655423428,1.2852499655423428,1.2852499655423428
353,728.0,0.19152267080906893,0.19152267080906893,0.19152267080906893,0.21463398644217158,0.21463398644217158,0.21463398644217158
354,780.0,0.058719646799116995,0.058719646799116995,0.058719646799116995,0.061452665331442564,0.061452665331442564,0.061452665331442564
355,832.0,0.2137846594654104,0.2137846594654104,0.2137846594654104,0.20298023271848417,0.20298023271848417,0.20298023271848417
356,884.0,0.06720658426421561,0.06720658426421561,0.06720658426421561,0.07565451295345305,0.07565451295345305,0.07565451295345305
357,936.0,0.23336974802629573,0.23336974802629573,0.23336974802629573,0.27727964799457094,0.27727964799457094,0.27727964799457094
358,988.0,0.43456916692464365,0.43456916692464365,0.43456916692464365,0.5769062182808055,0.5769062182808055,0.5769062182808055
359,1040.0,0.09670658857923851,0.09670658857923851,0.09670658857923851,0.11632758577980906,0.11632758577980906,0.11632758577980906
360,52.0,0.13669844020797228,0.13669844020797228,0.13669844020797228,0.2215648362713972,0.2215648362713972,0.2215648362713972
361,104.0,0.25702613954639136,0.25702613954639136,0.25702613954639136,0.276560589923125,0.276560589923125,0.276560589923125
362,156.0,0.026888604353393086,0.026888604353393086,0.026888604353393086,0.02616560730931978,0.02616560730931978,0.02616560730931978
363,208.0,0.27535181556622434,0.27535181556622434,0.27535181556622434,0.3279858846337433,0.3279858846337433,0.3279858846337433
364,260.0,0.30434782608695654,0.30434782608695654,0.30434782608695654,0.5334593572778827,0.5334593572778827,0.5334593572778827
365,312.0,0.3192446043165468,0.3192446043165468,0.3192446043165468,0.3216440336939082,0.3216440336939082,0.3216440336939082
366,364.0,0.19485838165596353,0.19485838165596353,0.19485838165596353,0.3005878873307052,0.3005878873307052,0.3005878873307052
367,416.0,0.7640876181665719,0.7640876181665719,0.7640876181665719,0.8053397592017252,0.8053397592017252,0.8053397592017252
368,468.0,0.037621766879408804,0.037621766879408804,0.037621766879408804,0.038893638599095136,0.038893638599095136,0.038893638599095136
369,520.0,0.6574480962445701,0.6574480962445701,0.6574480962445701,0.7669016352918618,0.7669016352918618,0.7669016352918618
370,572.0,0.28762198253723675,0.28762198253723675,0.28762198253723675,0.714397375335977,0.714397375335977,0.714397375335977
371,624.0,0.29406188912787107,0.29406188912787107,0.29406188912787107,0.4086318751508819,0.4086318751508819,0.4086318751508819
372,676.0,0.27493126648984006,0.27493126648984006,0.27493126648984006,0.3814997670605742,0.3814997670605742,0.3814997670605742
373,728.0,0.2370215632147228,0.2370215632147228,0.2370215632147228,0.236105939009878,0.236105939009878,0.236105939009878
374,780.0,0.31142758159890704,0.31142758159890704,0.31142758159890704,0.40627930198311857,0.40627930198311857,0.40627930198311857
375,832.0,0.3201653415619689,0.3201653415619689,0.3201653415619689,0.43757921865681243,0.43757921865681243,0.43757921865681243
376,884.0,0.009153318077803204,0.009153318077803204,0.009153318077803204,0.009069534845969767,0.009069534845969767,0.009069534845969767
377,936.0,0.21130380519750755,0.21130380519750755,0.21130380519750755,0.24158668833700828,0.24158668833700828,0.24158668833700828
378,988.0,0.2266922586723431,0.2266922586723431,0.2266922586723431,0.2342976024420453,0.2342976024420453,0.2342976024420453
379,1040.0,0.5206586620725999,0.5206586620725999,0.5206586620725999,0.5224675080501533,0.5224675080501533,0.5224675080501533
380,52.0,0.05054323956388572,0.05054323956388572,0.05054323956388572,0.053040497177942375,0.053040497177942375,0.053040497177942375
381,104.0,0.17719435744596782,0.17719435744596782,0.17719435744596782,0.26048741390077,0.26048741390077,0.26048741390077
382,156.0,1.6761968017032125,1.6761968017032125,1.6761968017032125,1.8752751657486173,1.8752751657486173,1.8752751657486173
383,208.0,0.2596558597691386,0.2596558597691386,0.2596558597691386,0.2364411463579524,0.2364411463579524,0.2364411463579524
384,260.0,0.14207226069454612,0.14207226069454612,0.14207226069454612,0.21159816454367966,0.21159816454367966,0.21159816454367966
385,312.0,25.471463816942226,25.471463816942226,25.471463816942226,227.52507874581698,227.52507874581698,227.52507874581698
386,364.0,0.26617493083881527,0.26617493083881527,0.26617493083881527,0.18099128831945904,0.18099128831945904,0.18099128831945904
387,416.0,0.11604818981926818,0.11604818981926818,0.11604818981926818,0.10575990972091256,0.10575990972091256,0.10575990972091256
388,468.0,0.7145817772127495,0.7145817772127495,0.7145817772127495,0.852500958491782,0.852500958491782,0.852500958491782
389,520.0,0.19938117028981694,0.19938117028981694,0.19938117028981694,0.21130169187257403,0.21130169187257403,0.21130169187257403
390,572.0,0.32285119737730206,0.32285119737730206,0.32285119737730206,0.34498064643371007,0.34498064643371007,0.34498064643371007
391,624.0,24.41034094344195,24.41034094344195,24.41034094344195,1026.0905497076722,1026.0905497076722,1026.0905497076722
392,676.0,0.2545775191412061,0.2545775191412061,0.2545775191412061,0.39732804630854496,0.39732804630854496,0.39732804630854496
393,728.0,0.10017152658662093,0.10017152658662093,0.10017152658662093,0.09356772358034532,0.09356772358034532,0.09356772358034532
394,780.0,0.30935402684563756,0.30935402684563756,0.30935402684563756,0.3906675357388181,0.3906675357388181,0.3906675357388181
395,832.0,0.2686512311650129,0.2686512311650129,0.2686512311650129,0.3162866409475838,0.3162866409475838,0.3162866409475838
396,884.0,0.07904865206634443,0.07904865206634443,0.07904865206634443,0.07751345282064344,0.07751345282064344,0.07751345282064344
397,936.0,0.15323089875815618,0.15323089875815618,0.15323089875815618,0.132276974469388,0.132276974469388,0.132276974469388
398,988.0,0.175103734439834,0.175103734439834,0.175103734439834,0.1444424166250581,0.1444424166250581,0.1444424166250581
399,1040.0,0.06842737094837935,0.06842737094837935,0.06842737094837935,0.0661460262376259,0.0661460262376259,0.0661460262376259
400,52.0,0.02290748898678414,0.02290748898678414,0.02290748898678414,0.0223827359351045,0.0223827359351045,0.0223827359351045
401,104.0,0.29850746268656714,0.29850746268656714,0.29850746268656714,0.2691022499443083,0.2691022499443083,0.2691022499443083
402,156.0,0.3201199007993941,0.3201199007993941,0.3201199007993941,0.3474711849106705,0.3474711849106705,0.3474711849106705
403,208.0,0.10979738196068951,0.10979738196068951,0.10979738196068951,0.2109115414063042,0.2109115414063042,0.2109115414063042
404,260.0,0.3348637874055666,0.3348637874055666,0.3348637874055666,0.3292572773366529,0.3292572773366529,0.3292572773366529
405,312.0,0.018688323167441886,0.018688323167441886,0.018688323167441886,0.018255643035626514,0.018255643035626514,0.018255643035626514
406,364.0,0.3969483013354663,0.3969483013354663,0.3969483013354663,0.3885335783497663,0.3885335783497663,0.3885335783497663
407,416.0,0.1182486005087317,0.1182486005087317,0.1182486005087317,0.12247348143787053,0.12247348143787053,0.12247348143787053
408,468.0,0.17436471189042382,0.17436471189042382,0.17436471189042382,0.1503817414602084,0.1503817414602084,0.1503817414602084
409,520.0,0.5053631713772225,0.5053631713772225,0.5053631713772225,0.5636686354845786,0.5636686354845786,0.5636686354845786
410,572.0,0.08053892215568863,0.08053892215568863,0.08053892215568863,0.0854296496826706,0.0854296496826706,0.0854296496826706
411,624.0,0.12516392522333405,0.12516392522333405,0.12516392522333405,1.7853043420115213,1.7853043420115213,1.7853043420115213
412,676.0,0.4423320659062104,0.4423320659062104,0.4423320659062104,0.48241585424427447,0.48241585424427447,0.48241585424427447
413,728.0,0.07577471160370956,0.07577471160370956,0.07577471160370956,0.08269972214719687,0.08269972214719687,0.08269972214719687
414,780.0,0.0196078431372549,0.0196078431372549,0.0196078431372549,0.019223375624759707,0.019223375624759707,0.019223375624759707
415,832.0,0.4138582675622116,0.4138582675622116,0.4138582675622116,0.6285578119600579,0.6285578119600579,0.6285578119600579
416,884.0,0.20061101104621468,0.20061101104621468,0.20061101104621468,0.2309726979455737,0.2309726979455737,0.2309726979455737
417,936.0,160.19989087117318,160.19989087117318,160.19989087117318,137.82943800976207,137.82943800976207,137.82943800976207
418,988.0,0.19116003605465895,0.19116003605465895,0.19116003605465895,0.18994145438951054,0.18994145438951054,0.18994145438951054
419,1040.0,0.07748868778280543,0.07748868778280543,0.07748868778280543,0.08619007340144552,0.08619007340144552,0.08619007340144552
420,52.0,4.272895683113612,4.272895683113612,4.272895683113612,5.446385940516256,5.446385940516256,5.446385940516256
421,104.0,0.057291666666666664,0.057291666666666664,0.057291666666666664,0.05921766493055556,0.05921766493055556,0.05921766493055556
422,156.0,0.024630541871921183,0.024630541871921183,0.024630541871921183,0.02402387827901673,0.02402387827901673,0.02402387827901673
423,208.0,0.11551155651749989,0.11551155651749989,0.11551155651749989,0.10826075490735709,0.10826075490735709,0.10826075490735709
424,260.0,14.392937000357591,14.392937000357591,14.392937000357591,68.42645459998693,68.42645459998693,68.42645459998693
425,312.0,5.2533640298758675,5.2533640298758675,5.2533640298758675,18.275264324956975,18.275264324956975,18.275264324956975
426,364.0,0.041025641025641026,0.041025641025641026,0.041025641025641026,0.03934253780407626,0.03934253780407626,0.03934253780407626
427,416.0,0.2272797677434486,0.2272797677434486,0.2272797677434486,0.31258122276373385,0.31258122276373385,0.31258122276373385
428,468.0,0.19919187483401735,0.19919187483401735,0.19919187483401735,0.5117371505320222,0.5117371505320222,0.5117371505320222
429,520.0,0.23204473727764954,0.23204473727764954,0.23204473727764954,0.358605998198799,0.358605998198799,0.358605998198799
430,572.0,0.004398826979472141,0.004398826979472141,0.004398826979472141,0.0043794773006768095,0.0043794773006768095,0.0043794773006768095
431,624.0,0.08263305322128851,0.08263305322128851,0.08263305322128851,0.0828076328570644,0.0828076328570644,0.0828076328570644
432,676.0,0.010101010101010102,0.010101010101010102,0.010101010101010102,0.009998979695949397,0.009998979695949397,0.009998979695949397
433,728.0,0.30317990477258294,0.30317990477258294,0.30317990477258294,0.3859257793771727,0.3859257793771727,0.3859257793771727
434,780.0,0.6451389026280623,0.6451389026280623,0.6451389026280623,1.8401365079280954,1.8401365079280954,1.8401365079280954
435,832.0,0.3684686004273792,0.3684686004273792,0.3684686004273792,0.5043575909383946,0.5043575909383946,0.5043575909383946
436,884.0,0.41426330656027904,0.41426330656027904,0.41426330656027904,0.46971441184595886,0.46971441184595886,0.46971441184595886
437,936.0,56.069104827984944,56.069104827984944,56.069104827984944,66.60799760096138,66.60799760096138,66.60799760096138
438,988.0,0.1268214833397568,0.1268214833397568,0.1268214833397568,0.12029147581877786,0.12029147581877786,0.12029147581877786
439,1040.0,0.1334610472541507,0.1334610472541507,0.1334610472541507,0.40385694409783895,0.40385694409783895,0.40385694409783895
440,52.0,0.5084987399077745,0.5084987399077745,0.5084987399077745,0.8270980812916955,0.8270980812916955,0.8270980812916955
441,104.0,0.3145724219613374,0.3145724219613374,0.3145724219613374,0.35818141177620305,0.35818141177620305,0.35818141177620305
442,156.0,0.3326919188774647,0.3326919188774647,0.3326919188774647,0.3947105110194719,0.3947105110194719,0.3947105110194719
443,208.0,0.5412487016502154,0.5412487016502154,0.5412487016502154,0.5237392768264164,0.5237392768264164,0.5237392768264164
444,260.0,0.1387606695440776,0.1387606695440776,0.1387606695440776,0.16463810203592436,0.16463810203592436,0.16463810203592436
445,312.0,0.01806451612903226,0.01806451612903226,0.01806451612903226,0.017738189386056192,0.017738189386056192,0.017738189386056192
446,364.0,13.017028464794718,13.017028464794718,13.017028464794718,41.8209355325033,41.8209355325033,41.8209355325033
447,416.0,0.06455112557634933,0.06455112557634933,0.06455112557634933,0.07014831356464032,0.07014831356464032,0.07014831356464032
448,468.0,0.8960949354285895,0.8960949354285895,0.8960949354285895,0.9776440353637399,0.9776440353637399,0.9776440353637399
449,520.0,0.10510328068043742,0.10510328068043742,0.10510328068043742,0.10620724935740239,0.10620724935740239,0.10620724935740239
450,572.0,47.98517165883033,47.98517165883033,47.98517165883033,75.56361305524865,75.56361305524865,75.56361305524865
451,624.0,0.4137070894994495,0.4137070894994495,0.4137070894994495,0.40733953575329396,0.40733953575329396,0.40733953575329396
452,676.0,0.0,0.0,0.0,0.0,0.0,0.0
453,728.0,0.17674627441585902,0.17674627441585902,0.17674627441585902,0.16729284428862554,0.16729284428862554,0.16729284428862554
454,780.0,0.2267014618086079,0.2267014618086079,0.2267014618086079,0.27754284402129564,0.27754284402129564,0.27754284402129564
455,832.0,126.09262449412746,126.09262449412746,126.09262449412746,201.92422943527043,201.92422943527043,201.92422943527043
456,884.0,0.22430580918441503,0.22430580918441503,0.22430580918441503,0.2130941091936317,0.2130941091936317,0.2130941091936317
457,936.0,0.049019607843137254,0.049019607843137254,0.049019607843137254,0.04661668589004231,0.04661668589004231,0.04661668589004231
458,988.0,0.12933591562346633,0.12933591562346633,0.12933591562346633,0.1403742882952095,0.1403742882952095,0.1403742882952095
459,1040.0,0.10855720350587211,0.10855720350587211,0.10855720350587211,0.11421969105094365,0.11421969105094365,0.11421969105094365
460,52.0,0.301962074034247,0.301962074034247,0.301962074034247,0.850737854917353,0.850737854917353,0.850737854917353
461,104.0,0.162534435261708,0.162534435261708,0.162534435261708,0.1981004636902458,0.1981004636902458,0.1981004636902458
462,156.0,0.037773511806321304,0.037773511806321304,0.037773511806321304,0.04062482103019295,0.04062482103019295,0.04062482103019295
463,208.0,2.792859560856232,2.792859560856232,2.792859560856232,25.749375638544358,25.749375638544358,25.749375638544358
464,260.0,0.6169124385002569,0.6169124385002569,0.6169124385002569,1.0003104332994472,1.0003104332994472,1.0003104332994472
465,312.0,0.10007704887795345,0.10007704887795345,0.10007704887795345,0.11401675999622837,0.11401675999622837,0.11401675999622837
466,364.0,0.3558813017422178,0.3558813017422178,0.3558813017422178,0.400119183621125,0.400119183621125,0.400119183621125
467,416.0,0.009104704097116844,0.009104704097116844,0.009104704097116844,0.009021808460420788,0.009021808460420788,0.009021808460420788
468,468.0,0.10546875,0.10546875,0.10546875,0.1060638427734375,0.1060638427734375,0.1060638427734375
469,520.0,0.17453885616148182,0.17453885616148182,0.17453885616148182,0.1730192642910073,0.1730192642910073,0.1730192642910073
470,572.0,0.38651620153344873,0.38651620153344873,0.38651620153344873,0.45697071208932616,0.45697071208932616,0.45697071208932616
471,624.0,0.2810677433071947,0.2810677433071947,0.2810677433071947,0.34795258097532805,0.34795258097532805,0.34795258097532805
472,676.0,0.32545103757471583,0.32545103757471583,0.32545103757471583,0.45860799965235016,0.45860799965235016,0.45860799965235016
473,728.0,119.50551151259418,119.50551151259418,119.50551151259418,288.58228037538936,288.58228037538936,288.58228037538936
474,780.0,0.16881401125035703,0.16881401125035703,0.16881401125035703,0.16173197791614993,0.16173197791614993,0.16173197791614993
475,832.0,0.0774736983560489,0.0774736983560489,0.0774736983560489,0.07268272617926413,0.07268272617926413,0.07268272617926413
476,884.0,0.18361882032791257,0.18361882032791257,0.18361882032791257,0.3441756790760396,0.3441756790760396,0.3441756790760396
477,936.0,1.7745834617629752,1.7745834617629752,1.7745834617629752,1.598701239566417,1.598701239566417,1.598701239566417
478,988.0,0.1732283464566929,0.1732283464566929,0.1732283464566929,0.15221916158118032,0.15221916158118032,0.15221916158118032
479,1040.0,0.22071335557638963,0.22071335557638963,0.22071335557638963,0.2198351253347551,0.2198351253347551,0.2198351253347551
480,52.0,0.16144992099997357,0.16144992099997357,0.16144992099997357,0.16182171814078392,0.16182171814078392,0.16182171814078392
481,104.0,0.01309328968903437,0.01309328968903437,0.01309328968903437,0.016195177876411986,0.016195177876411986,0.016195177876411986
482,156.0,0.0649128547293563,0.0649128547293563,0.0649128547293563,0.06411662065734783,0.06411662065734783,0.06411662065734783
483,208.0,0.07189728958630527,0.07189728958630527,0.07189728958630527,0.07129297661176918,0.07129297661176918,0.07129297661176918
484,260.0,0.1872884712444846,0.1872884712444846,0.1872884712444846,0.20047805501177948,0.20047805501177948,0.20047805501177948
485,312.0,0.5621732641692904,0.5621732641692904,0.5621732641692904,0.6476083998995447,0.6476083998995447,0.6476083998995447
486,364.0,0.2729179886180998,0.2729179886180998,0.2729179886180998,0.2565047670735151,0.2565047670735151,0.2565047670735151
487,416.0,0.013257575757575758,0.013257575757575758,0.013257575757575758,0.01402878213957759,0.01402878213957759,0.01402878213957759
488,468.0,77.32696839767651,77.32696839767651,77.32696839767651,81.73643321193865,81.73643321193865,81.73643321193865
489,520.0,0.24833559796675186,0.24833559796675186,0.24833559796675186,0.499281627342575,0.499281627342575,0.499281627342575
490,572.0,0.2522792191652781,0.2522792191652781,0.2522792191652781,0.29806097871316384,0.29806097871316384,0.29806097871316384
491,624.0,0.10159596020027498,0.10159596020027498,0.10159596020027498,0.10034372038419971,0.10034372038419971,0.10034372038419971
492,676.0,0.20293612163203423,0.20293612163203423,0.20293612163203423,0.18927265414155878,0.18927265414155878,0.18927265414155878
493,728.0,0.15666600818537585,0.15666600818537585,0.15666600818537585,0.13923448710620578,0.13923448710620578,0.13923448710620578
494,780.0,123.31843595983904,123.31843595983904,123.31843595983904,208.97864628490166,208.97864628490166,208.97864628490166
495,832.0,0.33015196026259336,0.33015196026259336,0.33015196026259336,0.4394946108607608,0.4394946108607608,0.4394946108607608
496,884.0,0.06491228070175438,0.06491228070175438,0.06491228070175438,0.06303785780240075,0.06303785780240075,0.06303785780240075
497,936.0,0.1806358215074371,0.1806358215074371,0.1806358215074371,0.2072234690945867,0.2072234690945867,0.2072234690945867
498,988.0,0.19797257006559332,0.19797257006559332,0.19797257006559332,0.1587794315672171,0.1587794315672171,0.1587794315672171
499,1040.0,0.15737704918032788,0.15737704918032788,0.15737704918032788,0.18506852996506315,0.18506852996506315,0.18506852996506315
500,52.0,3.2868083615163326,3.2868083615163326,3.2868083615163326,3.3726900444503594,3.3726900444503594,3.3726900444503594
501,104.0,0.20343224513203034,0.20343224513203034,0.20343224513203034,0.27794698234906046,0.27794698234906046,0.27794698234906046
502,156.0,0.00477326968973747,0.00477326968973747,0.00477326968973747,0.004750485586206504,0.004750485586206504,0.004750485586206504
503,208.0,0.011730205278592375,0.011730205278592375,0.011730205278592375,0.011592607562714461,0.011592607562714461,0.011592607562714461
504,260.0,0.19729034497265224,0.19729034497265224,0.19729034497265224,0.17295120938775396,0.17295120938775396,0.17295120938775396
505,312.0,15.946153846153846,15.946153846153846,15.946153846153846,17.6201775147929,17.6201775147929,17.6201775147929
506,364.0,0.2,0.2,0.2,0.16000000000000006,0.16000000000000006,0.16000000000000006
507,416.0,0.38116407649640854,0.38116407649640854,0.38116407649640854,0.3958484543279827,0.3958484543279827,0.3958484543279827
508,468.0,0.564115101780555,0.564115101780555,0.564115101780555,0.5490180130470669,0.5490180130470669,0.5490180130470669
509,520.0,0.5412720616717797,0.5412720616717797,0.5412720616717797,0.47678167786923215,0.47678167786923215,0.47678167786923215
510,572.0,0.05357093076892675,0.05357093076892675,0.05357093076892675,0.056110319546320474,0.056110319546320474,0.056110319546320474
511,624.0,0.2689969604863222,0.2689969604863222,0.2689969604863222,0.6951178388965363,0.6951178388965363,0.6951178388965363
512,676.0,0.20417961027958204,0.20417961027958204,0.20417961027958204,0.18734203382317485,0.18734203382317485,0.18734203382317485
513,728.0,0.06321480557288417,0.06321480557288417,0.06321480557288417,0.06212990208064945,0.06212990208064945,0.06212990208064945
514,780.0,0.14025819480166216,0.14025819480166216,0.14025819480166216,0.16625147317004946,0.16625147317004946,0.16625147317004946
515,832.0,0.1442516268980477,0.1442516268980477,0.1442516268980477,0.15815025338672412,0.15815025338672412,0.15815025338672412
516,884.0,0.3326762550832213,0.3326762550832213,0.3326762550832213,0.3994438185859878,0.3994438185859878,0.3994438185859878
517,936.0,0.11492890995260663,0.11492890995260663,0.11492890995260663,0.10551172480402504,0.10551172480402504,0.10551172480402504
518,988.0,0.0,0.0,0.0,0.0,0.0,0.0
519,1040.0,0.21710794474733505,0.21710794474733505,0.21710794474733505,0.25416440344862423,0.25416440344862423,0.25416440344862423
520,52.0,0.18455906082718804,0.18455906082718804,0.18455906082718804,0.16924974840006451,0.16924974840006451,0.16924974840006451
521,104.0,14.153421252791556,14.153421252791556,14.153421252791556,13.552210660630216,13.552210660630216,13.552210660630216
522,156.0,0.2355915760736895,0.2355915760736895,0.2355915760736895,0.4038632778525647,0.4038632778525647,0.4038632778525647
523,208.0,4.096197751473392,4.096197751473392,4.096197751473392,9.953260675919918,9.953260675919918,9.953260675919918
524,260.0,0.25282286882863303,0.25282286882863303,0.25282286882863303,0.2480128466399366,0.2480128466399366,0.2480128466399366
525,312.0,0.12671676600155482,0.12671676600155482,0.12671676600155482,0.11273270314206782,0.11273270314206782,0.11273270314206782
526,364.0,0.15626066189013987,0.15626066189013987,0.15626066189013987,0.13184326743579527,0.13184326743579527,0.13184326743579527
527,416.0,0.018461088906075805,0.018461088906075805,0.018461088906075805,0.017619474395263592,0.017619474395263592,0.017619474395263592
528,468.0,0.4943522391218423,0.4943522391218423,0.4943522391218423,0.5219476757202789,0.5219476757202789,0.5219476757202789
529,520.0,0.04058394160583942,0.04058394160583942,0.04058394160583942,0.04068871010709148,0.04068871010709148,0.04068871010709148
530,572.0,0.019572865931351754,0.019572865931351754,0.019572865931351754,0.020569363487537455,0.020569363487537455,0.020569363487537455
531,624.0,0.0304,0.0304,0.0304,0.031075839999999993,0.031075839999999993,0.031075839999999993
532,676.0,0.19949968730456535,0.19949968730456535,0.19949968730456535,0.175959724671572,0.175959724671572,0.175959724671572
533,728.0,0.5138004246284501,0.5138004246284501,0.5138004246284501,0.5215717563480151,0.5215717563480151,0.5215717563480151
534,780.0,0.2063135073044005,0.2063135073044005,0.2063135073044005,0.21654414840743086,0.21654414840743086,0.21654414840743086
535,832.0,1.3670309018791915,1.3670309018791915,1.3670309018791915,2.168685274637907,2.168685274637907,2.168685274637907
536,884.0,0.20529071369523286,0.20529071369523286,0.20529071369523286,0.23920044593470693,0.23920044593470693,0.23920044593470693
537,936.0,0.16543816543816545,0.16543816543816545,0.16543816543816545,0.14216338294962375,0.14216338294962375,0.14216338294962375
538,988.0,0.08275862068965517,0.08275862068965517,0.08275862068965517,0.0936436215389842,0.0936436215389842,0.0936436215389842
539,1040.0,0.26564659098637605,0.26564659098637605,0.26564659098637605,0.2936840865174082,0.2936840865174082,0.2936840865174082
540,52.0,0.1865342777127561,0.1865342777127561,0.1865342777127561,0.20676958111880833,0.20676958111880833,0.20676958111880833
541,104.0,0.16695957820738136,0.16695957820738136,0.16695957820738136,0.45367107217978686,0.45367107217978686,0.45367107217978686
542,156.0,0.2655000351708926,0.2655000351708926,0.2655000351708926,0.2632422213270117,0.2632422213270117,0.2632422213270117
543,208.0,0.19947605849835784,0.19947605849835784,0.19947605849835784,0.13985893416340864,0.13985893416340864,0.13985893416340864
544,260.0,0.2812490702385187,0.2812490702385187,0.2812490702385187,0.2955972623894865,0.2955972623894865,0.2955972623894865
545,312.0,0.15318697093574943,0.15318697093574943,0.15318697093574943,0.1456275556968707,0.1456275556968707,0.1456275556968707
546,364.0,0.04849340866290019,0.04849340866290019,0.04849340866290019,0.047083417564840524,0.047083417564840524,0.047083417564840524
547,416.0,0.10100475938656796,0.10100475938656796,0.10100475938656796,0.10878270278009812,0.10878270278009812,0.10878270278009812
548,468.0,0.26062575163748664,0.26062575163748664,0.26062575163748664,0.32995177269091136,0.32995177269091136,0.32995177269091136
549,520.0,0.1382488479262673,0.1382488479262673,0.1382488479262673,0.16291490581664503,0.16291490581664503,0.16291490581664503
550,572.0,0.06036967659170463,0.06036967659170463,0.06036967659170463,0.052751876224303176,0.052751876224303176,0.052751876224303176
551,624.0,0.4629760234563168,0.4629760234563168,0.4629760234563168,0.5426732061640384,0.5426732061640384,0.5426732061640384
552,676.0,0.07141790558748795,0.07141790558748795,0.07141790558748795,0.08154560376810252,0.08154560376810252,0.08154560376810252
553,728.0,0.3370613758613117,0.3370613758613117,0.3370613758613117,1.0200776291423919,1.0200776291423919,1.0200776291423919
554,780.0,0.18614541426102393,0.18614541426102393,0.18614541426102393,0.22865400031912764,0.22865400031912764,0.22865400031912764
555,832.0,0.4521366380759191,0.4521366380759191,0.4521366380759191,0.7931755428384603,0.7931755428384603,0.7931755428384603
556,884.0,0.31164338760472643,0.31164338760472643,0.31164338760472643,0.38800636419756224,0.38800636419756224,0.38800636419756224
557,936.0,0.33176470588235296,0.33176470588235296,0.33176470588235296,1.0640498269896195,1.0640498269896195,1.0640498269896195
558,988.0,0.02507598784194529,0.02507598784194529,0.02507598784194529,0.02596693951460168,0.02596693951460168,0.02596693951460168
559,1040.0,0.5773591593272676,0.5773591593272676,0.5773591593272676,1.36824184231777,1.36824184231777,1.36824184231777
560,52.0,0.17069322426114072,0.17069322426114072,0.17069322426114072,0.20950106000570967,0.20950106000570967,0.20950106000570967
561,104.0,0.07819469955392286,0.07819469955392286,0.07819469955392286,0.07260508515689607,0.07260508515689607,0.07260508515689607
562,156.0,0.2686580745682408,0.2686580745682408,0.2686580745682408,0.33005753614934835,0.33005753614934835,0.33005753614934835
563,208.0,0.12930011862396204,0.12930011862396204,0.12930011862396204,0.11969903567021131,0.11969903567021131,0.11969903567021131
564,260.0,0.6491530873888113,0.6491530873888113,0.6491530873888113,0.7038075333129138,0.7038075333129138,0.7038075333129138
565,312.0,0.2857142857142857,0.2857142857142857,0.2857142857142857,0.20408163265306123,0.20408163265306123,0.20408163265306123
566,364.0,0.11910377358490566,0.11910377358490566,0.11910377358490566,0.12771680684110595,0.12771680684110595,0.12771680684110595
567,416.0,0.47278280514858445,0.47278280514858445,0.47278280514858445,0.9338110933375563,0.9338110933375563,0.9338110933375563
568,468.0,0.12236340344840128,0.12236340344840128,0.12236340344840128,0.1422432218237248,0.1422432218237248,0.1422432218237248
569,520.0,0.1981062244150074,0.1981062244150074,0.1981062244150074,0.2134954524436222,0.2134954524436222,0.2134954524436222
570,572.0,0.13614262560777957,0.13614262560777957,0.13614262560777957,0.12084930218629904,0.12084930218629904,0.12084930218629904
571,624.0,0.24836601307189543,0.24836601307189543,0.24836601307189543,0.37622282028279724,0.37622282028279724,0.37622282028279724
572,676.0,0.21329822251481237,0.21329822251481237,0.21329822251481237,0.2718178906551684,0.2718178906551684,0.2718178906551684
573,728.0,0.1636085626911315,0.1636085626911315,0.1636085626911315,0.17353804861169564,0.17353804861169564,0.17353804861169564
574,780.0,0.7495648134231648,0.7495648134231648,0.7495648134231648,2.807943263112816,2.807943263112816,2.807943263112816
575,832.0,0.10348856695992525,0.10348856695992525,0.10348856695992525,0.10265286396837096,0.10265286396837096,0.10265286396837096
576,884.0,0.14021739130434782,0.14021739130434782,0.14021739130434782,0.12925212665406424,0.12925212665406424,0.12925212665406424
577,936.0,0.575003393430811,0.575003393430811,0.575003393430811,0.5782763764330822,0.5782763764330822,0.5782763764330822
578,988.0,0.8120466812751546,0.8120466812751546,0.8120466812751546,0.7196548252984558,0.7196548252984558,0.7196548252984558
579,1040.0,0.24910616661333815,0.24910616661333815,0.24910616661333815,0.2660953732242047,0.2660953732242047,0.2660953732242047
580,52.0,0.3202574279883925,0.3202574279883925,0.3202574279883925,0.3687643953972198,0.3687643953972198,0.3687643953972198
581,104.0,0.07017543859649122,0.07017543859649122,0.07017543859649122,0.08965969462175653,0.08965969462175653,0.08965969462175653
582,156.0,0.6524530620292704,0.6524530620292704,0.6524530620292704,0.7692287821446888,0.7692287821446888,0.7692287821446888
583,208.0,0.36567138979975705,0.36567138979975705,0.36567138979975705,0.4160387941660639,0.4160387941660639,0.4160387941660639
584,260.0,0.3403123679586273,0.3403123679586273,0.3403123679586273,0.3704812674408863,0.3704812674408863,0.3704812674408863
585,312.0,0.2389262818806846,0.2389262818806846,0.2389262818806846,0.24301829599445965,0.24301829599445965,0.24301829599445965
586,364.0,0.20821114369501467,0.20821114369501467,0.20821114369501467,0.24403814896672713,0.24403814896672713,0.24403814896672713
587,416.0,0.03064066852367688,0.03064066852367688,0.03064066852367688,0.029701817956099035,0.029701817956099035,0.029701817956099035
588,468.0,0.1798141374641959,0.1798141374641959,0.1798141374641959,0.1542082087234596,0.1542082087234596,0.1542082087234596
589,520.0,0.07822923011769206,0.07822923011769206,0.07822923011769206,0.08518098617499345,0.08518098617499345,0.08518098617499345
590,572.0,0.24660247319096143,0.24660247319096143,0.24660247319096143,0.48482182155593306,0.48482182155593306,0.48482182155593306
591,624.0,0.3919651744151212,0.3919651744151212,0.3919651744151212,0.43674449330959875,0.43674449330959875,0.43674449330959875
592,676.0,0.8123185591373763,0.8123185591373763,0.8123185591373763,0.709397591650598,0.709397591650598,0.709397591650598
593,728.0,0.3694340909696048,0.3694340909696048,0.3694340909696048,0.3689263528231751,0.3689263528231751,0.3689263528231751
594,780.0,0.579777279746581,0.579777279746581,0.579777279746581,0.5514623958665327,0.5514623958665327,0.5514623958665327
595,832.0,2.8338647810016107,2.8338647810016107,2.8338647810016107,62.067174862056184,62.067174862056184,62.067174862056184
596,884.0,0.028980891719745223,0.028980891719745223,0.028980891719745223,0.02814099963487362,0.02814099963487362,0.02814099963487362
597,936.0,0.07583033213285315,0.07583033213285315,0.07583033213285315,0.07088041298952555,0.07088041298952555,0.07088041298952555
598,988.0,0.11464968152866242,0.11464968152866242,0.11464968152866242,0.1015051320540387,0.1015051320540387,0.1015051320540387
599,1040.0,0.3871785637899206,0.3871785637899206,0.3871785637899206,0.36047692529196385,0.36047692529196385,0.36047692529196385
600,52.0,0.26510893597406676,0.26510893597406676,0.26510893597406676,0.260474577752772,0.260474577752772,0.260474577752772
601,104.0,0.06191050643164831,0.06191050643164831,0.06191050643164831,0.05982611387835404,0.05982611387835404,0.05982611387835404
602,156.0,0.4064388114535746,0.4064388114535746,0.4064388114535746,0.44974837186925126,0.44974837186925126,0.44974837186925126
603,208.0,0.3170941588546785,0.3170941588546785,0.3170941588546785,0.763239656819749,0.763239656819749,0.763239656819749
604,260.0,0.13957063081571516,0.13957063081571516,0.13957063081571516,0.1396589745588196,0.1396589745588196,0.1396589745588196
605,312.0,0.15093446445144457,0.15093446445144457,0.15093446445144457,0.16441373648259067,0.16441373648259067,0.16441373648259067
606,364.0,0.033112582781456956,0.033112582781456956,0.033112582781456956,0.03201613964299811,0.03201613964299811,0.03201613964299811
607,416.0,0.1702127659574468,0.1702127659574468,0.1702127659574468,0.14124038026256222,0.14124038026256222,0.14124038026256222
608,468.0,0.22780944888789934,0.22780944888789934,0.22780944888789934,0.30526631737048265,0.30526631737048265,0.30526631737048265
609,520.0,0.0030341146335123464,0.0030341146335123464,0.0030341146335123464,0.0025250851684466454,0.0025250851684466454,0.0025250851684466454
610,572.0,0.16709807305148117,0.16709807305148117,0.16709807305148117,0.14895485175642492,0.14895485175642492,0.14895485175642492
611,624.0,0.3360522167238572,0.3360522167238572,0.3360522167238572,0.4084694162729185,0.4084694162729185,0.4084694162729185
612,676.0,0.10454115421002838,0.10454115421002838,0.10454115421002838,0.10307303922402257,0.10307303922402257,0.10307303922402257
613,728.0,0.04190604934099358,0.04190604934099358,0.04190604934099358,0.040149932369623796,0.040149932369623796,0.040149932369623796
614,780.0,0.1561946902654867,0.1561946902654867,0.1561946902654867,0.14241737802490403,0.14241737802490403,0.14241737802490403
615,832.0,0.4048212189618775,0.4048212189618775,0.4048212189618775,0.2983089237260892,0.2983089237260892,0.2983089237260892
616,884.0,0.1394983780815064,0.1394983780815064,0.1394983780815064,0.13397422041275422,0.13397422041275422,0.13397422041275422
617,936.0,0.034383954154727794,0.034383954154727794,0.034383954154727794,0.03893235687720135,0.03893235687720135,0.03893235687720135
618,988.0,0.0,0.0,0.0,0.0,0.0,0.0
619,1040.0,0.06289370123243439,0.06289370123243439,0.06289370123243439,0.06434806774780026,0.06434806774780026,0.06434806774780026
620,52.0,0.4303355313741829,0.4303355313741829,0.4303355313741829,1.0094721935426796,1.0094721935426796,1.0094721935426796
621,104.0,0.19586067642604746,0.19586067642604746,0.19586067642604746,0.15951845408717494,0.15951845408717494,0.15951845408717494
622,156.0,0.21151885651534785,0.21151885651534785,0.21151885651534785,0.1798278666420748,0.1798278666420748,0.1798278666420748
623,208.0,0.1809476641205941,0.1809476641205941,0.1809476641205941,0.21526100166928655,0.21526100166928655,0.21526100166928655
624,260.0,1.620409444423349,1.620409444423349,1.620409444423349,15.401280558090985,15.401280558090985,15.401280558090985
625,312.0,0.33209153764481636,0.33209153764481636,0.33209153764481636,0.29905747911021213,0.29905747911021213,0.29905747911021213
626,364.0,0.1296826391913259,0.1296826391913259,0.1296826391913259,0.09955676870555447,0.09955676870555447,0.09955676870555447
627,416.0,0.11522633744855967,0.11522633744855967,0.11522633744855967,0.11292316550661315,0.11292316550661315,0.11292316550661315
628,468.0,0.48648500094037944,0.48648500094037944,0.48648500094037944,4.9227344176584715,4.9227344176584715,4.9227344176584715
629,520.0,0.18245818965693084,0.18245818965693084,0.18245818965693084,0.16523507191035322,0.16523507191035322,0.16523507191035322
630,572.0,0.3083309726278935,0.3083309726278935,0.3083309726278935,0.32933726290165044,0.32933726290165044,0.32933726290165044
631,624.0,0.2663921072361261,0.2663921072361261,0.2663921072361261,0.28145588536180427,0.28145588536180427,0.28145588536180427
632,676.0,0.37032587545027146,0.37032587545027146,0.37032587545027146,0.47059737673221025,0.47059737673221025,0.47059737673221025
633,728.0,0.30115615114768757,0.30115615114768757,0.30115615114768757,0.38852196406026257,0.38852196406026257,0.38852196406026257
634,780.0,0.08622129341894177,0.08622129341894177,0.08622129341894177,0.09983697140892088,0.09983697140892088,0.09983697140892088
635,832.0,0.5059889535414076,0.5059889535414076,0.5059889535414076,0.33727278424844837,0.33727278424844837,0.33727278424844837
636,884.0,0.10902566933480541,0.10902566933480541,0.10902566933480541,0.10376341722681531,0.10376341722681531,0.10376341722681531
637,936.0,0.11300639658848614,0.11300639658848614,0.11300639658848614,0.1151613240529003,0.1151613240529003,0.1151613240529003
638,988.0,0.059574468085106386,0.059574468085106386,0.059574468085106386,0.07020974800060359,0.07020974800060359,0.07020974800060359
639,1040.0,0.17971163748712668,0.17971163748712668,0.17971163748712668,0.16543802189340515,0.16543802189340515,0.16543802189340515
640,52.0,0.2262389807119532,0.2262389807119532,0.2262389807119532,0.2578804892685841,0.2578804892685841,0.2578804892685841
641,104.0,0.19088456739287557,0.19088456739287557,0.19088456739287557,0.22600487225976076,0.22600487225976076,0.22600487225976076
642,156.0,0.008620689655172414,0.008620689655172414,0.008620689655172414,0.008546373365041616,0.008546373365041616,0.008546373365041616
643,208.0,0.1175,0.1175,0.1175,0.12869375,0.12869375,0.12869375
644,260.0,0.1504812844688469,0.1504812844688469,0.1504812844688469,0.20517186187998612,0.20517186187998612,0.20517186187998612
645,312.0,0.21466470730231504,0.21466470730231504,0.21466470730231504,0.23244058513729263,0.23244058513729263,0.23244058513729263
646,364.0,0.03661242246150106,0.03661242246150106,0.03661242246150106,0.035939399309724784,0.035939399309724784,0.035939399309724784
647,416.0,1.5552233976918939,1.5552233976918939,1.5552233976918939,3.775081224961847,3.775081224961847,3.775081224961847
648,468.0,0.18323261513399625,0.18323261513399625,0.18323261513399625,0.34528456579814376,0.34528456579814376,0.34528456579814376
649,520.0,0.08549964198774473,0.08549964198774473,0.08549964198774473,0.060805208972992165,0.060805208972992165,0.060805208972992165
650,572.0,0.3941937296582889,0.3941937296582889,0.3941937296582889,0.4130577759141615,0.4130577759141615,0.4130577759141615
651,624.0,0.5752941305083322,0.5752941305083322,0.5752941305083322,2.2056259141100307,2.2056259141100307,2.2056259141100307
652,676.0,0.19790126101723549,0.19790126101723549,0.19790126101723549,0.2458962077654718,0.2458962077654718,0.2458962077654718
653,728.0,0.6458151673608714,0.6458151673608714,0.6458151673608714,1.2431571345825703,1.2431571345825703,1.2431571345825703
654,780.0,0.1845689372845866,0.1845689372845866,0.1845689372845866,0.14587868277511673,0.14587868277511673,0.14587868277511673
655,832.0,0.3152899062266721,0.3152899062266721,0.3152899062266721,0.5315559990167718,0.5315559990167718,0.5315559990167718
656,884.0,84.90092322849006,84.90092322849006,84.90092322849006,460.79310358261563,460.79310358261563,460.79310358261563
657,936.0,0.44525900419153147,0.44525900419153147,0.44525900419153147,0.7283898759842627,0.7283898759842627,0.7283898759842627
658,988.0,0.0234375,0.0234375,0.0234375,0.02288818359375,0.02288818359375,0.02288818359375
659,1040.0,0.06297093649085038,0.06297093649085038,0.06297093649085038,0.07945769667953204,0.07945769667953204,0.07945769667953204
660,52.0,0.1725488251468009,0.1725488251468009,0.1725488251468009,0.16202563861728972,0.16202563861728972,0.16202563861728972
661,104.0,0.2562604300866821,0.2562604300866821,0.2562604300866821,0.24671799886901014,0.24671799886901014,0.24671799886901014
662,156.0,0.5356587930745834,0.5356587930745834,0.5356587930745834,0.6452152484196607,0.6452152484196607,0.6452152484196607
663,208.0,0.07713211761138196,0.07713211761138196,0.07713211761138196,0.07861230113746225,0.07861230113746225,0.07861230113746225
664,260.0,0.5960305984271738,0.5960305984271738,0.5960305984271738,0.750402377279378,0.750402377279378,0.750402377279378
665,312.0,0.18028095733610822,0.18028095733610822,0.18028095733610822,0.14830002512124793,0.14830002512124793,0.14830002512124793
666,364.0,0.4179448022093273,0.4179448022093273,0.4179448022093273,0.4408045453831068,0.4408045453831068,0.4408045453831068
667,416.0,0.27682096487118935,0.27682096487118935,0.27682096487118935,0.2898524401242956,0.2898524401242956,0.2898524401242956
668,468.0,0.3189845474613687,0.3189845474613687,0.3189845474613687,0.32319367084289685,0.32319367084289685,0.32319367084289685
669,520.0,0.17814438404489655,0.17814438404489655,0.17814438404489655,0.1740098187851877,0.1740098187851877,0.1740098187851877
670,572.0,0.19096774193548388,0.19096774193548388,0.19096774193548388,0.1648216441207076,0.1648216441207076,0.1648216441207076
671,624.0,0.22323784851715714,0.22323784851715714,0.22323784851715714,0.2012359307324242,0.2012359307324242,0.2012359307324242
672,676.0,0.13855002186966497,0.13855002186966497,0.13855002186966497,0.15457332898289447,0.15457332898289447,0.15457332898289447
673,728.0,0.03770619780491199,0.03770619780491199,0.03770619780491199,0.03217867263217626,0.03217867263217626,0.03217867263217626
674,780.0,0.20359350725807862,0.20359350725807862,0.20359350725807862,0.18933816728369246,0.18933816728369246,0.18933816728369246
675,832.0,0.28242980303626986,0.28242980303626986,0.28242980303626986,0.34003340240589774,0.34003340240589774,0.34003340240589774
676,884.0,0.1676618861515173,0.1676618861515173,0.1676618861515173,0.16764293440090333,0.16764293440090333,0.16764293440090333
677,936.0,0.22661467985984785,0.22661467985984785,0.22661467985984785,0.2677960020896488,0.2677960020896488,0.2677960020896488
678,988.0,0.12318840579710146,0.12318840579710146,0.12318840579710146,0.10801302247427012,0.10801302247427012,0.10801302247427012
679,1040.0,1.5291494663644998,1.5291494663644998,1.5291494663644998,3.516795206060759,3.516795206060759,3.516795206060759
680,52.0,0.11530815109343936,0.11530815109343936,0.11530815109343936,0.12586904023177042,0.12586904023177042,0.12586904023177042
681,104.0,0.10646572678658241,0.10646572678658241,0.10646572678658241,0.09804764503341686,0.09804764503341686,0.09804764503341686
682,156.0,1.8012626310048332,1.8012626310048332,1.8012626310048332,1.5421241093159115,1.5421241093159115,1.5421241093159115
683,208.0,0.3099245502031341,0.3099245502031341,0.3099245502031341,0.2765526930885237,0.2765526930885237,0.2765526930885237
684,260.0,16.412470901450614,16.412470901450614,16.412470901450614,32.568110067104215,32.568110067104215,32.568110067104215
685,312.0,0.1357504215851602,0.1357504215851602,0.1357504215851602,0.11900858526542096,0.11900858526542096,0.11900858526542096
686,364.0,0.0870008332291743,0.0870008332291743,0.0870008332291743,0.07875920899379306,0.07875920899379306,0.07875920899379306
687,416.0,0.19292579919105549,0.19292579919105549,0.19292579919105549,0.20880744712661525,0.20880744712661525,0.20880744712661525
688,468.0,0.0873067695343389,0.0873067695343389,0.0873067695343389,0.08954537368487772,0.08954537368487772,0.08954537368487772
689,520.0,0.3900013424214699,0.3900013424214699,0.3900013424214699,0.6663373171907077,0.6663373171907077,0.6663373171907077
690,572.0,0.12310450885135735,0.12310450885135735,0.12310450885135735,0.13003611321281294,0.13003611321281294,0.13003611321281294
691,624.0,0.07936507936507936,0.07936507936507936,0.07936507936507936,0.1048122952884858,0.1048122952884858,0.1048122952884858
692,676.0,7.32608056649469,7.32608056649469,7.32608056649469,57.369380905711346,57.369380905711346,57.369380905711346
693,728.0,0.13225695637238064,0.13225695637238064,0.13225695637238064,0.13262833108781638,0.13262833108781638,0.13262833108781638
694,780.0,0.08368794326241134,0.08368794326241134,0.08368794326241134,0.08008852673406772,0.08008852673406772,0.08008852673406772
695,832.0,0.3821138211382114,0.3821138211382114,0.3821138211382114,0.4556150439553176,0.4556150439553176,0.4556150439553176
696,884.0,141.86899808208602,141.86899808208602,141.86899808208602,169.27341056019674,169.27341056019674,169.27341056019674
697,936.0,0.23472544470224285,0.23472544470224285,0.23472544470224285,0.2469147931422036,0.2469147931422036,0.2469147931422036
698,988.0,0.05783758135216263,0.05783758135216263,0.05783758135216263,0.06564199744284469,0.06564199744284469,0.06564199744284469
699,1040.0,0.6997323086130798,0.6997323086130798,0.6997323086130798,4.617325236691012,4.617325236691012,4.617325236691012
700,52.0,0.2821808962553754,0.2821808962553754,0.2821808962553754,0.2980865179148176,0.2980865179148176,0.2980865179148176
701,104.0,0.29557509480914673,0.29557509480914673,0.29557509480914673,0.42809839919481535,0.42809839919481535,0.42809839919481535
702,156.0,0.8505955258169621,0.8505955258169621,0.8505955258169621,1.5399322741847743,1.5399322741847743,1.5399322741847743
703,208.0,0.05639476334340383,0.05639476334340383,0.05639476334340383,0.05623554204709907,0.05623554204709907,0.05623554204709907
704,260.0,0.12953605879650895,0.12953605879650895,0.12953605879650895,0.1642034136055969,0.1642034136055969,0.1642034136055969
705,312.0,0.21425528190042284,0.21425528190042284,0.21425528190042284,0.21018818633688124,0.21018818633688124,0.21018818633688124
706,364.0,0.030042918454935622,0.030042918454935622,0.030042918454935622,0.0291403415056457,0.0291403415056457,0.0291403415056457
707,416.0,0.03023758099352052,0.03023758099352052,0.03023758099352052,0.02932326968918081,0.02932326968918081,0.02932326968918081
708,468.0,0.06526315789473684,0.06526315789473684,0.06526315789473684,0.061003878116343495,0.061003878116343495,0.061003878116343495
709,520.0,0.18095238095238095,0.18095238095238095,0.18095238095238095,0.1736054421768707,0.1736054421768707,0.1736054421768707
710,572.0,0.048756392022888166,0.048756392022888166,0.048756392022888166,0.05175778775742412,0.05175778775742412,0.05175778775742412
711,624.0,87.19058396704068,87.19058396704068,87.19058396704068,85.53291495897192,85.53291495897192,85.53291495897192
712,676.0,0.4962750225677975,0.4962750225677975,0.4962750225677975,0.6330265925335261,0.6330265925335261,0.6330265925335261
713,728.0,0.08207831325301204,0.08207831325301204,0.08207831325301204,0.12202821073450427,0.12202821073450427,0.12202821073450427
714,780.0,0.2260091454583161,0.2260091454583161,0.2260091454583161,0.27896696660086073,0.27896696660086073,0.27896696660086073
715,832.0,0.12174284696197729,0.12174284696197729,0.12174284696197729,0.12080862251642141,0.12080862251642141,0.12080862251642141
716,884.0,0.11510565173554817,0.11510565173554817,0.11510565173554817,0.20533729157237673,0.20533729157237673,0.20533729157237673
717,936.0,0.12195121951219512,0.12195121951219512,0.12195121951219512,0.10707911957168353,0.10707911957168353,0.10707911957168353
718,988.0,0.23743331437266357,0.23743331437266357,0.23743331437266357,0.2585836927389313,0.2585836927389313,0.2585836927389313
719,1040.0,0.136507520892465,0.136507520892465,0.136507520892465,0.14709720414203425,0.14709720414203425,0.14709720414203425
720,52.0,0.14285714285714285,0.14285714285714285,0.14285714285714285,0.12244897959183672,0.12244897959183672,0.12244897959183672
721,104.0,0.30246401604743833,0.30246401604743833,0.30246401604743833,0.27469316334699606,0.27469316334699606,0.27469316334699606
722,156.0,0.07555238774055595,0.07555238774055595,0.07555238774055595,0.08409939194547474,0.08409939194547474,0.08409939194547474
723,208.0,0.023738131752952023,0.023738131752952023,0.023738131752952023,0.021334424081098986,0.021334424081098986,0.021334424081098986
724,260.0,0.40158613918256475,0.40158613918256475,0.40158613918256475,0.3989604685489674,0.3989604685489674,0.3989604685489674
725,312.0,0.060995559710212664,0.060995559710212664,0.060995559710212664,0.07082967023034224,0.07082967023034224,0.07082967023034224
726,364.0,0.18060980269223476,0.18060980269223476,0.18060980269223476,0.23616630407208256,0.23616630407208256,0.23616630407208256
727,416.0,0.02037617554858934,0.02037617554858934,0.02037617554858934,0.019960987018602407,0.019960987018602407,0.019960987018602407
728,468.0,0.040242976461655276,0.040242976461655276,0.040242976461655276,0.038623479307161944,0.038623479307161944,0.038623479307161944
729,520.0,0.08613966678482808,0.08613966678482808,0.08613966678482808,0.08155549839464261,0.08155549839464261,0.08155549839464261
730,572.0,0.21659608390380014,0.21659608390380014,0.21659608390380014,0.2345949523773101,0.2345949523773101,0.2345949523773101
731,624.0,0.11301989150090416,0.11301989150090416,0.11301989150090416,0.10989075970077183,0.10989075970077183,0.10989075970077183
732,676.0,0.09550561797752809,0.09550561797752809,0.09550561797752809,0.10618097763028958,0.10618097763028958,0.10618097763028958
733,728.0,0.5057932434184951,0.5057932434184951,0.5057932434184951,0.7485159994883982,0.7485159994883982,0.7485159994883982
734,780.0,0.2579389125625354,0.2579389125625354,0.2579389125625354,0.26601931716126914,0.26601931716126914,0.26601931716126914
735,832.0,0.056862745098039215,0.056862745098039215,0.056862745098039215,0.06147251057285659,0.06147251057285659,0.06147251057285659
736,884.0,0.08409090909090909,0.08409090909090909,0.08409090909090909,0.08611053719008262,0.08611053719008262,0.08611053719008262
737,936.0,0.14625803966342438,0.14625803966342438,0.14625803966342438,0.13606773073936243,0.13606773073936243,0.13606773073936243
738,988.0,0.29951605252221597,0.29951605252221597,0.29951605252221597,0.34508513344356867,0.34508513344356867,0.34508513344356867
739,1040.0,0.04170444242973708,0.04170444242973708,0.04170444242973708,0.04087180022505176,0.04087180022505176,0.04087180022505176
740,52.0,0.04189122978931896,0.04189122978931896,0.04189122978931896,0.04895556092749302,0.04895556092749302,0.04895556092749302
741,104.0,0.08972515233334782,0.08972515233334782,0.08972515233334782,0.08291052820582977,0.08291052820582977,0.08291052820582977
742,156.0,0.5470058781564967,0.5470058781564967,0.5470058781564967,0.6877964094838963,0.6877964094838963,0.6877964094838963
743,208.0,0.23095340694768732,0.23095340694768732,0.23095340694768732,0.20131182811125028,0.20131182811125028,0.20131182811125028
744,260.0,0.14997431946584489,0.14997431946584489,0.14997431946584489,0.17062532034718708,0.17062532034718708,0.17062532034718708
745,312.0,0.24884148814257787,0.24884148814257787,0.24884148814257787,0.22471169934332744,0.22471169934332744,0.22471169934332744
746,364.0,0.2603495114026062,0.2603495114026062,0.2603495114026062,0.2541179333647384,0.2541179333647384,0.2541179333647384
747,416.0,0.21419522079514317,0.21419522079514317,0.21419522079514317,0.22731362528262986,0.22731362528262986,0.22731362528262986
748,468.0,1.2896576242315152,1.2896576242315152,1.2896576242315152,4.0214399525931235,4.0214399525931235,4.0214399525931235
749,520.0,0.20399373531714957,0.20399373531714957,0.20399373531714957,0.18039125446349455,0.18039125446349455,0.18039125446349455
750,572.0,0.22526429926809433,0.22526429926809433,0.22526429926809433,0.1913270174324244,0.1913270174324244,0.1913270174324244
751,624.0,0.4444444444444444,0.4444444444444444,0.4444444444444444,0.49382716049382713,0.49382716049382713,0.49382716049382713
752,676.0,0.15257295354334344,0.15257295354334344,0.15257295354334344,0.14538630190617985,0.14538630190617985,0.14538630190617985
753,728.0,0.19013128371203356,0.19013128371203356,0.19013128371203356,0.20465934744740147,0.20465934744740147,0.20465934744740147
754,780.0,0.07315233785822021,0.07315233785822021,0.07315233785822021,0.08439232520946656,0.08439232520946656,0.08439232520946656
755,832.0,0.1477832512315271,0.1477832512315271,0.1477832512315271,0.2303768594239122,0.2303768594239122,0.2303768594239122
756,884.0,0.18954918032786885,0.18954918032786885,0.18954918032786885,0.1884563541386724,0.1884563541386724,0.1884563541386724
757,936.0,0.8017879860139894,0.8017879860139894,0.8017879860139894,0.7082735451609897,0.7082735451609897,0.7082735451609897
758,988.0,0.1381005831869503,0.1381005831869503,0.1381005831869503,0.14670763923988198,0.14670763923988198,0.14670763923988198
759,1040.0,0.21342176560296117,0.21342176560296117,0.21342176560296117,0.23086105645023564,0.23086105645023564,0.23086105645023564
760,52.0,0.14604090484525173,0.14604090484525173,0.14604090484525173,0.152474005357602,0.152474005357602,0.152474005357602
761,104.0,0.43401499849099034,0.43401499849099034,0.43401499849099034,0.4300348456469414,0.4300348456469414,0.4300348456469414
762,156.0,0.2645794710592191,0.2645794710592191,0.2645794710592191,0.3371373988846387,0.3371373988846387,0.3371373988846387
763,208.0,0.059653217360042775,0.059653217360042775,0.059653217360042775,0.07506451625432822,0.07506451625432822,0.07506451625432822
764,260.0,0.15928275603625872,0.15928275603625872,0.15928275603625872,0.15594020363771444,0.15594020363771444,0.15594020363771444
765,312.0,0.10220635950681375,0.10220635950681375,0.10220635950681375,0.1144727439180252,0.1144727439180252,0.1144727439180252
766,364.0,0.05666567253206084,0.05666567253206084,0.05666567253206084,0.06359484706797151,0.06359484706797151,0.06359484706797151
767,416.0,0.8113384192692743,0.8113384192692743,0.8113384192692743,0.9292057167615559,0.9292057167615559,0.9292057167615559
768,468.0,0.6238895526215799,0.6238895526215799,0.6238895526215799,0.6238828256094399,0.6238828256094399,0.6238828256094399
769,520.0,0.09965586970420486,0.09965586970420486,0.09965586970420486,0.10825996842527102,0.10825996842527102,0.10825996842527102
770,572.0,0.3163636305243643,0.3163636305243643,0.3163636305243643,0.8154280014923921,0.8154280014923921,0.8154280014923921
771,624.0,38.031053897694086,38.031053897694086,38.031053897694086,57.58327054956782,57.58327054956782,57.58327054956782
772,676.0,0.1084520834383512,0.1084520834383512,0.1084520834383512,0.10471315724993537,0.10471315724993537,0.10471315724993537
773,728.0,0.2018274986998764,0.2018274986998764,0.2018274986998764,0.24430290339375002,0.24430290339375002,0.24430290339375002
774,780.0,0.08794788273615635,0.08794788273615635,0.08794788273615635,0.08347038164861167,0.08347038164861167,0.08347038164861167
775,832.0,0.06963391914207823,0.06963391914207823,0.06963391914207823,0.054124934671238155,0.054124934671238155,0.054124934671238155
776,884.0,157.87488094238205,157.87488094238205,157.87488094238205,146.84732381386436,146.84732381386436,146.84732381386436
777,936.0,0.003032345013477089,0.003032345013477089,0.003032345013477089,0.003023149897196329,0.003023149897196329,0.003023149897196329
778,988.0,0.013322231473771857,0.013322231473771857,0.013322231473771857,0.013144749622331095,0.013144749622331095,0.013144749622331095
779,1040.0,0.5979514697525413,0.5979514697525413,0.5979514697525413,0.7065745837743751,0.7065745837743751,0.7065745837743751
780,52.0,8.758995173619834,8.758995173619834,8.758995173619834,7.637709755779465,7.637709755779465,7.637709755779465
781,104.0,0.20292626487956916,0.20292626487956916,0.20292626487956916,0.1899830161656164,0.1899830161656164,0.1899830161656164
782,156.0,0.3699125075960106,0.3699125075960106,0.3699125075960106,0.570825688870986,0.570825688870986,0.570825688870986
783,208.0,0.04564564564564565,0.04564564564564565,0.04564564564564565,0.0453639224810396,0.0453639224810396,0.0453639224810396
784,260.0,0.5401455136305979,0.5401455136305979,0.5401455136305979,0.6299754839849321,0.6299754839849321,0.6299754839849321
785,312.0,0.21129894354751114,0.21129894354751114,0.21129894354751114,0.2528146320380172,0.2528146320380172,0.2528146320380172
786,364.0,0.6133036534599686,0.6133036534599686,0.6133036534599686,0.693993315275201,0.693993315275201,0.693993315275201
787,416.0,0.12976313079299692,0.12976313079299692,0.12976313079299692,0.13249211691048646,0.13249211691048646,0.13249211691048646
788,468.0,0.15078407720144751,0.15078407720144751,0.15078407720144751,0.13890469282245968,0.13890469282245968,0.13890469282245968
789,520.0,0.13410019211952764,0.13410019211952764,0.13410019211952764,0.12434227552472886,0.12434227552472886,0.12434227552472886
790,572.0,0.0032095369096744614,0.0032095369096744614,0.0032095369096744614,0.003199235782499899,0.003199235782499899,0.003199235782499899
791,624.0,0.7233497067717002,0.7233497067717002,0.7233497067717002,0.7646987625657289,0.7646987625657289,0.7646987625657289
792,676.0,0.6613833799654115,0.6613833799654115,0.6613833799654115,0.7147036762568577,0.7147036762568577,0.7147036762568577
793,728.0,0.09856604326587962,0.09856604326587962,0.09856604326587962,0.13640396089920748,0.13640396089920748,0.13640396089920748
794,780.0,0.11907243355914539,0.11907243355914539,0.11907243355914539,0.12209064561320233,0.12209064561320233,0.12209064561320233
795,832.0,0.0639106035832513,0.0639106035832513,0.0639106035832513,0.06054982044276082,0.06054982044276082,0.06054982044276082
796,884.0,0.8920793576537309,0.8920793576537309,0.8920793576537309,0.9038647318411209,0.9038647318411209,0.9038647318411209
797,936.0,158.49970365492402,158.49970365492402,158.49970365492402,136.4487428412041,136.4487428412041,136.4487428412041
798,988.0,0.072812291249165,0.072812291249165,0.072812291249165,0.07419068821231865,0.07419068821231865,0.07419068821231865
799,1040.0,125.12394732379258,125.12394732379258,125.12394732379258,113.48994751310151,113.48994751310151,113.48994751310151
800,52.0,0.3857763549050995,0.3857763549050995,0.3857763549050995,0.39016585622572547,0.39016585622572547,0.39016585622572547
801,104.0,0.7543442603155979,0.7543442603155979,0.7543442603155979,0.8103994072886768,0.8103994072886768,0.8103994072886768
802,156.0,14.36983752402807,14.36983752402807,14.36983752402807,42.02291948561164,42.02291948561164,42.02291948561164
803,208.0,0.19904580556275714,0.19904580556275714,0.19904580556275714,0.34587658711515823,0.34587658711515823,0.34587658711515823
804,260.0,0.570988137326667,0.570988137326667,0.570988137326667,0.5929067290634489,0.5929067290634489,0.5929067290634489
805,312.0,0.05406280349627711,0.05406280349627711,0.05406280349627711,0.05243493422341266,0.05243493422341266,0.05243493422341266
806,364.0,4.122562133540832,4.122562133540832,4.122562133540832,51.55924748391175,51.55924748391175,51.55924748391175
807,416.0,0.19546599496221662,0.19546599496221662,0.19546599496221662,0.1985688634532292,0.1985688634532292,0.1985688634532292
808,468.0,0.0914311968757179,0.0914311968757179,0.0914311968757179,0.08536879936675035,0.08536879936675035,0.08536879936675035
809,520.0,0.43058589307762546,0.43058589307762546,0.43058589307762546,0.4371520962015466,0.4371520962015466,0.4371520962015466
810,572.0,0.06757359500446031,0.06757359500446031,0.06757359500446031,0.07460419284425704,0.07460419284425704,0.07460419284425704
811,624.0,0.566160747582877,0.566160747582877,0.566160747582877,0.9886313439737074,0.9886313439737074,0.9886313439737074
812,676.0,1.7097341839851334,1.7097341839851334,1.7097341839851334,23.99143617397895,23.99143617397895,23.99143617397895
813,728.0,0.26819580367200324,0.26819580367200324,0.26819580367200324,0.3706596955692738,0.3706596955692738,0.3706596955692738
814,780.0,0.3204011628333859,0.3204011628333859,0.3204011628333859,0.3500488601229142,0.3500488601229142,0.3500488601229142
815,832.0,0.1757476444080295,0.1757476444080295,0.1757476444080295,0.22597470731214886,0.22597470731214886,0.22597470731214886
816,884.0,0.15835520559930008,0.15835520559930008,0.15835520559930008,0.15427620978698747,0.15427620978698747,0.15427620978698747
817,936.0,0.23624503921146708,0.23624503921146708,0.23624503921146708,0.2062245523362871,0.2062245523362871,0.2062245523362871
818,988.0,1.0074798424870313,1.0074798424870313,1.0074798424870313,2.9775870469147825,2.9775870469147825,2.9775870469147825
819,1040.0,0.15034168564920272,0.15034168564920272,0.15034168564920272,0.15279601081355954,0.15279601081355954,0.15279601081355954
820,52.0,0.13521333208115102,0.13521333208115102,0.13521333208115102,0.16039780882712798,0.16039780882712798,0.16039780882712798
821,104.0,0.1900626297463975,0.1900626297463975,0.1900626297463975,0.1640357559020277,0.1640357559020277,0.1640357559020277
822,156.0,0.1430533271768399,0.1430533271768399,0.1430533271768399,0.14093902416807738,0.14093902416807738,0.14093902416807738
823,208.0,0.10038845117981039,0.10038845117981039,0.10038845117981039,0.1000084732575112,0.1000084732575112,0.1000084732575112
824,260.0,0.17297919468197603,0.17297919468197603,0.17297919468197603,0.2913443918089053,0.2913443918089053,0.2913443918089053
825,312.0,0.35179300784864304,0.35179300784864304,0.35179300784864304,0.32436447416606734,0.32436447416606734,0.32436447416606734
826,364.0,0.14939138302174346,0.14939138302174346,0.14939138302174346,0.1444218036844949,0.1444218036844949,0.1444218036844949
827,416.0,0.026578073089700997,0.026578073089700997,0.026578073089700997,0.027405029491099187,0.027405029491099187,0.027405029491099187
828,468.0,0.33717788969184054,0.33717788969184054,0.33717788969184054,0.4290525358315302,0.4290525358315302,0.4290525358315302
829,520.0,0.40702649322467715,0.40702649322467715,0.40702649322467715,0.7355565001449766,0.7355565001449766,0.7355565001449766
830,572.0,1.92549436883409,1.92549436883409,1.92549436883409,1.650181665576395,1.650181665576395,1.650181665576395
831,624.0,0.24136959418239265,0.24136959418239265,0.24136959418239265,0.22006258462702177,0.22006258462702177,0.22006258462702177
832,676.0,0.14533111674694965,0.14533111674694965,0.14533111674694965,0.17139798627309052,0.17139798627309052,0.17139798627309052
833,728.0,0.3462188817457084,0.3462188817457084,0.3462188817457084,0.3416665234315548,0.3416665234315548,0.3416665234315548
834,780.0,0.3372222832357897,0.3372222832357897,0.3372222832357897,0.5645954868249526,0.5645954868249526,0.5645954868249526
835,832.0,0.5500611601070319,0.5500611601070319,0.5500611601070319,1.4216857737218198,1.4216857737218198,1.4216857737218198
836,884.0,16.76393104244141,16.76393104244141,16.76393104244141,117.43437387414708,117.43437387414708,117.43437387414708
837,936.0,0.016888782952223912,0.016888782952223912,0.016888782952223912,0.0145968951092333,0.0145968951092333,0.0145968951092333
838,988.0,0.32043427253457357,0.32043427253457357,0.32043427253457357,0.3336558494829136,0.3336558494829136,0.3336558494829136
839,1040.0,0.0790273556231003,0.0790273556231003,0.0790273556231003,0.09101911475318963,0.09101911475318963,0.09101911475318963
840,52.0,0.004241281809613572,0.004241281809613572,0.004241281809613572,0.004223293338225013,0.004223293338225013,0.004223293338225013
841,104.0,0.35233018288949225,0.35233018288949225,0.35233018288949225,0.40304720667106353,0.40304720667106353,0.40304720667106353
842,156.0,0.5681079622877689,0.5681079622877689,0.5681079622877689,0.6901310801025677,0.6901310801025677,0.6901310801025677
843,208.0,0.44906336439889966,0.44906336439889966,0.44906336439889966,0.5489616242486117,0.5489616242486117,0.5489616242486117
844,260.0,0.3540264861606023,0.3540264861606023,0.3540264861606023,0.4678141932088504,0.4678141932088504,0.4678141932088504
845,312.0,0.20400500625782228,0.20400500625782228,0.20400500625782228,0.1949276395243742,0.1949276395243742,0.1949276395243742
846,364.0,0.2358490566037736,0.2358490566037736,0.2358490566037736,0.27456390174439305,0.27456390174439305,0.27456390174439305
847,416.0,0.23475980828447415,0.23475980828447415,0.23475980828447415,0.22333751775176577,0.22333751775176577,0.22333751775176577
848,468.0,0.47193965634050206,0.47193965634050206,0.47193965634050206,0.4828322072401591,0.4828322072401591,0.4828322072401591
849,520.0,1.0362658381042968,1.0362658381042968,1.0362658381042968,0.9167081420323606,0.9167081420323606,0.9167081420323606
850,572.0,0.031231409875074362,0.031231409875074362,0.031231409875074362,0.030256008912289478,0.030256008912289478,0.030256008912289478
851,624.0,0.18364116094986807,0.18364116094986807,0.18364116094986807,0.22485112189416673,0.22485112189416673,0.22485112189416673
852,676.0,0.2274068014172614,0.2274068014172614,0.2274068014172614,0.19352842690181318,0.19352842690181318,0.19352842690181318
853,728.0,86.46303530588419,86.46303530588419,86.46303530588419,326.19015085431414,326.19015085431414,326.19015085431414
854,780.0,0.19930587637175845,0.19930587637175845,0.19930587637175845,0.21464898305556926,0.21464898305556926,0.21464898305556926
855,832.0,0.10735335824783968,0.10735335824783968,0.10735335824783968,0.11114765367675604,0.11114765367675604,0.11114765367675604
856,884.0,0.0763239875389408,0.0763239875389408,0.0763239875389408,0.07112168942459798,0.07112168942459798,0.07112168942459798
857,936.0,0.10037174721189591,0.10037174721189591,0.10037174721189591,0.09029725957352716,0.09029725957352716,0.09029725957352716
858,988.0,0.05946017042014625,0.05946017042014625,0.05946017042014625,0.05872629930825867,0.05872629930825867,0.05872629930825867
859,1040.0,0.08108108108108109,0.08108108108108109,0.08108108108108109,0.07450693937180422,0.07450693937180422,0.07450693937180422
860,52.0,0.06978367912013474,0.06978367912013474,0.06978367912013474,0.074561868757653,0.074561868757653,0.074561868757653
861,104.0,0.22908722025436998,0.22908722025436998,0.22908722025436998,0.34439176074983,0.34439176074983,0.34439176074983
862,156.0,0.41451312094389386,0.41451312094389386,0.41451312094389386,1.2887306873126836,1.2887306873126836,1.2887306873126836
863,208.0,0.14605978260869565,0.14605978260869565,0.14605978260869565,0.14646545294777882,0.14646545294777882,0.14646545294777882
864,260.0,0.0814111261872456,0.0814111261872456,0.0814111261872456,0.07478335472016998,0.07478335472016998,0.07478335472016998
865,312.0,0.11493197571391327,0.11493197571391327,0.11493197571391327,0.10710927450455211,0.10710927450455211,0.10710927450455211
866,364.0,0.1458860759493671,0.1458860759493671,0.1458860759493671,0.1315653541099183,0.1315653541099183,0.1315653541099183
867,416.0,0.06354889236965765,0.06354889236965765,0.06354889236965765,0.0711461433356494,0.0711461433356494,0.0711461433356494
868,468.0,0.39361702127659576,0.39361702127659576,0.39361702127659576,0.3876188320507019,0.3876188320507019,0.3876188320507019
869,520.0,0.01159240436996221,0.01159240436996221,0.01159240436996221,0.010172761273666835,0.010172761273666835,0.010172761273666835
870,572.0,0.09478260869565218,0.09478260869565218,0.09478260869565218,0.0918858223062382,0.0918858223062382,0.0918858223062382
871,624.0,0.7065388691471159,0.7065388691471159,0.7065388691471159,0.7494613166885192,0.7494613166885192,0.7494613166885192
872,676.0,0.13319544984488108,0.13319544984488108,0.13319544984488108,0.13489599385726922,0.13489599385726922,0.13489599385726922
873,728.0,0.13288686011261358,0.13288686011261358,0.13288686011261358,0.12556156930713283,0.12556156930713283,0.12556156930713283
874,780.0,0.3930960223754094,0.3930960223754094,0.3930960223754094,0.8499654325749998,0.8499654325749998,0.8499654325749998
875,832.0,0.3847290640394089,0.3847290640394089,0.3847290640394089,0.39237763595331115,0.39237763595331115,0.39237763595331115
876,884.0,11.571917513975121,11.571917513975121,11.571917513975121,25.499350285198794,25.499350285198794,25.499350285198794
877,936.0,0.09663341645885287,0.09663341645885287,0.09663341645885287,0.10101111000553477,0.10101111000553477,0.10101111000553477
878,988.0,0.7123820514063557,0.7123820514063557,0.7123820514063557,0.7209688433849338,0.7209688433849338,0.7209688433849338
879,1040.0,0.10774592174248614,0.10774592174248614,0.10774592174248614,0.10972787420704454,0.10972787420704454,0.10972787420704454
880,52.0,0.1282051282051282,0.1282051282051282,0.1282051282051282,0.21775147928994082,0.21775147928994082,0.21775147928994082
881,104.0,8.259696050531648,8.259696050531648,8.259696050531648,9.87896373428869,9.87896373428869,9.87896373428869
882,156.0,0.13106382978723405,0.13106382978723405,0.13106382978723405,0.1240988682661838,0.1240988682661838,0.1240988682661838
883,208.0,0.27702453974721636,0.27702453974721636,0.27702453974721636,0.2727428562259017,0.2727428562259017,0.2727428562259017
884,260.0,0.29940707092442825,0.29940707092442825,0.29940707092442825,0.37039222436254565,0.37039222436254565,0.37039222436254565
885,312.0,0.3224208139567414,0.3224208139567414,0.3224208139567414,0.5670004193050102,0.5670004193050102,0.5670004193050102
886,364.0,0.12054138159367317,0.12054138159367317,0.12054138159367317,0.11845643843069566,0.11845643843069566,0.11845643843069566
887,416.0,0.33022822543083374,0.33022822543083374,0.33022822543083374,0.3157280801907493,0.3157280801907493,0.3157280801907493
888,468.0,0.29593618718114006,0.29593618718114006,0.29593618718114006,0.31254160463971825,0.31254160463971825,0.31254160463971825
889,520.0,0.13781512605042018,0.13781512605042018,0.13781512605042018,0.13352799943506813,0.13352799943506813,0.13352799943506813
890,572.0,0.040997706422018346,0.040997706422018346,0.040997706422018346,0.04046368348097803,0.04046368348097803,0.04046368348097803
891,624.0,0.9840278633229137,0.9840278633229137,0.9840278633229137,1.340504592456842,1.340504592456842,1.340504592456842
892,676.0,0.68317413624886,0.68317413624886,0.68317413624886,0.6898206924635563,0.6898206924635563,0.6898206924635563
893,728.0,0.1258741258741259,0.1258741258741259,0.1258741258741259,0.15198787226759256,0.15198787226759256,0.15198787226759256
894,780.0,0.05903105407986143,0.05903105407986143,0.05903105407986143,0.07551151164984678,0.07551151164984678,0.07551151164984678
895,832.0,0.28344874681331333,0.28344874681331333,0.28344874681331333,0.28211761769445276,0.28211761769445276,0.28211761769445276
896,884.0,159.13865699344592,159.13865699344592,159.13865699344592,144.0150747520848,144.0150747520848,144.0150747520848
897,936.0,0.03216958994954668,0.03216958994954668,0.03216958994954668,0.027591789753018306,0.027591789753018306,0.027591789753018306
898,988.0,0.0254297994269341,0.0254297994269341,0.0254297994269341,0.026215789484486992,0.026215789484486992,0.026215789484486992
899,1040.0,0.2917486652483795,0.2917486652483795,0.2917486652483795,0.8726341236316331,0.8726341236316331,0.8726341236316331
900,52.0,1.7337401742417435,1.7337401742417435,1.7337401742417435,3.2740452928007837,3.2740452928007837,3.2740452928007837
901,104.0,0.27753684518065525,0.27753684518065525,0.27753684518065525,0.33185402946786946,0.33185402946786946,0.33185402946786946
902,156.0,0.12805413026488247,0.12805413026488247,0.12805413026488247,0.23366303465350444,0.23366303465350444,0.23366303465350444
903,208.0,0.14675324675324675,0.14675324675324675,0.14675324675324675,0.13950244560634173,0.13950244560634173,0.13950244560634173
904,260.0,0.09289617486338798,0.09289617486338798,0.09289617486338798,0.09792767774493119,0.09792767774493119,0.09792767774493119
905,312.0,0.2534401200729176,0.2534401200729176,0.2534401200729176,0.2984748208021795,0.2984748208021795,0.2984748208021795
906,364.0,0.04567660238636202,0.04567660238636202,0.04567660238636202,0.043508687258263144,0.043508687258263144,0.043508687258263144
907,416.0,0.3320470021730014,0.3320470021730014,0.3320470021730014,0.3291863062728226,0.3291863062728226,0.3291863062728226
908,468.0,39.521552462158915,39.521552462158915,39.521552462158915,134.50221068306482,134.50221068306482,134.50221068306482
909,520.0,0.23533289386947923,0.23533289386947923,0.23533289386947923,0.19445363011772968,0.19445363011772968,0.19445363011772968
910,572.0,0.041578576462297394,0.041578576462297394,0.041578576462297394,0.044078128251391444,0.044078128251391444,0.044078128251391444
911,624.0,0.02054794520547945,0.02054794520547945,0.02054794520547945,0.020125727153312064,0.020125727153312064,0.020125727153312064
912,676.0,0.2551514459712939,0.2551514459712939,0.2551514459712939,0.29641746447262196,0.29641746447262196,0.29641746447262196
913,728.0,0.25153320923121203,0.25153320923121203,0.25153320923121203,0.4249437363267033,0.4249437363267033,0.4249437363267033
914,780.0,0.422680412371134,0.422680412371134,0.422680412371134,0.441959825698799,0.441959825698799,0.441959825698799
915,832.0,1.3819539952807103,1.3819539952807103,1.3819539952807103,5.17809026750829,5.17809026750829,5.17809026750829
916,884.0,0.09171597633136094,0.09171597633136094,0.09171597633136094,0.0833041560169462,0.0833041560169462,0.0833041560169462
917,936.0,0.36533813603603293,0.36533813603603293,0.36533813603603293,0.49721563517012424,0.49721563517012424,0.49721563517012424
918,988.0,0.16751503933364184,0.16751503933364184,0.16751503933364184,0.13945375093069023,0.13945375093069023,0.13945375093069023
919,1040.0,0.34609375231995826,0.34609375231995826,0.34609375231995826,0.3549485028986436,0.3549485028986436,0.3549485028986436
920,52.0,4.2612487208367265,4.2612487208367265,4.2612487208367265,4.637549906293832,4.637549906293832,4.637549906293832
921,104.0,0.1394736842105263,0.1394736842105263,0.1394736842105263,0.1568628808864266,0.1568628808864266,0.1568628808864266
922,156.0,0.23098349813387986,0.23098349813387986,0.23098349813387986,0.25614389987211705,0.25614389987211705,0.25614389987211705
923,208.0,0.44700854700854703,0.44700854700854703,0.44700854700854703,0.604456863174812,0.604456863174812,0.604456863174812
924,260.0,0.345733575812518,0.345733575812518,0.345733575812518,0.4183774464095124,0.4183774464095124,0.4183774464095124
925,312.0,0.3079100540820113,0.3079100540820113,0.3079100540820113,0.3459476844633491,0.3459476844633491,0.3459476844633491
926,364.0,0.11980136561142148,0.11980136561142148,0.11980136561142148,0.13151976190999107,0.13151976190999107,0.13151976190999107
927,416.0,0.011229946524064172,0.011229946524064172,0.011229946524064172,0.011103834825130835,0.011103834825130835,0.011103834825130835
928,468.0,0.4195692025664528,0.4195692025664528,0.4195692025664528,0.4589296035978059,0.4589296035978059,0.4589296035978059
929,520.0,0.18898773743688388,0.18898773743688388,0.18898773743688388,0.1532713725353713,0.1532713725353713,0.1532713725353713
930,572.0,0.15123077111541883,0.15123077111541883,0.15123077111541883,0.18475537520009555,0.18475537520009555,0.18475537520009555
931,624.0,0.07483838886126305,0.07483838886126305,0.07483838886126305,0.06923760441391341,0.06923760441391341,0.06923760441391341
932,676.0,32.245266366577816,32.245266366577816,32.245266366577816,221.2033321586136,221.2033321586136,221.2033321586136
933,728.0,0.04383457639919516,0.04383457639919516,0.04383457639919516,0.044558327597469374,0.044558327597469374,0.044558327597469374
934,780.0,0.32744525511282335,0.32744525511282335,0.32744525511282335,0.32797484438109586,0.32797484438109586,0.32797484438109586
935,832.0,0.05112881806108898,0.05112881806108898,0.05112881806108898,0.06533626450373806,0.06533626450373806,0.06533626450373806
936,884.0,0.014936519790888723,0.014936519790888723,0.014936519790888723,0.01670495613954361,0.01670495613954361,0.01670495613954361
937,936.0,0.01756756756756757,0.01756756756756757,0.01756756756756757,0.019961650840029217,0.019961650840029217,0.019961650840029217
938,988.0,57.246210018451556,57.246210018451556,57.246210018451556,55.83293978746787,55.83293978746787,55.83293978746787
939,1040.0,0.07063848784636655,0.07063848784636655,0.07063848784636655,0.07131640229550211,0.07131640229550211,0.07131640229550211
940,52.0,0.16068892502576154,0.16068892502576154,0.16068892502576154,0.16333551549924283,0.16333551549924283,0.16333551549924283
941,104.0,0.06878505455726261,0.06878505455726261,0.06878505455726261,0.07209684468572525,0.07209684468572525,0.07209684468572525
942,156.0,0.5252068999907817,0.5252068999907817,0.5252068999907817,0.9211684005258526,0.9211684005258526,0.9211684005258526
943,208.0,5.392304471987567,5.392304471987567,5.392304471987567,46.156733256302324,46.156733256302324,46.156733256302324
944,260.0,0.04384074955007964,0.04384074955007964,0.04384074955007964,0.047331468355331904,0.047331468355331904,0.047331468355331904
945,312.0,0.3788001609974257,0.3788001609974257,0.3788001609974257,0.3770154533876318,0.3770154533876318,0.3770154533876318
946,364.0,0.027574681428869856,0.027574681428869856,0.027574681428869856,0.027649914779901644,0.027649914779901644,0.027649914779901644
947,416.0,0.31635533696696994,0.31635533696696994,0.31635533696696994,0.49845671399183505,0.49845671399183505,0.49845671399183505
948,468.0,0.009038619556285949,0.009038619556285949,0.009038619556285949,0.010600308286672846,0.010600308286672846,0.010600308286672846
949,520.0,0.22141725152818656,0.22141725152818656,0.22141725152818656,0.30370249671845906,0.30370249671845906,0.30370249671845906
950,572.0,0.10749659588210136,0.10749659588210136,0.10749659588210136,0.09971375642264481,0.09971375642264481,0.09971375642264481
951,624.0,0.3019419618714614,0.3019419618714614,0.3019419618714614,0.3196744857976214,0.3196744857976214,0.3196744857976214
952,676.0,0.25267447784004077,0.25267447784004077,0.25267447784004077,0.22754633672508393,0.22754633672508393,0.22754633672508393
953,728.0,0.5804554574021209,0.5804554574021209,0.5804554574021209,0.6213100496617733,0.6213100496617733,0.6213100496617733
954,780.0,0.4,0.4,0.4,0.3733333333333334,0.3733333333333334,0.3733333333333334
955,832.0,0.36716850256647765,0.36716850256647765,0.36716850256647765,0.37819030987997704,0.37819030987997704,0.37819030987997704
956,884.0,0.042506412605349944,0.042506412605349944,0.042506412605349944,0.04509683258987885,0.04509683258987885,0.04509683258987885
957,936.0,0.051118210862619806,0.051118210862619806,0.051118210862619806,0.04850513938082454,0.04850513938082454,0.04850513938082454
958,988.0,12.902771428204185,12.902771428204185,12.902771428204185,36.68817347634277,36.68817347634277,36.68817347634277
959,1040.0,0.14003190181688205,0.14003190181688205,0.14003190181688205,0.15132837963309256,0.15132837963309256,0.15132837963309256
960,52.0,0.16264776201316702,0.16264776201316702,0.16264776201316702,0.17503688492070568,0.17503688492070568,0.17503688492070568
961,104.0,0.8660788055013096,0.8660788055013096,0.8660788055013096,0.6814484413043641,0.6814484413043641,0.6814484413043641
962,156.0,0.25185531965690644,0.25185531965690644,0.25185531965690644,0.2947045518514698,0.2947045518514698,0.2947045518514698
963,208.0,0.2635012465361986,0.2635012465361986,0.2635012465361986,0.2541179776685943,0.2541179776685943,0.2541179776685943
964,260.0,0.39251650564109564,0.39251650564109564,0.39251650564109564,0.590017746386616,0.590017746386616,0.590017746386616
965,312.0,0.3744154453482015,0.3744154453482015,0.3744154453482015,0.50189433753282,0.50189433753282,0.50189433753282
966,364.0,0.10038542870287975,0.10038542870287975,0.10038542870287975,0.10336124377716731,0.10336124377716731,0.10336124377716731
967,416.0,35.64502064993871,35.64502064993871,35.64502064993871,515.0425435807465,515.0425435807465,515.0425435807465
968,468.0,0.22488771597973997,0.22488771597973997,0.22488771597973997,0.523563860953209,0.523563860953209,0.523563860953209
969,520.0,0.3440015109813587,0.3440015109813587,0.3440015109813587,1.698798838864949,1.698798838864949,1.698798838864949
970,572.0,0.3260025940155345,0.3260025940155345,0.3260025940155345,0.3469546436355327,0.3469546436355327,0.3469546436355327
971,624.0,0.11458687521251275,0.11458687521251275,0.11458687521251275,0.10281680484644108,0.10281680484644108,0.10281680484644108
972,676.0,0.07250538406317301,0.07250538406317301,0.07250538406317301,0.0672483533450248,0.0672483533450248,0.0672483533450248
973,728.0,0.30422861044604654,0.30422861044604654,0.30422861044604654,0.3024489732387876,0.3024489732387876,0.3024489732387876
974,780.0,0.1233787828400399,0.1233787828400399,0.1233787828400399,0.10948668824953282,0.10948668824953282,0.10948668824953282
975,832.0,0.707214244742682,0.707214244742682,0.707214244742682,0.7479751189486384,0.7479751189486384,0.7479751189486384
976,884.0,1.3820375789054122,1.3820375789054122,1.3820375789054122,3.4764255207259915,3.4764255207259915,3.4764255207259915
977,936.0,0.8528137219492363,0.8528137219492363,0.8528137219492363,0.9690790802426573,0.9690790802426573,0.9690790802426573
978,988.0,0.8106579752251244,0.8106579752251244,0.8106579752251244,0.8327634956557372,0.8327634956557372,0.8327634956557372
979,1040.0,0.01847715736040609,0.01847715736040609,0.01847715736040609,0.01894793475740163,0.01894793475740163,0.01894793475740163
980,52.0,0.012287528158918698,0.012287528158918698,0.012287528158918698,0.01213654481066248,0.01213654481066248,0.01213654481066248
981,104.0,0.12250249109978305,0.12250249109978305,0.12250249109978305,0.11869628166145338,0.11869628166145338,0.11869628166145338
982,156.0,0.2131879028259792,0.2131879028259792,0.2131879028259792,0.31548299543124886,0.31548299543124886,0.31548299543124886
983,208.0,1.0262483991798188,1.0262483991798188,1.0262483991798188,5.988427836659835,5.988427836659835,5.988427836659835
984,260.0,0.1822947046418712,0.1822947046418712,0.1822947046418712,0.32593654290781887,0.32593654290781887,0.32593654290781887
985,312.0,0.09604102718993586,0.09604102718993586,0.09604102718993586,0.20273529610890295,0.20273529610890295,0.20273529610890295
986,364.0,65.58195488721805,65.58195488721805,65.58195488721805,52.55606535134829,52.55606535134829,52.55606535134829
987,416.0,0.2756349952963311,0.2756349952963311,0.2756349952963311,0.2586129943977814,0.2586129943977814,0.2586129943977814
988,468.0,0.2528417266307805,0.2528417266307805,0.2528417266307805,0.27684512526416405,0.27684512526416405,0.27684512526416405
989,520.0,0.22074814196655088,0.22074814196655088,0.22074814196655088,0.19120336978966976,0.19120336978966976,0.19120336978966976
990,572.0,2.9925536122462497,2.9925536122462497,2.9925536122462497,2.420392772371844,2.420392772371844,2.420392772371844
991,624.0,0.20715725806451613,0.20715725806451613,0.20715725806451613,0.17230764462473988,0.17230764462473988,0.17230764462473988
992,676.0,0.3387125140010791,0.3387125140010791,0.3387125140010791,0.4299003247868009,0.4299003247868009,0.4299003247868009
993,728.0,0.021002210759027265,0.021002210759027265,0.021002210759027265,0.022034957253771352,0.022034957253771352,0.022034957253771352
994,780.0,0.13492159348668673,0.13492159348668673,0.13492159348668673,0.1370777343231218,0.1370777343231218,0.1370777343231218
995,832.0,4.329554282544513,4.329554282544513,4.329554282544513,306.31435366501285,306.31435366501285,306.31435366501285
996,884.0,0.015461573442473852,0.015461573442473852,0.015461573442473852,0.016132017509302356,0.016132017509302356,0.016132017509302356
997,936.0,0.11915204678362573,0.11915204678362573,0.11915204678362573,0.10641682483499196,0.10641682483499196,0.10641682483499196
998,988.0,0.18433783131906062,0.18433783131906062,0.18433783131906062,0.18192135468137774,0.18192135468137774,0.18192135468137774
999,1040.0,0.09367438931317054,0.09367438931317054,0.09367438931317054,0.0921073269130371,0.0921073269130371,0.0921073269130371
