,time,meanH,meanB,meanC,varH,varB,varC
0,52.0,0.20412688020864167,0.20412688020864167,0.20412688020864167,0.2333175623590039,0.2333175623590039,0.2333175623590039
1,104.0,0.5333333333333333,0.5333333333333333,0.5333333333333333,0.5488888888888892,0.5488888888888892,0.5488888888888892
2,156.0,15.402192294286401,15.402192294286401,15.402192294286401,16.347429797630607,16.347429797630607,16.347429797630607
3,208.0,1.6320877556884978,1.6320877556884978,1.6320877556884978,10.072969913459444,10.072969913459444,10.072969913459444
4,260.0,0.005877843087145413,0.005877843087145413,0.005877843087145413,0.005843294047788308,0.005843294047788308,0.005843294047788308
5,312.0,0.07007874015748032,0.07007874015748032,0.07007874015748032,0.08957715915431831,0.08957715915431831,0.08957715915431831
6,364.0,0.08136996690597119,0.08136996690597119,0.08136996690597119,0.08009973031628068,0.08009973031628068,0.08009973031628068
7,416.0,0.17458592431533967,0.17458592431533967,0.17458592431533967,0.16784227214326788,0.16784227214326788,0.16784227214326788
8,468.0,0.18777292576419213,0.18777292576419213,0.18777292576419213,0.2608111973455884,0.2608111973455884,0.2608111973455884
9,520.0,0.12577716181338777,0.12577716181338777,0.12577716181338777,0.1332608258459439,0.1332608258459439,0.1332608258459439
10,572.0,0.18937013951495354,0.18937013951495354,0.18937013951495354,0.20517514280198482,0.20517514280198482,0.20517514280198482
11,624.0,0.002070366579281669,0.002070366579281669,0.002070366579281669,0.0015999736037734075,0.0015999736037734075,0.0015999736037734075
12,676.0,0.2626205789193696,0.2626205789193696,0.2626205789193696,0.24359800678842194,0.24359800678842194,0.24359800678842194
13,728.0,0.15885714285714286,0.15885714285714286,0.15885714285714286,0.1381929795918367,0.1381929795918367,0.1381929795918367
14,780.0,0.2883380464893244,0.2883380464893244,0.2883380464893244,0.3270108153470197,0.3270108153470197,0.3270108153470197
15,832.0,0.26442823022070916,0.26442823022070916,0.26442823022070916,0.3280404499114239,0.3280404499114239,0.3280404499114239
16,884.0,0.4132559092231938,0.4132559092231938,0.4132559092231938,0.39833465442873095,0.39833465442873095,0.39833465442873095
17,936.0,0.14479257923854824,0.14479257923854824,0.14479257923854824,0.3290812116213137,0.3290812116213137,0.3290812116213137
18,988.0,0.055728625822083766,0.055728625822083766,0.055728625822083766,0.06716084847443564,0.06716084847443564,0.06716084847443564
19,1040.0,0.18293515358361775,0.18293515358361775,0.18293515358361775,0.19042551456627335,0.19042551456627335,0.19042551456627335
20,52.0,0.35444026967916636,0.35444026967916636,0.35444026967916636,0.4489863069575384,0.4489863069575384,0.4489863069575384
21,104.0,0.3772711524688963,0.3772711524688963,0.3772711524688963,0.4614973696892774,0.4614973696892774,0.4614973696892774
22,156.0,0.43846153846153846,0.43846153846153846,0.43846153846153846,0.8308284023668638,0.8308284023668638,0.8308284023668638
23,208.0,0.39632671379292894,0.39632671379292894,0.39632671379292894,0.5226896642283703,0.5226896642283703,0.5226896642283703
24,260.0,0.22881006233073867,0.22881006233073867,0.22881006233073867,0.2585845288824708,0.2585845288824708,0.2585845288824708
25,312.0,20.76876977401934,20.76876977401934,20.76876977401934,144.45760696362098,144.45760696362098,144.45760696362098
26,364.0,0.23833377273925652,0.23833377273925652,0.23833377273925652,0.20947700222613028,0.20947700222613028,0.20947700222613028
27,416.0,0.05520529351440963,0.05520529351440963,0.05520529351440963,0.0523815929742518,0.0523815929742518,0.0523815929742518
28,468.0,0.0739653639462773,0.0739653639462773,0.0739653639462773,0.0774988667196684,0.0774988667196684,0.0774988667196684
29,520.0,0.08163265306122448,0.08163265306122448,0.08163265306122448,0.07496876301541026,0.07496876301541026,0.07496876301541026
30,572.0,0.21892672869570484,0.21892672869570484,0.21892672869570484,0.2139221522565364,0.2139221522565364,0.2139221522565364
31,624.0,0.17767031309904105,0.17767031309904105,0.17767031309904105,0.16915221481325787,0.16915221481325787,0.16915221481325787
32,676.0,0.506837534517641,0.506837534517641,0.506837534517641,2.3698859796084726,2.3698859796084726,2.3698859796084726
33,728.0,0.20990525686536313,0.20990525686536313,0.20990525686536313,0.2099626267583051,0.2099626267583051,0.2099626267583051
34,780.0,0.03007518796992481,0.03007518796992481,0.03007518796992481,0.02917067103849851,0.02917067103849851,0.02917067103849851
35,832.0,0.03755431750396585,0.03755431750396585,0.03755431750396585,0.029192933229582305,0.029192933229582305,0.029192933229582305
36,884.0,0.0022996057818659658,0.0022996057818659658,0.0022996057818659658,0.002294317595113974,0.002294317595113974,0.002294317595113974
37,936.0,0.10250354274917337,0.10250354274917337,0.10250354274917337,0.09199656647304175,0.09199656647304175,0.09199656647304175
38,988.0,0.08627356542689382,0.08627356542689382,0.08627356542689382,0.08253160537590574,0.08253160537590574,0.08253160537590574
39,1040.0,0.27734897272344927,0.27734897272344927,0.27734897272344927,0.4545634986011293,0.4545634986011293,0.4545634986011293
40,52.0,0.16206261510128914,0.16206261510128914,0.16206261510128914,0.15667002431753202,0.15667002431753202,0.15667002431753202
41,104.0,0.33360769341604574,0.33360769341604574,0.33360769341604574,0.3566921549739913,0.3566921549739913,0.3566921549739913
42,156.0,0.702161428648777,0.702161428648777,0.702161428648777,0.6575404163940717,0.6575404163940717,0.6575404163940717
43,208.0,0.058507314253481615,0.058507314253481615,0.058507314253481615,0.059910492238326944,0.059910492238326944,0.059910492238326944
44,260.0,0.19536693924463838,0.19536693924463838,0.19536693924463838,0.22824348852070184,0.22824348852070184,0.22824348852070184
45,312.0,0.1513883605933815,0.1513883605933815,0.1513883605933815,0.1695501835237102,0.1695501835237102,0.1695501835237102
46,364.0,0.270935960591133,0.270935960591133,0.270935960591133,0.2861996165886093,0.2861996165886093,0.2861996165886093
47,416.0,0.04302453984024989,0.04302453984024989,0.04302453984024989,0.04336040085797506,0.04336040085797506,0.04336040085797506
48,468.0,0.1362110565565977,0.1362110565565977,0.1362110565565977,0.12015580944340068,0.12015580944340068,0.12015580944340068
49,520.0,0.3907097989328273,0.3907097989328273,0.3907097989328273,0.3251742904394653,0.3251742904394653,0.3251742904394653
50,572.0,0.8487696984195712,0.8487696984195712,0.8487696984195712,0.921433331112333,0.921433331112333,0.921433331112333
51,624.0,0.30303182556979436,0.30303182556979436,0.30303182556979436,0.7102362098261251,0.7102362098261251,0.7102362098261251
52,676.0,0.5846314637727137,0.5846314637727137,0.5846314637727137,0.5675076788590834,0.5675076788590834,0.5675076788590834
53,728.0,0.36889626205610043,0.36889626205610043,0.36889626205610043,0.35293968636186523,0.35293968636186523,0.35293968636186523
54,780.0,0.23588741881235437,0.23588741881235437,0.23588741881235437,3.2792486063691606,3.2792486063691606,3.2792486063691606
55,832.0,0.21814006888633755,0.21814006888633755,0.21814006888633755,0.23484889427278519,0.23484889427278519,0.23484889427278519
56,884.0,2.534867421261663,2.534867421261663,2.534867421261663,7.641288279757956,7.641288279757956,7.641288279757956
57,936.0,0.24435757955142826,0.24435757955142826,0.24435757955142826,0.22170804605076355,0.22170804605076355,0.22170804605076355
58,988.0,0.13494809688581316,0.13494809688581316,0.13494809688581316,0.12827113340756613,0.12827113340756613,0.12827113340756613
59,1040.0,0.31151026643335344,0.31151026643335344,0.31151026643335344,0.44609999838586956,0.44609999838586956,0.44609999838586956
60,52.0,0.28575590467453815,0.28575590467453815,0.28575590467453815,0.3311357329813804,0.3311357329813804,0.3311357329813804
61,104.0,0.22123770617257993,0.22123770617257993,0.22123770617257993,0.3230572581467146,0.3230572581467146,0.3230572581467146
62,156.0,0.016267942583732056,0.016267942583732056,0.016267942583732056,0.017917172225910574,0.017917172225910574,0.017917172225910574
63,208.0,0.00809004572634541,0.00809004572634541,0.00809004572634541,0.00802459688649105,0.00802459688649105,0.00802459688649105
64,260.0,0.0912015705716003,0.0912015705716003,0.0912015705716003,0.08940409872238764,0.08940409872238764,0.08940409872238764
65,312.0,0.5559560008679625,0.5559560008679625,0.5559560008679625,0.6000700135039975,0.6000700135039975,0.6000700135039975
66,364.0,0.2858220057914941,0.2858220057914941,0.2858220057914941,0.3761392382701918,0.3761392382701918,0.3761392382701918
67,416.0,0.37310300894742315,0.37310300894742315,0.37310300894742315,0.4713007625916719,0.4713007625916719,0.4713007625916719
68,468.0,0.23068181818181818,0.23068181818181818,0.23068181818181818,0.41686165633608824,0.41686165633608824,0.41686165633608824
69,520.0,1.1678813607447776,1.1678813607447776,1.1678813607447776,1.5685227251488874,1.5685227251488874,1.5685227251488874
70,572.0,0.257416658956431,0.257416658956431,0.257416658956431,0.25946507343341135,0.25946507343341135,0.25946507343341135
71,624.0,0.38770436080260556,0.38770436080260556,0.38770436080260556,0.4585810987253615,0.4585810987253615,0.4585810987253615
72,676.0,0.2388673708195683,0.2388673708195683,0.2388673708195683,0.3339851115320723,0.3339851115320723,0.3339851115320723
73,728.0,0.4251057822184894,0.4251057822184894,0.4251057822184894,2.195433460470322,2.195433460470322,2.195433460470322
74,780.0,0.06696690129455153,0.06696690129455153,0.06696690129455153,0.0734049437338726,0.0734049437338726,0.0734049437338726
75,832.0,0.04262295081967213,0.04262295081967213,0.04262295081967213,0.04080623488309593,0.04080623488309593,0.04080623488309593
76,884.0,0.21262372405688904,0.21262372405688904,0.21262372405688904,0.20340795361085198,0.20340795361085198,0.20340795361085198
77,936.0,106.74991851203953,106.74991851203953,106.74991851203953,166.23774546161627,166.23774546161627,166.23774546161627
78,988.0,0.25290519877675843,0.25290519877675843,0.25290519877675843,0.23298085645615316,0.23298085645615316,0.23298085645615316
79,1040.0,0.28868649973163657,0.28868649973163657,0.28868649973163657,0.3156450031820414,0.3156450031820414,0.3156450031820414
80,52.0,0.06046511627906977,0.06046511627906977,0.06046511627906977,0.08006489994591674,0.08006489994591674,0.08006489994591674
81,104.0,0.026736362624917884,0.026736362624917884,0.026736362624917884,0.02587227858289188,0.02587227858289188,0.02587227858289188
82,156.0,0.1830550698708246,0.1830550698708246,0.1830550698708246,0.1719651306115539,0.1719651306115539,0.1719651306115539
83,208.0,0.01968503937007874,0.01968503937007874,0.01968503937007874,0.0192975385950772,0.0192975385950772,0.0192975385950772
84,260.0,0.01626984126984127,0.01626984126984127,0.01626984126984127,0.018386085915847814,0.018386085915847814,0.018386085915847814
85,312.0,0.24095273708860215,0.24095273708860215,0.24095273708860215,0.28516677009821406,0.28516677009821406,0.28516677009821406
86,364.0,0.3874302273399296,0.3874302273399296,0.3874302273399296,0.39863745027009917,0.39863745027009917,0.39863745027009917
87,416.0,0.368274576374302,0.368274576374302,0.368274576374302,0.37711665698540303,0.37711665698540303,0.37711665698540303
88,468.0,0.017637345516357785,0.017637345516357785,0.017637345516357785,0.017733163006094118,0.017733163006094118,0.017733163006094118
89,520.0,48.967092459250125,48.967092459250125,48.967092459250125,355.9752482919195,355.9752482919195,355.9752482919195
90,572.0,0.06262095464343449,0.06262095464343449,0.06262095464343449,0.07759859889980511,0.07759859889980511,0.07759859889980511
91,624.0,0.45347207387725263,0.45347207387725263,0.45347207387725263,0.4049692786600025,0.4049692786600025,0.4049692786600025
92,676.0,0.1268378279863158,0.1268378279863158,0.1268378279863158,0.1369359604437696,0.1369359604437696,0.1369359604437696
93,728.0,0.29304497820842956,0.29304497820842956,0.29304497820842956,0.35424980178788507,0.35424980178788507,0.35424980178788507
94,780.0,0.16885212686549347,0.16885212686549347,0.16885212686549347,0.18869222315490355,0.18869222315490355,0.18869222315490355
95,832.0,0.12621018561114222,0.12621018561114222,0.12621018561114222,0.1242769281854639,0.1242769281854639,0.1242769281854639
96,884.0,0.23447313328681088,0.23447313328681088,0.23447313328681088,0.21578299177643515,0.21578299177643515,0.21578299177643515
97,936.0,0.07345321548308442,0.07345321548308442,0.07345321548308442,0.06805784061827999,0.06805784061827999,0.06805784061827999
98,988.0,0.07903780068728522,0.07903780068728522,0.07903780068728522,0.0727908267498022,0.0727908267498022,0.0727908267498022
99,1040.0,153.41935594421713,153.41935594421713,153.41935594421713,136.4254003085795,136.4254003085795,136.4254003085795
100,52.0,0.0506773520281516,0.0506773520281516,0.0506773520281516,0.0517842065518703,0.0517842065518703,0.0517842065518703
101,104.0,0.016590096988259317,0.016590096988259317,0.016590096988259317,0.016825330192895133,0.016825330192895133,0.016825330192895133
102,156.0,0.17061611374407584,0.17061611374407584,0.17061611374407584,0.16046360144650834,0.16046360144650834,0.16046360144650834
103,208.0,0.4911242603550296,0.4911242603550296,0.4911242603550296,0.3919330555652813,0.3919330555652813,0.3919330555652813
104,260.0,0.22122469586962867,0.22122469586962867,0.22122469586962867,0.23814133665273188,0.23814133665273188,0.23814133665273188
105,312.0,0.060514372163388806,0.060514372163388806,0.060514372163388806,0.05685238292505969,0.05685238292505969,0.05685238292505969
106,364.0,0.18659495674574805,0.18659495674574805,0.18659495674574805,0.15614155981517525,0.15614155981517525,0.15614155981517525
107,416.0,0.1640104507753117,0.1640104507753117,0.1640104507753117,0.19173130659764387,0.19173130659764387,0.19173130659764387
108,468.0,0.1669425396074722,0.1669425396074722,0.1669425396074722,0.13954565311826073,0.13954565311826073,0.13954565311826073
109,520.0,0.20085873246268857,0.20085873246268857,0.20085873246268857,0.23841814424590332,0.23841814424590332,0.23841814424590332
110,572.0,0.3371076473958247,0.3371076473958247,0.3371076473958247,0.4649293616398383,0.4649293616398383,0.4649293616398383
111,624.0,0.06275033377837116,0.06275033377837116,0.06275033377837116,0.06148295635836658,0.06148295635836658,0.06148295635836658
112,676.0,0.17116934020812763,0.17116934020812763,0.17116934020812763,0.193405908724559,0.193405908724559,0.193405908724559
113,728.0,0.6564543336811031,0.6564543336811031,0.6564543336811031,0.6958917416104637,0.6958917416104637,0.6958917416104637
114,780.0,0.19764957264957264,0.19764957264957264,0.19764957264957264,0.16606285155964648,0.16606285155964648,0.16606285155964648
115,832.0,70.6943653366603,70.6943653366603,70.6943653366603,101.06094503716398,101.06094503716398,101.06094503716398
116,884.0,0.4453342075908421,0.4453342075908421,0.4453342075908421,0.46964183198576503,0.46964183198576503,0.46964183198576503
117,936.0,0.38404345180836125,0.38404345180836125,0.38404345180836125,0.3462745976582729,0.3462745976582729,0.3462745976582729
118,988.0,0.2929764024230772,0.2929764024230772,0.2929764024230772,0.4402840542468265,0.4402840542468265,0.4402840542468265
119,1040.0,0.27940380705280654,0.27940380705280654,0.27940380705280654,0.5919522775527318,0.5919522775527318,0.5919522775527318
120,52.0,0.14045621037383077,0.14045621037383077,0.14045621037383077,0.2007451831113628,0.2007451831113628,0.2007451831113628
121,104.0,0.08891604187835529,0.08891604187835529,0.08891604187835529,0.09797044639990926,0.09797044639990926,0.09797044639990926
122,156.0,0.20680628272251309,0.20680628272251309,0.20680628272251309,0.35251911954167925,0.35251911954167925,0.35251911954167925
123,208.0,0.2173537298214443,0.2173537298214443,0.2173537298214443,0.45156767292474903,0.45156767292474903,0.45156767292474903
124,260.0,0.1117627173287315,0.1117627173287315,0.1117627173287315,0.08651636539057381,0.08651636539057381,0.08651636539057381
125,312.0,0.0644181099969614,0.0644181099969614,0.0644181099969614,0.06209157115789858,0.06209157115789858,0.06209157115789858
126,364.0,68.03797921891795,68.03797921891795,68.03797921891795,54.48010541124856,54.48010541124856,54.48010541124856
127,416.0,0.09879275653923542,0.09879275653923542,0.09879275653923542,0.09506896509843771,0.09506896509843771,0.09506896509843771
128,468.0,0.14774774774774774,0.14774774774774774,0.14774774774774774,0.12591835078321564,0.12591835078321564,0.12591835078321564
129,520.0,0.003957261574990107,0.003957261574990107,0.003957261574990107,0.0039416016558172125,0.0039416016558172125,0.0039416016558172125
130,572.0,0.10947503201024328,0.10947503201024328,0.10947503201024328,0.10645311749439719,0.10645311749439719,0.10645311749439719
131,624.0,0.23887147335423198,0.23887147335423198,0.23887147335423198,0.20438242548717095,0.20438242548717095,0.20438242548717095
132,676.0,0.20277277163018215,0.20277277163018215,0.20277277163018215,0.19999917308200127,0.19999917308200127,0.19999917308200127
133,728.0,0.24376262095359774,0.24376262095359774,0.24376262095359774,0.21942611969332154,0.21942611969332154,0.21942611969332154
134,780.0,0.13761467889908258,0.13761467889908258,0.13761467889908258,0.1461998148304015,0.1461998148304015,0.1461998148304015
135,832.0,83.32060324487735,83.32060324487735,83.32060324487735,124.58250831763975,124.58250831763975,124.58250831763975
136,884.0,0.07514450867052024,0.07514450867052024,0.07514450867052024,0.06949781148718635,0.06949781148718635,0.06949781148718635
137,936.0,0.08053166536356529,0.08053166536356529,0.08053166536356529,0.12095796596368474,0.12095796596368474,0.12095796596368474
138,988.0,0.16681985294117646,0.16681985294117646,0.16681985294117646,0.15599466607644896,0.15599466607644896,0.15599466607644896
139,1040.0,58.41467649021945,58.41467649021945,58.41467649021945,65.96522407145322,65.96522407145322,65.96522407145322
140,52.0,0.019009216589861752,0.019009216589861752,0.019009216589861752,0.01864786627450147,0.01864786627450147,0.01864786627450147
141,104.0,0.1540260608085533,0.1540260608085533,0.1540260608085533,0.15970397125534816,0.15970397125534816,0.15970397125534816
142,156.0,0.16633016398065265,0.16633016398065265,0.16633016398065265,0.21854920441536538,0.21854920441536538,0.21854920441536538
143,208.0,7.1671771378592695,7.1671771378592695,7.1671771378592695,5.556910340501659,5.556910340501659,5.556910340501659
144,260.0,0.10566037735849057,0.10566037735849057,0.10566037735849057,0.14732645069419723,0.14732645069419723,0.14732645069419723
145,312.0,37.87201322737819,37.87201322737819,37.87201322737819,34.51553464379019,34.51553464379019,34.51553464379019
146,364.0,0.09965397923875433,0.09965397923875433,0.09965397923875433,0.09110714670561895,0.09110714670561895,0.09110714670561895
147,416.0,0.18216904670011577,0.18216904670011577,0.18216904670011577,0.1760000810334023,0.1760000810334023,0.1760000810334023
148,468.0,0.3165904039638355,0.3165904039638355,0.3165904039638355,0.3133446696421986,0.3133446696421986,0.3133446696421986
149,520.0,0.18192280316906037,0.18192280316906037,0.18192280316906037,0.3120709601317175,0.3120709601317175,0.3120709601317175
150,572.0,0.41187359585740985,0.41187359585740985,0.41187359585740985,0.8573148283718901,0.8573148283718901,0.8573148283718901
151,624.0,0.30420898085423576,0.30420898085423576,0.30420898085423576,0.3240006657128307,0.3240006657128307,0.3240006657128307
152,676.0,0.3501247928256902,0.3501247928256902,0.3501247928256902,0.48514965272519583,0.48514965272519583,0.48514965272519583
153,728.0,0.049723756906077346,0.049723756906077346,0.049723756906077346,0.05830102866212875,0.05830102866212875,0.05830102866212875
154,780.0,0.14080632060608153,0.14080632060608153,0.14080632060608153,0.1235936528716387,0.1235936528716387,0.1235936528716387
155,832.0,0.1323529411764706,0.1323529411764706,0.1323529411764706,0.13714801336356044,0.13714801336356044,0.13714801336356044
156,884.0,0.3670178528854823,0.3670178528854823,0.3670178528854823,0.3129843435274663,0.3129843435274663,0.3129843435274663
157,936.0,0.05086494097593467,0.05086494097593467,0.05086494097593467,0.048315350071080544,0.048315350071080544,0.048315350071080544
158,988.0,0.27103361754844313,0.27103361754844313,0.27103361754844313,0.24459866353648904,0.24459866353648904,0.24459866353648904
159,1040.0,0.23255813953488372,0.23255813953488372,0.23255813953488372,0.29292481207576526,0.29292481207576526,0.29292481207576526
160,52.0,0.13551793651780017,0.13551793651780017,0.13551793651780017,0.1542401164722546,0.1542401164722546,0.1542401164722546
161,104.0,0.7909350836461686,0.7909350836461686,0.7909350836461686,0.9896001076288711,0.9896001076288711,0.9896001076288711
162,156.0,0.07203389830508475,0.07203389830508475,0.07203389830508475,0.07531959207124388,0.07531959207124388,0.07531959207124388
163,208.0,0.3638480904635597,0.3638480904635597,0.3638480904635597,0.35426431852185747,0.35426431852185747,0.35426431852185747
164,260.0,0.16275600629992895,0.16275600629992895,0.16275600629992895,0.15367672518281925,0.15367672518281925,0.15367672518281925
165,312.0,0.33564568643956344,0.33564568643956344,0.33564568643956344,0.3165032369833156,0.3165032369833156,0.3165032369833156
166,364.0,0.1982622638036572,0.1982622638036572,0.1982622638036572,0.19583086909100378,0.19583086909100378,0.19583086909100378
167,416.0,0.26609442060085836,0.26609442060085836,0.26609442060085836,0.22962294387444968,0.22962294387444968,0.22962294387444968
168,468.0,0.33906761119082807,0.33906761119082807,0.33906761119082807,0.6609095336514337,0.6609095336514337,0.6609095336514337
169,520.0,0.10473466354271121,0.10473466354271121,0.10473466354271121,0.1147634112197161,0.1147634112197161,0.1147634112197161
170,572.0,0.31693787227313774,0.31693787227313774,0.31693787227313774,4.193951308934384,4.193951308934384,4.193951308934384
171,624.0,33.98989945461008,33.98989945461008,33.98989945461008,226.98049957136058,226.98049957136058,226.98049957136058
172,676.0,0.13268268046168966,0.13268268046168966,0.13268268046168966,0.18169903948455224,0.18169903948455224,0.18169903948455224
173,728.0,0.15074993762229438,0.15074993762229438,0.15074993762229438,0.15203498143357577,0.15203498143357577,0.15203498143357577
174,780.0,0.15239350021958717,0.15239350021958717,0.15239350021958717,0.16869541301001456,0.16869541301001456,0.16869541301001456
175,832.0,0.03055678236054906,0.03055678236054906,0.03055678236054906,0.030406372763863862,0.030406372763863862,0.030406372763863862
176,884.0,0.11171062098578714,0.11171062098578714,0.11171062098578714,0.10831010206023498,0.10831010206023498,0.10831010206023498
177,936.0,0.1768297975717948,0.1768297975717948,0.1768297975717948,0.15956351670418048,0.15956351670418048,0.15956351670418048
178,988.0,0.2757553377504294,0.2757553377504294,0.2757553377504294,0.2769517297254532,0.2769517297254532,0.2769517297254532
179,1040.0,1.498251174132183,1.498251174132183,1.498251174132183,1.8945202714098548,1.8945202714098548,1.8945202714098548
180,52.0,0.12908024026246853,0.12908024026246853,0.12908024026246853,0.17040831748770752,0.17040831748770752,0.17040831748770752
181,104.0,0.23257899483296804,0.23257899483296804,0.23257899483296804,0.23170180152784192,0.23170180152784192,0.23170180152784192
182,156.0,0.2640331039758789,0.2640331039758789,0.2640331039758789,0.2534283383700453,0.2534283383700453,0.2534283383700453
183,208.0,0.297568386017086,0.297568386017086,0.297568386017086,0.261918578621303,0.261918578621303,0.261918578621303
184,260.0,0.21796759941089838,0.21796759941089838,0.21796759941089838,0.1940217898191267,0.1940217898191267,0.1940217898191267
185,312.0,0.5256750697950748,0.5256750697950748,0.5256750697950748,0.5581914270504362,0.5581914270504362,0.5581914270504362
186,364.0,1.642621542835018,1.642621542835018,1.642621542835018,0.8962469544101745,0.8962469544101745,0.8962469544101745
187,416.0,0.3002286004572009,0.3002286004572009,0.3002286004572009,0.2634314946049247,0.2634314946049247,0.2634314946049247
188,468.0,56.608211676448676,56.608211676448676,56.608211676448676,213.87683241286388,213.87683241286388,213.87683241286388
189,520.0,0.6587494152460053,0.6587494152460053,0.6587494152460053,0.6762805174540774,0.6762805174540774,0.6762805174540774
190,572.0,0.22386987039424427,0.22386987039424427,0.22386987039424427,0.26453260793942,0.26453260793942,0.26453260793942
191,624.0,5.290931119020639,5.290931119020639,5.290931119020639,170.49278050338665,170.49278050338665,170.49278050338665
192,676.0,0.013766325450052947,0.013766325450052947,0.013766325450052947,0.013576813733656174,0.013576813733656174,0.013576813733656174
193,728.0,0.21916867055994504,0.21916867055994504,0.21916867055994504,0.19655458199338888,0.19655458199338888,0.19655458199338888
194,780.0,0.10017563937100872,0.10017563937100872,0.10017563937100872,0.108947951426901,0.108947951426901,0.108947951426901
195,832.0,0.09395973154362416,0.09395973154362416,0.09395973154362416,0.7562722399891898,0.7562722399891898,0.7562722399891898
196,884.0,0.5343989930411381,0.5343989930411381,0.5343989930411381,0.7393481938630235,0.7393481938630235,0.7393481938630235
197,936.0,0.12594947567702455,0.12594947567702455,0.12594947567702455,0.12920854507405938,0.12920854507405938,0.12920854507405938
198,988.0,0.10569105691056911,0.10569105691056911,0.10569105691056911,0.09723048449996695,0.09723048449996695,0.09723048449996695
199,1040.0,0.004219409282700422,0.004219409282700422,0.004219409282700422,0.004201605868005483,0.004201605868005483,0.004201605868005483
200,52.0,0.3043256997455471,0.3043256997455471,0.3043256997455471,0.31756398552272924,0.31756398552272924,0.31756398552272924
201,104.0,0.17132424952294462,0.17132424952294462,0.17132424952294462,0.1586970105241416,0.1586970105241416,0.1586970105241416
202,156.0,0.2743477089619887,0.2743477089619887,0.2743477089619887,0.8248438907494248,0.8248438907494248,0.8248438907494248
203,208.0,0.13124017161771315,0.13124017161771315,0.13124017161771315,0.14556285452404705,0.14556285452404705,0.14556285452404705
204,260.0,0.09027128157156221,0.09027128157156221,0.09027128157156221,0.0896060068553267,0.0896060068553267,0.0896060068553267
205,312.0,0.023172905525846704,0.023172905525846704,0.023172905525846704,0.02263592197533688,0.02263592197533688,0.02263592197533688
206,364.0,0.11896560234206674,0.11896560234206674,0.11896560234206674,0.11197425354873178,0.11197425354873178,0.11197425354873178
207,416.0,2.364418643635318,2.364418643635318,2.364418643635318,46.74500834537958,46.74500834537958,46.74500834537958
208,468.0,0.15126050420168066,0.15126050420168066,0.15126050420168066,0.128380764070334,0.128380764070334,0.128380764070334
209,520.0,0.05911636589919104,0.05911636589919104,0.05911636589919104,0.05686617625362592,0.05686617625362592,0.05686617625362592
210,572.0,0.17185715653833225,0.17185715653833225,0.17185715653833225,0.22173180876227047,0.22173180876227047,0.22173180876227047
211,624.0,0.7458997748446596,0.7458997748446596,0.7458997748446596,1.140984792267394,1.140984792267394,1.140984792267394
212,676.0,0.38654341504953776,0.38654341504953776,0.38654341504953776,0.41335928353480145,0.41335928353480145,0.41335928353480145
213,728.0,37.062211767110576,37.062211767110576,37.062211767110576,145.6898470919656,145.6898470919656,145.6898470919656
214,780.0,0.18203022935810648,0.18203022935810648,0.18203022935810648,0.17486083328609994,0.17486083328609994,0.17486083328609994
215,832.0,0.13635619393483306,0.13635619393483306,0.13635619393483306,0.2206435474616472,0.2206435474616472,0.2206435474616472
216,884.0,0.11291779584462511,0.11291779584462511,0.11291779584462511,0.12907432296244073,0.12907432296244073,0.12907432296244073
217,936.0,0.32189239332096475,0.32189239332096475,0.32189239332096475,0.3425819476044761,0.3425819476044761,0.3425819476044761
218,988.0,0.14165533379786635,0.14165533379786635,0.14165533379786635,0.15638532725837695,0.15638532725837695,0.15638532725837695
219,1040.0,0.19281317394297645,0.19281317394297645,0.19281317394297645,0.6548822677345658,0.6548822677345658,0.6548822677345658
220,52.0,0.39929020718767455,0.39929020718767455,0.39929020718767455,0.3540253887495567,0.3540253887495567,0.3540253887495567
221,104.0,0.33515803135336736,0.33515803135336736,0.33515803135336736,0.44491798267599914,0.44491798267599914,0.44491798267599914
222,156.0,15.653367958739977,15.653367958739977,15.653367958739977,69.17513177726545,69.17513177726545,69.17513177726545
223,208.0,0.37149817295980514,0.37149817295980514,0.37149817295980514,5.132391056330404,5.132391056330404,5.132391056330404
224,260.0,0.05454545454545454,0.05454545454545454,0.05454545454545454,0.0515702479338843,0.0515702479338843,0.0515702479338843
225,312.0,0.29337629552559785,0.29337629552559785,0.29337629552559785,0.29076326199031816,0.29076326199031816,0.29076326199031816
226,364.0,0.11518550474547024,0.11518550474547024,0.11518550474547024,0.10321202339644497,0.10321202339644497,0.10321202339644497
227,416.0,0.12552578630867292,0.12552578630867292,0.12552578630867292,0.11902854294330417,0.11902854294330417,0.11902854294330417
228,468.0,0.8125771060685072,0.8125771060685072,0.8125771060685072,1.4465132311461217,1.4465132311461217,1.4465132311461217
229,520.0,0.14782886334610473,0.14782886334610473,0.14782886334610473,0.1393854521937272,0.1393854521937272,0.1393854521937272
230,572.0,0.556712294892104,0.556712294892104,0.556712294892104,0.5519266960740198,0.5519266960740198,0.5519266960740198
231,624.0,0.5944218664854352,0.5944218664854352,0.5944218664854352,0.41636442196599216,0.41636442196599216,0.41636442196599216
232,676.0,0.7302442705504631,0.7302442705504631,0.7302442705504631,1.9449597715951785,1.9449597715951785,1.9449597715951785
233,728.0,0.548364327130816,0.548364327130816,0.548364327130816,0.4599038963041682,0.4599038963041682,0.4599038963041682
234,780.0,0.29411764705882354,0.29411764705882354,0.29411764705882354,0.30565167243367936,0.30565167243367936,0.30565167243367936
235,832.0,54.65315642342796,54.65315642342796,54.65315642342796,61.41931466996919,61.41931466996919,61.41931466996919
236,884.0,49.46948990832851,49.46948990832851,49.46948990832851,185.75632208023654,185.75632208023654,185.75632208023654
237,936.0,0.22317483464001883,0.22317483464001883,0.22317483464001883,0.34622435687205344,0.34622435687205344,0.34622435687205344
238,988.0,0.29707069747964876,0.29707069747964876,0.29707069747964876,0.3816099399148792,0.3816099399148792,0.3816099399148792
239,1040.0,0.03140699327281908,0.03140699327281908,0.03140699327281908,0.030869251982299065,0.030869251982299065,0.030869251982299065
240,52.0,0.35134092573953424,0.35134092573953424,0.35134092573953424,0.37100329380296454,0.37100329380296454,0.37100329380296454
241,104.0,0.14597544338335608,0.14597544338335608,0.14597544338335608,0.17105133363981023,0.17105133363981023,0.17105133363981023
242,156.0,0.19108149242790087,0.19108149242790087,0.19108149242790087,0.16270797241329457,0.16270797241329457,0.16270797241329457
243,208.0,0.3441637656747716,0.3441637656747716,0.3441637656747716,0.35467014407294983,0.35467014407294983,0.35467014407294983
244,260.0,0.2142631041531997,0.2142631041531997,0.2142631041531997,0.26610479148778005,0.26610479148778005,0.26610479148778005
245,312.0,0.17535185866658792,0.17535185866658792,0.17535185866658792,0.1693686245627999,0.1693686245627999,0.1693686245627999
246,364.0,0.13407134071340712,0.13407134071340712,0.13407134071340712,0.13085636391419264,0.13085636391419264,0.13085636391419264
247,416.0,0.2143915702739069,0.2143915702739069,0.2143915702739069,0.26862507750169917,0.26862507750169917,0.26862507750169917
248,468.0,0.20279846303065735,0.20279846303065735,0.20279846303065735,0.22428916396620596,0.22428916396620596,0.22428916396620596
249,520.0,0.38119492032253544,0.38119492032253544,0.38119492032253544,0.40798000372096194,0.40798000372096194,0.40798000372096194
250,572.0,0.2867271158416825,0.2867271158416825,0.2867271158416825,0.4450343488170562,0.4450343488170562,0.4450343488170562
251,624.0,0.3163660581110977,0.3163660581110977,0.3163660581110977,1.4908260909281539,1.4908260909281539,1.4908260909281539
252,676.0,0.21886636326023998,0.21886636326023998,0.21886636326023998,0.20323528913336078,0.20323528913336078,0.20323528913336078
253,728.0,0.03849790204523643,0.03849790204523643,0.03849790204523643,0.040303919844652016,0.040303919844652016,0.040303919844652016
254,780.0,0.24426621537885249,0.24426621537885249,0.24426621537885249,0.2445971246371252,0.2445971246371252,0.2445971246371252
255,832.0,0.0003424679768348908,0.0003424679768348908,0.0003424679768348908,0.00028623538231050023,0.00028623538231050023,0.00028623538231050023
256,884.0,0.3165817814985108,0.3165817814985108,0.3165817814985108,0.41546649662065765,0.41546649662065765,0.41546649662065765
257,936.0,0.01391767841279242,0.01391767841279242,0.01391767841279242,0.013723976640390505,0.013723976640390505,0.013723976640390505
258,988.0,0.2066038183905632,0.2066038183905632,0.2066038183905632,0.27547345258731476,0.27547345258731476,0.27547345258731476
259,1040.0,0.36824714807747494,0.36824714807747494,0.36824714807747494,0.42945948731502065,0.42945948731502065,0.42945948731502065
260,52.0,0.6674730079927362,0.6674730079927362,0.6674730079927362,0.5839939866945939,0.5839939866945939,0.5839939866945939
261,104.0,0.3183219957095519,0.3183219957095519,0.3183219957095519,0.395614933990898,0.395614933990898,0.395614933990898
262,156.0,0.4226921967102912,0.4226921967102912,0.4226921967102912,0.5203564966847222,0.5203564966847222,0.5203564966847222
263,208.0,0.2999967531468302,0.2999967531468302,0.2999967531468302,0.29309872863931824,0.29309872863931824,0.29309872863931824
264,260.0,0.3507330423129702,0.3507330423129702,0.3507330423129702,0.4382705965576067,0.4382705965576067,0.4382705965576067
265,312.0,0.36399919547053844,0.36399919547053844,0.36399919547053844,0.4204199195665773,0.4204199195665773,0.4204199195665773
266,364.0,59.40875793080948,59.40875793080948,59.40875793080948,52.83588680901564,52.83588680901564,52.83588680901564
267,416.0,31.518709912838947,31.518709912838947,31.518709912838947,41.88142847281047,41.88142847281047,41.88142847281047
268,468.0,0.24383149249942032,0.24383149249942032,0.24383149249942032,0.21203576001034338,0.21203576001034338,0.21203576001034338
269,520.0,0.2890220539824144,0.2890220539824144,0.2890220539824144,0.28100469281608736,0.28100469281608736,0.28100469281608736
270,572.0,0.20416184971098267,0.20416184971098267,0.20416184971098267,0.21149712987403518,0.21149712987403518,0.21149712987403518
271,624.0,0.0951984457396614,0.0951984457396614,0.0951984457396614,0.09390700336144772,0.09390700336144772,0.09390700336144772
272,676.0,0.1391304347826087,0.1391304347826087,0.1391304347826087,0.12662427679440913,0.12662427679440913,0.12662427679440913
273,728.0,1.0227852341587391,1.0227852341587391,1.0227852341587391,2.265668095256012,2.265668095256012,2.265668095256012
274,780.0,1.5431238921799508,1.5431238921799508,1.5431238921799508,0.9467153507968388,0.9467153507968388,0.9467153507968388
275,832.0,0.1705607476635514,0.1705607476635514,0.1705607476635514,0.14614267621626345,0.14614267621626345,0.14614267621626345
276,884.0,0.16097560975609757,0.16097560975609757,0.16097560975609757,0.13668847907991272,0.13668847907991272,0.13668847907991272
277,936.0,0.2148997134670487,0.2148997134670487,0.2148997134670487,0.16871782661882906,0.16871782661882906,0.16871782661882906
278,988.0,0.3207070707070707,0.3207070707070707,0.3207070707070707,0.6029550556065708,0.6029550556065708,0.6029550556065708
279,1040.0,0.03761060181271043,0.03761060181271043,0.03761060181271043,0.03210748357893922,0.03210748357893922,0.03210748357893922
280,52.0,0.29926068779188797,0.29926068779188797,0.29926068779188797,0.32809241276914086,0.32809241276914086,0.32809241276914086
281,104.0,0.017070112136101094,0.017070112136101094,0.017070112136101094,0.017618944117640197,0.017618944117640197,0.017618944117640197
282,156.0,1.1742088333896301,1.1742088333896301,1.1742088333896301,10.735338047968913,10.735338047968913,10.735338047968913
283,208.0,0.10563836681788723,0.10563836681788723,0.10563836681788723,0.10355213623375525,0.10355213623375525,0.10355213623375525
284,260.0,0.6174037529441331,0.6174037529441331,0.6174037529441331,0.8471915001997828,0.8471915001997828,0.8471915001997828
285,312.0,0.7191011235955056,0.7191011235955056,0.7191011235955056,7.592756245704106,7.592756245704106,7.592756245704106
286,364.0,0.11030720873392094,0.11030720873392094,0.11030720873392094,0.11643340758314019,0.11643340758314019,0.11643340758314019
287,416.0,9.35558496102797,9.35558496102797,9.35558496102797,21.822668220902575,21.822668220902575,21.822668220902575
288,468.0,0.27107942769195903,0.27107942769195903,0.27107942769195903,0.36821188309773906,0.36821188309773906,0.36821188309773906
289,520.0,0.16891987348930732,0.16891987348930732,0.16891987348930732,0.13973284502060762,0.13973284502060762,0.13973284502060762
290,572.0,0.23157876927493004,0.23157876927493004,0.23157876927493004,0.2583840326333035,0.2583840326333035,0.2583840326333035
291,624.0,2.4247277959845355,2.4247277959845355,2.4247277959845355,49.487634166582986,49.487634166582986,49.487634166582986
292,676.0,0.33945597285821155,0.33945597285821155,0.33945597285821155,0.46991465923790804,0.46991465923790804,0.46991465923790804
293,728.0,0.18971037512298344,0.18971037512298344,0.18971037512298344,0.22793179743796946,0.22793179743796946,0.22793179743796946
294,780.0,0.042689025337832816,0.042689025337832816,0.042689025337832816,0.03533243007709475,0.03533243007709475,0.03533243007709475
295,832.0,0.05315056823707077,0.05315056823707077,0.05315056823707077,0.07402297310107597,0.07402297310107597,0.07402297310107597
296,884.0,0.8636757460773916,0.8636757460773916,0.8636757460773916,0.9769331372620328,0.9769331372620328,0.9769331372620328
297,936.0,0.21180825330666436,0.21180825330666436,0.21180825330666436,0.20343838703670702,0.20343838703670702,0.20343838703670702
298,988.0,0.08812662822349722,0.08812662822349722,0.08812662822349722,0.06282688847686581,0.06282688847686581,0.06282688847686581
299,1040.0,0.023401826484018264,0.023401826484018264,0.023401826484018264,0.026278838535476745,0.026278838535476745,0.026278838535476745
300,52.0,0.25569149007510156,0.25569149007510156,0.25569149007510156,0.33727187152154764,0.33727187152154764,0.33727187152154764
301,104.0,0.6366383326410263,0.6366383326410263,0.6366383326410263,0.6650589900620959,0.6650589900620959,0.6650589900620959
302,156.0,0.6273971681776034,0.6273971681776034,0.6273971681776034,0.6073453437768642,0.6073453437768642,0.6073453437768642
303,208.0,0.1731815932706581,0.1731815932706581,0.1731815932706581,0.21840002095758027,0.21840002095758027,0.21840002095758027
304,260.0,0.6901001335287198,0.6901001335287198,0.6901001335287198,0.692761244251768,0.692761244251768,0.692761244251768
305,312.0,5.077537238866794,5.077537238866794,5.077537238866794,98.53273020439524,98.53273020439524,98.53273020439524
306,364.0,0.35908425503515984,0.35908425503515984,0.35908425503515984,0.3754245164739467,0.3754245164739467,0.3754245164739467
307,416.0,34.94620181514819,34.94620181514819,34.94620181514819,67.32966105845058,67.32966105845058,67.32966105845058
308,468.0,0.42262834433948915,0.42262834433948915,0.42262834433948915,0.4101796380425803,0.4101796380425803,0.4101796380425803
309,520.0,1.3035111763695766,1.3035111763695766,1.3035111763695766,1.1183366337285485,1.1183366337285485,1.1183366337285485
310,572.0,0.29673075251478154,0.29673075251478154,0.29673075251478154,0.3399966376211917,0.3399966376211917,0.3399966376211917
311,624.0,0.10407831241229412,0.10407831241229412,0.10407831241229412,0.10035213428716411,0.10035213428716411,0.10035213428716411
312,676.0,0.42518081628895965,0.42518081628895965,0.42518081628895965,0.4996176055304937,0.4996176055304937,0.4996176055304937
313,728.0,102.86163046672371,102.86163046672371,102.86163046672371,584.7510350886225,584.7510350886225,584.7510350886225
314,780.0,0.067736410232088,0.067736410232088,0.067736410232088,0.07132739104455116,0.07132739104455116,0.07132739104455116
315,832.0,0.6395749451720594,0.6395749451720594,0.6395749451720594,0.5585251145541499,0.5585251145541499,0.5585251145541499
316,884.0,0.4831172441931015,0.4831172441931015,0.4831172441931015,0.5019900968182127,0.5019900968182127,0.5019900968182127
317,936.0,0.286090224892218,0.286090224892218,0.286090224892218,0.3473697049539105,0.3473697049539105,0.3473697049539105
318,988.0,0.028463792381749686,0.028463792381749686,0.028463792381749686,0.02932794563333655,0.02932794563333655,0.02932794563333655
319,1040.0,0.13698452843648812,0.13698452843648812,0.13698452843648812,0.1489054597684532,0.1489054597684532,0.1489054597684532
320,52.0,0.30301128447930276,0.30301128447930276,0.30301128447930276,0.29807008032106697,0.29807008032106697,0.29807008032106697
321,104.0,0.0936662266947263,0.0936662266947263,0.0936662266947263,0.09212002162258318,0.09212002162258318,0.09212002162258318
322,156.0,0.178743961352657,0.178743961352657,0.178743961352657,0.1545240262316507,0.1545240262316507,0.1545240262316507
323,208.0,0.1469532071369761,0.1469532071369761,0.1469532071369761,0.12814598252839876,0.12814598252839876,0.12814598252839876
324,260.0,0.1998170394228413,0.1998170394228413,0.1998170394228413,0.2224347560839015,0.2224347560839015,0.2224347560839015
325,312.0,0.2103513232927629,0.2103513232927629,0.2103513232927629,0.3049481514521707,0.3049481514521707,0.3049481514521707
326,364.0,0.1637299384000616,0.1637299384000616,0.1637299384000616,0.331166784807304,0.331166784807304,0.331166784807304
327,416.0,0.27812221246049773,0.27812221246049773,0.27812221246049773,0.7325723462347137,0.7325723462347137,0.7325723462347137
328,468.0,0.20084121976866456,0.20084121976866456,0.20084121976866456,0.19310129024625142,0.19310129024625142,0.19310129024625142
329,520.0,1.4544164221023697,1.4544164221023697,1.4544164221023697,1.336928598899569,1.336928598899569,1.336928598899569
330,572.0,0.07837648705388384,0.07837648705388384,0.07837648705388384,0.08716246800790647,0.08716246800790647,0.08716246800790647
331,624.0,8.370776668198546,8.370776668198546,8.370776668198546,319.5644266267429,319.5644266267429,319.5644266267429
332,676.0,0.05710227272727273,0.05710227272727273,0.05710227272727273,0.05952342135847108,0.05952342135847108,0.05952342135847108
333,728.0,111.1188052685144,111.1188052685144,111.1188052685144,117.45795429840238,117.45795429840238,117.45795429840238
334,780.0,0.27188264058679706,0.27188264058679706,0.27188264058679706,0.36324364392847963,0.36324364392847963,0.36324364392847963
335,832.0,0.3754450949618017,0.3754450949618017,0.3754450949618017,0.6184249748512948,0.6184249748512948,0.6184249748512948
336,884.0,0.06429548563611491,0.06429548563611491,0.06429548563611491,0.07384146672380656,0.07384146672380656,0.07384146672380656
337,936.0,0.7501664169698828,0.7501664169698828,0.7501664169698828,0.4479464981877522,0.4479464981877522,0.4479464981877522
338,988.0,0.2514060300449001,0.2514060300449001,0.2514060300449001,0.2513836896155722,0.2513836896155722,0.2513836896155722
339,1040.0,0.13853218554012564,0.13853218554012564,0.13853218554012564,0.16400489371181115,0.16400489371181115,0.16400489371181115
340,52.0,0.25699620115652255,0.25699620115652255,0.25699620115652255,0.34279169750661886,0.34279169750661886,0.34279169750661886
341,104.0,0.48613736444773586,0.48613736444773586,0.48613736444773586,0.740826517830585,0.740826517830585,0.740826517830585
342,156.0,0.6769859039959097,0.6769859039959097,0.6769859039959097,0.5926841517083498,0.5926841517083498,0.5926841517083498
343,208.0,0.39951988034264224,0.39951988034264224,0.39951988034264224,0.47529378026067076,0.47529378026067076,0.47529378026067076
344,260.0,5.102670354850453,5.102670354850453,5.102670354850453,47.23636175264575,47.23636175264575,47.23636175264575
345,312.0,0.28620316415895924,0.28620316415895924,0.28620316415895924,0.4742603257512439,0.4742603257512439,0.4742603257512439
346,364.0,48.490389485793266,48.490389485793266,48.490389485793266,78.1122353544427,78.1122353544427,78.1122353544427
347,416.0,0.18737972600474406,0.18737972600474406,0.18737972600474406,0.2025575207459068,0.2025575207459068,0.2025575207459068
348,468.0,0.3075096445262804,0.3075096445262804,0.3075096445262804,0.4865609013646329,0.4865609013646329,0.4865609013646329
349,520.0,1.069751165823727,1.069751165823727,1.069751165823727,1.2007570433542667,1.2007570433542667,1.2007570433542667
350,572.0,1.5766694563906136,1.5766694563906136,1.5766694563906136,1.2309856281056646,1.2309856281056646,1.2309856281056646
351,624.0,0.5738537765308743,0.5738537765308743,0.5738537765308743,0.9582176601278967,0.9582176601278967,0.9582176601278967
352,676.0,0.10978285525078983,0.10978285525078983,0.10978285525078983,0.1087027202469027,0.1087027202469027,0.1087027202469027
353,728.0,0.4514460521177839,0.4514460521177839,0.4514460521177839,0.44793865433082236,0.44793865433082236,0.44793865433082236
354,780.0,41.91773883416334,41.91773883416334,41.91773883416334,179.6023835229145,179.6023835229145,179.6023835229145
355,832.0,0.2965771294515919,0.2965771294515919,0.2965771294515919,0.8368811409338677,0.8368811409338677,0.8368811409338677
356,884.0,69.2235294117647,69.2235294117647,69.2235294117647,69.93826989619376,69.93826989619376,69.93826989619376
357,936.0,0.34805555555555556,0.34805555555555556,0.34805555555555556,0.33469066358024696,0.33469066358024696,0.33469066358024696
358,988.0,0.17301670146137788,0.17301670146137788,0.17301670146137788,0.17544100389642647,0.17544100389642647,0.17544100389642647
359,1040.0,0.2541921542378131,0.2541921542378131,0.2541921542378131,0.2803012104280926,0.2803012104280926,0.2803012104280926
360,52.0,0.12200433755820436,0.12200433755820436,0.12200433755820436,0.1394510129914778,0.1394510129914778,0.1394510129914778
361,104.0,0.15207891709217702,0.15207891709217702,0.15207891709217702,0.23995511856908405,0.23995511856908405,0.23995511856908405
362,156.0,0.23287481758884224,0.23287481758884224,0.23287481758884224,0.324139084876455,0.324139084876455,0.324139084876455
363,208.0,0.2897005883328132,0.2897005883328132,0.2897005883328132,0.2773192047040616,0.2773192047040616,0.2773192047040616
364,260.0,0.21851851851851853,0.21851851851851853,0.21851851851851853,0.2837311385459534,0.2837311385459534,0.2837311385459534
365,312.0,0.006178039876439202,0.006178039876439202,0.006178039876439202,0.0061398716997243296,0.0061398716997243296,0.0061398716997243296
366,364.0,0.7332493441511164,0.7332493441511164,0.7332493441511164,0.952237361754623,0.952237361754623,0.952237361754623
367,416.0,0.2592770821010536,0.2592770821010536,0.2592770821010536,0.23202112538380018,0.23202112538380018,0.23202112538380018
368,468.0,0.4955357142857143,0.4955357142857143,0.4955357142857143,0.5624800701530611,0.5624800701530611,0.5624800701530611
369,520.0,0.24741850577039887,0.24741850577039887,0.24741850577039887,0.27609932900355794,0.27609932900355794,0.27609932900355794
370,572.0,0.25443786982248523,0.25443786982248523,0.25443786982248523,0.28437379643569904,0.28437379643569904,0.28437379643569904
371,624.0,0.026785704139807756,0.026785704139807756,0.026785704139807756,0.027085844326525478,0.027085844326525478,0.027085844326525478
372,676.0,105.16738897440209,105.16738897440209,105.16738897440209,94.33466660224455,94.33466660224455,94.33466660224455
373,728.0,0.6640947496110872,0.6640947496110872,0.6640947496110872,2.108878337698446,2.108878337698446,2.108878337698446
374,780.0,0.758364905704114,0.758364905704114,0.758364905704114,0.8276131386577057,0.8276131386577057,0.8276131386577057
375,832.0,0.07685178068332903,0.07685178068332903,0.07685178068332903,0.07604117877053712,0.07604117877053712,0.07604117877053712
376,884.0,144.21444977034443,144.21444977034443,144.21444977034443,125.89668028409689,125.89668028409689,125.89668028409689
377,936.0,158.8374137166039,158.8374137166039,158.8374137166039,308.1603836475825,308.1603836475825,308.1603836475825
378,988.0,0.02932551319648094,0.02932551319648094,0.02932551319648094,0.029768883614309776,0.029768883614309776,0.029768883614309776
379,1040.0,0.2871287128712871,0.2871287128712871,0.2871287128712871,0.3524390519783129,0.3524390519783129,0.3524390519783129
380,52.0,0.36844432718036435,0.36844432718036435,0.36844432718036435,0.7147823872687822,0.7147823872687822,0.7147823872687822
381,104.0,9.735424521463154,9.735424521463154,9.735424521463154,17.65132835543603,17.65132835543603,17.65132835543603
382,156.0,0.30775015066574385,0.30775015066574385,0.30775015066574385,0.4458085809718249,0.4458085809718249,0.4458085809718249
383,208.0,0.026593708910726217,0.026593708910726217,0.026593708910726217,0.02638184283897021,0.02638184283897021,0.02638184283897021
384,260.0,0.4518295570248658,0.4518295570248658,0.4518295570248658,0.5634768430315841,0.5634768430315841,0.5634768430315841
385,312.0,0.4972924299383191,0.4972924299383191,0.4972924299383191,0.46502259405873986,0.46502259405873986,0.46502259405873986
386,364.0,2.625534365866772,2.625534365866772,2.625534365866772,5.430444354659749,5.430444354659749,5.430444354659749
387,416.0,0.29208515177893485,0.29208515177893485,0.29208515177893485,0.43379173745214755,0.43379173745214755,0.43379173745214755
388,468.0,0.20147979510529312,0.20147979510529312,0.20147979510529312,0.1961731090112272,0.1961731090112272,0.1961731090112272
389,520.0,0.394608177230239,0.394608177230239,0.394608177230239,0.5103895497065267,0.5103895497065267,0.5103895497065267
390,572.0,0.09024747055728133,0.09024747055728133,0.09024747055728133,0.09927552834621839,0.09927552834621839,0.09927552834621839
391,624.0,0.06082518077413866,0.06082518077413866,0.06082518077413866,0.06393109279000347,0.06393109279000347,0.06393109279000347
392,676.0,0.30167115774090564,0.30167115774090564,0.30167115774090564,0.26972950553419967,0.26972950553419967,0.26972950553419967
393,728.0,0.49297404821990276,0.49297404821990276,0.49297404821990276,0.5422921740763887,0.5422921740763887,0.5422921740763887
394,780.0,0.25109988502446523,0.25109988502446523,0.25109988502446523,0.23277585383542201,0.23277585383542201,0.23277585383542201
395,832.0,0.07831606100481163,0.07831606100481163,0.07831606100481163,0.08197089916701782,0.08197089916701782,0.08197089916701782
396,884.0,0.3235185007275867,0.3235185007275867,0.3235185007275867,0.2937579556704754,0.2937579556704754,0.2937579556704754
397,936.0,0.054838709677419356,0.054838709677419356,0.054838709677419356,0.052753084584510175,0.052753084584510175,0.052753084584510175
398,988.0,0.12933638464959174,0.12933638464959174,0.12933638464959174,0.1277522487749635,0.1277522487749635,0.1277522487749635
399,1040.0,0.07012133069417684,0.07012133069417684,0.07012133069417684,0.062348604268764374,0.062348604268764374,0.062348604268764374
400,52.0,0.20475312720180874,0.20475312720180874,0.20475312720180874,0.17521915076108394,0.17521915076108394,0.17521915076108394
401,104.0,0.183569064098706,0.183569064098706,0.183569064098706,0.1613069126993046,0.1613069126993046,0.1613069126993046
402,156.0,0.20781530874531737,0.20781530874531737,0.20781530874531737,0.2841621891886256,0.2841621891886256,0.2841621891886256
403,208.0,0.016480853126514785,0.016480853126514785,0.016480853126514785,0.017178696555355547,0.017178696555355547,0.017178696555355547
404,260.0,0.008547008547008548,0.008547008547008548,0.008547008547008548,0.008473957191905905,0.008473957191905905,0.008473957191905905
405,312.0,0.07993966817496229,0.07993966817496229,0.07993966817496229,0.0825990913826953,0.0825990913826953,0.0825990913826953
406,364.0,0.06584989277706424,0.06584989277706424,0.06584989277706424,0.07206351378649099,0.07206351378649099,0.07206351378649099
407,416.0,0.19607843137254902,0.19607843137254902,0.19607843137254902,0.15763168012302964,0.15763168012302964,0.15763168012302964
408,468.0,0.008849557522123894,0.008849557522123894,0.008849557522123894,0.008771242853786514,0.008771242853786514,0.008771242853786514
409,520.0,0.3047750527243388,0.3047750527243388,0.3047750527243388,0.5065186485164418,0.5065186485164418,0.5065186485164418
410,572.0,0.2996792474174259,0.2996792474174259,0.2996792474174259,0.4103746874543092,0.4103746874543092,0.4103746874543092
411,624.0,0.07806324110671936,0.07806324110671936,0.07806324110671936,0.08185079441953476,0.08185079441953476,0.08185079441953476
412,676.0,0.05246008471814923,0.05246008471814923,0.05246008471814923,0.054269770726744215,0.054269770726744215,0.054269770726744215
413,728.0,0.7048110780028287,0.7048110780028287,0.7048110780028287,0.7406583940526595,0.7406583940526595,0.7406583940526595
414,780.0,0.19665605800653843,0.19665605800653843,0.19665605800653843,0.9213150942700437,0.9213150942700437,0.9213150942700437
415,832.0,0.18797953964194372,0.18797953964194372,0.18797953964194372,0.17310359037421263,0.17310359037421263,0.17310359037421263
416,884.0,0.2632999228989977,0.2632999228989977,0.2632999228989977,0.23869165484193705,0.23869165484193705,0.23869165484193705
417,936.0,0.2651884227780041,0.2651884227780041,0.2651884227780041,0.9041271377874274,0.9041271377874274,0.9041271377874274
418,988.0,0.4746991285954699,0.4746991285954699,0.4746991285954699,0.5779248034769368,0.5779248034769368,0.5779248034769368
419,1040.0,0.007594936708860759,0.007594936708860759,0.007594936708860759,0.00753725364524916,0.00753725364524916,0.00753725364524916
420,52.0,0.14285714285714285,0.14285714285714285,0.14285714285714285,0.12244897959183676,0.12244897959183676,0.12244897959183676
421,104.0,0.580265093250689,0.580265093250689,0.580265093250689,0.8840015407381094,0.8840015407381094,0.8840015407381094
422,156.0,0.013280212483399735,0.013280212483399735,0.013280212483399735,0.013989195938688803,0.013989195938688803,0.013989195938688803
423,208.0,29.911414754290888,29.911414754290888,29.911414754290888,45.092578347496016,45.092578347496016,45.092578347496016
424,260.0,0.584941044712244,0.584941044712244,0.584941044712244,0.44992354487899666,0.44992354487899666,0.44992354487899666
425,312.0,0.566060538988565,0.566060538988565,0.566060538988565,0.5872887613829447,0.5872887613829447,0.5872887613829447
426,364.0,0.15336957509257365,0.15336957509257365,0.15336957509257365,0.18821582825807376,0.18821582825807376,0.18821582825807376
427,416.0,0.14455229492580826,0.14455229492580826,0.14455229492580826,0.3282918426887576,0.3282918426887576,0.3282918426887576
428,468.0,0.011235955056179775,0.011235955056179775,0.011235955056179775,0.01110970837015528,0.01110970837015528,0.01110970837015528
429,520.0,0.8055671540629061,0.8055671540629061,0.8055671540629061,1.4190422913118959,1.4190422913118959,1.4190422913118959
430,572.0,1.2132796835872282,1.2132796835872282,1.2132796835872282,1.1373090303123303,1.1373090303123303,1.1373090303123303
431,624.0,0.5303537008484427,0.5303537008484427,0.5303537008484427,0.6386858747416833,0.6386858747416833,0.6386858747416833
432,676.0,0.23489600682145623,0.23489600682145623,0.23489600682145623,0.3607333571732671,0.3607333571732671,0.3607333571732671
433,728.0,0.0782608695652174,0.0782608695652174,0.0782608695652174,0.08083175803402648,0.08083175803402648,0.08083175803402648
434,780.0,0.16001286699311812,0.16001286699311812,0.16001286699311812,0.20053502491006778,0.20053502491006778,0.20053502491006778
435,832.0,0.07365439093484419,0.07365439093484419,0.07365439093484419,0.0757837181369992,0.0757837181369992,0.0757837181369992
436,884.0,0.2965093320017274,0.2965093320017274,0.2965093320017274,0.4658889551730305,0.4658889551730305,0.4658889551730305
437,936.0,0.3739797509271254,0.3739797509271254,0.3739797509271254,0.5284262272414003,0.5284262272414003,0.5284262272414003
438,988.0,0.06719367588932806,0.06719367588932806,0.06719367588932806,0.0636668281022981,0.0636668281022981,0.0636668281022981
439,1040.0,0.060298507462686564,0.060298507462686564,0.060298507462686564,0.05964767208732455,0.05964767208732455,0.05964767208732455
440,52.0,0.5471955029304421,0.5471955029304421,0.5471955029304421,0.6118702166590642,0.6118702166590642,0.6118702166590642
441,104.0,0.26335044423911996,0.26335044423911996,0.26335044423911996,0.3107381479374332,0.3107381479374332,0.3107381479374332
442,156.0,1.692637596718304,1.692637596718304,1.692637596718304,5.481020214714231,5.481020214714231,5.481020214714231
443,208.0,0.021010505252626314,0.021010505252626314,0.021010505252626314,0.020569063921655684,0.020569063921655684,0.020569063921655684
444,260.0,0.06367924528301887,0.06367924528301887,0.06367924528301887,0.07754872730509078,0.07754872730509078,0.07754872730509078
445,312.0,0.30623605887369976,0.30623605887369976,0.30623605887369976,0.335538112168291,0.335538112168291,0.335538112168291
446,364.0,0.21756628718799823,0.21756628718799823,0.21756628718799823,0.2305136951656711,0.2305136951656711,0.2305136951656711
447,416.0,0.38052815251211397,0.38052815251211397,0.38052815251211397,0.389267086120907,0.389267086120907,0.389267086120907
448,468.0,0.07957175925925926,0.07957175925925926,0.07957175925925926,0.08365676105431241,0.08365676105431241,0.08365676105431241
449,520.0,0.05146826649826334,0.05146826649826334,0.05146826649826334,0.058291971127497025,0.058291971127497025,0.058291971127497025
450,572.0,0.41946866484561773,0.41946866484561773,0.41946866484561773,0.5609184861264257,0.5609184861264257,0.5609184861264257
451,624.0,0.16403590219746209,0.16403590219746209,0.16403590219746209,0.1439371624374327,0.1439371624374327,0.1439371624374327
452,676.0,0.07697113971801808,0.07697113971801808,0.07697113971801808,0.07316706377120294,0.07316706377120294,0.07316706377120294
453,728.0,0.15616,0.15616,0.15616,0.1330540544,0.1330540544,0.1330540544
454,780.0,0.12515761035905112,0.12515761035905112,0.12515761035905112,0.14895201903170258,0.14895201903170258,0.14895201903170258
455,832.0,0.19766109865813394,0.19766109865813394,0.19766109865813394,0.17259702467325663,0.17259702467325663,0.17259702467325663
456,884.0,1.4181110200222082,1.4181110200222082,1.4181110200222082,2.1514904082452073,2.1514904082452073,2.1514904082452073
457,936.0,0.2770012706480305,0.2770012706480305,0.2770012706480305,0.3476667382448912,0.3476667382448912,0.3476667382448912
458,988.0,0.12551185044996788,0.12551185044996788,0.12551185044996788,0.13779446368848688,0.13779446368848688,0.13779446368848688
459,1040.0,0.20311522722290862,0.20311522722290862,0.20311522722290862,0.3073006487395258,0.3073006487395258,0.3073006487395258
460,52.0,0.2606034055011586,0.2606034055011586,0.2606034055011586,0.2542818926522555,0.2542818926522555,0.2542818926522555
461,104.0,0.06934147405146097,0.06934147405146097,0.06934147405146097,0.06540545382722097,0.06540545382722097,0.06540545382722097
462,156.0,0.11904761904761904,0.11904761904761904,0.11904761904761904,0.14058956916099774,0.14058956916099774,0.14058956916099774
463,208.0,0.09279573080343907,0.09279573080343907,0.09279573080343907,0.09545061851720238,0.09545061851720238,0.09545061851720238
464,260.0,0.21295891804369763,0.21295891804369763,0.21295891804369763,0.43163666730298106,0.43163666730298106,0.43163666730298106
465,312.0,0.2487177576177066,0.2487177576177066,0.2487177576177066,0.3531790313057434,0.3531790313057434,0.3531790313057434
466,364.0,0.3456311559260903,0.3456311559260903,0.3456311559260903,0.3765017839620929,0.3765017839620929,0.3765017839620929
467,416.0,0.49204392040980977,0.49204392040980977,0.49204392040980977,0.5770635121994139,0.5770635121994139,0.5770635121994139
468,468.0,0.08846210758749355,0.08846210758749355,0.08846210758749355,0.08886725146277008,0.08886725146277008,0.08886725146277008
469,520.0,0.10242085661080075,0.10242085661080075,0.10242085661080075,0.09193082474191056,0.09193082474191056,0.09193082474191056
470,572.0,0.19696969696969696,0.19696969696969696,0.19696969696969696,0.3399908172635446,0.3399908172635446,0.3399908172635446
471,624.0,0.041573616594375404,0.041573616594375404,0.041573616594375404,0.04566980283051648,0.04566980283051648,0.04566980283051648
472,676.0,0.0,0.0,0.0,0.0,0.0,0.0
473,728.0,0.48751926986229943,0.48751926986229943,0.48751926986229943,0.437636932130873,0.437636932130873,0.437636932130873
474,780.0,0.3194546738413643,0.3194546738413643,0.3194546738413643,0.4450335844539717,0.4450335844539717,0.4450335844539717
475,832.0,0.6620370161186844,0.6620370161186844,0.6620370161186844,0.6672032755674606,0.6672032755674606,0.6672032755674606
476,884.0,0.024351676154332702,0.024351676154332702,0.024351676154332702,0.023758672022807206,0.023758672022807206,0.023758672022807206
477,936.0,0.060766515380736255,0.060766515380736255,0.060766515380736255,0.05808251885860882,0.05808251885860882,0.05808251885860882
478,988.0,0.1110513821347959,0.1110513821347959,0.1110513821347959,0.09089340758609428,0.09089340758609428,0.09089340758609428
479,1040.0,106.00622008553803,106.00622008553803,106.00622008553803,1736.3632540393894,1736.3632540393894,1736.3632540393894
480,52.0,0.5363627302450464,0.5363627302450464,0.5363627302450464,0.6141786988433229,0.6141786988433229,0.6141786988433229
481,104.0,0.05114899925871016,0.05114899925871016,0.05114899925871016,0.05446309788817568,0.05446309788817568,0.05446309788817568
482,156.0,28.749877079236366,28.749877079236366,28.749877079236366,25.05200620987834,25.05200620987834,25.05200620987834
483,208.0,0.11309773573664589,0.11309773573664589,0.11309773573664589,0.15395369351958513,0.15395369351958513,0.15395369351958513
484,260.0,0.21241692933862347,0.21241692933862347,0.21241692933862347,0.2009729438198187,0.2009729438198187,0.2009729438198187
485,312.0,0.20368815595634684,0.20368815595634684,0.20368815595634684,0.2625981258175862,0.2625981258175862,0.2625981258175862
486,364.0,0.28728981536592446,0.28728981536592446,0.28728981536592446,0.2731043840513997,0.2731043840513997,0.2731043840513997
487,416.0,0.10975609756097561,0.10975609756097561,0.10975609756097561,0.11014393859863993,0.11014393859863993,0.11014393859863993
488,468.0,0.17277430393358886,0.17277430393358886,0.17277430393358886,0.17716050238774955,0.17716050238774955,0.17716050238774955
489,520.0,2.718106686716059,2.718106686716059,2.718106686716059,79.92154899868332,79.92154899868332,79.92154899868332
490,572.0,0.005154639175257732,0.005154639175257732,0.005154639175257732,0.0051280688702306275,0.0051280688702306275,0.0051280688702306275
491,624.0,0.495279761842256,0.495279761842256,0.495279761842256,2.1181224057927084,2.1181224057927084,2.1181224057927084
492,676.0,0.0750504949321972,0.0750504949321972,0.0750504949321972,0.08042000620255714,0.08042000620255714,0.08042000620255714
493,728.0,0.44732461103738264,0.44732461103738264,0.44732461103738264,0.5775902533940396,0.5775902533940396,0.5775902533940396
494,780.0,19.248954853271595,19.248954853271595,19.248954853271595,80.3789607428826,80.3789607428826,80.3789607428826
495,832.0,0.15582329317269075,0.15582329317269075,0.15582329317269075,0.13957452299156467,0.13957452299156467,0.13957452299156467
496,884.0,0.18997912317327767,0.18997912317327767,0.18997912317327767,0.15962818328023326,0.15962818328023326,0.15962818328023326
497,936.0,0.09167745503959054,0.09167745503959054,0.09167745503959054,0.10794896672083587,0.10794896672083587,0.10794896672083587
498,988.0,0.6508497260141599,0.6508497260141599,0.6508497260141599,0.6610485308124241,0.6610485308124241,0.6610485308124241
499,1040.0,0.0056323604710701485,0.0056323604710701485,0.0056323604710701485,0.0056006369865940755,0.0056006369865940755,0.0056006369865940755
500,52.0,0.3267421027769443,0.3267421027769443,0.3267421027769443,0.34232848852483033,0.34232848852483033,0.34232848852483033
501,104.0,0.0194503801579951,0.0194503801579951,0.0194503801579951,0.016776938832967058,0.016776938832967058,0.016776938832967058
502,156.0,0.18874773139745918,0.18874773139745918,0.18874773139745918,0.1621964354531112,0.1621964354531112,0.1621964354531112
503,208.0,0.06282722513089005,0.06282722513089005,0.06282722513089005,0.05887996491324253,0.05887996491324253,0.05887996491324253
504,260.0,0.39211075636274995,0.39211075636274995,0.39211075636274995,0.31885247300882325,0.31885247300882325,0.31885247300882325
505,312.0,0.02172164119066774,0.02172164119066774,0.02172164119066774,0.021249811494651626,0.021249811494651626,0.021249811494651626
506,364.0,0.22742373905164603,0.22742373905164603,0.22742373905164603,0.2288583281468168,0.2288583281468168,0.2288583281468168
507,416.0,0.34782608695652173,0.34782608695652173,0.34782608695652173,0.4007561436672967,0.4007561436672967,0.4007561436672967
508,468.0,0.02396259497369959,0.02396259497369959,0.02396259497369959,0.023388389015826027,0.023388389015826027,0.023388389015826027
509,520.0,0.17471785190027195,0.17471785190027195,0.17471785190027195,0.15249493943104483,0.15249493943104483,0.15249493943104483
510,572.0,0.10344827586206896,0.10344827586206896,0.10344827586206896,0.12621528992096243,0.12621528992096243,0.12621528992096243
511,624.0,0.2435094696257773,0.2435094696257773,0.2435094696257773,0.24066059578965354,0.24066059578965354,0.24066059578965354
512,676.0,0.19426121733261612,0.19426121733261612,0.19426121733261612,0.18916963100321715,0.18916963100321715,0.18916963100321715
513,728.0,0.1661804812357835,0.1661804812357835,0.1661804812357835,0.20658838385460876,0.20658838385460876,0.20658838385460876
514,780.0,0.14046242774566475,0.14046242774566475,0.14046242774566475,0.16581943933977078,0.16581943933977078,0.16581943933977078
515,832.0,0.5107499298918654,0.5107499298918654,0.5107499298918654,1.046679288722699,1.046679288722699,1.046679288722699
516,884.0,0.19642835646320186,0.19642835646320186,0.19642835646320186,0.2004650892264181,0.2004650892264181,0.2004650892264181
517,936.0,0.24401056992832065,0.24401056992832065,0.24401056992832065,0.24889564168203074,0.24889564168203074,0.24889564168203074
518,988.0,0.11241749608830495,0.11241749608830495,0.11241749608830495,0.16198013012920243,0.16198013012920243,0.16198013012920243
519,1040.0,0.044144144144144144,0.044144144144144144,0.044144144144144144,0.04760084408733056,0.04760084408733056,0.04760084408733056
520,52.0,0.059498325119351776,0.059498325119351776,0.059498325119351776,0.05903083690392937,0.05903083690392937,0.05903083690392937
521,104.0,0.175131336479421,0.175131336479421,0.175131336479421,0.17039886817052108,0.17039886817052108,0.17039886817052108
522,156.0,0.1839028778738299,0.1839028778738299,0.1839028778738299,0.3017382577222641,0.3017382577222641,0.3017382577222641
523,208.0,0.13624733475479744,0.13624733475479744,0.13624733475479744,0.14241747400675575,0.14241747400675575,0.14241747400675575
524,260.0,0.08217633138084786,0.08217633138084786,0.08217633138084786,0.18376444277604187,0.18376444277604187,0.18376444277604187
525,312.0,0.13298779137148284,0.13298779137148284,0.13298779137148284,0.12852043357483414,0.12852043357483414,0.12852043357483414
526,364.0,0.29073169762188195,0.29073169762188195,0.29073169762188195,0.3434877241573879,0.3434877241573879,0.3434877241573879
527,416.0,0.18070249682606856,0.18070249682606856,0.18070249682606856,0.1590520668029068,0.1590520668029068,0.1590520668029068
528,468.0,0.26208133569299524,0.26208133569299524,0.26208133569299524,0.6106179284117607,0.6106179284117607,0.6106179284117607
529,520.0,0.09096858638743456,0.09096858638743456,0.09096858638743456,0.09054670581946768,0.09054670581946768,0.09054670581946768
530,572.0,0.025011991580105666,0.025011991580105666,0.025011991580105666,0.02505592037468085,0.02505592037468085,0.02505592037468085
531,624.0,0.30556708750049966,0.30556708750049966,0.30556708750049966,0.45656282547895627,0.45656282547895627,0.45656282547895627
532,676.0,0.13051251489868892,0.13051251489868892,0.13051251489868892,0.13731690061810914,0.13731690061810914,0.13731690061810914
533,728.0,0.36851023442702463,0.36851023442702463,0.36851023442702463,0.4398374476853181,0.4398374476853181,0.4398374476853181
534,780.0,0.597994877287478,0.597994877287478,0.597994877287478,0.9978635661992813,0.9978635661992813,0.9978635661992813
535,832.0,0.3538767395626243,0.3538767395626243,0.3538767395626243,0.876759324767103,0.876759324767103,0.876759324767103
536,884.0,0.1132104670929538,0.1132104670929538,0.1132104670929538,0.18932063436064028,0.18932063436064028,0.18932063436064028
537,936.0,0.028629856850715747,0.028629856850715747,0.028629856850715747,0.027810188147423264,0.027810188147423264,0.027810188147423264
538,988.0,0.21621342152349418,0.21621342152349418,0.21621342152349418,0.2005690090851849,0.2005690090851849,0.2005690090851849
539,1040.0,0.28231442090257636,0.28231442090257636,0.28231442090257636,0.21840690246107516,0.21840690246107516,0.21840690246107516
540,52.0,2.0145582019841086,2.0145582019841086,2.0145582019841086,3.8064856615241585,3.8064856615241585,3.8064856615241585
541,104.0,0.18282276738364656,0.18282276738364656,0.18282276738364656,0.47336312957857024,0.47336312957857024,0.47336312957857024
542,156.0,19.038023241150356,19.038023241150356,19.038023241150356,36.1009175616648,36.1009175616648,36.1009175616648
543,208.0,0.6364949477623153,0.6364949477623153,0.6364949477623153,0.5650961521495914,0.5650961521495914,0.5650961521495914
544,260.0,0.22948220131209207,0.22948220131209207,0.22948220131209207,0.21304074871482281,0.21304074871482281,0.21304074871482281
545,312.0,0.20423318019657397,0.20423318019657397,0.20423318019657397,0.2748838899464832,0.2748838899464832,0.2748838899464832
546,364.0,0.20595533498759305,0.20595533498759305,0.20595533498759305,0.17346329329039645,0.17346329329039645,0.17346329329039645
547,416.0,0.058101400765568724,0.058101400765568724,0.058101400765568724,0.057368497970629664,0.057368497970629664,0.057368497970629664
548,468.0,0.4563221244419019,0.4563221244419019,0.4563221244419019,7.407925056913233,7.407925056913233,7.407925056913233
549,520.0,0.1750248262164846,0.1750248262164846,0.1750248262164846,0.163755585282368,0.163755585282368,0.163755585282368
550,572.0,26.700087543918162,26.700087543918162,26.700087543918162,34.65782105157375,34.65782105157375,34.65782105157375
551,624.0,0.15822937418375005,0.15822937418375005,0.15822937418375005,0.1824525701335064,0.1824525701335064,0.1824525701335064
552,676.0,1.6518331137247586,1.6518331137247586,1.6518331137247586,47.6501685012986,47.6501685012986,47.6501685012986
553,728.0,0.5298465749785207,0.5298465749785207,0.5298465749785207,1.0650405392190063,1.0650405392190063,1.0650405392190063
554,780.0,0.19024776532925805,0.19024776532925805,0.19024776532925805,0.1667138938558185,0.1667138938558185,0.1667138938558185
555,832.0,0.5605344912634476,0.5605344912634476,0.5605344912634476,0.7934518085718135,0.7934518085718135,0.7934518085718135
556,884.0,0.06920939631220005,0.06920939631220005,0.06920939631220005,0.07199712690337388,0.07199712690337388,0.07199712690337388
557,936.0,0.41411129616165704,0.41411129616165704,0.41411129616165704,0.587002461569381,0.587002461569381,0.587002461569381
558,988.0,0.03228892609423583,0.03228892609423583,0.03228892609423583,0.031724705806572155,0.031724705806572155,0.031724705806572155
559,1040.0,0.2322248923843902,0.2322248923843902,0.2322248923843902,0.19963762729360027,0.19963762729360027,0.19963762729360027
560,52.0,1.884460116267453,1.884460116267453,1.884460116267453,3.746203555837588,3.746203555837588,3.746203555837588
561,104.0,0.20948182034739835,0.20948182034739835,0.20948182034739835,0.23273375481672917,0.23273375481672917,0.23273375481672917
562,156.0,1.2195657879193356,1.2195657879193356,1.2195657879193356,7.02232675590082,7.02232675590082,7.02232675590082
563,208.0,0.10309300222920259,0.10309300222920259,0.10309300222920259,0.09534361243111668,0.09534361243111668,0.09534361243111668
564,260.0,0.48443310864115635,0.48443310864115635,0.48443310864115635,0.9725844526315154,0.9725844526315154,0.9725844526315154
565,312.0,0.22432210353327856,0.22432210353327856,0.22432210353327856,0.18550539501677482,0.18550539501677482,0.18550539501677482
566,364.0,6.563300055267281,6.563300055267281,6.563300055267281,22.191027704733962,22.191027704733962,22.191027704733962
567,416.0,0.19263059701492538,0.19263059701492538,0.19263059701492538,0.1671844978697928,0.1671844978697928,0.1671844978697928
568,468.0,0.009513742071881607,0.009513742071881607,0.009513742071881607,0.009423230783671313,0.009423230783671313,0.009423230783671313
569,520.0,0.14952337447401337,0.14952337447401337,0.14952337447401337,0.16012116194496143,0.16012116194496143,0.16012116194496143
570,572.0,0.19831346321605117,0.19831346321605117,0.19831346321605117,0.22237575402345253,0.22237575402345253,0.22237575402345253
571,624.0,3.63798839193119,3.63798839193119,3.63798839193119,199.49774611657895,199.49774611657895,199.49774611657895
572,676.0,6.873571222084332,6.873571222084332,6.873571222084332,11.280724438894664,11.280724438894664,11.280724438894664
573,728.0,0.12128994840278219,0.12128994840278219,0.12128994840278219,0.1263545378096681,0.1263545378096681,0.1263545378096681
574,780.0,0.07973421926910298,0.07973421926910298,0.07973421926910298,0.07760500335637475,0.07760500335637475,0.07760500335637475
575,832.0,0.14846416382252559,0.14846416382252559,0.14846416382252559,0.14153713413751387,0.14153713413751387,0.14153713413751387
576,884.0,0.027833001988071572,0.027833001988071572,0.027833001988071572,0.02705832598840357,0.02705832598840357,0.02705832598840357
577,936.0,0.13253012048192772,0.13253012048192772,0.13253012048192772,0.15283163635609562,0.15283163635609562,0.15283163635609562
578,988.0,0.6384078412872893,0.6384078412872893,0.6384078412872893,0.7002068082458072,0.7002068082458072,0.7002068082458072
579,1040.0,0.22829818538499264,0.22829818538499264,0.22829818538499264,0.24827228774069932,0.24827228774069932,0.24827228774069932
580,52.0,0.2760801430077758,0.2760801430077758,0.2760801430077758,0.5090114212408912,0.5090114212408912,0.5090114212408912
581,104.0,0.07694800999720929,0.07694800999720929,0.07694800999720929,0.0751502157724788,0.0751502157724788,0.0751502157724788
582,156.0,19.17687752074256,19.17687752074256,19.17687752074256,21.657544509178088,21.657544509178088,21.657544509178088
583,208.0,0.5242282892617962,0.5242282892617962,0.5242282892617962,0.7285980542309308,0.7285980542309308,0.7285980542309308
584,260.0,0.43257477170606434,0.43257477170606434,0.43257477170606434,0.648438311994463,0.648438311994463,0.648438311994463
585,312.0,0.7088229840957085,0.7088229840957085,0.7088229840957085,0.8691560385190706,0.8691560385190706,0.8691560385190706
586,364.0,0.06872346899600967,0.06872346899600967,0.06872346899600967,0.06607987322479571,0.06607987322479571,0.06607987322479571
587,416.0,0.2643145263231891,0.2643145263231891,0.2643145263231891,0.2790911563434461,0.2790911563434461,0.2790911563434461
588,468.0,0.4245816250430188,0.4245816250430188,0.4245816250430188,0.5578820582282575,0.5578820582282575,0.5578820582282575
589,520.0,69.11158224312732,69.11158224312732,69.11158224312732,84.02876282059847,84.02876282059847,84.02876282059847
590,572.0,0.26323924006187244,0.26323924006187244,0.26323924006187244,0.28956844476529875,0.28956844476529875,0.28956844476529875
591,624.0,0.7868992388767214,0.7868992388767214,0.7868992388767214,0.9143309657665382,0.9143309657665382,0.9143309657665382
592,676.0,1.6822050320681836,1.6822050320681836,1.6822050320681836,38.0719939181993,38.0719939181993,38.0719939181993
593,728.0,0.05959475566150179,0.05959475566150179,0.05959475566150179,0.0631945914385279,0.0631945914385279,0.0631945914385279
594,780.0,0.2720496894409938,0.2720496894409938,0.2720496894409938,0.6042498360402762,0.6042498360402762,0.6042498360402762
595,832.0,0.16741405082212257,0.16741405082212257,0.16741405082212257,0.19917731884592266,0.19917731884592266,0.19917731884592266
596,884.0,0.11229946524064172,0.11229946524064172,0.11229946524064172,0.1125225199462381,0.1125225199462381,0.1125225199462381
597,936.0,0.2308544450799011,0.2308544450799011,0.2308544450799011,0.2044228763243856,0.2044228763243856,0.2044228763243856
598,988.0,0.26621160409556316,0.26621160409556316,0.26621160409556316,0.4888583443022051,0.4888583443022051,0.4888583443022051
599,1040.0,0.3827956989247312,0.3827956989247312,0.3827956989247312,0.4169083130997803,0.4169083130997803,0.4169083130997803
600,52.0,0.33927208866411473,0.33927208866411473,0.33927208866411473,0.5594474113299448,0.5594474113299448,0.5594474113299448
601,104.0,0.47479359518259395,0.47479359518259395,0.47479359518259395,0.5841242089206689,0.5841242089206689,0.5841242089206689
602,156.0,0.02054794520547945,0.02054794520547945,0.02054794520547945,0.020125727153312064,0.020125727153312064,0.020125727153312064
603,208.0,0.15025484286412708,0.15025484286412708,0.15025484286412708,0.15012985295152814,0.15012985295152814,0.15012985295152814
604,260.0,0.18774854828856846,0.18774854828856846,0.18774854828856846,0.19159667490188714,0.19159667490188714,0.19159667490188714
605,312.0,0.01860920666013712,0.01860920666013712,0.01860920666013712,0.018262904087617427,0.018262904087617427,0.018262904087617427
606,364.0,0.23688403611697476,0.23688403611697476,0.23688403611697476,0.30940936978988254,0.30940936978988254,0.30940936978988254
607,416.0,0.30211987632138215,0.30211987632138215,0.30211987632138215,0.3519666372601448,0.3519666372601448,0.3519666372601448
608,468.0,1.2262226992232017,1.2262226992232017,1.2262226992232017,0.773581429097157,0.773581429097157,0.773581429097157
609,520.0,0.21921520980203305,0.21921520980203305,0.21921520980203305,0.2536079423522713,0.2536079423522713,0.2536079423522713
610,572.0,0.009378663540445486,0.009378663540445486,0.009378663540445486,0.009290704210640606,0.009290704210640606,0.009290704210640606
611,624.0,0.4328125,0.4328125,0.4328125,0.5798608398437499,0.5798608398437499,0.5798608398437499
612,676.0,0.9770338166909978,0.9770338166909978,0.9770338166909978,2.5681961210648794,2.5681961210648794,2.5681961210648794
613,728.0,0.024319066147859923,0.024319066147859923,0.024319066147859923,0.02372764916955594,0.02372764916955594,0.02372764916955594
614,780.0,0.023121387283236993,0.023121387283236993,0.023121387283236993,0.022586788733335562,0.022586788733335562,0.022586788733335562
615,832.0,0.07938191127766907,0.07938191127766907,0.07938191127766907,0.13094484250380065,0.13094484250380065,0.13094484250380065
616,884.0,0.11580086580086581,0.11580086580086581,0.11580086580086581,0.10617890406851443,0.10617890406851443,0.10617890406851443
617,936.0,0.1839922107472947,0.1839922107472947,0.1839922107472947,0.18095487114778272,0.18095487114778272,0.18095487114778272
618,988.0,0.16233737605048915,0.16233737605048915,0.16233737605048915,0.17301353065399575,0.17301353065399575,0.17301353065399575
619,1040.0,0.910861313537594,0.910861313537594,0.910861313537594,7.06988430819036,7.06988430819036,7.06988430819036
620,52.0,1.0709172948098098,1.0709172948098098,1.0709172948098098,1.7723698422110543,1.7723698422110543,1.7723698422110543
621,104.0,13.100304416899814,13.100304416899814,13.100304416899814,13.28178479971477,13.28178479971477,13.28178479971477
622,156.0,0.021983563471863466,0.021983563471863466,0.021983563471863466,0.022840956638341615,0.022840956638341615,0.022840956638341615
623,208.0,0.26422959631162113,0.26422959631162113,0.26422959631162113,0.41813658326804054,0.41813658326804054,0.41813658326804054
624,260.0,0.10891089108910891,0.10891089108910891,0.10891089108910891,0.12345194915531157,0.12345194915531157,0.12345194915531157
625,312.0,0.14010793407385694,0.14010793407385694,0.14010793407385694,0.14222352459036064,0.14222352459036064,0.14222352459036064
626,364.0,0.6542435578127248,0.6542435578127248,0.6542435578127248,0.8622610138525981,0.8622610138525981,0.8622610138525981
627,416.0,0.3816415002267183,0.3816415002267183,0.3816415002267183,0.3553476251998903,0.3553476251998903,0.3553476251998903
628,468.0,0.35199965276666834,0.35199965276666834,0.35199965276666834,0.40991489421050914,0.40991489421050914,0.40991489421050914
629,520.0,0.33993107927552435,0.33993107927552435,0.33993107927552435,0.8517966332561483,0.8517966332561483,0.8517966332561483
630,572.0,0.05147697654213727,0.05147697654213727,0.05147697654213727,0.04926150229355203,0.04926150229355203,0.04926150229355203
631,624.0,0.4962846975819558,0.4962846975819558,0.4962846975819558,0.5340923475939959,0.5340923475939959,0.5340923475939959
632,676.0,0.3297489114370838,0.3297489114370838,0.3297489114370838,0.3668285285586891,0.3668285285586891,0.3668285285586891
633,728.0,0.017649135192375574,0.017649135192375574,0.017649135192375574,0.01733764321933682,0.01733764321933682,0.01733764321933682
634,780.0,0.4972507470159354,0.4972507470159354,0.4972507470159354,0.5355690705365623,0.5355690705365623,0.5355690705365623
635,832.0,0.0025630072618539087,0.0025630072618539087,0.0025630072618539087,0.0025564382556295924,0.0025564382556295924,0.0025564382556295924
636,884.0,0.04228855721393035,0.04228855721393035,0.04228855721393035,0.045475359520803955,0.045475359520803955,0.045475359520803955
637,936.0,0.14074534748156878,0.14074534748156878,0.14074534748156878,0.1446706365078535,0.1446706365078535,0.1446706365078535
638,988.0,0.40435851284324104,0.40435851284324104,0.40435851284324104,1.7642681454787832,1.7642681454787832,1.7642681454787832
639,1040.0,0.11079645276890489,0.11079645276890489,0.11079645276890489,0.14438094136064927,0.14438094136064927,0.14438094136064927
640,52.0,0.17220888318528466,0.17220888318528466,0.17220888318528466,0.19976768896154187,0.19976768896154187,0.19976768896154187
641,104.0,0.5789473684210527,0.5789473684210527,0.5789473684210527,3.085872576177285,3.085872576177285,3.085872576177285
642,156.0,0.10746235836649062,0.10746235836649062,0.10746235836649062,0.0960539231625343,0.0960539231625343,0.0960539231625343
643,208.0,0.03177878662814693,0.03177878662814693,0.03177878662814693,0.032419741407194676,0.032419741407194676,0.032419741407194676
644,260.0,29.47208004820499,29.47208004820499,29.47208004820499,28.839578889010376,28.839578889010376,28.839578889010376
645,312.0,27.923706948363687,27.923706948363687,27.923706948363687,74.12940316374484,74.12940316374484,74.12940316374484
646,364.0,0.055832239701450154,0.055832239701450154,0.055832239701450154,0.0578314999336679,0.0578314999336679,0.0578314999336679
647,416.0,0.16358204397675669,0.16358204397675669,0.16358204397675669,0.14783538541059327,0.14783538541059327,0.14783538541059327
648,468.0,13.440628935176207,13.440628935176207,13.440628935176207,20.254855692484334,20.254855692484334,20.254855692484334
649,520.0,0.15201609577504852,0.15201609577504852,0.15201609577504852,0.11844885119099882,0.11844885119099882,0.11844885119099882
650,572.0,0.12244897959183673,0.12244897959183673,0.12244897959183673,0.10745522698875465,0.10745522698875465,0.10745522698875465
651,624.0,0.20824760615877624,0.20824760615877624,0.20824760615877624,0.21710691654209618,0.21710691654209618,0.21710691654209618
652,676.0,0.12734592982855675,0.12734592982855675,0.12734592982855675,0.12145703888329232,0.12145703888329232,0.12145703888329232
653,728.0,0.10128205128205128,0.10128205128205128,0.10128205128205128,0.09358809993425381,0.09358809993425381,0.09358809993425381
654,780.0,0.16552863841652846,0.16552863841652846,0.16552863841652846,0.17470038659898018,0.17470038659898018,0.17470038659898018
655,832.0,0.025822234302799674,0.025822234302799674,0.025822234302799674,0.025699072503733086,0.025699072503733086,0.025699072503733086
656,884.0,0.03885685635497618,0.03885685635497618,0.03885685635497618,0.053391122402852514,0.053391122402852514,0.053391122402852514
657,936.0,0.33316248077908767,0.33316248077908767,0.33316248077908767,0.3123753908219339,0.3123753908219339,0.3123753908219339
658,988.0,0.30527817403708984,0.30527817403708984,0.30527817403708984,0.29196928781178716,0.29196928781178716,0.29196928781178716
659,1040.0,1.0721206128481402,1.0721206128481402,1.0721206128481402,10.173716380932719,10.173716380932719,10.173716380932719
660,52.0,0.3231548714223446,0.3231548714223446,0.3231548714223446,0.2837802861787284,0.2837802861787284,0.2837802861787284
661,104.0,0.0940108112216659,0.0940108112216659,0.0940108112216659,0.11380435317500393,0.11380435317500393,0.11380435317500393
662,156.0,0.18136330954502194,0.18136330954502194,0.18136330954502194,0.19995612036499916,0.19995612036499916,0.19995612036499916
663,208.0,0.21360917248255235,0.21360917248255235,0.21360917248255235,0.18991449132164817,0.18991449132164817,0.18991449132164817
664,260.0,0.365369442596364,0.365369442596364,0.365369442596364,0.5062063774961907,0.5062063774961907,0.5062063774961907
665,312.0,0.10351966873706005,0.10351966873706005,0.10351966873706005,0.13007042766697102,0.13007042766697102,0.13007042766697102
666,364.0,0.1599215109148884,0.1599215109148884,0.1599215109148884,0.13778051873522018,0.13778051873522018,0.13778051873522018
667,416.0,0.0702091849002164,0.0702091849002164,0.0702091849002164,0.07153135802095138,0.07153135802095138,0.07153135802095138
668,468.0,0.21046751113085257,0.21046751113085257,0.21046751113085257,0.27891568803131656,0.27891568803131656,0.27891568803131656
669,520.0,93.54662379421222,93.54662379421222,93.54662379421222,80.16529674700082,80.16529674700082,80.16529674700082
670,572.0,0.36625052953627496,0.36625052953627496,0.36625052953627496,0.401688293686239,0.401688293686239,0.401688293686239
671,624.0,0.6131899337273206,0.6131899337273206,0.6131899337273206,0.6001292156421201,0.6001292156421201,0.6001292156421201
672,676.0,0.8388955615056715,0.8388955615056715,0.8388955615056715,0.6880541078179774,0.6880541078179774,0.6880541078179774
673,728.0,0.3046157692774973,0.3046157692774973,0.3046157692774973,0.27222927477357645,0.27222927477357645,0.27222927477357645
674,780.0,0.032568306010928964,0.032568306010928964,0.032568306010928964,0.034130562274179585,0.034130562274179585,0.034130562274179585
675,832.0,0.1846877968548629,0.1846877968548629,0.1846877968548629,0.20185858927478625,0.20185858927478625,0.20185858927478625
676,884.0,0.17196531791907516,0.17196531791907516,0.17196531791907516,0.14239324735206657,0.14239324735206657,0.14239324735206657
677,936.0,0.70498422505337,0.70498422505337,0.70498422505337,0.9265052603570492,0.9265052603570492,0.9265052603570492
678,988.0,0.615910441719269,0.615910441719269,0.615910441719269,0.5866744968094356,0.5866744968094356,0.5866744968094356
679,1040.0,0.4042922527572745,0.4042922527572745,0.4042922527572745,0.40693458154462603,0.40693458154462603,0.40693458154462603
680,52.0,0.051848121861638986,0.051848121861638986,0.051848121861638986,0.05778773250572871,0.05778773250572871,0.05778773250572871
681,104.0,0.14888010540184454,0.14888010540184454,0.14888010540184454,0.12671481961738018,0.12671481961738018,0.12671481961738018
682,156.0,0.5076111770424794,0.5076111770424794,0.5076111770424794,0.6271638645568527,0.6271638645568527,0.6271638645568527
683,208.0,0.185948342107712,0.185948342107712,0.185948342107712,0.24357231950774963,0.24357231950774963,0.24357231950774963
684,260.0,0.6191719224151587,0.6191719224151587,0.6191719224151587,0.7595505248508658,0.7595505248508658,0.7595505248508658
685,312.0,0.14919071076706544,0.14919071076706544,0.14919071076706544,0.1283403021234216,0.1283403021234216,0.1283403021234216
686,364.0,0.05035405192761605,0.05035405192761605,0.05035405192761605,0.050965649627563,0.050965649627563,0.050965649627563
687,416.0,0.2041211020495398,0.2041211020495398,0.2041211020495398,0.1819690824873005,0.1819690824873005,0.1819690824873005
688,468.0,0.29332843106808454,0.29332843106808454,0.29332843106808454,0.5230083844930463,0.5230083844930463,0.5230083844930463
689,520.0,0.2652027027027027,0.2652027027027027,0.2652027027027027,0.36041076972242514,0.36041076972242514,0.36041076972242514
690,572.0,0.1809125450329822,0.1809125450329822,0.1809125450329822,0.2195134341276586,0.2195134341276586,0.2195134341276586
691,624.0,0.0030864197530864196,0.0030864197530864196,0.0030864197530864196,0.0030768937661941765,0.0030768937661941765,0.0030768937661941765
692,676.0,0.11938435940099834,0.11938435940099834,0.11938435940099834,0.11927482897334168,0.11927482897334168,0.11927482897334168
693,728.0,0.11392405063291139,0.11392405063291139,0.11392405063291139,0.10094536132030124,0.10094536132030124,0.10094536132030124
694,780.0,3.0349184189589433,3.0349184189589433,3.0349184189589433,55.815211567623265,55.815211567623265,55.815211567623265
695,832.0,0.11576289005666222,0.11576289005666222,0.11576289005666222,0.11300888637713365,0.11300888637713365,0.11300888637713365
696,884.0,0.27040505814397614,0.27040505814397614,0.27040505814397614,0.2776494727214697,0.2776494727214697,0.2776494727214697
697,936.0,1.0736413510461618,1.0736413510461618,1.0736413510461618,2.1190433512708764,2.1190433512708764,2.1190433512708764
698,988.0,0.03196824070204764,0.03196824070204764,0.03196824070204764,0.03178204328720993,0.03178204328720993,0.03178204328720993
699,1040.0,0.03248259860788863,0.03248259860788863,0.03248259860788863,0.03142747939556742,0.03142747939556742,0.03142747939556742
700,52.0,1.3431459497625164,1.3431459497625164,1.3431459497625164,2.627173763216245,2.627173763216245,2.627173763216245
701,104.0,0.27336479062500185,0.27336479062500185,0.27336479062500185,0.26201187183981595,0.26201187183981595,0.26201187183981595
702,156.0,0.16316810635798584,0.16316810635798584,0.16316810635798584,0.14452336777749505,0.14452336777749505,0.14452336777749505
703,208.0,0.30995668696762063,0.30995668696762063,0.30995668696762063,0.2795705431593603,0.2795705431593603,0.2795705431593603
704,260.0,2.5102502518036856,2.5102502518036856,2.5102502518036856,44.21662855714148,44.21662855714148,44.21662855714148
705,312.0,0.05541170378042465,0.05541170378042465,0.05541170378042465,0.060109242721643995,0.060109242721643995,0.060109242721643995
706,364.0,0.15771109560362875,0.15771109560362875,0.15771109560362875,0.16214744758798316,0.16214744758798316,0.16214744758798316
707,416.0,0.3998009192271963,0.3998009192271963,0.3998009192271963,0.3820377782140047,0.3820377782140047,0.3820377782140047
708,468.0,0.028404952658412235,0.028404952658412235,0.028404952658412235,0.028569220815480887,0.028569220815480887,0.028569220815480887
709,520.0,0.24279839614389573,0.24279839614389573,0.24279839614389573,0.19153845602654018,0.19153845602654018,0.19153845602654018
710,572.0,0.3757837999316233,0.3757837999316233,0.3757837999316233,0.39573749476731035,0.39573749476731035,0.39573749476731035
711,624.0,0.07709665287702144,0.07709665287702144,0.07709665287702144,0.08393952093276068,0.08393952093276068,0.08393952093276068
712,676.0,2.078713143640075,2.078713143640075,2.078713143640075,2.364729323768064,2.364729323768064,2.364729323768064
713,728.0,0.9339730558245651,0.9339730558245651,0.9339730558245651,0.5312848616108387,0.5312848616108387,0.5312848616108387
714,780.0,0.18049973713812392,0.18049973713812392,0.18049973713812392,0.1831925324828425,0.1831925324828425,0.1831925324828425
715,832.0,0.5521347815522317,0.5521347815522317,0.5521347815522317,0.6690375842234966,0.6690375842234966,0.6690375842234966
716,884.0,0.10128470755314282,0.10128470755314282,0.10128470755314282,0.11314542939055439,0.11314542939055439,0.11314542939055439
717,936.0,0.01122565864833906,0.01122565864833906,0.01122565864833906,0.011099643236250031,0.011099643236250031,0.011099643236250031
718,988.0,0.5963285423830733,0.5963285423830733,0.5963285423830733,0.9054551499667047,0.9054551499667047,0.9054551499667047
719,1040.0,0.3093480393446586,0.3093480393446586,0.3093480393446586,0.38073772956807267,0.38073772956807267,0.38073772956807267
720,52.0,0.17705902733416595,0.17705902733416595,0.17705902733416595,0.1822291305163627,0.1822291305163627,0.1822291305163627
721,104.0,0.06856990394877267,0.06856990394877267,0.06856990394877267,0.06706977979860337,0.06706977979860337,0.06706977979860337
722,156.0,0.0,0.0,0.0,0.0,0.0,0.0
723,208.0,0.36814116622105436,0.36814116622105436,0.36814116622105436,0.35220193952011514,0.35220193952011514,0.35220193952011514
724,260.0,0.01773049645390071,0.01773049645390071,0.01773049645390071,0.017961679686442023,0.017961679686442023,0.017961679686442023
725,312.0,0.5541873950338169,0.5541873950338169,0.5541873950338169,0.9380934979042143,0.9380934979042143,0.9380934979042143
726,364.0,0.018425460636515914,0.018425460636515914,0.018425460636515914,0.019761004912895012,0.019761004912895012,0.019761004912895012
727,416.0,0.23325996914791589,0.23325996914791589,0.23325996914791589,0.26955065595850025,0.26955065595850025,0.26955065595850025
728,468.0,0.3608847497089639,0.3608847497089639,0.3608847497089639,0.35521039300374996,0.35521039300374996,0.35521039300374996
729,520.0,0.0056673278549164065,0.0056673278549164065,0.0056673278549164065,0.005635209249901294,0.005635209249901294,0.005635209249901294
730,572.0,0.11599138661990101,0.11599138661990101,0.11599138661990101,0.104204371102764,0.104204371102764,0.104204371102764
731,624.0,0.2865051020510994,0.2865051020510994,0.2865051020510994,0.3364752448437503,0.3364752448437503,0.3364752448437503
732,676.0,0.10574663533433028,0.10574663533433028,0.10574663533433028,0.11549998195033251,0.11549998195033251,0.11549998195033251
733,728.0,82.94574071087304,82.94574071087304,82.94574071087304,87.37399598097133,87.37399598097133,87.37399598097133
734,780.0,0.18408437389170465,0.18408437389170465,0.18408437389170465,0.15115008665215993,0.15115008665215993,0.15115008665215993
735,832.0,0.780300339752253,0.780300339752253,0.780300339752253,0.7676466165047114,0.7676466165047114,0.7676466165047114
736,884.0,0.007754342431761787,0.007754342431761787,0.007754342431761787,0.007694212605212767,0.007694212605212767,0.007694212605212767
737,936.0,1.627705752743314,1.627705752743314,1.627705752743314,3.0511946721910457,3.0511946721910457,3.0511946721910457
738,988.0,0.04679523539421441,0.04679523539421441,0.04679523539421441,0.04460544133861447,0.04460544133861447,0.04460544133861447
739,1040.0,0.18723926852558637,0.18723926852558637,0.18723926852558637,0.2108107401773249,0.2108107401773249,0.2108107401773249
740,52.0,0.17155129528853807,0.17155129528853807,0.17155129528853807,0.1798969985096226,0.1798969985096226,0.1798969985096226
741,104.0,0.9575511084422906,0.9575511084422906,0.9575511084422906,1.241445900618977,1.241445900618977,1.241445900618977
742,156.0,0.020190299373404504,0.020190299373404504,0.020190299373404504,0.022103375250525362,0.022103375250525362,0.022103375250525362
743,208.0,15.433057366380302,15.433057366380302,15.433057366380302,18.252195679184133,18.252195679184133,18.252195679184133
744,260.0,0.31142313905949087,0.31142313905949087,0.31142313905949087,0.3297753885063852,0.3297753885063852,0.3297753885063852
745,312.0,0.0027878449958182324,0.0027878449958182324,0.0027878449958182324,0.002780072916097523,0.002780072916097523,0.002780072916097523
746,364.0,0.17451031360380564,0.17451031360380564,0.17451031360380564,0.17179782480902628,0.17179782480902628,0.17179782480902628
747,416.0,0.5149108520796475,0.5149108520796475,0.5149108520796475,0.4918875410778138,0.4918875410778138,0.4918875410778138
748,468.0,0.2717357459570781,0.2717357459570781,0.2717357459570781,0.31395008826490556,0.31395008826490556,0.31395008826490556
749,520.0,0.23592942368152536,0.23592942368152536,0.23592942368152536,0.24662753696658088,0.24662753696658088,0.24662753696658088
750,572.0,0.03569243320416072,0.03569243320416072,0.03569243320416072,0.03441848341612725,0.03441848341612725,0.03441848341612725
751,624.0,0.32689068291446793,0.32689068291446793,0.32689068291446793,0.4486576235495074,0.4486576235495074,0.4486576235495074
752,676.0,0.2932390810256161,0.2932390810256161,0.2932390810256161,0.4229229344707933,0.4229229344707933,0.4229229344707933
753,728.0,0.3955813730492539,0.3955813730492539,0.3955813730492539,0.3918174091878088,0.3918174091878088,0.3918174091878088
754,780.0,0.10927152317880795,0.10927152317880795,0.10927152317880795,0.09784068175147514,0.09784068175147514,0.09784068175147514
755,832.0,0.8465757119713574,0.8465757119713574,0.8465757119713574,0.9809746610568453,0.9809746610568453,0.9809746610568453
756,884.0,0.34968311688629883,0.34968311688629883,0.34968311688629883,0.4199855898923696,0.4199855898923696,0.4199855898923696
757,936.0,0.07653467977677385,0.07653467977677385,0.07653467977677385,0.08024395754033725,0.08024395754033725,0.08024395754033725
758,988.0,69.22486407298929,69.22486407298929,69.22486407298929,70.75191012855275,70.75191012855275,70.75191012855275
759,1040.0,0.02312028689191363,0.02312028689191363,0.02312028689191363,0.016959942455137197,0.016959942455137197,0.016959942455137197
760,52.0,0.230254705841928,0.230254705841928,0.230254705841928,0.20916569910712182,0.20916569910712182,0.20916569910712182
761,104.0,0.10385064177362893,0.10385064177362893,0.10385064177362893,0.09773313055093003,0.09773313055093003,0.09773313055093003
762,156.0,0.1998646445913407,0.1998646445913407,0.1998646445913407,0.21616598409019883,0.21616598409019883,0.21616598409019883
763,208.0,0.12231538496172961,0.12231538496172961,0.12231538496172961,0.14117629157609204,0.14117629157609204,0.14117629157609204
764,260.0,0.18604651162790697,0.18604651162790697,0.18604651162790697,0.15143320713899408,0.15143320713899408,0.15143320713899408
765,312.0,0.19831223628691982,0.19831223628691982,0.19831223628691982,0.5471701472342398,0.5471701472342398,0.5471701472342398
766,364.0,0.4003350109243913,0.4003350109243913,0.4003350109243913,0.3878205766604507,0.3878205766604507,0.3878205766604507
767,416.0,0.15735214324470972,0.15735214324470972,0.15735214324470972,0.13367763345579717,0.13367763345579717,0.13367763345579717
768,468.0,0.8661054282315951,0.8661054282315951,0.8661054282315951,4.059837302097312,4.059837302097312,4.059837302097312
769,520.0,0.20426071218897662,0.20426071218897662,0.20426071218897662,0.23554144709838812,0.23554144709838812,0.23554144709838812
770,572.0,1.9221552716770858,1.9221552716770858,1.9221552716770858,3.4632979599744247,3.4632979599744247,3.4632979599744247
771,624.0,0.1368312757201646,0.1368312757201646,0.1368312757201646,0.14279983572964827,0.14279983572964827,0.14279983572964827
772,676.0,0.6988413942896368,0.6988413942896368,0.6988413942896368,0.8132323317346267,0.8132323317346267,0.8132323317346267
773,728.0,0.32413221747986126,0.32413221747986126,0.32413221747986126,0.4391491363789694,0.4391491363789694,0.4391491363789694
774,780.0,0.2293569959700326,0.2293569959700326,0.2293569959700326,0.26140926650792967,0.26140926650792967,0.26140926650792967
775,832.0,0.40171206441118973,0.40171206441118973,0.40171206441118973,0.41291013900802065,0.41291013900802065,0.41291013900802065
776,884.0,0.09111506741126191,0.09111506741126191,0.09111506741126191,0.10722945319843251,0.10722945319843251,0.10722945319843251
777,936.0,0.03081391499582036,0.03081391499582036,0.03081391499582036,0.026847332006120266,0.026847332006120266,0.026847332006120266
778,988.0,36.453072389925524,36.453072389925524,36.453072389925524,39.304663068428454,39.304663068428454,39.304663068428454
779,1040.0,0.0700951039098274,0.0700951039098274,0.0700951039098274,0.06518178031769789,0.06518178031769789,0.06518178031769789
780,52.0,0.020370328282156992,0.020370328282156992,0.020370328282156992,0.02072021079525608,0.02072021079525608,0.02072021079525608
781,104.0,0.15341973258064204,0.15341973258064204,0.15341973258064204,0.1665690855136715,0.1665690855136715,0.1665690855136715
782,156.0,0.6612451881570046,0.6612451881570046,0.6612451881570046,0.6309993382687402,0.6309993382687402,0.6309993382687402
783,208.0,0.1839420156474045,0.1839420156474045,0.1839420156474045,0.19677530554526976,0.19677530554526976,0.19677530554526976
784,260.0,0.363037122278013,0.363037122278013,0.363037122278013,0.3594933578834948,0.3594933578834948,0.3594933578834948
785,312.0,0.31636363636363635,0.31636363636363635,0.31636363636363635,0.33991404958677685,0.33991404958677685,0.33991404958677685
786,364.0,0.14910350723612203,0.14910350723612203,0.14910350723612203,0.13556074721626526,0.13556074721626526,0.13556074721626526
787,416.0,0.20589730554143365,0.20589730554143365,0.20589730554143365,0.18790624873193665,0.18790624873193665,0.18790624873193665
788,468.0,0.1689379798884174,0.1689379798884174,0.1689379798884174,0.1838817858965849,0.1838817858965849,0.1838817858965849
789,520.0,0.2726771976580453,0.2726771976580453,0.2726771976580453,0.2814597527726319,0.2814597527726319,0.2814597527726319
790,572.0,0.38186930050581647,0.38186930050581647,0.38186930050581647,0.4155394945927418,0.4155394945927418,0.4155394945927418
791,624.0,0.034899095956654635,0.034899095956654635,0.034899095956654635,0.008525628290142516,0.008525628290142516,0.008525628290142516
792,676.0,0.2725910435696322,0.2725910435696322,0.2725910435696322,0.36727925515913434,0.36727925515913434,0.36727925515913434
793,728.0,1.0244606744182139,1.0244606744182139,1.0244606744182139,1.2234135287175474,1.2234135287175474,1.2234135287175474
794,780.0,1.4988036878845288,1.4988036878845288,1.4988036878845288,3.208542733375916,3.208542733375916,3.208542733375916
795,832.0,0.1623492630638678,0.1623492630638678,0.1623492630638678,0.19360698654590622,0.19360698654590622,0.19360698654590622
796,884.0,0.45924749960486905,0.45924749960486905,0.45924749960486905,0.4611259896124892,0.4611259896124892,0.4611259896124892
797,936.0,0.330188679245283,0.330188679245283,0.330188679245283,0.28405719710454486,0.28405719710454486,0.28405719710454486
798,988.0,0.20689655172413793,0.20689655172413793,0.20689655172413793,0.17085169382854215,0.17085169382854215,0.17085169382854215
799,1040.0,147.03880484509727,147.03880484509727,147.03880484509727,157.50432871996372,157.50432871996372,157.50432871996372
800,52.0,0.13055851018557177,0.13055851018557177,0.13055851018557177,0.16269254156382704,0.16269254156382704,0.16269254156382704
801,104.0,0.44122054669816846,0.44122054669816846,0.44122054669816846,0.4171402605592373,0.4171402605592373,0.4171402605592373
802,156.0,0.02992792985178092,0.02992792985178092,0.02992792985178092,0.038710527775151056,0.038710527775151056,0.038710527775151056
803,208.0,0.21318492080358867,0.21318492080358867,0.21318492080358867,0.3381279225558129,0.3381279225558129,0.3381279225558129
804,260.0,0.6470935822894215,0.6470935822894215,0.6470935822894215,0.7265715005181438,0.7265715005181438,0.7265715005181438
805,312.0,0.15488069414316702,0.15488069414316702,0.15488069414316702,0.19379938923682832,0.19379938923682832,0.19379938923682832
806,364.0,0.3939212998045196,0.3939212998045196,0.3939212998045196,0.39337679163438116,0.39337679163438116,0.39337679163438116
807,416.0,0.26752884963745605,0.26752884963745605,0.26752884963745605,0.2635539643442078,0.2635539643442078,0.2635539643442078
808,468.0,0.11961973009793739,0.11961973009793739,0.11961973009793739,0.11415713843798832,0.11415713843798832,0.11415713843798832
809,520.0,0.04823747680890538,0.04823747680890538,0.04823747680890538,0.04591062264001569,0.04591062264001569,0.04591062264001569
810,572.0,0.08625634237811604,0.08625634237811604,0.08625634237811604,0.0805810214273454,0.0805810214273454,0.0805810214273454
811,624.0,0.11684856495182647,0.11684856495182647,0.11684856495182647,0.1134663835809912,0.1134663835809912,0.1134663835809912
812,676.0,0.10343936742668954,0.10343936742668954,0.10343936742668954,0.10689874041015093,0.10689874041015093,0.10689874041015093
813,728.0,0.06760374832663989,0.06760374832663989,0.06760374832663989,0.06303348153882823,0.06303348153882823,0.06303348153882823
814,780.0,0.4840975663325997,0.4840975663325997,0.4840975663325997,0.557881765285435,0.557881765285435,0.557881765285435
815,832.0,0.2340436233701655,0.2340436233701655,0.2340436233701655,0.3210352175630425,0.3210352175630425,0.3210352175630425
816,884.0,0.3371693927360228,0.3371693927360228,0.3371693927360228,0.4340361540956958,0.4340361540956958,0.4340361540956958
817,936.0,0.19799139167862267,0.19799139167862267,0.19799139167862267,0.18557224478481593,0.18557224478481593,0.18557224478481593
818,988.0,0.20185614849187936,0.20185614849187936,0.20185614849187936,0.16343042942275288,0.16343042942275288,0.16343042942275288
819,1040.0,0.048646057991852384,0.048646057991852384,0.048646057991852384,0.049634519584867955,0.049634519584867955,0.049634519584867955
820,52.0,0.014878621769772905,0.014878621769772905,0.014878621769772905,0.014657248384004949,0.014657248384004949,0.014657248384004949
821,104.0,0.08739007873795174,0.08739007873795174,0.08739007873795174,0.08597899713109501,0.08597899713109501,0.08597899713109501
822,156.0,13.829071642478691,13.829071642478691,13.829071642478691,12.8963766778897,12.8963766778897,12.8963766778897
823,208.0,0.48327061736592813,0.48327061736592813,0.48327061736592813,0.4664705210690179,0.4664705210690179,0.4664705210690179
824,260.0,0.4925264602283862,0.4925264602283862,0.4925264602283862,0.594746028216934,0.594746028216934,0.594746028216934
825,312.0,0.44707819350737915,0.44707819350737915,0.44707819350737915,0.5335349065385757,0.5335349065385757,0.5335349065385757
826,364.0,0.1829955824162467,0.1829955824162467,0.1829955824162467,0.1863896171366437,0.1863896171366437,0.1863896171366437
827,416.0,0.18037142453995694,0.18037142453995694,0.18037142453995694,0.41552669605791515,0.41552669605791515,0.41552669605791515
828,468.0,0.19640882984292593,0.19640882984292593,0.19640882984292593,0.6235422499921441,0.6235422499921441,0.6235422499921441
829,520.0,25.256415996097267,25.256415996097267,25.256415996097267,34.779702877539435,34.779702877539435,34.779702877539435
830,572.0,0.08415032679738563,0.08415032679738563,0.08415032679738563,0.07706904929727881,0.07706904929727881,0.07706904929727881
831,624.0,0.2812448746004176,0.2812448746004176,0.2812448746004176,0.3210885814059213,0.3210885814059213,0.3210885814059213
832,676.0,0.861782366525467,0.861782366525467,0.861782366525467,0.8849265704984022,0.8849265704984022,0.8849265704984022
833,728.0,0.21164021164021163,0.21164021164021163,0.21164021164021163,0.16684863245709805,0.16684863245709805,0.16684863245709805
834,780.0,0.32992755007326535,0.32992755007326535,0.32992755007326535,1.8504324864027795,1.8504324864027795,1.8504324864027795
835,832.0,0.21973248234778384,0.21973248234778384,0.21973248234778384,0.31447617023560764,0.31447617023560764,0.31447617023560764
836,884.0,0.27257012676764564,0.27257012676764564,0.27257012676764564,0.7546189940041351,0.7546189940041351,0.7546189940041351
837,936.0,0.5985728882592407,0.5985728882592407,0.5985728882592407,2.4544994538180283,2.4544994538180283,2.4544994538180283
838,988.0,0.23240849783133277,0.23240849783133277,0.23240849783133277,0.26671425961723977,0.26671425961723977,0.26671425961723977
839,1040.0,0.19482663731425426,0.19482663731425426,0.19482663731425426,0.2036496259717964,0.2036496259717964,0.2036496259717964
840,52.0,0.08511608727557628,0.08511608727557628,0.08511608727557628,0.07427384506147032,0.07427384506147032,0.07427384506147032
841,104.0,0.12558336868901146,0.12558336868901146,0.12558336868901146,0.14842058670685304,0.14842058670685304,0.14842058670685304
842,156.0,0.385246804744146,0.385246804744146,0.385246804744146,0.4194892876200711,0.4194892876200711,0.4194892876200711
843,208.0,0.012815072471899875,0.012815072471899875,0.012815072471899875,0.011893843735303037,0.011893843735303037,0.011893843735303037
844,260.0,0.21468387684114432,0.21468387684114432,0.21468387684114432,0.21536453483807771,0.21536453483807771,0.21536453483807771
845,312.0,0.24157956067408393,0.24157956067408393,0.24157956067408393,0.21910180574229912,0.21910180574229912,0.21910180574229912
846,364.0,0.2895415019099578,0.2895415019099578,0.2895415019099578,0.29154746838142787,0.29154746838142787,0.29154746838142787
847,416.0,0.01565468090419319,0.01565468090419319,0.01565468090419319,0.015994533867293333,0.015994533867293333,0.015994533867293333
848,468.0,0.31122648278590065,0.31122648278590065,0.31122648278590065,0.3214439445820969,0.3214439445820969,0.3214439445820969
849,520.0,0.19949214276172172,0.19949214276172172,0.19949214276172172,0.20211194546124656,0.20211194546124656,0.20211194546124656
850,572.0,0.2449640438154943,0.2449640438154943,0.2449640438154943,0.1938993837767308,0.1938993837767308,0.1938993837767308
851,624.0,0.5388400978096842,0.5388400978096842,0.5388400978096842,0.6340120181479696,0.6340120181479696,0.6340120181479696
852,676.0,0.11144990941211884,0.11144990941211884,0.11144990941211884,0.08272946020167594,0.08272946020167594,0.08272946020167594
853,728.0,0.2622639877606457,0.2622639877606457,0.2622639877606457,0.2646878132209135,0.2646878132209135,0.2646878132209135
854,780.0,0.107559926244622,0.107559926244622,0.107559926244622,0.10275169816053546,0.10275169816053546,0.10275169816053546
855,832.0,0.4357880797335837,0.4357880797335837,0.4357880797335837,0.8191889136129208,0.8191889136129208,0.8191889136129208
856,884.0,0.5059081562070569,0.5059081562070569,0.5059081562070569,0.6223306400607826,0.6223306400607826,0.6223306400607826
857,936.0,0.16724409448818897,0.16724409448818897,0.16724409448818897,0.17958846797693592,0.17958846797693592,0.17958846797693592
858,988.0,0.27873380072232845,0.27873380072232845,0.27873380072232845,0.4092418214260261,0.4092418214260261,0.4092418214260261
859,1040.0,1.1112195269569622,1.1112195269569622,1.1112195269569622,6.094054481494271,6.094054481494271,6.094054481494271
860,52.0,0.1456262425158116,0.1456262425158116,0.1456262425158116,0.18034785858747704,0.18034785858747704,0.18034785858747704
861,104.0,17.2104019085562,17.2104019085562,17.2104019085562,15.452402272231357,15.452402272231357,15.452402272231357
862,156.0,0.44265661676926843,0.44265661676926843,0.44265661676926843,0.44522784463824516,0.44522784463824516,0.44522784463824516
863,208.0,0.1499465240641711,0.1499465240641711,0.1499465240641711,0.15569785810289116,0.15569785810289116,0.15569785810289116
864,260.0,0.08069837860731548,0.08069837860731548,0.08069837860731548,0.07293043607046182,0.07293043607046182,0.07293043607046182
865,312.0,0.2023636062146337,0.2023636062146337,0.2023636062146337,0.3316947476327442,0.3316947476327442,0.3316947476327442
866,364.0,0.091173251341183,0.091173251341183,0.091173251341183,0.09394391592270636,0.09394391592270636,0.09394391592270636
867,416.0,0.2981482498994609,0.2981482498994609,0.2981482498994609,0.28376824349565993,0.28376824349565993,0.28376824349565993
868,468.0,0.2612118585214673,0.2612118585214673,0.2612118585214673,0.27575294357623376,0.27575294357623376,0.27575294357623376
869,520.0,0.32186732186732187,0.32186732186732187,0.32186732186732187,0.3153203460328768,0.3153203460328768,0.3153203460328768
870,572.0,0.3487294762804204,0.3487294762804204,0.3487294762804204,0.32609440212844903,0.32609440212844903,0.32609440212844903
871,624.0,0.14240648940964398,0.14240648940964398,0.14240648940964398,0.12257753463116383,0.12257753463116383,0.12257753463116383
872,676.0,0.07714140803439287,0.07714140803439287,0.07714140803439287,0.07341931958439554,0.07341931958439554,0.07341931958439554
873,728.0,0.14641744548286603,0.14641744548286603,0.14641744548286603,0.12497937714113798,0.12497937714113798,0.12497937714113798
874,780.0,0.013719849524231024,0.013719849524231024,0.013719849524231024,0.014859342626576165,0.014859342626576165,0.014859342626576165
875,832.0,0.5802748143287885,0.5802748143287885,0.5802748143287885,0.9042062678689664,0.9042062678689664,0.9042062678689664
876,884.0,0.17163788430107318,0.17163788430107318,0.17163788430107318,0.17654721407806664,0.17654721407806664,0.17654721407806664
877,936.0,1.8483606460264475,1.8483606460264475,1.8483606460264475,88.27124198543103,88.27124198543103,88.27124198543103
878,988.0,0.027439024390243903,0.027439024390243903,0.027439024390243903,0.030344660916121348,0.030344660916121348,0.030344660916121348
879,1040.0,0.1987645284679909,0.1987645284679909,0.1987645284679909,0.1713134009846868,0.1713134009846868,0.1713134009846868
880,52.0,0.03547145290949478,0.03547145290949478,0.03547145290949478,0.05106596996170589,0.05106596996170589,0.05106596996170589
881,104.0,0.148548398516836,0.148548398516836,0.148548398516836,0.2251953818117478,0.2251953818117478,0.2251953818117478
882,156.0,15.23123937932647,15.23123937932647,15.23123937932647,52.9133526285737,52.9133526285737,52.9133526285737
883,208.0,0.1858363665647791,0.1858363665647791,0.1858363665647791,0.16580234405505187,0.16580234405505187,0.16580234405505187
884,260.0,0.13987616499712777,0.13987616499712777,0.13987616499712777,0.13931519976633094,0.13931519976633094,0.13931519976633094
885,312.0,0.07317073170731707,0.07317073170731707,0.07317073170731707,0.06781677572873289,0.06781677572873289,0.06781677572873289
886,364.0,0.024891101431238332,0.024891101431238332,0.024891101431238332,0.024271534500778135,0.024271534500778135,0.024271534500778135
887,416.0,0.42112132846918565,0.42112132846918565,0.42112132846918565,0.49539577567038995,0.49539577567038995,0.49539577567038995
888,468.0,0.30712998885762677,0.30712998885762677,0.30712998885762677,0.3637562619239891,0.3637562619239891,0.3637562619239891
889,520.0,0.2398062639062907,0.2398062639062907,0.2398062639062907,0.23114957263557626,0.23114957263557626,0.23114957263557626
890,572.0,0.29260143198090693,0.29260143198090693,0.29260143198090693,0.3597304640552286,0.3597304640552286,0.3597304640552286
891,624.0,1.116436590672005,1.116436590672005,1.116436590672005,38.895259205940995,38.895259205940995,38.895259205940995
892,676.0,0.2823851953392735,0.2823851953392735,0.2823851953392735,0.26638608603167874,0.26638608603167874,0.26638608603167874
893,728.0,0.18324607329842932,0.18324607329842932,0.18324607329842932,0.5789863216468847,0.5789863216468847,0.5789863216468847
894,780.0,0.3092726132387329,0.3092726132387329,0.3092726132387329,0.35265446531641464,0.35265446531641464,0.35265446531641464
895,832.0,0.13818860877684408,0.13818860877684408,0.13818860877684408,0.1330981194220608,0.1330981194220608,0.1330981194220608
896,884.0,0.35824487020043927,0.35824487020043927,0.35824487020043927,0.4128820450617256,0.4128820450617256,0.4128820450617256
897,936.0,0.04738330975954738,0.04738330975954738,0.04738330975954738,0.04655255887277958,0.04655255887277958,0.04655255887277958
898,988.0,0.06656948493683187,0.06656948493683187,0.06656948493683187,0.06991252699886005,0.06991252699886005,0.06991252699886005
899,1040.0,0.043654001616814875,0.043654001616814875,0.043654001616814875,0.04174832975965399,0.04174832975965399,0.04174832975965399
900,52.0,0.07508498289580254,0.07508498289580254,0.07508498289580254,0.12023026933118823,0.12023026933118823,0.12023026933118823
901,104.0,0.18885284083353807,0.18885284083353807,0.18885284083353807,0.34544091162346796,0.34544091162346796,0.34544091162346796
902,156.0,0.005413598960588999,0.005413598960588999,0.005413598960588999,0.005384291906882908,0.005384291906882908,0.005384291906882908
903,208.0,0.9053519937318283,0.9053519937318283,0.9053519937318283,2.3093200270282734,2.3093200270282734,2.3093200270282734
904,260.0,0.4168827686737921,0.4168827686737921,0.4168827686737921,0.7015081744823345,0.7015081744823345,0.7015081744823345
905,312.0,0.20297643654402645,0.20297643654402645,0.20297643654402645,0.337882831606814,0.337882831606814,0.337882831606814
906,364.0,0.29791302391598123,0.29791302391598123,0.29791302391598123,0.2936310800927168,0.2936310800927168,0.2936310800927168
907,416.0,0.23531495184566742,0.23531495184566742,0.23531495184566742,0.23297851768354771,0.23297851768354771,0.23297851768354771
908,468.0,0.29688777457884596,0.29688777457884596,0.29688777457884596,0.27782822351872855,0.27782822351872855,0.27782822351872855
909,520.0,0.7180572851805729,0.7180572851805729,0.7180572851805729,0.81067019846187,0.81067019846187,0.81067019846187
910,572.0,0.3211472367791612,0.3211472367791612,0.3211472367791612,0.4931867609417303,0.4931867609417303,0.4931867609417303
911,624.0,0.06413608274362771,0.06413608274362771,0.06413608274362771,0.06258945239621581,0.06258945239621581,0.06258945239621581
912,676.0,0.17144678138942002,0.17144678138942002,0.17144678138942002,0.14205278254062842,0.14205278254062842,0.14205278254062842
913,728.0,0.08421052631578947,0.08421052631578947,0.08421052631578947,0.15606648199445985,0.15606648199445985,0.15606648199445985
914,780.0,0.09705882352941177,0.09705882352941177,0.09705882352941177,0.11410899653979241,0.11410899653979241,0.11410899653979241
915,832.0,0.24387604557934792,0.24387604557934792,0.24387604557934792,0.3565151597117747,0.3565151597117747,0.3565151597117747
916,884.0,0.1187800963081862,0.1187800963081862,0.1187800963081862,0.13035356801475798,0.13035356801475798,0.13035356801475798
917,936.0,0.5935840938252799,0.5935840938252799,0.5935840938252799,0.860049931925892,0.860049931925892,0.860049931925892
918,988.0,0.04709677419354839,0.04709677419354839,0.04709677419354839,0.0448786680541103,0.0448786680541103,0.0448786680541103
919,1040.0,0.2802874743326489,0.2802874743326489,0.2802874743326489,0.24074077978150596,0.24074077978150596,0.24074077978150596
920,52.0,0.24645892351274787,0.24645892351274787,0.24645892351274787,0.2291541274439781,0.2291541274439781,0.2291541274439781
921,104.0,0.31113501852457115,0.31113501852457115,0.31113501852457115,0.6330484285275848,0.6330484285275848,0.6330484285275848
922,156.0,0.12034225779740547,0.12034225779740547,0.12034225779740547,0.11579651548449663,0.11579651548449663,0.11579651548449663
923,208.0,0.1905231158765508,0.1905231158765508,0.1905231158765508,0.13834370893229295,0.13834370893229295,0.13834370893229295
924,260.0,0.032792777090112565,0.032792777090112565,0.032792777090112565,0.028411586054844413,0.028411586054844413,0.028411586054844413
925,312.0,0.4699828473413379,0.4699828473413379,0.4699828473413379,0.5372636360694226,0.5372636360694226,0.5372636360694226
926,364.0,0.30326168059049163,0.30326168059049163,0.30326168059049163,0.2953308557009673,0.2953308557009673,0.2953308557009673
927,416.0,1.5616995247788354,1.5616995247788354,1.5616995247788354,6.558110086817763,6.558110086817763,6.558110086817763
928,468.0,0.1587157704194219,0.1587157704194219,0.1587157704194219,0.15596680687456893,0.15596680687456893,0.15596680687456893
929,520.0,0.24471143671225454,0.24471143671225454,0.24471143671225454,0.34475794294387807,0.34475794294387807,0.34475794294387807
930,572.0,0.1847710830047523,0.1847710830047523,0.1847710830047523,0.16770889406546918,0.16770889406546918,0.16770889406546918
931,624.0,0.08708272859216255,0.08708272859216255,0.08708272859216255,0.08433725633933756,0.08433725633933756,0.08433725633933756
932,676.0,0.0909967845659164,0.0909967845659164,0.0909967845659164,0.08271636976458059,0.08271636976458059,0.08271636976458059
933,728.0,0.06704707560627675,0.06704707560627675,0.06704707560627675,0.06255176525892296,0.06255176525892296,0.06255176525892296
934,780.0,0.3187840629677694,0.3187840629677694,0.3187840629677694,0.47349830786831226,0.47349830786831226,0.47349830786831226
935,832.0,0.08196721311475409,0.08196721311475409,0.08196721311475409,0.07524858908895454,0.07524858908895454,0.07524858908895454
936,884.0,0.22355803513008848,0.22355803513008848,0.22355803513008848,0.22480253390818383,0.22480253390818383,0.22480253390818383
937,936.0,1.4187926688668078,1.4187926688668078,1.4187926688668078,25.054496275838545,25.054496275838545,25.054496275838545
938,988.0,0.44727272727272727,0.44727272727272727,0.44727272727272727,0.425401652892562,0.425401652892562,0.425401652892562
939,1040.0,0.05727838498894348,0.05727838498894348,0.05727838498894348,0.05665139137846909,0.05665139137846909,0.05665139137846909
940,52.0,0.4992786267574365,0.4992786267574365,0.4992786267574365,0.5910031399094264,0.5910031399094264,0.5910031399094264
941,104.0,0.24564748138657844,0.24564748138657844,0.24564748138657844,0.29272922361894965,0.29272922361894965,0.29272922361894965
942,156.0,0.3290439314593833,0.3290439314593833,0.3290439314593833,0.31297069163664665,0.31297069163664665,0.31297069163664665
943,208.0,16.09397862015858,16.09397862015858,16.09397862015858,49.37215025548979,49.37215025548979,49.37215025548979
944,260.0,0.2270140741403338,0.2270140741403338,0.2270140741403338,0.33269442762500556,0.33269442762500556,0.33269442762500556
945,312.0,0.14365256124721604,0.14365256124721604,0.14365256124721604,0.2288071487740636,0.2288071487740636,0.2288071487740636
946,364.0,0.45498783454987834,0.45498783454987834,0.45498783454987834,0.4438376519201283,0.4438376519201283,0.4438376519201283
947,416.0,1.139467716709088,1.139467716709088,1.139467716709088,1.4718377383392403,1.4718377383392403,1.4718377383392403
948,468.0,0.15373073884751928,0.15373073884751928,0.15373073884751928,0.13226569419514533,0.13226569419514533,0.13226569419514533
949,520.0,0.23297111052213093,0.23297111052213093,0.23297111052213093,0.21845173438935775,0.21845173438935775,0.21845173438935775
950,572.0,0.00265017667844523,0.00265017667844523,0.00265017667844523,0.0026431532420182545,0.0026431532420182545,0.0026431532420182545
951,624.0,0.6744617949766041,0.6744617949766041,0.6744617949766041,0.642187225213997,0.642187225213997,0.642187225213997
952,676.0,0.14753928136767963,0.14753928136767963,0.14753928136767963,0.14652737062433036,0.14652737062433036,0.14652737062433036
953,728.0,0.010280842527582748,0.010280842527582748,0.010280842527582748,0.010175146804505795,0.010175146804505795,0.010175146804505795
954,780.0,118.84831175367293,118.84831175367293,118.84831175367293,189.25189996537233,189.25189996537233,189.25189996537233
955,832.0,0.03341820496499045,0.03341820496499045,0.03341820496499045,0.03484757749162191,0.03484757749162191,0.03484757749162191
956,884.0,91.93324708917567,91.93324708917567,91.93324708917567,1057.7696663919533,1057.7696663919533,1057.7696663919533
957,936.0,0.006931316950220542,0.006931316950220542,0.006931316950220542,0.006883273795556129,0.006883273795556129,0.006883273795556129
958,988.0,0.7441981732384516,0.7441981732384516,0.7441981732384516,0.9018133268478828,0.9018133268478828,0.9018133268478828
959,1040.0,0.3332256074429619,0.3332256074429619,0.3332256074429619,0.34921399244275286,0.34921399244275286,0.34921399244275286
960,52.0,2.5422106318157636,2.5422106318157636,2.5422106318157636,6.560611125558443,6.560611125558443,6.560611125558443
961,104.0,0.42617961533793836,0.42617961533793836,0.42617961533793836,0.7765633798391427,0.7765633798391427,0.7765633798391427
962,156.0,0.2317601542844519,0.2317601542844519,0.2317601542844519,0.23890814254882173,0.23890814254882173,0.23890814254882173
963,208.0,0.13062219889462892,0.13062219889462892,0.13062219889462892,0.16111591097853273,0.16111591097853273,0.16111591097853273
964,260.0,0.35142905461527146,0.35142905461527146,0.35142905461527146,0.35315954226301804,0.35315954226301804,0.35315954226301804
965,312.0,0.2695984703632887,0.2695984703632887,0.2695984703632887,0.3842956322729948,0.3842956322729948,0.3842956322729948
966,364.0,0.5659249312448509,0.5659249312448509,0.5659249312448509,0.7818652895287638,0.7818652895287638,0.7818652895287638
967,416.0,0.23741007194244604,0.23741007194244604,0.23741007194244604,0.2817659541431602,0.2817659541431602,0.2817659541431602
968,468.0,0.08203125,0.08203125,0.08203125,0.07790629069010417,0.07790629069010417,0.07790629069010417
969,520.0,0.1939724471815349,0.1939724471815349,0.1939724471815349,0.20902023753356685,0.20902023753356685,0.20902023753356685
970,572.0,0.3120484081177935,0.3120484081177935,0.3120484081177935,0.6855262809372662,0.6855262809372662,0.6855262809372662
971,624.0,0.0789980732177264,0.0789980732177264,0.0789980732177264,0.0881716358344378,0.0881716358344378,0.0881716358344378
972,676.0,28.247612043786663,28.247612043786663,28.247612043786663,45.1976435946303,45.1976435946303,45.1976435946303
973,728.0,93.5467902236874,93.5467902236874,93.5467902236874,207.4010157157809,207.4010157157809,207.4010157157809
974,780.0,0.7778604984264927,0.7778604984264927,0.7778604984264927,0.8862185374810718,0.8862185374810718,0.8862185374810718
975,832.0,0.3293322443194652,0.3293322443194652,0.3293322443194652,0.4868383861053231,0.4868383861053231,0.4868383861053231
976,884.0,0.2892690513219285,0.2892690513219285,0.2892690513219285,0.9303203055274049,0.9303203055274049,0.9303203055274049
977,936.0,0.6841516555412823,0.6841516555412823,0.6841516555412823,2.214986186824228,2.214986186824228,2.214986186824228
978,988.0,0.6135671501793685,0.6135671501793685,0.6135671501793685,0.8603462380006434,0.8603462380006434,0.8603462380006434
979,1040.0,0.349025974025974,0.349025974025974,0.349025974025974,0.331102947377298,0.331102947377298,0.331102947377298
980,52.0,0.024820378837361202,0.024820378837361202,0.024820378837361202,0.025510663360013244,0.025510663360013244,0.025510663360013244
981,104.0,0.17419672739355932,0.17419672739355932,0.17419672739355932,0.2069060594536084,0.2069060594536084,0.2069060594536084
982,156.0,14.773023241085426,14.773023241085426,14.773023241085426,38.542540889532305,38.542540889532305,38.542540889532305
983,208.0,0.5644444444444444,0.5644444444444444,0.5644444444444444,5.899180246913581,5.899180246913581,5.899180246913581
984,260.0,0.4795411660767488,0.4795411660767488,0.4795411660767488,0.7167511143473587,0.7167511143473587,0.7167511143473587
985,312.0,0.3018867924528302,0.3018867924528302,0.3018867924528302,0.24848700605197588,0.24848700605197588,0.24848700605197588
986,364.0,0.34652849544867353,0.34652849544867353,0.34652849544867353,0.33603546276646756,0.33603546276646756,0.33603546276646756
987,416.0,0.05648538435833147,0.05648538435833147,0.05648538435833147,0.06081614847075794,0.06081614847075794,0.06081614847075794
988,468.0,0.50418262707833,0.50418262707833,0.50418262707833,0.5542118563506606,0.5542118563506606,0.5542118563506606
989,520.0,0.19403938614282734,0.19403938614282734,0.19403938614282734,0.20420133155708076,0.20420133155708076,0.20420133155708076
990,572.0,0.0625,0.0625,0.0625,0.06114477040816327,0.06114477040816327,0.06114477040816327
991,624.0,96.82862323857998,96.82862323857998,96.82862323857998,97.86248503468728,97.86248503468728,97.86248503468728
992,676.0,0.051222351571594875,0.051222351571594875,0.051222351571594875,0.0485986222710708,0.0485986222710708,0.0485986222710708
993,728.0,0.18940934925008143,0.18940934925008143,0.18940934925008143,0.19557747828998093,0.19557747828998093,0.19557747828998093
994,780.0,85.90603198736517,85.90603198736517,85.90603198736517,84.42572613165997,84.42572613165997,84.42572613165997
995,832.0,0.1109865470852018,0.1109865470852018,0.1109865470852018,0.13005866798045407,0.13005866798045407,0.13005866798045407
996,884.0,0.004381726156263485,0.004381726156263485,0.004381726156263485,0.002942585522288458,0.002942585522288458,0.002942585522288458
997,936.0,0.06248120174988556,0.06248120174988556,0.06248120174988556,0.07258478181047258,0.07258478181047258,0.07258478181047258
998,988.0,0.12717134844158617,0.12717134844158617,0.12717134844158617,0.11699930576851143,0.11699930576851143,0.11699930576851143
999,1040.0,0.14114879286219578,0.14114879286219578,0.14114879286219578,0.15295888182912035,0.15295888182912035,0.15295888182912035
