,time,meanH,meanB,meanC,varH,varB,varC
0,52.0,0.2503113325031133,0.2503113325031133,0.2503113325031133,0.27233801017045356,0.27233801017045356,0.27233801017045356
1,104.0,0.4201400219670734,0.4201400219670734,0.4201400219670734,0.38401386677748467,0.38401386677748467,0.38401386677748467
2,156.0,10.061746691270303,10.061746691270303,10.061746691270303,69.33973410948812,69.33973410948812,69.33973410948812
3,208.0,0.4294588814822627,0.4294588814822627,0.4294588814822627,0.5432232578168751,0.5432232578168751,0.5432232578168751
4,260.0,0.1588189310611234,0.1588189310611234,0.1588189310611234,0.16425652855853404,0.16425652855853404,0.16425652855853404
5,312.0,0.13195548489666137,0.13195548489666137,0.13195548489666137,0.12090253537929588,0.12090253537929588,0.12090253537929588
6,364.0,0.7376030765506761,0.7376030765506761,0.7376030765506761,0.7811864637385018,0.7811864637385018,0.7811864637385018
7,416.0,0.03171552138395002,0.03171552138395002,0.03171552138395002,0.030709647087294227,0.030709647087294227,0.030709647087294227
8,468.0,0.772164994371039,0.772164994371039,0.772164994371039,0.8163654160365059,0.8163654160365059,0.8163654160365059
9,520.0,73.97887825752915,73.97887825752915,73.97887825752915,90.85386474498712,90.85386474498712,90.85386474498712
10,572.0,0.6379409568818101,0.6379409568818101,0.6379409568818101,0.6498649197973343,0.6498649197973343,0.6498649197973343
11,624.0,0.2990990990990991,0.2990990990990991,0.2990990990990991,0.3573865757649541,0.3573865757649541,0.3573865757649541
12,676.0,0.25544049134921226,0.25544049134921226,0.25544049134921226,0.3541731144028689,0.3541731144028689,0.3541731144028689
13,728.0,0.175513698630137,0.175513698630137,0.175513698630137,0.2445944849721649,0.2445944849721649,0.2445944849721649
14,780.0,0.12641887380369463,0.12641887380369463,0.12641887380369463,0.11488851094580488,0.11488851094580488,0.11488851094580488
15,832.0,0.41617576351471686,0.41617576351471686,0.41617576351471686,0.3998480952022875,0.3998480952022875,0.3998480952022875
16,884.0,0.28192371475953565,0.28192371475953565,0.28192371475953565,0.32184571889034647,0.32184571889034647,0.32184571889034647
17,936.0,0.4933342459013491,0.4933342459013491,0.4933342459013491,0.525563729798595,0.525563729798595,0.525563729798595
18,988.0,0.20113956266744218,0.20113956266744218,0.20113956266744218,0.2125355015646746,0.2125355015646746,0.2125355015646746
19,1040.0,0.06641884833451075,0.06641884833451075,0.06641884833451075,0.09287568504520446,0.09287568504520446,0.09287568504520446
20,52.0,0.26201213806602547,0.26201213806602547,0.26201213806602547,0.2938434212417929,0.2938434212417929,0.2938434212417929
21,104.0,0.19516710048783645,0.19516710048783645,0.19516710048783645,0.5143908995494879,0.5143908995494879,0.5143908995494879
22,156.0,0.15950920245398773,0.15950920245398773,0.15950920245398773,0.158605894087094,0.158605894087094,0.158605894087094
23,208.0,0.11342717920952897,0.11342717920952897,0.11342717920952897,0.33932702000844817,0.33932702000844817,0.33932702000844817
24,260.0,0.5931613380170927,0.5931613380170927,0.5931613380170927,0.6140178699756912,0.6140178699756912,0.6140178699756912
25,312.0,0.6152146506338528,0.6152146506338528,0.6152146506338528,0.9105476835552208,0.9105476835552208,0.9105476835552208
26,364.0,0.0035140562248995983,0.0035140562248995983,0.0035140562248995983,0.0035017076337478417,0.0035017076337478417,0.0035017076337478417
27,416.0,0.19470162291202092,0.19470162291202092,0.19470162291202092,0.16895395072881536,0.16895395072881536,0.16895395072881536
28,468.0,0.19442268186154413,0.19442268186154413,0.19442268186154413,0.385836520531792,0.385836520531792,0.385836520531792
29,520.0,24.607253095540166,24.607253095540166,24.607253095540166,83.87653403037885,83.87653403037885,83.87653403037885
30,572.0,0.3609921840196436,0.3609921840196436,0.3609921840196436,0.4977484979556261,0.4977484979556261,0.4977484979556261
31,624.0,0.24725195173666464,0.24725195173666464,0.24725195173666464,0.3490757683014187,0.3490757683014187,0.3490757683014187
32,676.0,0.28242649873849296,0.28242649873849296,0.28242649873849296,0.24203960271096697,0.24203960271096697,0.24203960271096697
33,728.0,0.1360780825101655,0.1360780825101655,0.1360780825101655,0.15666870490629273,0.15666870490629273,0.15666870490629273
34,780.0,0.2868649318463445,0.2868649318463445,0.2868649318463445,0.30370603256204615,0.30370603256204615,0.30370603256204615
35,832.0,0.1822070145423439,0.1822070145423439,0.1822070145423439,0.15670650633231886,0.15670650633231886,0.15670650633231886
36,884.0,0.1758695308400966,0.1758695308400966,0.1758695308400966,0.15241999431262973,0.15241999431262973,0.15241999431262973
37,936.0,0.1301976823449216,0.1301976823449216,0.1301976823449216,0.12687951102394002,0.12687951102394002,0.12687951102394002
38,988.0,0.42688690921336286,0.42688690921336286,0.42688690921336286,1.0636739574887217,1.0636739574887217,1.0636739574887217
39,1040.0,0.10962772785622593,0.10962772785622593,0.10962772785622593,0.09914992559830335,0.09914992559830335,0.09914992559830335
40,52.0,0.05048604578237692,0.05048604578237692,0.05048604578237692,0.051072984204778085,0.051072984204778085,0.051072984204778085
41,104.0,0.12910104815570703,0.12910104815570703,0.12910104815570703,0.12929945715555397,0.12929945715555397,0.12929945715555397
42,156.0,0.3618810896072148,0.3618810896072148,0.3618810896072148,0.6477947284202585,0.6477947284202585,0.6477947284202585
43,208.0,0.07981355962527298,0.07981355962527298,0.07981355962527298,0.10391090159542732,0.10391090159542732,0.10391090159542732
44,260.0,0.2440923790520529,0.2440923790520529,0.2440923790520529,0.27054325093587805,0.27054325093587805,0.27054325093587805
45,312.0,0.3309716599190283,0.3309716599190283,0.3309716599190283,0.43296788178793294,0.43296788178793294,0.43296788178793294
46,364.0,0.4258289703315881,0.4258289703315881,0.4258289703315881,0.4225091295621161,0.4225091295621161,0.4225091295621161
47,416.0,0.09318779058014959,0.09318779058014959,0.09318779058014959,0.0978452453087833,0.0978452453087833,0.0978452453087833
48,468.0,1.1854847466382354,1.1854847466382354,1.1854847466382354,1.0071491192386317,1.0071491192386317,1.0071491192386317
49,520.0,0.11453058958940693,0.11453058958940693,0.11453058958940693,0.10377061067054674,0.10377061067054674,0.10377061067054674
50,572.0,0.22378502082422713,0.22378502082422713,0.22378502082422713,0.20264605558707727,0.20264605558707727,0.20264605558707727
51,624.0,0.3324421454064827,0.3324421454064827,0.3324421454064827,0.3124334416241724,0.3124334416241724,0.3124334416241724
52,676.0,0.15589269378315368,0.15589269378315368,0.15589269378315368,0.21886678427152786,0.21886678427152786,0.21886678427152786
53,728.0,0.10758562723261189,0.10758562723261189,0.10758562723261189,0.10105403632210604,0.10105403632210604,0.10105403632210604
54,780.0,0.2668711656441718,0.2668711656441718,0.2668711656441718,0.2876754864691934,0.2876754864691934,0.2876754864691934
55,832.0,0.3066431216842129,0.3066431216842129,0.3066431216842129,0.5322942354747139,0.5322942354747139,0.5322942354747139
56,884.0,0.40786948176583493,0.40786948176583493,0.40786948176583493,1.1532202209688296,1.1532202209688296,1.1532202209688296
57,936.0,0.3801837190086871,0.3801837190086871,0.3801837190086871,0.3733389278382106,0.3733389278382106,0.3733389278382106
58,988.0,0.016468114926419062,0.016468114926419062,0.016468114926419062,0.016196916117189316,0.016196916117189316,0.016196916117189316
59,1040.0,0.3102493063428718,0.3102493063428718,0.3102493063428718,0.3593800436022449,0.3593800436022449,0.3593800436022449
60,52.0,1.7731708453373618,1.7731708453373618,1.7731708453373618,2.655042091669961,2.655042091669961,2.655042091669961
61,104.0,0.12469639600770271,0.12469639600770271,0.12469639600770271,0.18248263052875813,0.18248263052875813,0.18248263052875813
62,156.0,0.5417922003704877,0.5417922003704877,0.5417922003704877,0.5404602518958922,0.5404602518958922,0.5404602518958922
63,208.0,0.038335158817086525,0.038335158817086525,0.038335158817086525,0.036865574415555276,0.036865574415555276,0.036865574415555276
64,260.0,0.10678391959798995,0.10678391959798995,0.10678391959798995,0.09538111411327996,0.09538111411327996,0.09538111411327996
65,312.0,0.6954193248301792,0.6954193248301792,0.6954193248301792,0.7332434137704953,0.7332434137704953,0.7332434137704953
66,364.0,0.25122349102773245,0.25122349102773245,0.25122349102773245,0.2598883888772091,0.2598883888772091,0.2598883888772091
67,416.0,0.3690597392509678,0.3690597392509678,0.3690597392509678,0.40143088638276536,0.40143088638276536,0.40143088638276536
68,468.0,0.38607780270615255,0.38607780270615255,0.38607780270615255,1.0404984872588698,1.0404984872588698,1.0404984872588698
69,520.0,1.0719785971252933,1.0719785971252933,1.0719785971252933,3.1340765691822963,3.1340765691822963,3.1340765691822963
70,572.0,0.08879174082256512,0.08879174082256512,0.08879174082256512,0.09096549195244817,0.09096549195244817,0.09096549195244817
71,624.0,0.36936936936936937,0.36936936936936937,0.36936936936936937,0.59930200470741,0.59930200470741,0.59930200470741
72,676.0,0.18016528925619835,0.18016528925619835,0.18016528925619835,0.1807636090430981,0.1807636090430981,0.1807636090430981
73,728.0,0.5208034433285509,0.5208034433285509,0.5208034433285509,0.5881611909207117,0.5881611909207117,0.5881611909207117
74,780.0,0.10571417650107029,0.10571417650107029,0.10571417650107029,0.10979338156728034,0.10979338156728034,0.10979338156728034
75,832.0,0.2866979667868384,0.2866979667868384,0.2866979667868384,0.37120750708059236,0.37120750708059236,0.37120750708059236
76,884.0,0.05379746835443038,0.05379746835443038,0.05379746835443038,0.05160653563353452,0.05160653563353452,0.05160653563353452
77,936.0,0.18897620819566452,0.18897620819566452,0.18897620819566452,0.1938805226151389,0.1938805226151389,0.1938805226151389
78,988.0,0.12260586026050473,0.12260586026050473,0.12260586026050473,0.12588536820658466,0.12588536820658466,0.12588536820658466
79,1040.0,0.28322440087145967,0.28322440087145967,0.28322440087145967,0.27272511522159093,0.27272511522159093,0.27272511522159093
80,52.0,0.1695981661875928,0.1695981661875928,0.1695981661875928,0.13550777111804976,0.13550777111804976,0.13550777111804976
81,104.0,0.4099654291151265,0.4099654291151265,0.4099654291151265,0.5314144694544931,0.5314144694544931,0.5314144694544931
82,156.0,0.2702141778094863,0.2702141778094863,0.2702141778094863,0.2644191898052795,0.2644191898052795,0.2644191898052795
83,208.0,0.09068923821039904,0.09068923821039904,0.09068923821039904,0.08730145965443784,0.08730145965443784,0.08730145965443784
84,260.0,0.139572192513369,0.139572192513369,0.139572192513369,0.12009179559038001,0.12009179559038001,0.12009179559038001
85,312.0,0.06444495661451899,0.06444495661451899,0.06444495661451899,0.06321949962986959,0.06321949962986959,0.06321949962986959
86,364.0,46.01092570498541,46.01092570498541,46.01092570498541,57.15917572699027,57.15917572699027,57.15917572699027
87,416.0,0.2834661306679276,0.2834661306679276,0.2834661306679276,0.26510957417591546,0.26510957417591546,0.26510957417591546
88,468.0,0.10366328726792665,0.10366328726792665,0.10366328726792665,0.0799778735978808,0.0799778735978808,0.0799778735978808
89,520.0,0.06022777047744196,0.06022777047744196,0.06022777047744196,0.057038406289685394,0.057038406289685394,0.057038406289685394
90,572.0,0.2911667195995676,0.2911667195995676,0.2911667195995676,0.49455713180510746,0.49455713180510746,0.49455713180510746
91,624.0,0.15778983347724065,0.15778983347724065,0.15778983347724065,0.29811343046182376,0.29811343046182376,0.29811343046182376
92,676.0,0.08225966303270565,0.08225966303270565,0.08225966303270565,0.07945733198046126,0.07945733198046126,0.07945733198046126
93,728.0,0.21225296442687747,0.21225296442687747,0.21225296442687747,0.19407911387461138,0.19407911387461138,0.19407911387461138
94,780.0,0.03737069152259887,0.03737069152259887,0.03737069152259887,0.031050728572322148,0.031050728572322148,0.031050728572322148
95,832.0,0.20214653020940632,0.20214653020940632,0.20214653020940632,0.4090262038273135,0.4090262038273135,0.4090262038273135
96,884.0,0.13510019392372333,0.13510019392372333,0.13510019392372333,0.13365485421457132,0.13365485421457132,0.13365485421457132
97,936.0,0.18703278083885735,0.18703278083885735,0.18703278083885735,0.24922774938681136,0.24922774938681136,0.24922774938681136
98,988.0,0.17408913777602095,0.17408913777602095,0.17408913777602095,0.19429498547403257,0.19429498547403257,0.19429498547403257
99,1040.0,26.414166386031578,26.414166386031578,26.414166386031578,430.32002651496316,430.32002651496316,430.32002651496316
100,52.0,0.0035163646199621317,0.0035163646199621317,0.0035163646199621317,0.0035039997998216102,0.0035039997998216102,0.0035039997998216102
101,104.0,0.06244796003330558,0.06244796003330558,0.06244796003330558,0.06271140965653796,0.06271140965653796,0.06271140965653796
102,156.0,0.3264549449868705,0.3264549449868705,0.3264549449868705,0.36464639795746484,0.36464639795746484,0.36464639795746484
103,208.0,27.61754231838887,27.61754231838887,27.61754231838887,27.456136764953445,27.456136764953445,27.456136764953445
104,260.0,1.4583878328427775,1.4583878328427775,1.4583878328427775,1.6873034127073343,1.6873034127073343,1.6873034127073343
105,312.0,0.09759661208033862,0.09759661208033862,0.09759661208033862,0.10755247752271778,0.10755247752271778,0.10755247752271778
106,364.0,0.20939071454947936,0.20939071454947936,0.20939071454947936,0.213147064463715,0.213147064463715,0.213147064463715
107,416.0,0.31451051986409506,0.31451051986409506,0.31451051986409506,0.34508743848851126,0.34508743848851126,0.34508743848851126
108,468.0,0.09590973201692525,0.09590973201692525,0.09590973201692525,0.09376324149908193,0.09376324149908193,0.09376324149908193
109,520.0,1.0361986079468404,1.0361986079468404,1.0361986079468404,1.0114197138561785,1.0114197138561785,1.0114197138561785
110,572.0,0.11402569593147752,0.11402569593147752,0.11402569593147752,0.11708379377226727,0.11708379377226727,0.11708379377226727
111,624.0,0.21884281428825744,0.21884281428825744,0.21884281428825744,0.20756647338801723,0.20756647338801723,0.20756647338801723
112,676.0,0.0377906976744186,0.0377906976744186,0.0377906976744186,0.04023852983594736,0.04023852983594736,0.04023852983594736
113,728.0,0.01092896174863388,0.01092896174863388,0.01092896174863388,0.010809519543730777,0.010809519543730777,0.010809519543730777
114,780.0,0.12238023952095808,0.12238023952095808,0.12238023952095808,0.1231218793700025,0.1231218793700025,0.1231218793700025
115,832.0,0.13622067459303963,0.13622067459303963,0.13622067459303963,0.18862482789396995,0.18862482789396995,0.18862482789396995
116,884.0,0.4369415920518698,0.4369415920518698,0.4369415920518698,0.40871724047391955,0.40871724047391955,0.40871724047391955
117,936.0,0.41226376040424634,0.41226376040424634,0.41226376040424634,0.5295904875806977,0.5295904875806977,0.5295904875806977
118,988.0,0.23704309874522642,0.23704309874522642,0.23704309874522642,0.28069000196137434,0.28069000196137434,0.28069000196137434
119,1040.0,0.031050228310502283,0.031050228310502283,0.031050228310502283,0.03465232167803007,0.03465232167803007,0.03465232167803007
120,52.0,0.2912844468609491,0.2912844468609491,0.2912844468609491,0.34552400366577934,0.34552400366577934,0.34552400366577934
121,104.0,0.4663220583528886,0.4663220583528886,0.4663220583528886,0.5285323412853385,0.5285323412853385,0.5285323412853385
122,156.0,0.06112104949314252,0.06112104949314252,0.06112104949314252,0.06394459894272682,0.06394459894272682,0.06394459894272682
123,208.0,0.18442709153983766,0.18442709153983766,0.18442709153983766,0.1583005678064632,0.1583005678064632,0.1583005678064632
124,260.0,0.023255813953488372,0.023255813953488372,0.023255813953488372,0.022714981070849107,0.022714981070849107,0.022714981070849107
125,312.0,0.14144639410048993,0.14144639410048993,0.14144639410048993,0.14124045287523812,0.14124045287523812,0.14124045287523812
126,364.0,0.1805488284555647,0.1805488284555647,0.1805488284555647,0.21328984596261907,0.21328984596261907,0.21328984596261907
127,416.0,0.5285034553033724,0.5285034553033724,0.5285034553033724,0.5661332913917109,0.5661332913917109,0.5661332913917109
128,468.0,0.5576492849724547,0.5576492849724547,0.5576492849724547,0.8025139827054858,0.8025139827054858,0.8025139827054858
129,520.0,0.46774355272707124,0.46774355272707124,0.46774355272707124,0.5189746073679364,0.5189746073679364,0.5189746073679364
130,572.0,0.01753581349566289,0.01753581349566289,0.01753581349566289,0.01801344030481363,0.01801344030481363,0.01801344030481363
131,624.0,0.2727418505018889,0.2727418505018889,0.2727418505018889,0.3424140829562825,0.3424140829562825,0.3424140829562825
132,676.0,0.16876198593650119,0.16876198593650119,0.16876198593650119,0.1522140437115472,0.1522140437115472,0.1522140437115472
133,728.0,0.22693877551020408,0.22693877551020408,0.22693877551020408,0.22441715951686797,0.22441715951686797,0.22441715951686797
134,780.0,0.38323353293413176,0.38323353293413176,0.38323353293413176,1.1944494245042847,1.1944494245042847,1.1944494245042847
135,832.0,0.25269350114567146,0.25269350114567146,0.25269350114567146,0.28785504919265137,0.28785504919265137,0.28785504919265137
136,884.0,0.07562767911818738,0.07562767911818738,0.07562767911818738,0.0723576127549932,0.0723576127549932,0.0723576127549932
137,936.0,0.236561472718661,0.236561472718661,0.236561472718661,0.2999690601235918,0.2999690601235918,0.2999690601235918
138,988.0,0.1891891891891892,0.1891891891891892,0.1891891891891892,0.173052659539146,0.173052659539146,0.173052659539146
139,1040.0,0.27182418005567505,0.27182418005567505,0.27182418005567505,0.39195355618801603,0.39195355618801603,0.39195355618801603
140,52.0,0.7228266698733088,0.7228266698733088,0.7228266698733088,0.9722315348765527,0.9722315348765527,0.9722315348765527
141,104.0,0.22319619305480132,0.22319619305480132,0.22319619305480132,0.562107638699659,0.562107638699659,0.562107638699659
142,156.0,0.06882297272198341,0.06882297272198341,0.06882297272198341,0.07050047555965162,0.07050047555965162,0.07050047555965162
143,208.0,0.2222222222222222,0.2222222222222222,0.2222222222222222,0.1728395061728395,0.1728395061728395,0.1728395061728395
144,260.0,0.12851621986778675,0.12851621986778675,0.12851621986778675,0.16478900962691875,0.16478900962691875,0.16478900962691875
145,312.0,0.3398231733289518,0.3398231733289518,0.3398231733289518,0.65238181063775,0.65238181063775,0.65238181063775
146,364.0,0.14321456522204662,0.14321456522204662,0.14321456522204662,0.17146185093797361,0.17146185093797361,0.17146185093797361
147,416.0,0.25715223925144276,0.25715223925144276,0.25715223925144276,0.2769844076464146,0.2769844076464146,0.2769844076464146
148,468.0,0.39858446409742576,0.39858446409742576,0.39858446409742576,0.39879975438961507,0.39879975438961507,0.39879975438961507
149,520.0,0.05338078291814947,0.05338078291814947,0.05338078291814947,0.05053127493319488,0.05053127493319488,0.05053127493319488
150,572.0,0.302099533437014,0.302099533437014,0.302099533437014,0.2769318283512598,0.2769318283512598,0.2769318283512598
151,624.0,0.42195117767857526,0.42195117767857526,0.42195117767857526,0.4087426801957545,0.4087426801957545,0.4087426801957545
152,676.0,0.358603103549069,0.358603103549069,0.358603103549069,0.6417184741732139,0.6417184741732139,0.6417184741732139
153,728.0,0.34615384615384615,0.34615384615384615,0.34615384615384615,0.22633136094674558,0.22633136094674558,0.22633136094674558
154,780.0,0.09653861160583437,0.09653861160583437,0.09653861160583437,0.10201508284185161,0.10201508284185161,0.10201508284185161
155,832.0,0.07801418439716312,0.07801418439716312,0.07801418439716312,0.1192092953070771,0.1192092953070771,0.1192092953070771
156,884.0,0.6046327622783442,0.6046327622783442,0.6046327622783442,0.6200584994603214,0.6200584994603214,0.6200584994603214
157,936.0,0.5968157709758516,0.5968157709758516,0.5968157709758516,1.0653427498424008,1.0653427498424008,1.0653427498424008
158,988.0,0.37677931876700155,0.37677931876700155,0.37677931876700155,1.6182455369788962,1.6182455369788962,1.6182455369788962
159,1040.0,0.3009592326139089,0.3009592326139089,0.3009592326139089,0.2607424851485718,0.2607424851485718,0.2607424851485718
160,52.0,0.13775459954319055,0.13775459954319055,0.13775459954319055,0.13981038678488864,0.13981038678488864,0.13981038678488864
161,104.0,0.4169207410489005,0.4169207410489005,0.4169207410489005,0.5257167102178748,0.5257167102178748,0.5257167102178748
162,156.0,0.07839603514305024,0.07839603514305024,0.07839603514305024,0.07900837570854215,0.07900837570854215,0.07900837570854215
163,208.0,0.5744419104956536,0.5744419104956536,0.5744419104956536,0.5603845020980777,0.5603845020980777,0.5603845020980777
164,260.0,0.018860271750152098,0.018860271750152098,0.018860271750152098,0.024182923286805085,0.024182923286805085,0.024182923286805085
165,312.0,4.218316919778774,4.218316919778774,4.218316919778774,45.8862739364205,45.8862739364205,45.8862739364205
166,364.0,0.4631986312614015,0.4631986312614015,0.4631986312614015,0.7366634813469104,0.7366634813469104,0.7366634813469104
167,416.0,0.19160583941605838,0.19160583941605838,0.19160583941605838,0.17522672263534855,0.17522672263534855,0.17522672263534855
168,468.0,0.12001811594202899,0.12001811594202899,0.12001811594202899,0.14456304315007348,0.14456304315007348,0.14456304315007348
169,520.0,0.19710782772712984,0.19710782772712984,0.19710782772712984,0.17020226092898133,0.17020226092898133,0.17020226092898133
170,572.0,0.1456519757884019,0.1456519757884019,0.1456519757884019,0.16182981415347844,0.16182981415347844,0.16182981415347844
171,624.0,0.7159316039028275,0.7159316039028275,0.7159316039028275,0.9673441540329525,0.9673441540329525,0.9673441540329525
172,676.0,0.12528597326967972,0.12528597326967972,0.12528597326967972,0.11129860878606311,0.11129860878606311,0.11129860878606311
173,728.0,0.009233610341643583,0.009233610341643583,0.009233610341643583,0.009148350781702275,0.009148350781702275,0.009148350781702275
174,780.0,0.9340884463625313,0.9340884463625313,0.9340884463625313,1.8796558335013174,1.8796558335013174,1.8796558335013174
175,832.0,0.1012228338842106,0.1012228338842106,0.1012228338842106,0.10947863373519333,0.10947863373519333,0.10947863373519333
176,884.0,0.14792463529445452,0.14792463529445452,0.14792463529445452,0.12128593545648879,0.12128593545648879,0.12128593545648879
177,936.0,23.516314918390012,23.516314918390012,23.516314918390012,79.63568237302268,79.63568237302268,79.63568237302268
178,988.0,0.06383467278989667,0.06383467278989667,0.06383467278989667,0.0597598073397035,0.0597598073397035,0.0597598073397035
179,1040.0,0.10817307692307693,0.10817307692307693,0.10817307692307693,0.13974089312130175,0.13974089312130175,0.13974089312130175
180,52.0,0.23444905765398363,0.23444905765398363,0.23444905765398363,0.24884330449807968,0.24884330449807968,0.24884330449807968
181,104.0,0.12978142076502733,0.12978142076502733,0.12978142076502733,0.1293316462121891,0.1293316462121891,0.1293316462121891
182,156.0,0.08781869688385269,0.08781869688385269,0.08781869688385269,0.08010657336147471,0.08010657336147471,0.08010657336147471
183,208.0,5.6066235147207735,5.6066235147207735,5.6066235147207735,11.61104371207047,11.61104371207047,11.61104371207047
184,260.0,0.21526461299042352,0.21526461299042352,0.21526461299042352,0.23772821550546594,0.23772821550546594,0.23772821550546594
185,312.0,0.43919008480536065,0.43919008480536065,0.43919008480536065,0.4052653906822215,0.4052653906822215,0.4052653906822215
186,364.0,0.2850045857009889,0.2850045857009889,0.2850045857009889,0.28485321890857734,0.28485321890857734,0.28485321890857734
187,416.0,0.046511627906976744,0.046511627906976744,0.046511627906976744,0.04434829637641969,0.04434829637641969,0.04434829637641969
188,468.0,1.0226246220309734,1.0226246220309734,1.0226246220309734,0.6212393643698214,0.6212393643698214,0.6212393643698214
189,520.0,0.44986388736695376,0.44986388736695376,0.44986388736695376,2.318361350283019,2.318361350283019,2.318361350283019
190,572.0,0.06255055270962524,0.06255055270962524,0.06255055270962524,0.07157947472940603,0.07157947472940603,0.07157947472940603
191,624.0,0.24658493870402803,0.24658493870402803,0.24658493870402803,0.2152028732582712,0.2152028732582712,0.2152028732582712
192,676.0,0.35159066195901406,0.35159066195901406,0.35159066195901406,1.0291119315458601,1.0291119315458601,1.0291119315458601
193,728.0,0.45450176497891276,0.45450176497891276,0.45450176497891276,0.507508108833178,0.507508108833178,0.507508108833178
194,780.0,0.08007350144339144,0.08007350144339144,0.08007350144339144,0.07958820889856663,0.07958820889856663,0.07958820889856663
195,832.0,0.12805565296255594,0.12805565296255594,0.12805565296255594,0.21325774206970946,0.21325774206970946,0.21325774206970946
196,884.0,0.6755804322471061,0.6755804322471061,0.6755804322471061,0.4918686694884978,0.4918686694884978,0.4918686694884978
197,936.0,156.26554160698134,156.26554160698134,156.26554160698134,152.46789068672604,152.46789068672604,152.46789068672604
198,988.0,0.16287956457822053,0.16287956457822053,0.16287956457822053,0.16179254201137186,0.16179254201137186,0.16179254201137186
199,1040.0,0.41808183749914235,0.41808183749914235,0.41808183749914235,0.466649278457546,0.466649278457546,0.466649278457546
200,52.0,0.5653651314670144,0.5653651314670144,0.5653651314670144,0.5491262644425767,0.5491262644425767,0.5491262644425767
201,104.0,0.5935854199935059,0.5935854199935059,0.5935854199935059,0.6654308336873941,0.6654308336873941,0.6654308336873941
202,156.0,0.3333333333333333,0.3333333333333333,0.3333333333333333,0.2222222222222222,0.2222222222222222,0.2222222222222222
203,208.0,0.3302540131019792,0.3302540131019792,0.3302540131019792,0.5148855753863,0.5148855753863,0.5148855753863
204,260.0,0.13411378106387348,0.13411378106387348,0.13411378106387348,0.12434251406146861,0.12434251406146861,0.12434251406146861
205,312.0,0.5251848844974469,0.5251848844974469,0.5251848844974469,0.5899655506522726,0.5899655506522726,0.5899655506522726
206,364.0,0.22489179601325696,0.22489179601325696,0.22489179601325696,0.24447120541202638,0.24447120541202638,0.24447120541202638
207,416.0,0.464274833003714,0.464274833003714,0.464274833003714,0.5309711477677718,0.5309711477677718,0.5309711477677718
208,468.0,0.32992700729927005,0.32992700729927005,0.32992700729927005,0.47217006766476627,0.47217006766476627,0.47217006766476627
209,520.0,33.34122825394283,33.34122825394283,33.34122825394283,60.34252945221103,60.34252945221103,60.34252945221103
210,572.0,0.6469038208168643,0.6469038208168643,0.6469038208168643,0.6289462766520681,0.6289462766520681,0.6289462766520681
211,624.0,0.3273017449025847,0.3273017449025847,0.3273017449025847,0.5605844152316081,0.5605844152316081,0.5605844152316081
212,676.0,0.12078651685393259,0.12078651685393259,0.12078651685393259,0.1230510667844969,0.1230510667844969,0.1230510667844969
213,728.0,0.024691358024691357,0.024691358024691357,0.024691358024691357,0.024081694863587865,0.024081694863587865,0.024081694863587865
214,780.0,0.10634789777411377,0.10634789777411377,0.10634789777411377,0.10163324087975212,0.10163324087975212,0.10163324087975212
215,832.0,0.9884601777324207,0.9884601777324207,0.9884601777324207,0.9845718718983101,0.9845718718983101,0.9845718718983101
216,884.0,1.0753168732540714,1.0753168732540714,1.0753168732540714,1.2704679022294711,1.2704679022294711,1.2704679022294711
217,936.0,0.18999366687777075,0.18999366687777075,0.18999366687777075,0.2514261557546984,0.2514261557546984,0.2514261557546984
218,988.0,0.14339622641509434,0.14339622641509434,0.14339622641509434,0.1283683398599739,0.1283683398599739,0.1283683398599739
219,1040.0,0.18798096836496028,0.18798096836496028,0.18798096836496028,0.1718720978077895,0.1718720978077895,0.1718720978077895
220,52.0,0.21354166666666666,0.21354166666666666,0.21354166666666666,0.30335828993055564,0.30335828993055564,0.30335828993055564
221,104.0,0.3311305884950463,0.3311305884950463,0.3311305884950463,0.3562717767370463,0.3562717767370463,0.3562717767370463
222,156.0,0.5997196040827185,0.5997196040827185,0.5997196040827185,0.6451657617114451,0.6451657617114451,0.6451657617114451
223,208.0,0.3714447966290362,0.3714447966290362,0.3714447966290362,0.5004619350950917,0.5004619350950917,0.5004619350950917
224,260.0,0.7376474235378799,0.7376474235378799,0.7376474235378799,0.7876176834019462,0.7876176834019462,0.7876176834019462
225,312.0,0.523482411836069,0.523482411836069,0.523482411836069,0.6612072028492936,0.6612072028492936,0.6612072028492936
226,364.0,0.14445749488225107,0.14445749488225107,0.14445749488225107,0.3478063988314514,0.3478063988314514,0.3478063988314514
227,416.0,0.5821541470752377,0.5821541470752377,0.5821541470752377,0.6499817070331403,0.6499817070331403,0.6499817070331403
228,468.0,0.11640139031037658,0.11640139031037658,0.11640139031037658,0.14466207408771187,0.14466207408771187,0.14466207408771187
229,520.0,0.13996867075850128,0.13996867075850128,0.13996867075850128,0.18286114005646908,0.18286114005646908,0.18286114005646908
230,572.0,7.957653117081182,7.957653117081182,7.957653117081182,323.92194329808166,323.92194329808166,323.92194329808166
231,624.0,0.055940822931114194,0.055940822931114194,0.055940822931114194,0.060208580871629766,0.060208580871629766,0.060208580871629766
232,676.0,114.16446840078176,114.16446840078176,114.16446840078176,172.47158488108528,172.47158488108528,172.47158488108528
233,728.0,0.1077127659574468,0.1077127659574468,0.1077127659574468,0.10209476856043458,0.10209476856043458,0.10209476856043458
234,780.0,0.047936085219707054,0.047936085219707054,0.047936085219707054,0.04563821695351604,0.04563821695351604,0.04563821695351604
235,832.0,0.5626928098444116,0.5626928098444116,0.5626928098444116,0.598979903818348,0.598979903818348,0.598979903818348
236,884.0,0.059895240264176725,0.059895240264176725,0.059895240264176725,0.06040709446834926,0.06040709446834926,0.06040709446834926
237,936.0,0.16801103008140064,0.16801103008140064,0.16801103008140064,0.22221887231849372,0.22221887231849372,0.22221887231849372
238,988.0,0.1803689207314086,0.1803689207314086,0.1803689207314086,0.19644027504461897,0.19644027504461897,0.19644027504461897
239,1040.0,0.06675811531079565,0.06675811531079565,0.06675811531079565,0.07157720184502263,0.07157720184502263,0.07157720184502263
240,52.0,0.001422475106685633,0.001422475106685633,0.001422475106685633,0.0014204516712564923,0.0014204516712564923,0.0014204516712564923
241,104.0,0.1069706330263874,0.1069706330263874,0.1069706330263874,0.10307498843491361,0.10307498843491361,0.10307498843491361
242,156.0,0.09046484874461833,0.09046484874461833,0.09046484874461833,0.09275014418235547,0.09275014418235547,0.09275014418235547
243,208.0,0.4724139535578585,0.4724139535578585,0.4724139535578585,0.550778598476711,0.550778598476711,0.550778598476711
244,260.0,0.400838579548906,0.400838579548906,0.400838579548906,0.42558249873454285,0.42558249873454285,0.42558249873454285
245,312.0,47.418674536761266,47.418674536761266,47.418674536761266,73.13326457335428,73.13326457335428,73.13326457335428
246,364.0,0.5946165182976005,0.5946165182976005,0.5946165182976005,1.8101387652321244,1.8101387652321244,1.8101387652321244
247,416.0,0.1103110599078341,0.1103110599078341,0.1103110599078341,0.09929460370256322,0.09929460370256322,0.09929460370256322
248,468.0,0.030063291139240507,0.030063291139240507,0.030063291139240507,0.029159489665117767,0.029159489665117767,0.029159489665117767
249,520.0,0.11657900722374559,0.11657900722374559,0.11657900722374559,0.12600594729279388,0.12600594729279388,0.12600594729279388
250,572.0,0.037080662382239116,0.037080662382239116,0.037080662382239116,0.02708013130309248,0.02708013130309248,0.02708013130309248
251,624.0,0.0029723991507431,0.0029723991507431,0.0029723991507431,0.002963563994031762,0.002963563994031762,0.002963563994031762
252,676.0,0.20915411355735805,0.20915411355735805,0.20915411355735805,0.1851073957159871,0.1851073957159871,0.1851073957159871
253,728.0,0.28237523689197724,0.28237523689197724,0.28237523689197724,0.3150841876874834,0.3150841876874834,0.3150841876874834
254,780.0,0.8219965404733833,0.8219965404733833,0.8219965404733833,5.507360006918568,5.507360006918568,5.507360006918568
255,832.0,0.03698107317521192,0.03698107317521192,0.03698107317521192,0.040004418549451005,0.040004418549451005,0.040004418549451005
256,884.0,0.054261982409340756,0.054261982409340756,0.054261982409340756,0.05882543486205413,0.05882543486205413,0.05882543486205413
257,936.0,0.010395010395010396,0.010395010395010396,0.010395010395010396,0.011326455193399056,0.011326455193399056,0.011326455193399056
258,988.0,0.06338028169014084,0.06338028169014084,0.06338028169014084,0.05936322158301922,0.05936322158301922,0.05936322158301922
259,1040.0,0.24074074074074073,0.24074074074074073,0.24074074074074073,0.2198216735253773,0.2198216735253773,0.2198216735253773
260,52.0,0.12777997099404512,0.12777997099404512,0.12777997099404512,0.1749499317199719,0.1749499317199719,0.1749499317199719
261,104.0,0.14813167662337898,0.14813167662337898,0.14813167662337898,0.11821904712461975,0.11821904712461975,0.11821904712461975
262,156.0,0.08962264150943396,0.08962264150943396,0.08962264150943396,0.08159042363830545,0.08159042363830545,0.08159042363830545
263,208.0,0.5820857282909107,0.5820857282909107,0.5820857282909107,0.6187968285025176,0.6187968285025176,0.6187968285025176
264,260.0,0.19649122807017544,0.19649122807017544,0.19649122807017544,0.371917513080948,0.371917513080948,0.371917513080948
265,312.0,0.04285714285714286,0.04285714285714286,0.04285714285714286,0.04286372613561554,0.04286372613561554,0.04286372613561554
266,364.0,0.12026726057906459,0.12026726057906459,0.12026726057906459,0.10914380385017936,0.10914380385017936,0.10914380385017936
267,416.0,0.4257472985257753,0.4257472985257753,0.4257472985257753,0.502621816864406,0.502621816864406,0.502621816864406
268,468.0,0.3390675096286467,0.3390675096286467,0.3390675096286467,0.3830158909995789,0.3830158909995789,0.3830158909995789
269,520.0,0.32267582699715325,0.32267582699715325,0.32267582699715325,0.5100888400637332,0.5100888400637332,0.5100888400637332
270,572.0,0.178743961352657,0.178743961352657,0.178743961352657,0.16708441270508065,0.16708441270508065,0.16708441270508065
271,624.0,0.17108459877648002,0.17108459877648002,0.17108459877648002,0.14982281725344393,0.14982281725344393,0.14982281725344393
272,676.0,0.3836365518966317,0.3836365518966317,0.3836365518966317,0.37032755516841837,0.37032755516841837,0.37032755516841837
273,728.0,0.7876180138471951,0.7876180138471951,0.7876180138471951,0.7851839132146882,0.7851839132146882,0.7851839132146882
274,780.0,0.10685483870967742,0.10685483870967742,0.10685483870967742,0.10148526925078043,0.10148526925078043,0.10148526925078043
275,832.0,0.183206106870229,0.183206106870229,0.183206106870229,0.17254239263446186,0.17254239263446186,0.17254239263446186
276,884.0,0.132996632996633,0.132996632996633,0.132996632996633,0.11530852860819191,0.11530852860819191,0.11530852860819191
277,936.0,0.20094941496859756,0.20094941496859756,0.20094941496859756,0.19896815585905064,0.19896815585905064,0.19896815585905064
278,988.0,0.6427123830586169,0.6427123830586169,0.6427123830586169,0.790156168470427,0.790156168470427,0.790156168470427
279,1040.0,0.24669603524229075,0.24669603524229075,0.24669603524229075,0.22107939218692382,0.22107939218692382,0.22107939218692382
280,52.0,0.4181647919186005,0.4181647919186005,0.4181647919186005,0.5270793393225891,0.5270793393225891,0.5270793393225891
281,104.0,0.02698947350094714,0.02698947350094714,0.02698947350094714,0.02787255198164299,0.02787255198164299,0.02787255198164299
282,156.0,0.019465351674020245,0.019465351674020245,0.019465351674020245,0.019086451758226968,0.019086451758226968,0.019086451758226968
283,208.0,0.342090623948382,0.342090623948382,0.342090623948382,0.36665501406977563,0.36665501406977563,0.36665501406977563
284,260.0,0.3804450381415943,0.3804450381415943,0.3804450381415943,0.6087724595432799,0.6087724595432799,0.6087724595432799
285,312.0,0.048598130841121495,0.048598130841121495,0.048598130841121495,0.04748245843887383,0.04748245843887383,0.04748245843887383
286,364.0,0.24978288432559817,0.24978288432559817,0.24978288432559817,0.26576801476835865,0.26576801476835865,0.26576801476835865
287,416.0,0.2119564327444904,0.2119564327444904,0.2119564327444904,0.24063890893733256,0.24063890893733256,0.24063890893733256
288,468.0,0.07557894736842105,0.07557894736842105,0.07557894736842105,0.08376150692520776,0.08376150692520776,0.08376150692520776
289,520.0,0.06657536389101654,0.06657536389101654,0.06657536389101654,0.058903370522818244,0.058903370522818244,0.058903370522818244
290,572.0,0.22021532194198304,0.22021532194198304,0.22021532194198304,0.41979072482050217,0.41979072482050217,0.41979072482050217
291,624.0,0.17155696537139836,0.17155696537139836,0.17155696537139836,0.14423989676816346,0.14423989676816346,0.14423989676816346
292,676.0,0.13896940055497917,0.13896940055497917,0.13896940055497917,0.1488686951077694,0.1488686951077694,0.1488686951077694
293,728.0,0.1261948756930823,0.1261948756930823,0.1261948756930823,0.11036924822895561,0.11036924822895561,0.11036924822895561
294,780.0,0.3112240906922291,0.3112240906922291,0.3112240906922291,1.1014143529677451,1.1014143529677451,1.1014143529677451
295,832.0,0.13459322328800263,0.13459322328800263,0.13459322328800263,0.1342932819388332,0.1342932819388332,0.1342932819388332
296,884.0,0.23342216347173275,0.23342216347173275,0.23342216347173275,0.26137213000125126,0.26137213000125126,0.26137213000125126
297,936.0,0.020055325034578148,0.020055325034578148,0.020055325034578148,0.020575192881971346,0.020575192881971346,0.020575192881971346
298,988.0,0.19877675840978593,0.19877675840978593,0.19877675840978593,0.18372939053016488,0.18372939053016488,0.18372939053016488
299,1040.0,19.35156809619382,19.35156809619382,19.35156809619382,76.13455712523057,76.13455712523057,76.13455712523057
300,52.0,4.162739207255605,4.162739207255605,4.162739207255605,2.698898143952642,2.698898143952642,2.698898143952642
301,104.0,0.3227562526918319,0.3227562526918319,0.3227562526918319,0.28313727909684866,0.28313727909684866,0.28313727909684866
302,156.0,0.23218019864010006,0.23218019864010006,0.23218019864010006,0.23195613879495997,0.23195613879495997,0.23195613879495997
303,208.0,0.05715781690592327,0.05715781690592327,0.05715781690592327,0.06189632419269787,0.06189632419269787,0.06189632419269787
304,260.0,0.4476667550769053,0.4476667550769053,0.4476667550769053,0.4947248064194997,0.4947248064194997,0.4947248064194997
305,312.0,33.80430609298544,33.80430609298544,33.80430609298544,129.53842478388287,129.53842478388287,129.53842478388287
306,364.0,0.4337785087396788,0.4337785087396788,0.4337785087396788,0.3990832130307063,0.3990832130307063,0.3990832130307063
307,416.0,0.20094532215894528,0.20094532215894528,0.20094532215894528,0.19705005106493326,0.19705005106493326,0.19705005106493326
308,468.0,0.3281412753905106,0.3281412753905106,0.3281412753905106,1.015523430935743,1.015523430935743,1.015523430935743
309,520.0,0.24174805801648463,0.24174805801648463,0.24174805801648463,0.24525031795740757,0.24525031795740757,0.24525031795740757
310,572.0,0.31588989950112,0.31588989950112,0.31588989950112,0.3560768724945437,0.3560768724945437,0.3560768724945437
311,624.0,0.17356142435180139,0.17356142435180139,0.17356142435180139,0.28117729862502794,0.28117729862502794,0.28117729862502794
312,676.0,0.25953194212530506,0.25953194212530506,0.25953194212530506,0.3139401852319377,0.3139401852319377,0.3139401852319377
313,728.0,0.3992187311884968,0.3992187311884968,0.3992187311884968,0.4040179048807717,0.4040179048807717,0.4040179048807717
314,780.0,0.6237207646417953,0.6237207646417953,0.6237207646417953,0.6512932964155518,0.6512932964155518,0.6512932964155518
315,832.0,0.23075853881928146,0.23075853881928146,0.23075853881928146,0.47933086363333327,0.47933086363333327,0.47933086363333327
316,884.0,0.03225806451612903,0.03225806451612903,0.03225806451612903,0.03121748178980229,0.03121748178980229,0.03121748178980229
317,936.0,0.027722772277227723,0.027722772277227723,0.027722772277227723,0.027944319184393693,0.027944319184393693,0.027944319184393693
318,988.0,0.12476951444376153,0.12476951444376153,0.12476951444376153,0.1092020827092295,0.1092020827092295,0.1092020827092295
319,1040.0,0.1658291457286432,0.1658291457286432,0.1658291457286432,0.14760699516134987,0.14760699516134987,0.14760699516134987
320,52.0,1.5085328421389628,1.5085328421389628,1.5085328421389628,1.8178898049327776,1.8178898049327776,1.8178898049327776
321,104.0,0.1913279739384189,0.1913279739384189,0.1913279739384189,0.25255894097361403,0.25255894097361403,0.25255894097361403
322,156.0,0.06585676663274573,0.06585676663274573,0.06585676663274573,0.10688940824230436,0.10688940824230436,0.10688940824230436
323,208.0,0.09795307647226185,0.09795307647226185,0.09795307647226185,0.0845763060755913,0.0845763060755913,0.0845763060755913
324,260.0,0.1111494636180104,0.1111494636180104,0.1111494636180104,0.09186909641940603,0.09186909641940603,0.09186909641940603
325,312.0,0.24754682239276754,0.24754682239276754,0.24754682239276754,0.2684093992672748,0.2684093992672748,0.2684093992672748
326,364.0,0.0049493813273340835,0.0049493813273340835,0.0049493813273340835,0.00492488495181072,0.00492488495181072,0.00492488495181072
327,416.0,0.031078688149568382,0.031078688149568382,0.031078688149568382,0.029973695817729237,0.029973695817729237,0.029973695817729237
328,468.0,0.2964274041358663,0.2964274041358663,0.2964274041358663,0.2629722244676723,0.2629722244676723,0.2629722244676723
329,520.0,0.20305315906893215,0.20305315906893215,0.20305315906893215,0.42676275080979736,0.42676275080979736,0.42676275080979736
330,572.0,0.0617828773168579,0.0617828773168579,0.0617828773168579,0.07797163747086197,0.07797163747086197,0.07797163747086197
331,624.0,0.1606060606060606,0.1606060606060606,0.1606060606060606,0.14087235996326908,0.14087235996326908,0.14087235996326908
332,676.0,0.17107550900700513,0.17107550900700513,0.17107550900700513,0.23142946290726904,0.23142946290726904,0.23142946290726904
333,728.0,0.037383177570093455,0.037383177570093455,0.037383177570093455,0.03702409720402558,0.03702409720402558,0.03702409720402558
334,780.0,0.13239875389408098,0.13239875389408098,0.13239875389408098,0.11746537785929874,0.11746537785929874,0.11746537785929874
335,832.0,95.02542543180608,95.02542543180608,95.02542543180608,1950.308209711971,1950.308209711971,1950.308209711971
336,884.0,0.522193979237026,0.522193979237026,0.522193979237026,0.5190512041054892,0.5190512041054892,0.5190512041054892
337,936.0,0.0,0.0,0.0,0.0,0.0,0.0
338,988.0,0.2904598030678522,0.2904598030678522,0.2904598030678522,0.28389801917811064,0.28389801917811064,0.28389801917811064
339,1040.0,0.24019568715407963,0.24019568715407963,0.24019568715407963,0.2631590336414883,0.2631590336414883,0.2631590336414883
340,52.0,0.6810762541452865,0.6810762541452865,0.6810762541452865,0.7025432128957725,0.7025432128957725,0.7025432128957725
341,104.0,0.5197291560079748,0.5197291560079748,0.5197291560079748,0.5800173397876095,0.5800173397876095,0.5800173397876095
342,156.0,0.2918465835199144,0.2918465835199144,0.2918465835199144,0.2586060086631835,0.2586060086631835,0.2586060086631835
343,208.0,0.02195692675413983,0.02195692675413983,0.02195692675413983,0.018254388934783504,0.018254388934783504,0.018254388934783504
344,260.0,0.1341191462249124,0.1341191462249124,0.1341191462249124,0.13651985964935073,0.13651985964935073,0.13651985964935073
345,312.0,0.09527934170636639,0.09527934170636639,0.09527934170636639,0.0870673645840621,0.0870673645840621,0.0870673645840621
346,364.0,0.2215721578322694,0.2215721578322694,0.2215721578322694,0.21398302495662475,0.21398302495662475,0.21398302495662475
347,416.0,0.08667736757624397,0.08667736757624397,0.08667736757624397,0.07916440152629668,0.07916440152629668,0.07916440152629668
348,468.0,57.0266548289863,57.0266548289863,57.0266548289863,295.13715370329476,295.13715370329476,295.13715370329476
349,520.0,0.30533333333333335,0.30533333333333335,0.30533333333333335,0.2974382222222222,0.2974382222222222,0.2974382222222222
350,572.0,0.29860047018814356,0.29860047018814356,0.29860047018814356,0.5342316513851728,0.5342316513851728,0.5342316513851728
351,624.0,3.2960451315022157,3.2960451315022157,3.2960451315022157,3.6357489312543447,3.6357489312543447,3.6357489312543447
352,676.0,0.225540151015379,0.225540151015379,0.225540151015379,0.21268701345404933,0.21268701345404933,0.21268701345404933
353,728.0,0.14285044297515032,0.14285044297515032,0.14285044297515032,0.3235596585385703,0.3235596585385703,0.3235596585385703
354,780.0,0.3385540618294622,0.3385540618294622,0.3385540618294622,0.8150729755699789,0.8150729755699789,0.8150729755699789
355,832.0,0.2274476271911073,0.2274476271911073,0.2274476271911073,0.2321495777402013,0.2321495777402013,0.2321495777402013
356,884.0,0.3931550258918053,0.3931550258918053,0.3931550258918053,1.0805938649542166,1.0805938649542166,1.0805938649542166
357,936.0,132.41206928048857,132.41206928048857,132.41206928048857,243.25823413877401,243.25823413877401,243.25823413877401
358,988.0,175.63016655729112,175.63016655729112,175.63016655729112,189.50043076001384,189.50043076001384,189.50043076001384
359,1040.0,0.37677859988616963,0.37677859988616963,0.37677859988616963,0.3588916146131791,0.3588916146131791,0.3588916146131791
360,52.0,0.06436332821296195,0.06436332821296195,0.06436332821296195,0.0659195484701297,0.0659195484701297,0.0659195484701297
361,104.0,0.5072657721400753,0.5072657721400753,0.5072657721400753,0.5941095546568423,0.5941095546568423,0.5941095546568423
362,156.0,0.28132678132678135,0.28132678132678135,0.28132678132678135,0.2808061020591732,0.2808061020591732,0.2808061020591732
363,208.0,0.2648286278267848,0.2648286278267848,0.2648286278267848,0.2626380327917331,0.2626380327917331,0.2626380327917331
364,260.0,0.15672065530841645,0.15672065530841645,0.15672065530841645,0.21012361545143468,0.21012361545143468,0.21012361545143468
365,312.0,0.009640877319836105,0.009640877319836105,0.009640877319836105,0.00954793080433998,0.00954793080433998,0.00954793080433998
366,364.0,0.3111077078675371,0.3111077078675371,0.3111077078675371,1.1260805481319947,1.1260805481319947,1.1260805481319947
367,416.0,0.18867924528301888,0.18867924528301888,0.18867924528301888,0.2878502771703199,0.2878502771703199,0.2878502771703199
368,468.0,0.2115609289956462,0.2115609289956462,0.2115609289956462,0.29299383891136666,0.29299383891136666,0.29299383891136666
369,520.0,0.348358198890324,0.348358198890324,0.348358198890324,0.31732365993115913,0.31732365993115913,0.31732365993115913
370,572.0,0.28143841515934537,0.28143841515934537,0.28143841515934537,0.2556330730806924,0.2556330730806924,0.2556330730806924
371,624.0,0.07935978810946628,0.07935978810946628,0.07935978810946628,0.0838095771217698,0.0838095771217698,0.0838095771217698
372,676.0,0.11884432217993154,0.11884432217993154,0.11884432217993154,0.12529732855738343,0.12529732855738343,0.12529732855738343
373,728.0,0.014742014742014743,0.014742014742014743,0.014742014742014743,0.014524687743360958,0.014524687743360958,0.014524687743360958
374,780.0,116.87915313472843,116.87915313472843,116.87915313472843,170.24135462603132,170.24135462603132,170.24135462603132
375,832.0,0.44473357635499755,0.44473357635499755,0.44473357635499755,0.5067948684666488,0.5067948684666488,0.5067948684666488
376,884.0,0.24743782959384716,0.24743782959384716,0.24743782959384716,0.40337981220096736,0.40337981220096736,0.40337981220096736
377,936.0,0.005552128315854411,0.005552128315854411,0.005552128315854411,0.0055213021870187005,0.0055213021870187005,0.0055213021870187005
378,988.0,0.17813390118642916,0.17813390118642916,0.17813390118642916,0.64931205088513,0.64931205088513,0.64931205088513
379,1040.0,0.20155655540166922,0.20155655540166922,0.20155655540166922,0.22423994027628313,0.22423994027628313,0.22423994027628313
380,52.0,0.14890898470577785,0.14890898470577785,0.14890898470577785,0.14084802153820777,0.14084802153820777,0.14084802153820777
381,104.0,0.4210490138836027,0.4210490138836027,0.4210490138836027,2.3760149709961764,2.3760149709961764,2.3760149709961764
382,156.0,0.056810036989504556,0.056810036989504556,0.056810036989504556,0.06382309053195878,0.06382309053195878,0.06382309053195878
383,208.0,0.14508269209913752,0.14508269209913752,0.14508269209913752,0.16554978782717164,0.16554978782717164,0.16554978782717164
384,260.0,0.31358666627215376,0.31358666627215376,0.31358666627215376,0.49709356276772054,0.49709356276772054,0.49709356276772054
385,312.0,0.17040836527895556,0.17040836527895556,0.17040836527895556,0.17424950987043253,0.17424950987043253,0.17424950987043253
386,364.0,0.7638271239608478,0.7638271239608478,0.7638271239608478,0.7042733809980147,0.7042733809980147,0.7042733809980147
387,416.0,0.4005669863428225,0.4005669863428225,0.4005669863428225,0.389856646185704,0.389856646185704,0.389856646185704
388,468.0,0.23847905819149207,0.23847905819149207,0.23847905819149207,0.4231933121517937,0.4231933121517937,0.4231933121517937
389,520.0,0.28944246737841045,0.28944246737841045,0.28944246737841045,0.2720949441988943,0.2720949441988943,0.2720949441988943
390,572.0,0.09822062697000332,0.09822062697000332,0.09822062697000332,0.09889934200427815,0.09889934200427815,0.09889934200427815
391,624.0,9.58448151157456,9.58448151157456,9.58448151157456,37.07034520310341,37.07034520310341,37.07034520310341
392,676.0,0.051073985680190934,0.051073985680190934,0.051073985680190934,0.05037474154282558,0.05037474154282558,0.05037474154282558
393,728.0,2.658456565203775,2.658456565203775,2.658456565203775,2.458206027372778,2.458206027372778,2.458206027372778
394,780.0,0.019795221843003412,0.019795221843003412,0.019795221843003412,0.0255467157450873,0.0255467157450873,0.0255467157450873
395,832.0,0.8186976658217449,0.8186976658217449,0.8186976658217449,3.1158022579218203,3.1158022579218203,3.1158022579218203
396,884.0,0.16425746521018625,0.16425746521018625,0.16425746521018625,0.20763134841849232,0.20763134841849232,0.20763134841849232
397,936.0,0.10694333599361533,0.10694333599361533,0.10694333599361533,0.09869879726804114,0.09869879726804114,0.09869879726804114
398,988.0,0.2874847683660808,0.2874847683660808,0.2874847683660808,0.3893562410053525,0.3893562410053525,0.3893562410053525
399,1040.0,0.3054520688896283,0.3054520688896283,0.3054520688896283,0.6393912863234715,0.6393912863234715,0.6393912863234715
400,52.0,0.15552316810486463,0.15552316810486463,0.15552316810486463,0.16691483830544943,0.16691483830544943,0.16691483830544943
401,104.0,0.05585284280936455,0.05585284280936455,0.05585284280936455,0.06410454021767095,0.06410454021767095,0.06410454021767095
402,156.0,0.47748447592134435,0.47748447592134435,0.47748447592134435,0.5175409960774188,0.5175409960774188,0.5175409960774188
403,208.0,0.25260632466443467,0.25260632466443467,0.25260632466443467,0.21769940992850978,0.21769940992850978,0.21769940992850978
404,260.0,0.08327454465838381,0.08327454465838381,0.08327454465838381,0.09124129012496238,0.09124129012496238,0.09124129012496238
405,312.0,0.09311512415349887,0.09311512415349887,0.09311512415349887,0.0889593704936076,0.0889593704936076,0.0889593704936076
406,364.0,0.05388018754209168,0.05388018754209168,0.05388018754209168,0.0563114504848288,0.0563114504848288,0.0563114504848288
407,416.0,0.36614549715360917,0.36614549715360917,0.36614549715360917,0.4015150456090866,0.4015150456090866,0.4015150456090866
408,468.0,0.10589700996677741,0.10589700996677741,0.10589700996677741,0.0955133980309268,0.0955133980309268,0.0955133980309268
409,520.0,0.26768181213732456,0.26768181213732456,0.26768181213732456,0.27405074136805435,0.27405074136805435,0.27405074136805435
410,572.0,0.6487808891606102,0.6487808891606102,0.6487808891606102,0.7386488191656266,0.7386488191656266,0.7386488191656266
411,624.0,0.27187595395415204,0.27187595395415204,0.27187595395415204,0.253185810659716,0.253185810659716,0.253185810659716
412,676.0,0.5734995931879275,0.5734995931879275,0.5734995931879275,0.6155877022950893,0.6155877022950893,0.6155877022950893
413,728.0,0.39225714690620717,0.39225714690620717,0.39225714690620717,0.4600910788675593,0.4600910788675593,0.4600910788675593
414,780.0,0.06700529202037363,0.06700529202037363,0.06700529202037363,0.06496799982696007,0.06496799982696007,0.06496799982696007
415,832.0,0.0424065176519741,0.0424065176519741,0.0424065176519741,0.04687517796462278,0.04687517796462278,0.04687517796462278
416,884.0,0.07801188954678444,0.07801188954678444,0.07801188954678444,0.09226451149148189,0.09226451149148189,0.09226451149148189
417,936.0,0.32868352223190933,0.32868352223190933,0.32868352223190933,0.37322259121061047,0.37322259121061047,0.37322259121061047
418,988.0,86.45663248635888,86.45663248635888,86.45663248635888,1598.4061005382637,1598.4061005382637,1598.4061005382637
419,1040.0,155.1390424333449,155.1390424333449,155.1390424333449,136.68997679130825,136.68997679130825,136.68997679130825
420,52.0,0.21629384585796058,0.21629384585796058,0.21629384585796058,0.2756864460632301,0.2756864460632301,0.2756864460632301
421,104.0,16.14188259584327,16.14188259584327,16.14188259584327,19.16071226781502,19.16071226781502,19.16071226781502
422,156.0,0.3122995315658733,0.3122995315658733,0.3122995315658733,0.6201794594572262,0.6201794594572262,0.6201794594572262
423,208.0,0.04298356510745891,0.04298356510745891,0.04298356510745891,0.04619286825075397,0.04619286825075397,0.04619286825075397
424,260.0,0.24691904121106215,0.24691904121106215,0.24691904121106215,0.29963715451102113,0.29963715451102113,0.29963715451102113
425,312.0,0.2393617021276596,0.2393617021276596,0.2393617021276596,0.2671740606609325,0.2671740606609325,0.2671740606609325
426,364.0,0.17652608698532804,0.17652608698532804,0.17652608698532804,0.2890502892817415,0.2890502892817415,0.2890502892817415
427,416.0,0.1406855439642325,0.1406855439642325,0.1406855439642325,0.12148924687000964,0.12148924687000964,0.12148924687000964
428,468.0,40.695268281536286,40.695268281536286,40.695268281536286,55.54503247336627,55.54503247336627,55.54503247336627
429,520.0,0.10146057351363777,0.10146057351363777,0.10146057351363777,0.10359615816442327,0.10359615816442327,0.10359615816442327
430,572.0,27.28967206962218,27.28967206962218,27.28967206962218,76.70788366031445,76.70788366031445,76.70788366031445
431,624.0,0.009864364981504316,0.009864364981504316,0.009864364981504316,0.00976705928501599,0.00976705928501599,0.00976705928501599
432,676.0,0.44496804827522796,0.44496804827522796,0.44496804827522796,1.5200820522129768,1.5200820522129768,1.5200820522129768
433,728.0,0.24712693011922324,0.24712693011922324,0.24712693011922324,0.33130793916753837,0.33130793916753837,0.33130793916753837
434,780.0,0.12960325534079348,0.12960325534079348,0.12960325534079348,0.12419994432307517,0.12419994432307517,0.12419994432307517
435,832.0,0.3871630292149424,0.3871630292149424,0.3871630292149424,0.4574229760514448,0.4574229760514448,0.4574229760514448
436,884.0,0.14434128256480916,0.14434128256480916,0.14434128256480916,0.17966647252359336,0.17966647252359336,0.17966647252359336
437,936.0,0.10826139651750523,0.10826139651750523,0.10826139651750523,0.10998779054055315,0.10998779054055315,0.10998779054055315
438,988.0,0.08723013851629129,0.08723013851629129,0.08723013851629129,0.09178256686956367,0.09178256686956367,0.09178256686956367
439,1040.0,0.10338256312529776,0.10338256312529776,0.10338256312529776,0.10793996369786103,0.10793996369786103,0.10793996369786103
440,52.0,0.4520178887021224,0.4520178887021224,0.4520178887021224,0.5822470428322601,0.5822470428322601,0.5822470428322601
441,104.0,0.2502573882999244,0.2502573882999244,0.2502573882999244,0.22298406831985698,0.22298406831985698,0.22298406831985698
442,156.0,0.218397715732967,0.218397715732967,0.218397715732967,0.25536187625792434,0.25536187625792434,0.25536187625792434
443,208.0,0.06472597293459893,0.06472597293459893,0.06472597293459893,0.07021211204008546,0.07021211204008546,0.07021211204008546
444,260.0,0.3167738377295566,0.3167738377295566,0.3167738377295566,0.4716517700831553,0.4716517700831553,0.4716517700831553
445,312.0,0.2529129007569438,0.2529129007569438,0.2529129007569438,0.2706675893716391,0.2706675893716391,0.2706675893716391
446,364.0,0.08653846153846154,0.08653846153846154,0.08653846153846154,0.07904955621301776,0.07904955621301776,0.07904955621301776
447,416.0,0.274226918252284,0.274226918252284,0.274226918252284,0.3592184086933591,0.3592184086933591,0.3592184086933591
448,468.0,0.02971887550200803,0.02971887550200803,0.02971887550200803,0.040080643860582896,0.040080643860582896,0.040080643860582896
449,520.0,28.125206441085716,28.125206441085716,28.125206441085716,264.46001603774386,264.46001603774386,264.46001603774386
450,572.0,0.2196677632553195,0.2196677632553195,0.2196677632553195,0.2760916298695842,0.2760916298695842,0.2760916298695842
451,624.0,0.0744543869997814,0.0744543869997814,0.0744543869997814,0.08814786296175152,0.08814786296175152,0.08814786296175152
452,676.0,0.31766735669773605,0.31766735669773605,0.31766735669773605,0.2518842753753973,0.2518842753753973,0.2518842753753973
453,728.0,0.11796832332058985,0.11796832332058985,0.11796832332058985,0.10405179801351863,0.10405179801351863,0.10405179801351863
454,780.0,0.012307757965268866,0.012307757965268866,0.012307757965268866,0.009987870707274953,0.009987870707274953,0.009987870707274953
455,832.0,0.03646525558537347,0.03646525558537347,0.03646525558537347,0.03517220616217463,0.03517220616217463,0.03517220616217463
456,884.0,0.5180808837023674,0.5180808837023674,0.5180808837023674,0.5394795291780909,0.5394795291780909,0.5394795291780909
457,936.0,0.0483491939924881,0.0483491939924881,0.0483491939924881,0.04586604340110019,0.04586604340110019,0.04586604340110019
458,988.0,0.22974886999286062,0.22974886999286062,0.22974886999286062,0.27382043659297073,0.27382043659297073,0.27382043659297073
459,1040.0,0.34142292864435353,0.34142292864435353,0.34142292864435353,0.34897635190931586,0.34897635190931586,0.34897635190931586
460,52.0,0.15789473684210525,0.15789473684210525,0.15789473684210525,0.23070834982192318,0.23070834982192318,0.23070834982192318
461,104.0,0.1422979828046198,0.1422979828046198,0.1422979828046198,0.13890979822194566,0.13890979822194566,0.13890979822194566
462,156.0,0.26016858403708026,0.26016858403708026,0.26016858403708026,0.36600847743043124,0.36600847743043124,0.36600847743043124
463,208.0,0.011644832605531296,0.011644832605531296,0.011644832605531296,0.01150923047912045,0.01150923047912045,0.01150923047912045
464,260.0,0.19201995012468828,0.19201995012468828,0.19201995012468828,0.16013582005087035,0.16013582005087035,0.16013582005087035
465,312.0,2.1831331380806094,2.1831331380806094,2.1831331380806094,2.7219741752001485,2.7219741752001485,2.7219741752001485
466,364.0,0.3663658446365481,0.3663658446365481,0.3663658446365481,0.2816070599106779,0.2816070599106779,0.2816070599106779
467,416.0,0.3491271820448878,0.3491271820448878,0.3491271820448878,0.3718757967923085,0.3718757967923085,0.3718757967923085
468,468.0,0.1250227616101109,0.1250227616101109,0.1250227616101109,0.11098713130166629,0.11098713130166629,0.11098713130166629
469,520.0,0.3120153105498059,0.3120153105498059,0.3120153105498059,0.31695845922254534,0.31695845922254534,0.31695845922254534
470,572.0,0.14488424197162061,0.14488424197162061,0.14488424197162061,0.12986740631628502,0.12986740631628502,0.12986740631628502
471,624.0,0.014359563469270534,0.014359563469270534,0.014359563469270534,0.014153366406242526,0.014153366406242526,0.014153366406242526
472,676.0,0.1394422310756972,0.1394422310756972,0.1394422310756972,0.11999809526832907,0.11999809526832907,0.11999809526832907
473,728.0,0.040668578323566074,0.040668578323566074,0.040668578323566074,0.026989703911165244,0.026989703911165244,0.026989703911165244
474,780.0,0.13212893916522167,0.13212893916522167,0.13212893916522167,0.2141282128651709,0.2141282128651709,0.2141282128651709
475,832.0,0.197171659324984,0.197171659324984,0.197171659324984,0.25913873031373463,0.25913873031373463,0.25913873031373463
476,884.0,0.10282776349614396,0.10282776349614396,0.10282776349614396,0.09431076982044793,0.09431076982044793,0.09431076982044793
477,936.0,0.20574162679425836,0.20574162679425836,0.20574162679425836,0.22082827774089422,0.22082827774089422,0.22082827774089422
478,988.0,0.23552987251388713,0.23552987251388713,0.23552987251388713,0.14669627350266215,0.14669627350266215,0.14669627350266215
479,1040.0,38.64616497840506,38.64616497840506,38.64616497840506,91.67335845403443,91.67335845403443,91.67335845403443
480,52.0,0.42572667885782756,0.42572667885782756,0.42572667885782756,1.0780088379847381,1.0780088379847381,1.0780088379847381
481,104.0,0.020475206731866924,0.020475206731866924,0.020475206731866924,0.020454239805606296,0.020454239805606296,0.020454239805606296
482,156.0,0.2348568172511193,0.2348568172511193,0.2348568172511193,0.3313264390990441,0.3313264390990441,0.3313264390990441
483,208.0,15.450572621518157,15.450572621518157,15.450572621518157,22.75512289251033,22.75512289251033,22.75512289251033
484,260.0,0.23171614771904417,0.23171614771904417,0.23171614771904417,0.21784998749450096,0.21784998749450096,0.21784998749450096
485,312.0,0.17203078794800533,0.17203078794800533,0.17203078794800533,0.17008257013787845,0.17008257013787845,0.17008257013787845
486,364.0,0.3741226671598898,0.3741226671598898,0.3741226671598898,0.32261097783072434,0.32261097783072434,0.32261097783072434
487,416.0,0.02038369304556355,0.02038369304556355,0.02038369304556355,0.01996819810338779,0.01996819810338779,0.01996819810338779
488,468.0,3.6049231552280028,3.6049231552280028,3.6049231552280028,21.196561926898383,21.196561926898383,21.196561926898383
489,520.0,0.2450825878582005,0.2450825878582005,0.2450825878582005,0.3031010909330035,0.3031010909330035,0.3031010909330035
490,572.0,0.22110027855153203,0.22110027855153203,0.22110027855153203,0.23976369189407282,0.23976369189407282,0.23976369189407282
491,624.0,0.24306277190365075,0.24306277190365075,0.24306277190365075,0.2940867978477905,0.2940867978477905,0.2940867978477905
492,676.0,0.010861132660977503,0.010861132660977503,0.010861132660977503,0.010743168458298154,0.010743168458298154,0.010743168458298154
493,728.0,0.14917127071823205,0.14917127071823205,0.14917127071823205,0.15217571415489672,0.15217571415489672,0.15217571415489672
494,780.0,0.28709199537321967,0.28709199537321967,0.28709199537321967,0.32614788418596985,0.32614788418596985,0.32614788418596985
495,832.0,0.40703847549847355,0.40703847549847355,0.40703847549847355,0.38755361536437466,0.38755361536437466,0.38755361536437466
496,884.0,0.29948755850190045,0.29948755850190045,0.29948755850190045,0.41928329100166783,0.41928329100166783,0.41928329100166783
497,936.0,0.5176664396712423,0.5176664396712423,0.5176664396712423,0.5006390644243115,0.5006390644243115,0.5006390644243115
498,988.0,0.7144962575062072,0.7144962575062072,0.7144962575062072,0.8439303366654398,0.8439303366654398,0.8439303366654398
499,1040.0,0.07768187422934648,0.07768187422934648,0.07768187422934648,0.10987181494889171,0.10987181494889171,0.10987181494889171
500,52.0,0.140226056278403,0.140226056278403,0.140226056278403,0.1339112946439233,0.1339112946439233,0.1339112946439233
501,104.0,0.21075635863784184,0.21075635863784184,0.21075635863784184,0.17969540683755583,0.17969540683755583,0.17969540683755583
502,156.0,0.4728682170542636,0.4728682170542636,0.4728682170542636,0.5593413857340305,0.5593413857340305,0.5593413857340305
503,208.0,0.11481481481481481,0.11481481481481481,0.11481481481481481,0.1473113854595336,0.1473113854595336,0.1473113854595336
504,260.0,0.2509761150005497,0.2509761150005497,0.2509761150005497,0.45732692988663975,0.45732692988663975,0.45732692988663975
505,312.0,0.3666243874584134,0.3666243874584134,0.3666243874584134,0.3428232381403471,0.3428232381403471,0.3428232381403471
506,364.0,0.0023741690408357074,0.0023741690408357074,0.0023741690408357074,0.0023685323622012456,0.0023685323622012456,0.0023685323622012456
507,416.0,0.17290057548333085,0.17290057548333085,0.17290057548333085,0.1548297084482664,0.1548297084482664,0.1548297084482664
508,468.0,0.2551511571679476,0.2551511571679476,0.2551511571679476,0.269716757132641,0.269716757132641,0.269716757132641
509,520.0,0.16744186046511628,0.16744186046511628,0.16744186046511628,0.15490895979808908,0.15490895979808908,0.15490895979808908
510,572.0,0.0274442538593482,0.0274442538593482,0.0274442538593482,0.02669106678945185,0.02669106678945185,0.02669106678945185
511,624.0,0.056992281473576996,0.056992281473576996,0.056992281473576996,0.060511704802896936,0.060511704802896936,0.060511704802896936
512,676.0,0.2519850801603303,0.2519850801603303,0.2519850801603303,0.24702968446817208,0.24702968446817208,0.24702968446817208
513,728.0,0.16925707590688108,0.16925707590688108,0.16925707590688108,0.16111888350290243,0.16111888350290243,0.16111888350290243
514,780.0,0.4639984330323239,0.4639984330323239,0.4639984330323239,0.5347713879907215,0.5347713879907215,0.5347713879907215
515,832.0,0.102880658436214,0.102880658436214,0.102880658436214,0.09229622855594508,0.09229622855594508,0.09229622855594508
516,884.0,135.28528135792638,135.28528135792638,135.28528135792638,203.3434404624973,203.3434404624973,203.3434404624973
517,936.0,40.09798200826647,40.09798200826647,40.09798200826647,39.048264831186145,39.048264831186145,39.048264831186145
518,988.0,0.043085566971295376,0.043085566971295376,0.043085566971295376,0.04449475710777586,0.04449475710777586,0.04449475710777586
519,1040.0,1.4335922239926304,1.4335922239926304,1.4335922239926304,1.1904279837730165,1.1904279837730165,1.1904279837730165
520,52.0,7.149867400401792,7.149867400401792,7.149867400401792,6.8076708663812004,6.8076708663812004,6.8076708663812004
521,104.0,0.23370772444271207,0.23370772444271207,0.23370772444271207,0.2462342141444649,0.2462342141444649,0.2462342141444649
522,156.0,0.1923213967875699,0.1923213967875699,0.1923213967875699,0.33729366569770897,0.33729366569770897,0.33729366569770897
523,208.0,0.41665311706762304,0.41665311706762304,0.41665311706762304,0.538909184814707,0.538909184814707,0.538909184814707
524,260.0,0.17456868671441608,0.17456868671441608,0.17456868671441608,0.13676220414690785,0.13676220414690785,0.13676220414690785
525,312.0,0.34208312468317464,0.34208312468317464,0.34208312468317464,0.5689146476285032,0.5689146476285032,0.5689146476285032
526,364.0,1.6786109389294797,1.6786109389294797,1.6786109389294797,3.1635805340768797,3.1635805340768797,3.1635805340768797
527,416.0,0.18412698412698414,0.18412698412698414,0.18412698412698414,0.15022423784328548,0.15022423784328548,0.15022423784328548
528,468.0,0.1553588987217306,0.1553588987217306,0.1553588987217306,0.14007206883182555,0.14007206883182555,0.14007206883182555
529,520.0,0.04387990762124711,0.04387990762124711,0.04387990762124711,0.041954461328397925,0.041954461328397925,0.041954461328397925
530,572.0,0.1001480818911845,0.1001480818911845,0.1001480818911845,0.09524630393157286,0.09524630393157286,0.09524630393157286
531,624.0,0.39746016501724285,0.39746016501724285,0.39746016501724285,0.42643583780934424,0.42643583780934424,0.42643583780934424
532,676.0,0.546530158106062,0.546530158106062,0.546530158106062,0.5854789504214362,0.5854789504214362,0.5854789504214362
533,728.0,0.06613790801609423,0.06613790801609423,0.06613790801609423,0.062437977841833955,0.062437977841833955,0.062437977841833955
534,780.0,0.22076105204252938,0.22076105204252938,0.22076105204252938,0.2598823530885406,0.2598823530885406,0.2598823530885406
535,832.0,0.12777590560780283,0.12777590560780283,0.12777590560780283,0.1234632908866076,0.1234632908866076,0.1234632908866076
536,884.0,0.20084566596194503,0.20084566596194503,0.20084566596194503,0.17742000366514848,0.17742000366514848,0.17742000366514848
537,936.0,141.51337023193014,141.51337023193014,141.51337023193014,294.02603143680267,294.02603143680267,294.02603143680267
538,988.0,0.028248354414462665,0.028248354414462665,0.028248354414462665,0.026975691501163756,0.026975691501163756,0.026975691501163756
539,1040.0,0.412987012987013,0.412987012987013,0.412987012987013,0.41905211671445436,0.41905211671445436,0.41905211671445436
540,52.0,0.797392439102436,0.797392439102436,0.797392439102436,1.167883404753592,1.167883404753592,1.167883404753592
541,104.0,0.04139154339669936,0.04139154339669936,0.04139154339669936,0.037258820560624496,0.037258820560624496,0.037258820560624496
542,156.0,0.05526166934420017,0.05526166934420017,0.05526166934420017,0.04906869597315613,0.04906869597315613,0.04906869597315613
543,208.0,0.09580232685379467,0.09580232685379467,0.09580232685379467,0.10019241160060288,0.10019241160060288,0.10019241160060288
544,260.0,0.1007748608336275,0.1007748608336275,0.1007748608336275,0.09192970410383178,0.09192970410383178,0.09192970410383178
545,312.0,0.16886543535620052,0.16886543535620052,0.16886543535620052,0.20895148321161783,0.20895148321161783,0.20895148321161783
546,364.0,0.3850573988462421,0.3850573988462421,0.3850573988462421,1.5100832716963577,1.5100832716963577,1.5100832716963577
547,416.0,0.2929451648141731,0.2929451648141731,0.2929451648141731,0.3746809951500189,0.3746809951500189,0.3746809951500189
548,468.0,0.2929349521929326,0.2929349521929326,0.2929349521929326,0.5729967097032671,0.5729967097032671,0.5729967097032671
549,520.0,0.36082474226804123,0.36082474226804123,0.36082474226804123,0.3543415878414284,0.3543415878414284,0.3543415878414284
550,572.0,0.41899441340782123,0.41899441340782123,0.41899441340782123,0.38868949158890176,0.38868949158890176,0.38868949158890176
551,624.0,0.16584137148901376,0.16584137148901376,0.16584137148901376,0.14797625267984008,0.14797625267984008,0.14797625267984008
552,676.0,0.3810672001517459,0.3810672001517459,0.3810672001517459,4.197045961330604,4.197045961330604,4.197045961330604
553,728.0,0.02563511725993219,0.02563511725993219,0.02563511725993219,0.023878499413483578,0.023878499413483578,0.023878499413483578
554,780.0,0.011130899376669634,0.011130899376669634,0.011130899376669634,0.011007002455736088,0.011007002455736088,0.011007002455736088
555,832.0,0.03479504289799809,0.03479504289799809,0.03479504289799809,0.0359675700040258,0.0359675700040258,0.0359675700040258
556,884.0,0.304635761589404,0.304635761589404,0.304635761589404,0.5098460593833604,0.5098460593833604,0.5098460593833604
557,936.0,0.17522538701165852,0.17522538701165852,0.17522538701165852,0.20225775017582615,0.20225775017582615,0.20225775017582615
558,988.0,0.012379298969740693,0.012379298969740693,0.012379298969740693,0.011509690374090137,0.011509690374090137,0.011509690374090137
559,1040.0,0.32274267028112485,0.32274267028112485,0.32274267028112485,0.2907108023894896,0.2907108023894896,0.2907108023894896
560,52.0,0.5291766353009922,0.5291766353009922,0.5291766353009922,0.7265818376178743,0.7265818376178743,0.7265818376178743
561,104.0,0.240975839279202,0.240975839279202,0.240975839279202,0.20601911279144258,0.20601911279144258,0.20601911279144258
562,156.0,0.10729333835304598,0.10729333835304598,0.10729333835304598,0.1141659610733247,0.1141659610733247,0.1141659610733247
563,208.0,0.2753922378199835,0.2753922378199835,0.2753922378199835,0.24207819049301033,0.24207819049301033,0.24207819049301033
564,260.0,0.09214299365659015,0.09214299365659015,0.09214299365659015,0.09529294136030825,0.09529294136030825,0.09529294136030825
565,312.0,0.6723502822572427,0.6723502822572427,0.6723502822572427,0.7819210026003077,0.7819210026003077,0.7819210026003077
566,364.0,0.09253972231933724,0.09253972231933724,0.09253972231933724,0.10361691566763809,0.10361691566763809,0.10361691566763809
567,416.0,0.10564549307825195,0.10564549307825195,0.10564549307825195,0.08767486138050778,0.08767486138050778,0.08767486138050778
568,468.0,0.05361545180284528,0.05361545180284528,0.05361545180284528,0.050340984354704035,0.050340984354704035,0.050340984354704035
569,520.0,0.11161217587373168,0.11161217587373168,0.11161217587373168,0.13748635241093637,0.13748635241093637,0.13748635241093637
570,572.0,0.11608775137111517,0.11608775137111517,0.11608775137111517,0.1976753707274848,0.1976753707274848,0.1976753707274848
571,624.0,0.07173119567043319,0.07173119567043319,0.07173119567043319,0.06571805816818956,0.06571805816818956,0.06571805816818956
572,676.0,0.023289246693502012,0.023289246693502012,0.023289246693502012,0.023321900810185835,0.023321900810185835,0.023321900810185835
573,728.0,0.16473958617331572,0.16473958617331572,0.16473958617331572,0.12744556253641925,0.12744556253641925,0.12744556253641925
574,780.0,0.5363684866623472,0.5363684866623472,0.5363684866623472,2.074657007075529,2.074657007075529,2.074657007075529
575,832.0,0.08077930568960379,0.08077930568960379,0.08077930568960379,0.07575974057692489,0.07575974057692489,0.07575974057692489
576,884.0,0.16974389517569982,0.16974389517569982,0.16974389517569982,0.164754609812344,0.164754609812344,0.164754609812344
577,936.0,0.07399135307491762,0.07399135307491762,0.07399135307491762,0.078854246722377,0.078854246722377,0.078854246722377
578,988.0,0.09513917739925218,0.09513917739925218,0.09513917739925218,0.11184591955777784,0.11184591955777784,0.11184591955777784
579,1040.0,0.27446146376270203,0.27446146376270203,0.27446146376270203,0.4867874615079028,0.4867874615079028,0.4867874615079028
580,52.0,0.18673201166449788,0.18673201166449788,0.18673201166449788,0.18854538156901535,0.18854538156901535,0.18854538156901535
581,104.0,0.1980052516354026,0.1980052516354026,0.1980052516354026,0.2222009909749929,0.2222009909749929,0.2222009909749929
582,156.0,0.0676249758129043,0.0676249758129043,0.0676249758129043,0.06584882064502129,0.06584882064502129,0.06584882064502129
583,208.0,0.09229050902118587,0.09229050902118587,0.09229050902118587,0.08496093417489292,0.08496093417489292,0.08496093417489292
584,260.0,0.2303108208939096,0.2303108208939096,0.2303108208939096,0.335626816485905,0.335626816485905,0.335626816485905
585,312.0,0.1983035919049389,0.1983035919049389,0.1983035919049389,0.18939156761363626,0.18939156761363626,0.18939156761363626
586,364.0,0.4613070116616205,0.4613070116616205,0.4613070116616205,0.4655233222457172,0.4655233222457172,0.4655233222457172
587,416.0,0.2473100665678859,0.2473100665678859,0.2473100665678859,0.20410067956818537,0.20410067956818537,0.20410067956818537
588,468.0,0.6109336656926195,0.6109336656926195,0.6109336656926195,0.7674255056180204,0.7674255056180204,0.7674255056180204
589,520.0,52.172902510763954,52.172902510763954,52.172902510763954,61.26100322841393,61.26100322841393,61.26100322841393
590,572.0,0.3178475224256134,0.3178475224256134,0.3178475224256134,0.4271680120326516,0.4271680120326516,0.4271680120326516
591,624.0,0.2770561385243926,0.2770561385243926,0.2770561385243926,0.30688080735163253,0.30688080735163253,0.30688080735163253
592,676.0,0.2096185064935065,0.2096185064935065,0.2096185064935065,0.17947728952763958,0.17947728952763958,0.17947728952763958
593,728.0,0.007220216606498195,0.007220216606498195,0.007220216606498195,0.0071680850786534425,0.0071680850786534425,0.0071680850786534425
594,780.0,0.26275047220615727,0.26275047220615727,0.26275047220615727,0.5217716103616651,0.5217716103616651,0.5217716103616651
595,832.0,0.14997700029386202,0.14997700029386202,0.14997700029386202,0.16067158330830608,0.16067158330830608,0.16067158330830608
596,884.0,0.04950495049504951,0.04950495049504951,0.04950495049504951,0.0470542103715322,0.0470542103715322,0.0470542103715322
597,936.0,0.16559040590405905,0.16559040590405905,0.16559040590405905,0.13817022337658802,0.13817022337658802,0.13817022337658802
598,988.0,0.026615969581749048,0.026615969581749048,0.026615969581749048,0.025907559744972452,0.025907559744972452,0.025907559744972452
599,1040.0,0.7843157684468227,0.7843157684468227,0.7843157684468227,0.6786475746672317,0.6786475746672317,0.6786475746672317
600,52.0,0.44771150690444395,0.44771150690444395,0.44771150690444395,0.4937233118581024,0.4937233118581024,0.4937233118581024
601,104.0,0.10938615366142206,0.10938615366142206,0.10938615366142206,0.10056421961364453,0.10056421961364453,0.10056421961364453
602,156.0,0.17187265972442098,0.17187265972442098,0.17187265972442098,0.1449823525856103,0.1449823525856103,0.1449823525856103
603,208.0,0.7283249070458054,0.7283249070458054,0.7283249070458054,0.8771984892023409,0.8771984892023409,0.8771984892023409
604,260.0,0.12556869881710647,0.12556869881710647,0.12556869881710647,0.14801776120403942,0.14801776120403942,0.14801776120403942
605,312.0,0.17266187050359713,0.17266187050359713,0.17266187050359713,0.1801532395186968,0.1801532395186968,0.1801532395186968
606,364.0,0.031223628691983123,0.031223628691983123,0.031223628691983123,0.031092595559828372,0.031092595559828372,0.031092595559828372
607,416.0,0.03412073490813648,0.03412073490813648,0.03412073490813648,0.032956510357465156,0.032956510357465156,0.032956510357465156
608,468.0,62.479600790455024,62.479600790455024,62.479600790455024,111.41192217615679,111.41192217615679,111.41192217615679
609,520.0,0.025974025974025976,0.025974025974025976,0.025974025974025976,0.027896778546129205,0.027896778546129205,0.027896778546129205
610,572.0,0.25977691707556383,0.25977691707556383,0.25977691707556383,0.2945741243933945,0.2945741243933945,0.2945741243933945
611,624.0,0.12487499911834649,0.12487499911834649,0.12487499911834649,0.16370306859055309,0.16370306859055309,0.16370306859055309
612,676.0,0.10781348754195791,0.10781348754195791,0.10781348754195791,0.12199183751267195,0.12199183751267195,0.12199183751267195
613,728.0,86.66105964055093,86.66105964055093,86.66105964055093,232.87522505382572,232.87522505382572,232.87522505382572
614,780.0,136.82510344849806,136.82510344849806,136.82510344849806,121.81136003825021,121.81136003825021,121.81136003825021
615,832.0,0.6205505710235417,0.6205505710235417,0.6205505710235417,0.9139532080535605,0.9139532080535605,0.9139532080535605
616,884.0,0.1816865725660514,0.1816865725660514,0.1816865725660514,0.15953432521601238,0.15953432521601238,0.15953432521601238
617,936.0,0.21368385574654533,0.21368385574654533,0.21368385574654533,0.20644571468038095,0.20644571468038095,0.20644571468038095
618,988.0,0.16267942583732056,0.16267942583732056,0.16267942583732056,0.13621483024656028,0.13621483024656028,0.13621483024656028
619,1040.0,0.34258604579582674,0.34258604579582674,0.34258604579582674,0.4362449144174608,0.4362449144174608,0.4362449144174608
620,52.0,0.06277720914363698,0.06277720914363698,0.06277720914363698,0.06429511890739367,0.06429511890739367,0.06429511890739367
621,104.0,1.1571086417075143,1.1571086417075143,1.1571086417075143,2.6628112109598017,2.6628112109598017,2.6628112109598017
622,156.0,0.2692307692307692,0.2692307692307692,0.2692307692307692,0.2864891518737673,0.2864891518737673,0.2864891518737673
623,208.0,0.19030126846323472,0.19030126846323472,0.19030126846323472,0.1863210568210982,0.1863210568210982,0.1863210568210982
624,260.0,0.22269064975973624,0.22269064975973624,0.22269064975973624,0.20045729612868457,0.20045729612868457,0.20045729612868457
625,312.0,0.4768409407555386,0.4768409407555386,0.4768409407555386,0.5216455886901403,0.5216455886901403,0.5216455886901403
626,364.0,0.3192268593203429,0.3192268593203429,0.3192268593203429,0.33396842292411094,0.33396842292411094,0.33396842292411094
627,416.0,0.31265508684863524,0.31265508684863524,0.31265508684863524,0.33152719369000494,0.33152719369000494,0.33152719369000494
628,468.0,0.30148395846407494,0.30148395846407494,0.30148395846407494,0.3927903616338441,0.3927903616338441,0.3927903616338441
629,520.0,0.19909664674191063,0.19909664674191063,0.19909664674191063,0.20760446944247063,0.20760446944247063,0.20760446944247063
630,572.0,0.2174966124588239,0.2174966124588239,0.2174966124588239,0.21193441558990384,0.21193441558990384,0.21193441558990384
631,624.0,0.2964705882352941,0.2964705882352941,0.2964705882352941,0.265046366782007,0.265046366782007,0.265046366782007
632,676.0,1.0810487919320553,1.0810487919320553,1.0810487919320553,1.1977805057272708,1.1977805057272708,1.1977805057272708
633,728.0,0.4779115144451721,0.4779115144451721,0.4779115144451721,0.5536969776201871,0.5536969776201871,0.5536969776201871
634,780.0,0.39875111507582517,0.39875111507582517,0.39875111507582517,0.35214830647734713,0.35214830647734713,0.35214830647734713
635,832.0,0.3067796506788447,0.3067796506788447,0.3067796506788447,0.3009648264583054,0.3009648264583054,0.3009648264583054
636,884.0,0.14609008761077316,0.14609008761077316,0.14609008761077316,0.15883971162323968,0.15883971162323968,0.15883971162323968
637,936.0,0.4290976708673717,0.4290976708673717,0.4290976708673717,1.4671548839793958,1.4671548839793958,1.4671548839793958
638,988.0,0.3653963530950736,0.3653963530950736,0.3653963530950736,0.5881167546521903,0.5881167546521903,0.5881167546521903
639,1040.0,0.25557286098922427,0.25557286098922427,0.25557286098922427,0.39377933436259505,0.39377933436259505,0.39377933436259505
640,52.0,0.1668330874857976,0.1668330874857976,0.1668330874857976,0.13593578796584715,0.13593578796584715,0.13593578796584715
641,104.0,4.759842870219682,4.759842870219682,4.759842870219682,7.266018015343458,7.266018015343458,7.266018015343458
642,156.0,0.8002257336343115,0.8002257336343115,0.8002257336343115,0.8009480303084346,0.8009480303084346,0.8009480303084346
643,208.0,0.15220283358789358,0.15220283358789358,0.15220283358789358,0.13532477217035233,0.13532477217035233,0.13532477217035233
644,260.0,0.19073750552687735,0.19073750552687735,0.19073750552687735,0.21497649557027823,0.21497649557027823,0.21497649557027823
645,312.0,2.1638830250181176,2.1638830250181176,2.1638830250181176,2.1976900530460144,2.1976900530460144,2.1976900530460144
646,364.0,0.47890295358649787,0.47890295358649787,0.47890295358649787,0.46052537876764765,0.46052537876764765,0.46052537876764765
647,416.0,0.0777752198595223,0.0777752198595223,0.0777752198595223,0.07851741205813585,0.07851741205813585,0.07851741205813585
648,468.0,0.15513708050683384,0.15513708050683384,0.15513708050683384,0.15046004330000087,0.15046004330000087,0.15046004330000087
649,520.0,0.20755597014925373,0.20755597014925373,0.20755597014925373,0.3034690267180887,0.3034690267180887,0.3034690267180887
650,572.0,0.468794535226767,0.468794535226767,0.468794535226767,0.40735402020987044,0.40735402020987044,0.40735402020987044
651,624.0,0.08261748357756443,0.08261748357756443,0.08261748357756443,0.08084489208442051,0.08084489208442051,0.08084489208442051
652,676.0,0.0,0.0,0.0,0.0,0.0,0.0
653,728.0,0.14331931413781948,0.14331931413781948,0.14331931413781948,0.18101246969813847,0.18101246969813847,0.18101246969813847
654,780.0,0.031746031746031744,0.031746031746031744,0.031746031746031744,0.030738221214411682,0.030738221214411682,0.030738221214411682
655,832.0,0.08473073015850177,0.08473073015850177,0.08473073015850177,0.10409450465831317,0.10409450465831317,0.10409450465831317
656,884.0,0.2955695255810956,0.2955695255810956,0.2955695255810956,0.2903730253740815,0.2903730253740815,0.2903730253740815
657,936.0,0.753363761406008,0.753363761406008,0.753363761406008,1.2763115059322576,1.2763115059322576,1.2763115059322576
658,988.0,0.09296560272699102,0.09296560272699102,0.09296560272699102,0.08432299943659828,0.08432299943659828,0.08432299943659828
659,1040.0,0.010040160642570281,0.010040160642570281,0.010040160642570281,0.009939355816841662,0.009939355816841662,0.009939355816841662
660,52.0,0.3264877423620998,0.3264877423620998,0.3264877423620998,0.38178528692356556,0.38178528692356556,0.38178528692356556
661,104.0,0.2887254901960784,0.2887254901960784,0.2887254901960784,0.26614739523260283,0.26614739523260283,0.26614739523260283
662,156.0,0.31009624054107193,0.31009624054107193,0.31009624054107193,0.33180473503764063,0.33180473503764063,0.33180473503764063
663,208.0,0.2453688822080478,0.2453688822080478,0.2453688822080478,0.41520100601689675,0.41520100601689675,0.41520100601689675
664,260.0,0.26550003881370116,0.26550003881370116,0.26550003881370116,0.30560188728627913,0.30560188728627913,0.30560188728627913
665,312.0,0.5874473903321018,0.5874473903321018,0.5874473903321018,1.237648959285186,1.237648959285186,1.237648959285186
666,364.0,0.1472731115115789,0.1472731115115789,0.1472731115115789,0.13774112270954234,0.13774112270954234,0.13774112270954234
667,416.0,0.26224684641010565,0.26224684641010565,0.26224684641010565,0.2739715624030671,0.2739715624030671,0.2739715624030671
668,468.0,0.10655737704918032,0.10655737704918032,0.10655737704918032,0.13735746919030983,0.13735746919030983,0.13735746919030983
669,520.0,0.4848823314399048,0.4848823314399048,0.4848823314399048,0.5098553590834289,0.5098553590834289,0.5098553590834289
670,572.0,0.0994263862332696,0.0994263862332696,0.0994263862332696,0.17749489085252387,0.17749489085252387,0.17749489085252387
671,624.0,0.08315308819995193,0.08315308819995193,0.08315308819995193,0.08296780376900183,0.08296780376900183,0.08296780376900183
672,676.0,0.03360488798370672,0.03360488798370672,0.03360488798370672,0.03247559948730924,0.03247559948730924,0.03247559948730924
673,728.0,0.46195584116455907,0.46195584116455907,0.46195584116455907,0.6032067049637153,0.6032067049637153,0.6032067049637153
674,780.0,0.43225650879991867,0.43225650879991867,0.43225650879991867,0.6704611078521147,0.6704611078521147,0.6704611078521147
675,832.0,0.01762114537444934,0.01762114537444934,0.01762114537444934,0.017310640610141863,0.017310640610141863,0.017310640610141863
676,884.0,0.8411551710849006,0.8411551710849006,0.8411551710849006,0.802625874522936,0.802625874522936,0.802625874522936
677,936.0,0.10468226002456003,0.10468226002456003,0.10468226002456003,0.10979425601623623,0.10979425601623623,0.10979425601623623
678,988.0,0.11159714293483634,0.11159714293483634,0.11159714293483634,0.11109851741985942,0.11109851741985942,0.11109851741985942
679,1040.0,0.21585612296482848,0.21585612296482848,0.21585612296482848,0.18620561841629787,0.18620561841629787,0.18620561841629787
680,52.0,0.20821917808219179,0.20821917808219179,0.20821917808219179,0.18678176018014636,0.18678176018014636,0.18678176018014636
681,104.0,0.44204656686378113,0.44204656686378113,0.44204656686378113,0.46236143478919706,0.46236143478919706,0.46236143478919706
682,156.0,0.06693711967545639,0.06693711967545639,0.06693711967545639,0.06245654168501001,0.06245654168501001,0.06245654168501001
683,208.0,0.15945019175434022,0.15945019175434022,0.15945019175434022,0.30058877930279465,0.30058877930279465,0.30058877930279465
684,260.0,0.5529594077407041,0.5529594077407041,0.5529594077407041,0.41264692153910343,0.41264692153910343,0.41264692153910343
685,312.0,0.1402116402116402,0.1402116402116402,0.1402116402116402,0.14171635732482293,0.14171635732482293,0.14171635732482293
686,364.0,0.012243113248797552,0.012243113248797552,0.012243113248797552,0.012967727515974496,0.012967727515974496,0.012967727515974496
687,416.0,0.2160919540229885,0.2160919540229885,0.2160919540229885,0.19698242832606683,0.19698242832606683,0.19698242832606683
688,468.0,0.008310249307479225,0.008310249307479225,0.008310249307479225,0.008241189063926764,0.008241189063926764,0.008241189063926764
689,520.0,0.1412032838676311,0.1412032838676311,0.1412032838676311,0.15618381343583027,0.15618381343583027,0.15618381343583027
690,572.0,0.15328859060402686,0.15328859060402686,0.15328859060402686,0.14106636637989275,0.14106636637989275,0.14106636637989275
691,624.0,0.010155721056194989,0.010155721056194989,0.010155721056194989,0.010052582386023745,0.010052582386023745,0.010052582386023745
692,676.0,0.27299228330030373,0.27299228330030373,0.27299228330030373,0.3877916529732258,0.3877916529732258,0.3877916529732258
693,728.0,0.18076733890801772,0.18076733890801772,0.18076733890801772,0.17612789126970166,0.17612789126970166,0.17612789126970166
694,780.0,0.13095238095238096,0.13095238095238096,0.13095238095238096,0.11697845804988664,0.11697845804988664,0.11697845804988664
695,832.0,0.18476357267950963,0.18476357267950963,0.18476357267950963,0.15763124883066854,0.15763124883066854,0.15763124883066854
696,884.0,0.4071099759853965,0.4071099759853965,0.4071099759853965,0.4317365785281915,0.4317365785281915,0.4317365785281915
697,936.0,0.10146794728302731,0.10146794728302731,0.10146794728302731,0.17428556966006178,0.17428556966006178,0.17428556966006178
698,988.0,0.5598417951750441,0.5598417951750441,0.5598417951750441,0.5507984564501536,0.5507984564501536,0.5507984564501536
699,1040.0,54.32318375755219,54.32318375755219,54.32318375755219,56.6929221271886,56.6929221271886,56.6929221271886
700,52.0,0.16598192276088744,0.16598192276088744,0.16598192276088744,0.1408970021382915,0.1408970021382915,0.1408970021382915
701,104.0,0.08184420828512637,0.08184420828512637,0.08184420828512637,0.08802715572297867,0.08802715572297867,0.08802715572297867
702,156.0,3.837981919156414,3.837981919156414,3.837981919156414,34.36386701046974,34.36386701046974,34.36386701046974
703,208.0,1.157224617385892,1.157224617385892,1.157224617385892,12.334695584495943,12.334695584495943,12.334695584495943
704,260.0,0.7560267633407594,0.7560267633407594,0.7560267633407594,1.7153407605915987,1.7153407605915987,1.7153407605915987
705,312.0,0.26380670611439844,0.26380670611439844,0.26380670611439844,0.2681772249648899,0.2681772249648899,0.2681772249648899
706,364.0,0.17097169305590015,0.17097169305590015,0.17097169305590015,0.23147997287827687,0.23147997287827687,0.23147997287827687
707,416.0,0.3606826314606623,0.3606826314606623,0.3606826314606623,0.4576662364038545,0.4576662364038545,0.4576662364038545
708,468.0,0.37310129639276196,0.37310129639276196,0.37310129639276196,0.4024126362544098,0.4024126362544098,0.4024126362544098
709,520.0,0.42581635186757893,0.42581635186757893,0.42581635186757893,0.48924671639675327,0.48924671639675327,0.48924671639675327
710,572.0,0.16111942282020136,0.16111942282020136,0.16111942282020136,0.15771069252903355,0.15771069252903355,0.15771069252903355
711,624.0,0.17759305440752435,0.17759305440752435,0.17759305440752435,0.19585235917076207,0.19585235917076207,0.19585235917076207
712,676.0,0.0555869038805463,0.0555869038805463,0.0555869038805463,0.05447488712270078,0.05447488712270078,0.05447488712270078
713,728.0,43.38244096120813,43.38244096120813,43.38244096120813,44.257673460999314,44.257673460999314,44.257673460999314
714,780.0,0.06344721294631389,0.06344721294631389,0.06344721294631389,0.06558657549505789,0.06558657549505789,0.06558657549505789
715,832.0,0.19726843384126663,0.19726843384126663,0.19726843384126663,0.280647732848784,0.280647732848784,0.280647732848784
716,884.0,0.17027863777089783,0.17027863777089783,0.17027863777089783,0.17224357561176665,0.17224357561176665,0.17224357561176665
717,936.0,62.23531183900912,62.23531183900912,62.23531183900912,113.39511795914791,113.39511795914791,113.39511795914791
718,988.0,0.1836007130124777,0.1836007130124777,0.1836007130124777,0.2069324894112563,0.2069324894112563,0.2069324894112563
719,1040.0,0.44518669711226866,0.44518669711226866,0.44518669711226866,0.4465719148641936,0.4465719148641936,0.4465719148641936
720,52.0,2.34032460357955,2.34032460357955,2.34032460357955,1.8017637360056966,1.8017637360056966,1.8017637360056966
721,104.0,0.21319193853229337,0.21319193853229337,0.21319193853229337,0.2373614196047245,0.2373614196047245,0.2373614196047245
722,156.0,0.11678432556369255,0.11678432556369255,0.11678432556369255,0.15023465118232596,0.15023465118232596,0.15023465118232596
723,208.0,0.3176257715393174,0.3176257715393174,0.3176257715393174,0.4694472154339771,0.4694472154339771,0.4694472154339771
724,260.0,0.15737051792828685,0.15737051792828685,0.15737051792828685,0.18240583482801861,0.18240583482801861,0.18240583482801861
725,312.0,35.37231319412896,35.37231319412896,35.37231319412896,57.019643275670255,57.019643275670255,57.019643275670255
726,364.0,0.28490221426754175,0.28490221426754175,0.28490221426754175,0.38686059475638973,0.38686059475638973,0.38686059475638973
727,416.0,0.04566617254017575,0.04566617254017575,0.04566617254017575,0.048773357006195,0.048773357006195,0.048773357006195
728,468.0,0.13896987366375121,0.13896987366375121,0.13896987366375121,0.1274317862644155,0.1274317862644155,0.1274317862644155
729,520.0,0.23851732473811443,0.23851732473811443,0.23851732473811443,0.3089434906345835,0.3089434906345835,0.3089434906345835
730,572.0,0.46895640571487307,0.46895640571487307,0.46895640571487307,0.5758990942281149,0.5758990942281149,0.5758990942281149
731,624.0,0.43359441275738886,0.43359441275738886,0.43359441275738886,0.46760919314861193,0.46760919314861193,0.46760919314861193
732,676.0,0.05577557755775578,0.05577557755775578,0.05577557755775578,0.055964992538857845,0.055964992538857845,0.055964992538857845
733,728.0,0.17012726054922975,0.17012726054922975,0.17012726054922975,0.19476736491660795,0.19476736491660795,0.19476736491660795
734,780.0,0.004468275245755138,0.004468275245755138,0.004468275245755138,0.004448309762083309,0.004448309762083309,0.004448309762083309
735,832.0,101.33902369916072,101.33902369916072,101.33902369916072,939.8210845748172,939.8210845748172,939.8210845748172
736,884.0,0.15256266997298296,0.15256266997298296,0.15256266997298296,0.17998323280429634,0.17998323280429634,0.17998323280429634
737,936.0,0.12464589235127478,0.12464589235127478,0.12464589235127478,0.28474668763893457,0.28474668763893457,0.28474668763893457
738,988.0,0.08240769398898797,0.08240769398898797,0.08240769398898797,0.07401790911282327,0.07401790911282327,0.07401790911282327
739,1040.0,1.416338247893983,1.416338247893983,1.416338247893983,15.560472270742151,15.560472270742151,15.560472270742151
740,52.0,0.11561212550321356,0.11561212550321356,0.11561212550321356,0.14600407577738417,0.14600407577738417,0.14600407577738417
741,104.0,1.1173470376540693,1.1173470376540693,1.1173470376540693,2.180409646676164,2.180409646676164,2.180409646676164
742,156.0,0.03423824959481361,0.03423824959481361,0.03423824959481361,0.033471178245234295,0.033471178245234295,0.033471178245234295
743,208.0,0.3167033382064327,0.3167033382064327,0.3167033382064327,0.3847220920138782,0.3847220920138782,0.3847220920138782
744,260.0,0.13992960962792536,0.13992960962792536,0.13992960962792536,0.14331692930617487,0.14331692930617487,0.14331692930617487
745,312.0,0.12859795728876508,0.12859795728876508,0.12859795728876508,0.11345328033008915,0.11345328033008915,0.11345328033008915
746,364.0,0.1760668457176962,0.1760668457176962,0.1760668457176962,0.15581037332932238,0.15581037332932238,0.15581037332932238
747,416.0,9.738400635185759,9.738400635185759,9.738400635185759,38.45192214267503,38.45192214267503,38.45192214267503
748,468.0,0.21700541306469143,0.21700541306469143,0.21700541306469143,0.1777845020401931,0.1777845020401931,0.1777845020401931
749,520.0,0.4445194507286024,0.4445194507286024,0.4445194507286024,0.44261954433144823,0.44261954433144823,0.44261954433144823
750,572.0,0.061386138613861385,0.061386138613861385,0.061386138613861385,0.06025814462634382,0.06025814462634382,0.06025814462634382
751,624.0,0.2945501623080124,0.2945501623080124,0.2945501623080124,0.31301731201428196,0.31301731201428196,0.31301731201428196
752,676.0,0.4822637372386016,0.4822637372386016,0.4822637372386016,0.9017738205691925,0.9017738205691925,0.9017738205691925
753,728.0,0.45402743239351673,0.45402743239351673,0.45402743239351673,1.2412295336479722,1.2412295336479722,1.2412295336479722
754,780.0,29.555215506248405,29.555215506248405,29.555215506248405,29.03705581303168,29.03705581303168,29.03705581303168
755,832.0,0.03268219383921863,0.03268219383921863,0.03268219383921863,0.033116697646877524,0.033116697646877524,0.033116697646877524
756,884.0,0.2165387974443254,0.2165387974443254,0.2165387974443254,0.24989017551780407,0.24989017551780407,0.24989017551780407
757,936.0,0.17812273603369538,0.17812273603369538,0.17812273603369538,0.1517224832154807,0.1517224832154807,0.1517224832154807
758,988.0,0.09875655956907008,0.09875655956907008,0.09875655956907008,0.1516392001633014,0.1516392001633014,0.1516392001633014
759,1040.0,0.09213051823416507,0.09213051823416507,0.09213051823416507,0.12970774496115176,0.12970774496115176,0.12970774496115176
760,52.0,0.007341373885684321,0.007341373885684321,0.007341373885684321,0.0072874781151549125,0.0072874781151549125,0.0072874781151549125
761,104.0,3.208194338762438,3.208194338762438,3.208194338762438,8.335023121658196,8.335023121658196,8.335023121658196
762,156.0,0.08011049723756906,0.08011049723756906,0.08011049723756906,0.07553442609606953,0.07553442609606953,0.07553442609606953
763,208.0,0.3411408008456439,0.3411408008456439,0.3411408008456439,0.2770869620337744,0.2770869620337744,0.2770869620337744
764,260.0,0.059918186854667134,0.059918186854667134,0.059918186854667134,0.07869649689026138,0.07869649689026138,0.07869649689026138
765,312.0,0.28884986830553117,0.28884986830553117,0.28884986830553117,0.3529134269775946,0.3529134269775946,0.3529134269775946
766,364.0,0.6542727132076513,0.6542727132076513,0.6542727132076513,0.751756320129948,0.751756320129948,0.751756320129948
767,416.0,0.03610871382680697,0.03610871382680697,0.03610871382680697,0.03472759794216314,0.03472759794216314,0.03472759794216314
768,468.0,0.7828935867912107,0.7828935867912107,0.7828935867912107,0.9326437764241485,0.9326437764241485,0.9326437764241485
769,520.0,0.04608550805108273,0.04608550805108273,0.04608550805108273,0.04951410484828436,0.04951410484828436,0.04951410484828436
770,572.0,0.3406033512665953,0.3406033512665953,0.3406033512665953,0.47555080505565744,0.47555080505565744,0.47555080505565744
771,624.0,0.22579184554292045,0.22579184554292045,0.22579184554292045,0.2201848493126843,0.2201848493126843,0.2201848493126843
772,676.0,0.209472981987992,0.209472981987992,0.209472981987992,0.22563407848950667,0.22563407848950667,0.22563407848950667
773,728.0,0.938520905969382,0.938520905969382,0.938520905969382,11.331632988903426,11.331632988903426,11.331632988903426
774,780.0,0.3723824843820169,0.3723824843820169,0.3723824843820169,0.42504900424315173,0.42504900424315173,0.42504900424315173
775,832.0,0.34736266739546323,0.34736266739546323,0.34736266739546323,0.46009894772898774,0.46009894772898774,0.46009894772898774
776,884.0,0.3544290030874014,0.3544290030874014,0.3544290030874014,0.4287551284096795,0.4287551284096795,0.4287551284096795
777,936.0,0.07981691669077108,0.07981691669077108,0.07981691669077108,0.07679010997266743,0.07679010997266743,0.07679010997266743
778,988.0,0.17976419961111934,0.17976419961111934,0.17976419961111934,0.18067647251333116,0.18067647251333116,0.18067647251333116
779,1040.0,0.09425717852684144,0.09425717852684144,0.09425717852684144,0.09993788974767809,0.09993788974767809,0.09993788974767809
780,52.0,5.146814064495516,5.146814064495516,5.146814064495516,7.926488037923427,7.926488037923427,7.926488037923427
781,104.0,0.057692307692307696,0.057692307692307696,0.057692307692307696,0.08142943239097086,0.08142943239097086,0.08142943239097086
782,156.0,0.1477041867217211,0.1477041867217211,0.1477041867217211,0.21950118658418244,0.21950118658418244,0.21950118658418244
783,208.0,0.490863343067134,0.490863343067134,0.490863343067134,0.5451882446975158,0.5451882446975158,0.5451882446975158
784,260.0,0.2716031545339496,0.2716031545339496,0.2716031545339496,0.26914850162614296,0.26914850162614296,0.26914850162614296
785,312.0,8.658203960097682,8.658203960097682,8.658203960097682,7.904136602232675,7.904136602232675,7.904136602232675
786,364.0,0.3358910718639822,0.3358910718639822,0.3358910718639822,0.40704719483914387,0.40704719483914387,0.40704719483914387
787,416.0,0.299301985063335,0.299301985063335,0.299301985063335,0.44804016132079855,0.44804016132079855,0.44804016132079855
788,468.0,0.33317646149963404,0.33317646149963404,0.33317646149963404,0.27791555718189787,0.27791555718189787,0.27791555718189787
789,520.0,0.3644110317957968,0.3644110317957968,0.3644110317957968,0.7200292838495287,0.7200292838495287,0.7200292838495287
790,572.0,0.12008321727475768,0.12008321727475768,0.12008321727475768,0.1672985494372248,0.1672985494372248,0.1672985494372248
791,624.0,0.4642862330389147,0.4642862330389147,0.4642862330389147,0.8568126498367319,0.8568126498367319,0.8568126498367319
792,676.0,0.13333333333333333,0.13333333333333333,0.13333333333333333,0.11555555555555556,0.11555555555555556,0.11555555555555556
793,728.0,0.004740406320541761,0.004740406320541761,0.004740406320541761,0.004717934868457928,0.004717934868457928,0.004717934868457928
794,780.0,0.22905422885729315,0.22905422885729315,0.22905422885729315,0.45682191458736765,0.45682191458736765,0.45682191458736765
795,832.0,0.630985416637378,0.630985416637378,0.630985416637378,0.5771185818089392,0.5771185818089392,0.5771185818089392
796,884.0,0.3865336658354115,0.3865336658354115,0.3865336658354115,0.39132322974774203,0.39132322974774203,0.39132322974774203
797,936.0,0.4152671072369933,0.4152671072369933,0.4152671072369933,0.384266356079849,0.384266356079849,0.384266356079849
798,988.0,0.36297310685859785,0.36297310685859785,0.36297310685859785,0.3312217818853564,0.3312217818853564,0.3312217818853564
799,1040.0,0.1066079295154185,0.1066079295154185,0.1066079295154185,0.12754811206634453,0.12754811206634453,0.12754811206634453
800,52.0,0.162107257956332,0.162107257956332,0.162107257956332,0.1820125291088061,0.1820125291088061,0.1820125291088061
801,104.0,2.1626183051382304,2.1626183051382304,2.1626183051382304,2.845195604565729,2.845195604565729,2.845195604565729
802,156.0,0.15489411861305344,0.15489411861305344,0.15489411861305344,0.13074666509949354,0.13074666509949354,0.13074666509949354
803,208.0,6.81411733808553,6.81411733808553,6.81411733808553,10.271519526662631,10.271519526662631,10.271519526662631
804,260.0,0.023026315789473683,0.023026315789473683,0.023026315789473683,0.02249610457063712,0.02249610457063712,0.02249610457063712
805,312.0,0.03363148479427549,0.03363148479427549,0.03363148479427549,0.03393153503733027,0.03393153503733027,0.03393153503733027
806,364.0,0.20121951219512196,0.20121951219512196,0.20121951219512196,0.18512046400951818,0.18512046400951818,0.18512046400951818
807,416.0,0.31022118148490163,0.31022118148490163,0.31022118148490163,0.3399483906065455,0.3399483906065455,0.3399483906065455
808,468.0,0.03590660940560128,0.03590660940560128,0.03590660940560128,0.03258273635442102,0.03258273635442102,0.03258273635442102
809,520.0,0.05026281940930417,0.05026281940930417,0.05026281940930417,0.04771006996104174,0.04771006996104174,0.04771006996104174
810,572.0,0.07088550715439694,0.07088550715439694,0.07088550715439694,0.06965267153734135,0.06965267153734135,0.06965267153734135
811,624.0,0.012076773776148372,0.012076773776148372,0.012076773776148372,0.011930925311308105,0.011930925311308105,0.011930925311308105
812,676.0,94.72911034813329,94.72911034813329,94.72911034813329,342.2810802892715,342.2810802892715,342.2810802892715
813,728.0,106.61749563941308,106.61749563941308,106.61749563941308,298.4961138840116,298.4961138840116,298.4961138840116
814,780.0,0.09472606246799795,0.09472606246799795,0.09472606246799795,0.09087336325827974,0.09087336325827974,0.09087336325827974
815,832.0,0.5245685880865024,0.5245685880865024,0.5245685880865024,1.693872229218308,1.693872229218308,1.693872229218308
816,884.0,0.07039337474120083,0.07039337474120083,0.07039337474120083,0.06819867203340063,0.06819867203340063,0.06819867203340063
817,936.0,0.2831113674396174,0.2831113674396174,0.2831113674396174,0.36217938890419055,0.36217938890419055,0.36217938890419055
818,988.0,0.580388317572818,0.580388317572818,0.580388317572818,1.0060013785235087,1.0060013785235087,1.0060013785235087
819,1040.0,0.1259371519309774,0.1259371519309774,0.1259371519309774,0.15152989115079823,0.15152989115079823,0.15152989115079823
820,52.0,0.08209538702111024,0.08209538702111024,0.08209538702111024,0.12226738417731306,0.12226738417731306,0.12226738417731306
821,104.0,0.13708260105448156,0.13708260105448156,0.13708260105448156,0.2536160933528127,0.2536160933528127,0.2536160933528127
822,156.0,0.1856763925729443,0.1856763925729443,0.1856763925729443,0.1909884682225302,0.1909884682225302,0.1909884682225302
823,208.0,0.08242631429376987,0.08242631429376987,0.08242631429376987,0.07697972717667348,0.07697972717667348,0.07697972717667348
824,260.0,0.1245541232811999,0.1245541232811999,0.1245541232811999,0.20475664545386713,0.20475664545386713,0.20475664545386713
825,312.0,0.17787315903771578,0.17787315903771578,0.17787315903771578,0.19512154645492819,0.19512154645492819,0.19512154645492819
826,364.0,0.2251543496491131,0.2251543496491131,0.2251543496491131,0.24527246871694203,0.24527246871694203,0.24527246871694203
827,416.0,0.4324617196064485,0.4324617196064485,0.4324617196064485,0.6891655779603094,0.6891655779603094,0.6891655779603094
828,468.0,0.5055845147342252,0.5055845147342252,0.5055845147342252,0.4576597500881323,0.4576597500881323,0.4576597500881323
829,520.0,0.0064080944350758855,0.0064080944350758855,0.0064080944350758855,0.006367030760787033,0.006367030760787033,0.006367030760787033
830,572.0,0.26279930345624686,0.26279930345624686,0.26279930345624686,0.5561610573138933,0.5561610573138933,0.5561610573138933
831,624.0,0.36666666666666664,0.36666666666666664,0.36666666666666664,0.6544444444444444,0.6544444444444444,0.6544444444444444
832,676.0,35.460878336108564,35.460878336108564,35.460878336108564,106.3500408923076,106.3500408923076,106.3500408923076
833,728.0,0.44614955925759714,0.44614955925759714,0.44614955925759714,0.4485088020548624,0.4485088020548624,0.4485088020548624
834,780.0,0.26308904733960436,0.26308904733960436,0.26308904733960436,0.33122196380745184,0.33122196380745184,0.33122196380745184
835,832.0,0.14378433273459762,0.14378433273459762,0.14378433273459762,0.12899451312461205,0.12899451312461205,0.12899451312461205
836,884.0,0.13087175005462093,0.13087175005462093,0.13087175005462093,0.11767704210558926,0.11767704210558926,0.11767704210558926
837,936.0,0.12862052037309768,0.12862052037309768,0.12862052037309768,0.1837513125489683,0.1837513125489683,0.1837513125489683
838,988.0,0.09529780564263322,0.09529780564263322,0.09529780564263322,0.09123180786352335,0.09123180786352335,0.09123180786352335
839,1040.0,0.6892348382180087,0.6892348382180087,0.6892348382180087,4.901929984497309,4.901929984497309,4.901929984497309
840,52.0,0.22296601441812564,0.22296601441812564,0.22296601441812564,0.21959614611583506,0.21959614611583506,0.21959614611583506
841,104.0,0.1867794299613106,0.1867794299613106,0.1867794299613106,0.16848991585076264,0.16848991585076264,0.16848991585076264
842,156.0,0.22550385252115263,0.22550385252115263,0.22550385252115263,0.21378534482005307,0.21378534482005307,0.21378534482005307
843,208.0,0.11670653405825433,0.11670653405825433,0.11670653405825433,0.12420278612530238,0.12420278612530238,0.12420278612530238
844,260.0,0.49119626231645713,0.49119626231645713,0.49119626231645713,0.5780436083198167,0.5780436083198167,0.5780436083198167
845,312.0,1.0459714001231322,1.0459714001231322,1.0459714001231322,1.2088898029475244,1.2088898029475244,1.2088898029475244
846,364.0,0.11214953271028037,0.11214953271028037,0.11214953271028037,0.09957201502314611,0.09957201502314611,0.09957201502314611
847,416.0,0.16592805667739113,0.16592805667739113,0.16592805667739113,0.16356839017047486,0.16356839017047486,0.16356839017047486
848,468.0,0.2324557619831543,0.2324557619831543,0.2324557619831543,0.32027214313180224,0.32027214313180224,0.32027214313180224
849,520.0,0.24444444444444444,0.24444444444444444,0.24444444444444444,0.6735802469135802,0.6735802469135802,0.6735802469135802
850,572.0,0.2735703245749614,0.2735703245749614,0.2735703245749614,0.3131036360900028,0.3131036360900028,0.3131036360900028
851,624.0,0.09047965116279069,0.09047965116279069,0.09047965116279069,0.08665354900452947,0.08665354900452947,0.08665354900452947
852,676.0,0.14266050075614686,0.14266050075614686,0.14266050075614686,0.15249115414681577,0.15249115414681577,0.15249115414681577
853,728.0,0.33903569372684467,0.33903569372684467,0.33903569372684467,0.30749344397636286,0.30749344397636286,0.30749344397636286
854,780.0,0.36442393473117995,0.36442393473117995,0.36442393473117995,0.3397272467988964,0.3397272467988964,0.3397272467988964
855,832.0,0.11556829035339064,0.11556829035339064,0.11556829035339064,0.1041224802934477,0.1041224802934477,0.1041224802934477
856,884.0,0.5166962412147392,0.5166962412147392,0.5166962412147392,0.6290151858213301,0.6290151858213301,0.6290151858213301
857,936.0,0.6492082132575242,0.6492082132575242,0.6492082132575242,3.3150404787754635,3.3150404787754635,3.3150404787754635
858,988.0,0.20769741207697412,0.20769741207697412,0.20769741207697412,0.18579343730584413,0.18579343730584413,0.18579343730584413
859,1040.0,0.282024259421025,0.282024259421025,0.282024259421025,0.36380692545042925,0.36380692545042925,0.36380692545042925
860,52.0,0.1581230198741856,0.1581230198741856,0.1581230198741856,0.165048171196845,0.165048171196845,0.165048171196845
861,104.0,0.1783171624573814,0.1783171624573814,0.1783171624573814,0.19699169261462962,0.19699169261462962,0.19699169261462962
862,156.0,0.25904425947033655,0.25904425947033655,0.25904425947033655,0.3534461634816331,0.3534461634816331,0.3534461634816331
863,208.0,0.0925744193653909,0.0925744193653909,0.0925744193653909,0.10624842633941586,0.10624842633941586,0.10624842633941586
864,260.0,38.12554072691824,38.12554072691824,38.12554072691824,48.80736434429604,48.80736434429604,48.80736434429604
865,312.0,0.3114652075424196,0.3114652075424196,0.3114652075424196,0.3516296611330015,0.3516296611330015,0.3516296611330015
866,364.0,0.10492332526230831,0.10492332526230831,0.10492332526230831,0.09552862608224369,0.09552862608224369,0.09552862608224369
867,416.0,0.1491794968612992,0.1491794968612992,0.1491794968612992,0.15802168550922632,0.15802168550922632,0.15802168550922632
868,468.0,0.5366074936159714,0.5366074936159714,0.5366074936159714,0.5274502801034929,0.5274502801034929,0.5274502801034929
869,520.0,0.379424876180945,0.379424876180945,0.379424876180945,0.36108409225617916,0.36108409225617916,0.36108409225617916
870,572.0,0.33372678274157197,0.33372678274157197,0.33372678274157197,0.4422468272120232,0.4422468272120232,0.4422468272120232
871,624.0,0.1901799600088869,0.1901799600088869,0.1901799600088869,0.1700079880542974,0.1700079880542974,0.1700079880542974
872,676.0,0.06623106623106623,0.06623106623106623,0.06623106623106623,0.08619853645098668,0.08619853645098668,0.08619853645098668
873,728.0,0.1511838178232775,0.1511838178232775,0.1511838178232775,0.1403503845704753,0.1403503845704753,0.1403503845704753
874,780.0,0.13596384951469265,0.13596384951469265,0.13596384951469265,0.13767806059356286,0.13767806059356286,0.13767806059356286
875,832.0,0.15884861407249468,0.15884861407249468,0.15884861407249468,0.17341672690461793,0.17341672690461793,0.17341672690461793
876,884.0,0.21969460891243378,0.21969460891243378,0.21969460891243378,0.22565138694818765,0.22565138694818765,0.22565138694818765
877,936.0,0.026361529548088066,0.026361529548088066,0.026361529548088066,0.025666599307973343,0.025666599307973343,0.025666599307973343
878,988.0,0.10593900481540931,0.10593900481540931,0.10593900481540931,0.09792620494732421,0.09792620494732421,0.09792620494732421
879,1040.0,0.262912964126745,0.262912964126745,0.262912964126745,0.2861556131002534,0.2861556131002534,0.2861556131002534
880,52.0,0.2480726348282996,0.2480726348282996,0.2480726348282996,0.24962945176757478,0.24962945176757478,0.24962945176757478
881,104.0,0.4604386375750906,0.4604386375750906,0.4604386375750906,0.6247326382656081,0.6247326382656081,0.6247326382656081
882,156.0,0.22518693923864605,0.22518693923864605,0.22518693923864605,0.23663290666371756,0.23663290666371756,0.23663290666371756
883,208.0,0.7856526254080668,0.7856526254080668,0.7856526254080668,0.7155709468066589,0.7155709468066589,0.7155709468066589
884,260.0,0.772633026531282,0.772633026531282,0.772633026531282,1.8488159329916718,1.8488159329916718,1.8488159329916718
885,312.0,0.09483870967741935,0.09483870967741935,0.09483870967741935,0.089715296566077,0.089715296566077,0.089715296566077
886,364.0,0.07093171218199858,0.07093171218199858,0.07093171218199858,0.07618821771097818,0.07618821771097818,0.07618821771097818
887,416.0,0.21438082556591212,0.21438082556591212,0.21438082556591212,0.17374791888666866,0.17374791888666866,0.17374791888666866
888,468.0,0.2200983069361005,0.2200983069361005,0.2200983069361005,0.1814857358300118,0.1814857358300118,0.1814857358300118
889,520.0,0.29791722367051326,0.29791722367051326,0.29791722367051326,0.36381448117019916,0.36381448117019916,0.36381448117019916
890,572.0,31.578872251779387,31.578872251779387,31.578872251779387,54.07439073425967,54.07439073425967,54.07439073425967
891,624.0,0.43140925920533635,0.43140925920533635,0.43140925920533635,0.5378175808743612,0.5378175808743612,0.5378175808743612
892,676.0,0.8523982303296603,0.8523982303296603,0.8523982303296603,0.9048841660508579,0.9048841660508579,0.9048841660508579
893,728.0,0.20833333333333334,0.20833333333333334,0.20833333333333334,0.24826388888888892,0.24826388888888892,0.24826388888888892
894,780.0,0.011834319526627219,0.011834319526627219,0.011834319526627219,0.011694268407968911,0.011694268407968911,0.011694268407968911
895,832.0,0.09427815108939117,0.09427815108939117,0.09427815108939117,0.10493773489016733,0.10493773489016733,0.10493773489016733
896,884.0,0.06516615449327244,0.06516615449327244,0.06516615449327244,0.09286379977009702,0.09286379977009702,0.09286379977009702
897,936.0,163.12754012963833,163.12754012963833,163.12754012963833,146.67925477469788,146.67925477469788,146.67925477469788
898,988.0,0.22637493617552384,0.22637493617552384,0.22637493617552384,0.25270937447991065,0.25270937447991065,0.25270937447991065
899,1040.0,0.4037174930049727,0.4037174930049727,0.4037174930049727,0.4102813206645725,0.4102813206645725,0.4102813206645725
900,52.0,0.11657940416167363,0.11657940416167363,0.11657940416167363,0.1230404856198996,0.1230404856198996,0.1230404856198996
901,104.0,0.17342819703239767,0.17342819703239767,0.17342819703239767,0.17994978089833108,0.17994978089833108,0.17994978089833108
902,156.0,0.15636180429339594,0.15636180429339594,0.15636180429339594,0.18560573543850642,0.18560573543850642,0.18560573543850642
903,208.0,0.18279441921870795,0.18279441921870795,0.18279441921870795,0.1807978704191294,0.1807978704191294,0.1807978704191294
904,260.0,0.25551765303881313,0.25551765303881313,0.25551765303881313,0.35547758802223467,0.35547758802223467,0.35547758802223467
905,312.0,0.49395522673986897,0.49395522673986897,0.49395522673986897,0.3394584647910425,0.3394584647910425,0.3394584647910425
906,364.0,0.1265255292652553,0.1265255292652553,0.1265255292652553,0.12645704386880455,0.12645704386880455,0.12645704386880455
907,416.0,0.11562120808078234,0.11562120808078234,0.11562120808078234,0.11646499969618766,0.11646499969618766,0.11646499969618766
908,468.0,0.1750876469375129,0.1750876469375129,0.1750876469375129,0.5729739302433597,0.5729739302433597,0.5729739302433597
909,520.0,0.23693577649871458,0.23693577649871458,0.23693577649871458,0.21641008237632864,0.21641008237632864,0.21641008237632864
910,572.0,0.06669236700077101,0.06669236700077101,0.06669236700077101,0.07303863550842969,0.07303863550842969,0.07303863550842969
911,624.0,0.064343163538874,0.064343163538874,0.064343163538874,0.06020312084468372,0.06020312084468372,0.06020312084468372
912,676.0,0.1710615711785189,0.1710615711785189,0.1710615711785189,0.35440562876537934,0.35440562876537934,0.35440562876537934
913,728.0,0.024630541871921183,0.024630541871921183,0.024630541871921183,0.02581519041515645,0.02581519041515645,0.02581519041515645
914,780.0,0.0857583774250441,0.0857583774250441,0.0857583774250441,0.09824514796773762,0.09824514796773762,0.09824514796773762
915,832.0,0.017857142857142856,0.017857142857142856,0.017857142857142856,0.01753826530612245,0.01753826530612245,0.01753826530612245
916,884.0,0.0775462962962963,0.0775462962962963,0.0775462962962963,0.09545262131344308,0.09545262131344308,0.09545262131344308
917,936.0,0.08269961977186312,0.08269961977186312,0.08269961977186312,0.09487179950555885,0.09487179950555885,0.09487179950555885
918,988.0,0.12126937691966262,0.12126937691966262,0.12126937691966262,0.1917565142262811,0.1917565142262811,0.1917565142262811
919,1040.0,0.04845446950710108,0.04845446950710108,0.04845446950710108,0.046106633891886496,0.046106633891886496,0.046106633891886496
920,52.0,0.17535205970473522,0.17535205970473522,0.17535205970473522,0.3470017836544236,0.3470017836544236,0.3470017836544236
921,104.0,0.5404992608988602,0.5404992608988602,0.5404992608988602,1.0674956297630678,1.0674956297630678,1.0674956297630678
922,156.0,0.1884297520661157,0.1884297520661157,0.1884297520661157,0.18267604671812035,0.18267604671812035,0.18267604671812035
923,208.0,0.06672894660595906,0.06672894660595906,0.06672894660595906,0.071791210188401,0.071791210188401,0.071791210188401
924,260.0,0.028368794326241134,0.028368794326241134,0.028368794326241134,0.027564005834716555,0.027564005834716555,0.027564005834716555
925,312.0,0.047435897435897434,0.047435897435897434,0.047435897435897434,0.04518573307034846,0.04518573307034846,0.04518573307034846
926,364.0,0.2808932323104467,0.2808932323104467,0.2808932323104467,0.5200838692243697,0.5200838692243697,0.5200838692243697
927,416.0,0.31310327821071177,0.31310327821071177,0.31310327821071177,0.3738663444929065,0.3738663444929065,0.3738663444929065
928,468.0,0.2880531301717366,0.2880531301717366,0.2880531301717366,0.2928833199217723,0.2928833199217723,0.2928833199217723
929,520.0,13.199991383504864,13.199991383504864,13.199991383504864,16.682621430786785,16.682621430786785,16.682621430786785
930,572.0,0.21165925922865123,0.21165925922865123,0.21165925922865123,0.20801126805725387,0.20801126805725387,0.20801126805725387
931,624.0,0.5722996849720894,0.5722996849720894,0.5722996849720894,0.6174071246905549,0.6174071246905549,0.6174071246905549
932,676.0,0.010976948408342482,0.010976948408342482,0.010976948408342482,0.010856455011983072,0.010856455011983072,0.010856455011983072
933,728.0,0.3735540300247922,0.3735540300247922,0.3735540300247922,0.42285313112255823,0.42285313112255823,0.42285313112255823
934,780.0,0.07416319243715672,0.07416319243715672,0.07416319243715672,0.07275226308732424,0.07275226308732424,0.07275226308732424
935,832.0,0.16160038495639342,0.16160038495639342,0.16160038495639342,0.15948169910758378,0.15948169910758378,0.15948169910758378
936,884.0,0.054895078392200314,0.054895078392200314,0.054895078392200314,0.051735265866766585,0.051735265866766585,0.051735265866766585
937,936.0,0.12873563218390804,0.12873563218390804,0.12873563218390804,0.12135817148896813,0.12135817148896813,0.12135817148896813
938,988.0,164.87269242012732,164.87269242012732,164.87269242012732,145.54858308336256,145.54858308336256,145.54858308336256
939,1040.0,0.20278330019880716,0.20278330019880716,0.20278330019880716,0.1799524918085918,0.1799524918085918,0.1799524918085918
940,52.0,0.13157894736842105,0.13157894736842105,0.13157894736842105,0.43005540166204975,0.43005540166204975,0.43005540166204975
941,104.0,0.2780474389990178,0.2780474389990178,0.2780474389990178,0.27404126202655943,0.27404126202655943,0.27404126202655943
942,156.0,0.08461921353907417,0.08461921353907417,0.08461921353907417,0.09139608446906788,0.09139608446906788,0.09139608446906788
943,208.0,0.0550493404259189,0.0550493404259189,0.0550493404259189,0.05815506401392879,0.05815506401392879,0.05815506401392879
944,260.0,0.017777777777777778,0.017777777777777778,0.017777777777777778,0.017461728395061726,0.017461728395061726,0.017461728395061726
945,312.0,0.14684667272621685,0.14684667272621685,0.14684667272621685,0.1430656464302593,0.1430656464302593,0.1430656464302593
946,364.0,47.93331654946691,47.93331654946691,47.93331654946691,51.831122952737864,51.831122952737864,51.831122952737864
947,416.0,0.13273566820564303,0.13273566820564303,0.13273566820564303,0.1181579510991965,0.1181579510991965,0.1181579510991965
948,468.0,0.32691029900332225,0.32691029900332225,0.32691029900332225,0.31837882584077437,0.31837882584077437,0.31837882584077437
949,520.0,0.4097116802489394,0.4097116802489394,0.4097116802489394,0.5228860532474702,0.5228860532474702,0.5228860532474702
950,572.0,0.2692547723479127,0.2692547723479127,0.2692547723479127,0.2451838451774144,0.2451838451774144,0.2451838451774144
951,624.0,0.18269763148791082,0.18269763148791082,0.18269763148791082,0.2652211160194129,0.2652211160194129,0.2652211160194129
952,676.0,0.33024116262172615,0.33024116262172615,0.33024116262172615,0.6183713608156086,0.6183713608156086,0.6183713608156086
953,728.0,0.2585551330798479,0.2585551330798479,0.2585551330798479,0.2981682545649063,0.2981682545649063,0.2981682545649063
954,780.0,0.3221476510067114,0.3221476510067114,0.3221476510067114,0.3615452757383301,0.3615452757383301,0.3615452757383301
955,832.0,0.22701742437963796,0.22701742437963796,0.22701742437963796,0.26729823105808936,0.26729823105808936,0.26729823105808936
956,884.0,0.8824913733129564,0.8824913733129564,0.8824913733129564,1.1304054075360392,1.1304054075360392,1.1304054075360392
957,936.0,0.2128183606319414,0.2128183606319414,0.2128183606319414,0.1777466321207409,0.1777466321207409,0.1777466321207409
958,988.0,0.28668108802201137,0.28668108802201137,0.28668108802201137,0.36342062989162277,0.36342062989162277,0.36342062989162277
959,1040.0,0.13889773813316342,0.13889773813316342,0.13889773813316342,0.147639562336394,0.147639562336394,0.147639562336394
960,52.0,0.34831348526622324,0.34831348526622324,0.34831348526622324,0.7435522037759676,0.7435522037759676,0.7435522037759676
961,104.0,0.030496131087847066,0.030496131087847066,0.030496131087847066,0.03502811070419402,0.03502811070419402,0.03502811070419402
962,156.0,8.973713862830698,8.973713862830698,8.973713862830698,17.619482453134538,17.619482453134538,17.619482453134538
963,208.0,2.3489128662813616,2.3489128662813616,2.3489128662813616,2.2810155122232914,2.2810155122232914,2.2810155122232914
964,260.0,1.5048954009545055,1.5048954009545055,1.5048954009545055,10.182602209137597,10.182602209137597,10.182602209137597
965,312.0,0.3391313750602077,0.3391313750602077,0.3391313750602077,0.3385520037982477,0.3385520037982477,0.3385520037982477
966,364.0,0.17928994082840236,0.17928994082840236,0.17928994082840236,0.19211547214733377,0.19211547214733377,0.19211547214733377
967,416.0,0.12506811989100816,0.12506811989100816,0.12506811989100816,0.12305006347957145,0.12305006347957145,0.12305006347957145
968,468.0,0.09006928406466513,0.09006928406466513,0.09006928406466513,0.0819568081327438,0.0819568081327438,0.0819568081327438
969,520.0,0.38151898173519955,0.38151898173519955,0.38151898173519955,0.3316826324604848,0.3316826324604848,0.3316826324604848
970,572.0,0.454840392733628,0.454840392733628,0.454840392733628,0.5084597333451997,0.5084597333451997,0.5084597333451997
971,624.0,0.3857661732717958,0.3857661732717958,0.3857661732717958,0.3859104082150602,0.3859104082150602,0.3859104082150602
972,676.0,0.2393617021276596,0.2393617021276596,0.2393617021276596,0.29908895427795373,0.29908895427795373,0.29908895427795373
973,728.0,0.22328167647175115,0.22328167647175115,0.22328167647175115,0.46693428306452567,0.46693428306452567,0.46693428306452567
974,780.0,0.4498365915751621,0.4498365915751621,0.4498365915751621,0.441701802750952,0.441701802750952,0.441701802750952
975,832.0,0.25,0.25,0.25,0.1875,0.1875,0.1875
976,884.0,0.5434258805597839,0.5434258805597839,0.5434258805597839,0.5415261202914845,0.5415261202914845,0.5415261202914845
977,936.0,0.0645474701164306,0.0645474701164306,0.0645474701164306,0.06884711247319096,0.06884711247319096,0.06884711247319096
978,988.0,0.07429374273783033,0.07429374273783033,0.07429374273783033,0.07113387674008734,0.07113387674008734,0.07113387674008734
979,1040.0,0.11872162884438284,0.11872162884438284,0.11872162884438284,0.10817392219261533,0.10817392219261533,0.10817392219261533
980,52.0,0.5227920227920227,0.5227920227920227,0.5227920227920227,2.4603067345232583,2.4603067345232583,2.4603067345232583
981,104.0,1.8742952895853588,1.8742952895853588,1.8742952895853588,10.573113463602763,10.573113463602763,10.573113463602763
982,156.0,0.0584078875300717,0.0584078875300717,0.0584078875300717,0.06661372657511634,0.06661372657511634,0.06661372657511634
983,208.0,0.07645631067961164,0.07645631067961164,0.07645631067961164,0.07061074323687437,0.07061074323687437,0.07061074323687437
984,260.0,0.1276005547850208,0.1276005547850208,0.1276005547850208,0.1570884174199419,0.1570884174199419,0.1570884174199419
985,312.0,0.15955957118052774,0.15955957118052774,0.15955957118052774,0.17958399160199745,0.17958399160199745,0.17958399160199745
986,364.0,14.336174274645044,14.336174274645044,14.336174274645044,99.8048359682212,99.8048359682212,99.8048359682212
987,416.0,0.3859274985664262,0.3859274985664262,0.3859274985664262,0.4202447993840777,0.4202447993840777,0.4202447993840777
988,468.0,0.21473684210526317,0.21473684210526317,0.21473684210526317,0.16862493074792248,0.16862493074792248,0.16862493074792248
989,520.0,0.020911127707244213,0.020911127707244213,0.020911127707244213,0.02495480838252215,0.02495480838252215,0.02495480838252215
990,572.0,0.06598984771573604,0.06598984771573604,0.06598984771573604,0.08193975624210881,0.08193975624210881,0.08193975624210881
991,624.0,0.32800046575183744,0.32800046575183744,0.32800046575183744,0.44395725851181267,0.44395725851181267,0.44395725851181267
992,676.0,0.07317073170731707,0.07317073170731707,0.07317073170731707,0.0678167757287329,0.0678167757287329,0.0678167757287329
993,728.0,0.13244206456754282,0.13244206456754282,0.13244206456754282,0.12231405060800599,0.12231405060800599,0.12231405060800599
994,780.0,0.024774774774774775,0.024774774774774775,0.024774774774774775,0.025287111435760085,0.025287111435760085,0.025287111435760085
995,832.0,0.08588235294117647,0.08588235294117647,0.08588235294117647,0.08321245674740484,0.08321245674740484,0.08321245674740484
996,884.0,0.19310286157168086,0.19310286157168086,0.19310286157168086,0.24529294079421726,0.24529294079421726,0.24529294079421726
997,936.0,0.2941957921966702,0.2941957921966702,0.2941957921966702,0.49310840133117684,0.49310840133117684,0.49310840133117684
998,988.0,0.0,0.0,0.0,0.0,0.0,0.0
999,1040.0,0.16396103896103897,0.16396103896103897,0.16396103896103897,0.13707781666385563,0.13707781666385563,0.13707781666385563
