,time,meanH,meanB,meanC,varH,varB,varC
0,52.0,0.5919312761419232,0.5919312761419232,0.5919312761419232,0.7902433299776883,0.7902433299776883,0.7902433299776883
1,104.0,0.32489170544375434,0.32489170544375434,0.32489170544375434,0.3671295869447617,0.3671295869447617,0.3671295869447617
2,156.0,0.3974077424668434,0.3974077424668434,0.3974077424668434,0.5356926028533899,0.5356926028533899,0.5356926028533899
3,208.0,0.17853170189099,0.17853170189099,0.17853170189099,0.14888282741545725,0.14888282741545725,0.14888282741545725
4,260.0,0.16309224786625354,0.16309224786625354,0.16309224786625354,0.2058120105584794,0.2058120105584794,0.2058120105584794
5,312.0,9.334938400588964,9.334938400588964,9.334938400588964,21.211499938406128,21.211499938406128,21.211499938406128
6,364.0,0.5240999031425752,0.5240999031425752,0.5240999031425752,0.9946414150300603,0.9946414150300603,0.9946414150300603
7,416.0,0.2603333720544989,0.2603333720544989,0.2603333720544989,0.30545229795046913,0.30545229795046913,0.30545229795046913
8,468.0,0.16350642468212787,0.16350642468212787,0.16350642468212787,0.16286811188335398,0.16286811188335398,0.16286811188335398
9,520.0,0.12720403022670027,0.12720403022670027,0.12720403022670027,0.1135420566084424,0.1135420566084424,0.1135420566084424
10,572.0,0.059735200129191826,0.059735200129191826,0.059735200129191826,0.06704445831648144,0.06704445831648144,0.06704445831648144
11,624.0,0.04440677966101695,0.04440677966101695,0.04440677966101695,0.04785854639471416,0.04785854639471416,0.04785854639471416
12,676.0,0.05853131749460043,0.05853131749460043,0.05853131749460043,0.0551054023669467,0.0551054023669467,0.0551054023669467
13,728.0,0.14777006438389845,0.14777006438389845,0.14777006438389845,0.13351686198048493,0.13351686198048493,0.13351686198048493
14,780.0,0.14474036806895094,0.14474036806895094,0.14474036806895094,0.11095365309384338,0.11095365309384338,0.11095365309384338
15,832.0,0.528667156818647,0.528667156818647,0.528667156818647,0.49832274097422213,0.49832274097422213,0.49832274097422213
16,884.0,0.7942401256454249,0.7942401256454249,0.7942401256454249,0.8571973942742982,0.8571973942742982,0.8571973942742982
17,936.0,0.18248175182481752,0.18248175182481752,0.18248175182481752,0.19297778251371941,0.19297778251371941,0.19297778251371941
18,988.0,0.0036007201440288058,0.0036007201440288058,0.0036007201440288058,0.003587754958473191,0.003587754958473191,0.003587754958473191
19,1040.0,0.0741723303058089,0.0741723303058089,0.0741723303058089,0.07064670903378238,0.07064670903378238,0.07064670903378238
20,52.0,0.10135135135135136,0.10135135135135136,0.10135135135135136,0.10036979547114684,0.10036979547114684,0.10036979547114684
21,104.0,0.09924412613235323,0.09924412613235323,0.09924412613235323,0.12438657490302765,0.12438657490302765,0.12438657490302765
22,156.0,5.249367961388186,5.249367961388186,5.249367961388186,4.9534442109615755,4.9534442109615755,4.9534442109615755
23,208.0,0.29710260946806927,0.29710260946806927,0.29710260946806927,0.39683332253048925,0.39683332253048925,0.39683332253048925
24,260.0,0.08313368471490178,0.08313368471490178,0.08313368471490178,0.09059717570769744,0.09059717570769744,0.09059717570769744
25,312.0,0.17067307692307693,0.17067307692307693,0.17067307692307693,0.2088514700443787,0.2088514700443787,0.2088514700443787
26,364.0,0.13344594594594594,0.13344594594594594,0.13344594594594594,0.1291516389700511,0.1291516389700511,0.1291516389700511
27,416.0,0.185838551939456,0.185838551939456,0.185838551939456,0.19389712969618608,0.19389712969618608,0.19389712969618608
28,468.0,0.621095101560098,0.621095101560098,0.621095101560098,0.5116734292689684,0.5116734292689684,0.5116734292689684
29,520.0,0.8254186371634448,0.8254186371634448,0.8254186371634448,0.9391863910732373,0.9391863910732373,0.9391863910732373
30,572.0,3.191700106448684,3.191700106448684,3.191700106448684,2.1372139004081894,2.1372139004081894,2.1372139004081894
31,624.0,0.02666666666666667,0.02666666666666667,0.02666666666666667,0.025955555555555558,0.025955555555555558,0.025955555555555558
32,676.0,0.5258210691988178,0.5258210691988178,0.5258210691988178,0.6296372133655095,0.6296372133655095,0.6296372133655095
33,728.0,0.12222222222222222,0.12222222222222222,0.12222222222222222,0.10728395061728398,0.10728395061728398,0.10728395061728398
34,780.0,0.3474752739021981,0.3474752739021981,0.3474752739021981,0.40259707880845313,0.40259707880845313,0.40259707880845313
35,832.0,0.2270873678134068,0.2270873678134068,0.2270873678134068,0.2509413491382351,0.2509413491382351,0.2509413491382351
36,884.0,0.4294433258331815,0.4294433258331815,0.4294433258331815,0.7146309861215996,0.7146309861215996,0.7146309861215996
37,936.0,0.13489953340192495,0.13489953340192495,0.13489953340192495,0.17072488144521794,0.17072488144521794,0.17072488144521794
38,988.0,0.35392088827203333,0.35392088827203333,0.35392088827203333,0.3140182838176704,0.3140182838176704,0.3140182838176704
39,1040.0,0.015309246785058175,0.015309246785058175,0.015309246785058175,0.015687243619334688,0.015687243619334688,0.015687243619334688
40,52.0,1.318103407516711,1.318103407516711,1.318103407516711,1.0420525586245089,1.0420525586245089,1.0420525586245089
41,104.0,0.07429212223156714,0.07429212223156714,0.07429212223156714,0.08222948909689785,0.08222948909689785,0.08222948909689785
42,156.0,0.049736565834805214,0.049736565834805214,0.049736565834805214,0.07612425338137342,0.07612425338137342,0.07612425338137342
43,208.0,1.2045854704461083,1.2045854704461083,1.2045854704461083,1.1105262044967381,1.1105262044967381,1.1105262044967381
44,260.0,0.2768620147793159,0.2768620147793159,0.2768620147793159,0.3146034631443037,0.3146034631443037,0.3146034631443037
45,312.0,0.8961741642111629,0.8961741642111629,0.8961741642111629,1.000711022566188,1.000711022566188,1.000711022566188
46,364.0,0.22999191531305718,0.22999191531305718,0.22999191531305718,0.2750813125042326,0.2750813125042326,0.2750813125042326
47,416.0,0.38152310319804295,0.38152310319804295,0.38152310319804295,0.797562171867572,0.797562171867572,0.797562171867572
48,468.0,59.105059940365756,59.105059940365756,59.105059940365756,80.4901222360044,80.4901222360044,80.4901222360044
49,520.0,0.1707012099319897,0.1707012099319897,0.1707012099319897,0.2631592040474745,0.2631592040474745,0.2631592040474745
50,572.0,0.367978313530926,0.367978313530926,0.367978313530926,2.1442286695086734,2.1442286695086734,2.1442286695086734
51,624.0,0.17954207002356526,0.17954207002356526,0.17954207002356526,0.1594034793340855,0.1594034793340855,0.1594034793340855
52,676.0,0.25141324093611656,0.25141324093611656,0.25141324093611656,0.22905234085617218,0.22905234085617218,0.22905234085617218
53,728.0,0.12004028864563537,0.12004028864563537,0.12004028864563537,0.10563968450556598,0.10563968450556598,0.10563968450556598
54,780.0,0.06087948012837335,0.06087948012837335,0.06087948012837335,0.057098204304926264,0.057098204304926264,0.057098204304926264
55,832.0,0.34791832029300823,0.34791832029300823,0.34791832029300823,0.5189060115734265,0.5189060115734265,0.5189060115734265
56,884.0,0.36474636536809807,0.36474636536809807,0.36474636536809807,0.6820557626065327,0.6820557626065327,0.6820557626065327
57,936.0,0.5332198396550394,0.5332198396550394,0.5332198396550394,0.5471347986504884,0.5471347986504884,0.5471347986504884
58,988.0,0.22669068544216436,0.22669068544216436,0.22669068544216436,0.41943370794682455,0.41943370794682455,0.41943370794682455
59,1040.0,0.6396246032339385,0.6396246032339385,0.6396246032339385,1.108896764246044,1.108896764246044,1.108896764246044
60,52.0,0.266156669111134,0.266156669111134,0.266156669111134,0.3458832926808786,0.3458832926808786,0.3458832926808786
61,104.0,0.10348360655737705,0.10348360655737705,0.10348360655737705,0.107119012026337,0.107119012026337,0.107119012026337
62,156.0,0.04120008769170364,0.04120008769170364,0.04120008769170364,0.03670096945296403,0.03670096945296403,0.03670096945296403
63,208.0,0.06421299921691465,0.06421299921691465,0.06421299921691465,0.07418522636195223,0.07418522636195223,0.07418522636195223
64,260.0,0.2,0.2,0.2,0.18857142857142856,0.18857142857142856,0.18857142857142856
65,312.0,3.2388665189343335,3.2388665189343335,3.2388665189343335,1.8765733150372241,1.8765733150372241,1.8765733150372241
66,364.0,0.2216173611623722,0.2216173611623722,0.2216173611623722,0.24144134284013957,0.24144134284013957,0.24144134284013957
67,416.0,0.3505920377598017,0.3505920377598017,0.3505920377598017,0.3722758295349288,0.3722758295349288,0.3722758295349288
68,468.0,0.7329182737434498,0.7329182737434498,0.7329182737434498,1.4730254494490223,1.4730254494490223,1.4730254494490223
69,520.0,0.4293765709298079,0.4293765709298079,0.4293765709298079,0.42974493158172583,0.42974493158172583,0.42974493158172583
70,572.0,0.06135770234986945,0.06135770234986945,0.06135770234986945,0.05759293471221428,0.05759293471221428,0.05759293471221428
71,624.0,0.19684285266174867,0.19684285266174867,0.19684285266174867,0.18897726047411906,0.18897726047411906,0.18897726047411906
72,676.0,0.11515151515151516,0.11515151515151516,0.11515151515151516,0.11401285583103768,0.11401285583103768,0.11401285583103768
73,728.0,0.08273069135088226,0.08273069135088226,0.08273069135088226,0.08109315078786451,0.08109315078786451,0.08109315078786451
74,780.0,0.41235531812935006,0.41235531812935006,0.41235531812935006,0.5352303980670684,0.5352303980670684,0.5352303980670684
75,832.0,0.3288637351851383,0.3288637351851383,0.3288637351851383,0.31209644910745815,0.31209644910745815,0.31209644910745815
76,884.0,0.0739265793258003,0.0739265793258003,0.0739265793258003,0.08071507458373983,0.08071507458373983,0.08071507458373983
77,936.0,0.14222171406810805,0.14222171406810805,0.14222171406810805,0.15073679661775125,0.15073679661775125,0.15073679661775125
78,988.0,0.05632411067193676,0.05632411067193676,0.05632411067193676,0.05710427439891264,0.05710427439891264,0.05710427439891264
79,1040.0,0.2708358829500576,0.2708358829500576,0.2708358829500576,0.2630279243822688,0.2630279243822688,0.2630279243822688
80,52.0,0.710587642591415,0.710587642591415,0.710587642591415,0.9195561798906925,0.9195561798906925,0.9195561798906925
81,104.0,0.5276378666797569,0.5276378666797569,0.5276378666797569,0.8816762192029808,0.8816762192029808,0.8816762192029808
82,156.0,9.094038702146415,9.094038702146415,9.094038702146415,50.39134311129354,50.39134311129354,50.39134311129354
83,208.0,0.09859154929577464,0.09859154929577464,0.09859154929577464,0.11704026978774056,0.11704026978774056,0.11704026978774056
84,260.0,0.06042967918673211,0.06042967918673211,0.06042967918673211,0.0452715628812094,0.0452715628812094,0.0452715628812094
85,312.0,0.11794871794871795,0.11794871794871795,0.11794871794871795,0.1271137409598948,0.1271137409598948,0.1271137409598948
86,364.0,0.15617433414043583,0.15617433414043583,0.15617433414043583,0.13178391149622734,0.13178391149622734,0.13178391149622734
87,416.0,0.5618626379177379,0.5618626379177379,0.5618626379177379,1.138341744196972,1.138341744196972,1.138341744196972
88,468.0,8.345620573000511,8.345620573000511,8.345620573000511,64.97448365653779,64.97448365653779,64.97448365653779
89,520.0,0.04757709251101322,0.04757709251101322,0.04757709251101322,0.04619457004793416,0.04619457004793416,0.04619457004793416
90,572.0,0.3655595437887746,0.3655595437887746,0.3655595437887746,0.5311473927994345,0.5311473927994345,0.5311473927994345
91,624.0,0.09417040358744394,0.09417040358744394,0.09417040358744394,0.10323955840656357,0.10323955840656357,0.10323955840656357
92,676.0,0.1604260017435891,0.1604260017435891,0.1604260017435891,0.14523897683869577,0.14523897683869577,0.14523897683869577
93,728.0,0.2555760458445698,0.2555760458445698,0.2555760458445698,0.24676773321994414,0.24676773321994414,0.24676773321994414
94,780.0,0.21288837744533948,0.21288837744533948,0.21288837744533948,0.1905818759178506,0.1905818759178506,0.1905818759178506
95,832.0,0.5405675797538518,0.5405675797538518,0.5405675797538518,0.6129835507645162,0.6129835507645162,0.6129835507645162
96,884.0,0.006101938262742283,0.006101938262742283,0.006101938262742283,0.00678257970191435,0.00678257970191435,0.00678257970191435
97,936.0,109.21210850004364,109.21210850004364,109.21210850004364,393.29706378801984,393.29706378801984,393.29706378801984
98,988.0,0.36185834016609214,0.36185834016609214,0.36185834016609214,0.2305544753016303,0.2305544753016303,0.2305544753016303
99,1040.0,0.4034787417041754,0.4034787417041754,0.4034787417041754,0.8374160380623544,0.8374160380623544,0.8374160380623544
100,52.0,0.30279087234272745,0.30279087234272745,0.30279087234272745,0.33484864483346877,0.33484864483346877,0.33484864483346877
101,104.0,0.05670103092783505,0.05670103092783505,0.05670103092783505,0.06207708931165197,0.06207708931165197,0.06207708931165197
102,156.0,0.33773406500948205,0.33773406500948205,0.33773406500948205,0.4566948321559075,0.4566948321559075,0.4566948321559075
103,208.0,0.1659142573645579,0.1659142573645579,0.1659142573645579,0.17048294542583672,0.17048294542583672,0.17048294542583672
104,260.0,0.261768116904706,0.261768116904706,0.261768116904706,0.23919199297959626,0.23919199297959626,0.23919199297959626
105,312.0,0.1686746987951807,0.1686746987951807,0.1686746987951807,0.23178980984177674,0.23178980984177674,0.23178980984177674
106,364.0,0.15408425877549045,0.15408425877549045,0.15408425877549045,1.1799301010004455,1.1799301010004455,1.1799301010004455
107,416.0,0.45123041065425573,0.45123041065425573,0.45123041065425573,0.47907196273847685,0.47907196273847685,0.47907196273847685
108,468.0,0.11347990228736397,0.11347990228736397,0.11347990228736397,0.10504369751968845,0.10504369751968845,0.10504369751968845
109,520.0,0.040224508886810104,0.040224508886810104,0.040224508886810104,0.04234831255179343,0.04234831255179343,0.04234831255179343
110,572.0,98.92314963780234,98.92314963780234,98.92314963780234,112.0529416605707,112.0529416605707,112.0529416605707
111,624.0,0.4064530650105234,0.4064530650105234,0.4064530650105234,0.572336719421801,0.572336719421801,0.572336719421801
112,676.0,0.3676560740067151,0.3676560740067151,0.3676560740067151,0.38479973059811007,0.38479973059811007,0.38479973059811007
113,728.0,0.07561625582944703,0.07561625582944703,0.07561625582944703,0.06989843768378265,0.06989843768378265,0.06989843768378265
114,780.0,0.7035823946569048,0.7035823946569048,0.7035823946569048,0.6171573945581704,0.6171573945581704,0.6171573945581704
115,832.0,0.44930354675097706,0.44930354675097706,0.44930354675097706,0.5681363001597474,0.5681363001597474,0.5681363001597474
116,884.0,0.15070870697136246,0.15070870697136246,0.15070870697136246,0.12915266522068852,0.12915266522068852,0.12915266522068852
117,936.0,0.09186351706036745,0.09186351706036745,0.09186351706036745,0.13066870578185602,0.13066870578185602,0.13066870578185602
118,988.0,0.04921875,0.04921875,0.04921875,0.0467962646484375,0.0467962646484375,0.0467962646484375
119,1040.0,89.97011952191235,89.97011952191235,89.97011952191235,74.55886811320455,74.55886811320455,74.55886811320455
120,52.0,0.38356160048566035,0.38356160048566035,0.38356160048566035,0.39308781427955897,0.39308781427955897,0.39308781427955897
121,104.0,0.13918551310691432,0.13918551310691432,0.13918551310691432,0.14184153835569724,0.14184153835569724,0.14184153835569724
122,156.0,0.1270117646957185,0.1270117646957185,0.1270117646957185,0.12296720830916258,0.12296720830916258,0.12296720830916258
123,208.0,0.21212811951621616,0.21212811951621616,0.21212811951621616,0.27181642571317727,0.27181642571317727,0.27181642571317727
124,260.0,0.36044019207295236,0.36044019207295236,0.36044019207295236,0.575738274896027,0.575738274896027,0.575738274896027
125,312.0,0.28838531352365493,0.28838531352365493,0.28838531352365493,0.2637710316389464,0.2637710316389464,0.2637710316389464
126,364.0,0.12535612535612536,0.12535612535612536,0.12535612535612536,0.10964196719182474,0.10964196719182474,0.10964196719182474
127,416.0,0.35321905385662544,0.35321905385662544,0.35321905385662544,0.9905750583118795,0.9905750583118795,0.9905750583118795
128,468.0,0.05229403058707449,0.05229403058707449,0.05229403058707449,0.051532724596827874,0.051532724596827874,0.051532724596827874
129,520.0,0.3724824244491562,0.3724824244491562,0.3724824244491562,0.376060459269225,0.376060459269225,0.376060459269225
130,572.0,78.83673750332771,78.83673750332771,78.83673750332771,506.1784236133667,506.1784236133667,506.1784236133667
131,624.0,0.12264223816069693,0.12264223816069693,0.12264223816069693,0.11141336377014574,0.11141336377014574,0.11141336377014574
132,676.0,0.4877503220179853,0.4877503220179853,0.4877503220179853,0.44849418113135286,0.44849418113135286,0.44849418113135286
133,728.0,0.21300080043475914,0.21300080043475914,0.21300080043475914,0.2038843680127924,0.2038843680127924,0.2038843680127924
134,780.0,0.02853665821594371,0.02853665821594371,0.02853665821594371,0.02524965515830314,0.02524965515830314,0.02524965515830314
135,832.0,0.032233502538071064,0.032233502538071064,0.032233502538071064,0.031194503852199237,0.031194503852199237,0.031194503852199237
136,884.0,33.738212180746565,33.738212180746565,33.738212180746565,33.54296026146264,33.54296026146264,33.54296026146264
137,936.0,0.12014134275618374,0.12014134275618374,0.12014134275618374,0.10570740051692494,0.10570740051692494,0.10570740051692494
138,988.0,0.5851509705343272,0.5851509705343272,0.5851509705343272,0.5306779231122184,0.5306779231122184,0.5306779231122184
139,1040.0,0.5089192863439166,0.5089192863439166,0.5089192863439166,1.7357628482576704,1.7357628482576704,1.7357628482576704
140,52.0,0.160962410816077,0.160962410816077,0.160962410816077,0.19182564741104288,0.19182564741104288,0.19182564741104288
141,104.0,0.5294616656547383,0.5294616656547383,0.5294616656547383,0.5323177842450368,0.5323177842450368,0.5323177842450368
142,156.0,0.026193749724503057,0.026193749724503057,0.026193749724503057,0.026290622752369756,0.026290622752369756,0.026290622752369756
143,208.0,0.4235294117647059,0.4235294117647059,0.4235294117647059,0.4167012687427912,0.4167012687427912,0.4167012687427912
144,260.0,0.12094861660079051,0.12094861660079051,0.12094861660079051,0.15216985111468698,0.15216985111468698,0.15216985111468698
145,312.0,0.4164053333933905,0.4164053333933905,0.4164053333933905,0.43134729162833163,0.43134729162833163,0.43134729162833163
146,364.0,0.04721030042918455,0.04721030042918455,0.04721030042918455,0.04498148796257068,0.04498148796257068,0.04498148796257068
147,416.0,0.5139854367047361,0.5139854367047361,0.5139854367047361,0.5605587572668947,0.5605587572668947,0.5605587572668947
148,468.0,0.18260546233250946,0.18260546233250946,0.18260546233250946,0.1512091040541061,0.1512091040541061,0.1512091040541061
149,520.0,0.033707865168539325,0.033707865168539325,0.033707865168539325,0.0325716449943189,0.0325716449943189,0.0325716449943189
150,572.0,0.12409972299168975,0.12409972299168975,0.12409972299168975,0.13639981277000637,0.13639981277000637,0.13639981277000637
151,624.0,52.8981324451673,52.8981324451673,52.8981324451673,98.3872199773469,98.3872199773469,98.3872199773469
152,676.0,0.3284098963054299,0.3284098963054299,0.3284098963054299,0.44113877634138193,0.44113877634138193,0.44113877634138193
153,728.0,0.13452145406838356,0.13452145406838356,0.13452145406838356,0.12081027069228029,0.12081027069228029,0.12081027069228029
154,780.0,0.2940391057261695,0.2940391057261695,0.2940391057261695,0.7020995861516878,0.7020995861516878,0.7020995861516878
155,832.0,0.2229517138183487,0.2229517138183487,0.2229517138183487,0.3113182007255887,0.3113182007255887,0.3113182007255887
156,884.0,0.10601763819767111,0.10601763819767111,0.10601763819767111,0.12391328329661182,0.12391328329661182,0.12391328329661182
157,936.0,0.06589785831960461,0.06589785831960461,0.06589785831960461,0.07473490225241486,0.07473490225241486,0.07473490225241486
158,988.0,0.41381972619165625,0.41381972619165625,0.41381972619165625,0.48296049884071957,0.48296049884071957,0.48296049884071957
159,1040.0,1.1229664107042439,1.1229664107042439,1.1229664107042439,1.3888633214981727,1.3888633214981727,1.3888633214981727
160,52.0,0.26006350304184217,0.26006350304184217,0.26006350304184217,0.23453613385435892,0.23453613385435892,0.23453613385435892
161,104.0,13.735686941581232,13.735686941581232,13.735686941581232,18.77399471120588,18.77399471120588,18.77399471120588
162,156.0,0.31535313812656934,0.31535313812656934,0.31535313812656934,0.41222569485648014,0.41222569485648014,0.41222569485648014
163,208.0,0.1553937260508985,0.1553937260508985,0.1553937260508985,0.13089188532560458,0.13089188532560458,0.13089188532560458
164,260.0,0.06521575534527876,0.06521575534527876,0.06521575534527876,0.058426015539480694,0.058426015539480694,0.058426015539480694
165,312.0,0.5320875057874842,0.5320875057874842,0.5320875057874842,0.553296197313886,0.553296197313886,0.553296197313886
166,364.0,0.28218517217797157,0.28218517217797157,0.28218517217797157,0.29466038361947,0.29466038361947,0.29466038361947
167,416.0,0.06730286288297338,0.06730286288297338,0.06730286288297338,0.07884551299531974,0.07884551299531974,0.07884551299531974
168,468.0,0.0948469006721434,0.0948469006721434,0.0948469006721434,0.1052684418331873,0.1052684418331873,0.1052684418331873
169,520.0,0.15002459956172784,0.15002459956172784,0.15002459956172784,0.12690830427922956,0.12690830427922956,0.12690830427922956
170,572.0,2.8346196405299597,2.8346196405299597,2.8346196405299597,25.603762255213503,25.603762255213503,25.603762255213503
171,624.0,0.1358695652173913,0.1358695652173913,0.1358695652173913,0.15467610721036995,0.15467610721036995,0.15467610721036995
172,676.0,0.6428571428571429,0.6428571428571429,0.6428571428571429,0.6581632653061226,0.6581632653061226,0.6581632653061226
173,728.0,0.2188894803378743,0.2188894803378743,0.2188894803378743,0.21088697205555132,0.21088697205555132,0.21088697205555132
174,780.0,0.12617242510056798,0.12617242510056798,0.12617242510056798,0.14293198161382217,0.14293198161382217,0.14293198161382217
175,832.0,0.23722274749456873,0.23722274749456873,0.23722274749456873,0.2553318399211661,0.2553318399211661,0.2553318399211661
176,884.0,0.14997893565796327,0.14997893565796327,0.14997893565796327,0.2063812536356624,0.2063812536356624,0.2063812536356624
177,936.0,0.21409329146994371,0.21409329146994371,0.21409329146994371,0.22692541174996736,0.22692541174996736,0.22692541174996736
178,988.0,0.08513354583045177,0.08513354583045177,0.08513354583045177,0.08859379560775874,0.08859379560775874,0.08859379560775874
179,1040.0,0.27867738183974505,0.27867738183974505,0.27867738183974505,0.34799853576377826,0.34799853576377826,0.34799853576377826
180,52.0,0.16763783056925147,0.16763783056925147,0.16763783056925147,0.13953538833128643,0.13953538833128643,0.13953538833128643
181,104.0,0.06620080912100036,0.06620080912100036,0.06620080912100036,0.07873624654586978,0.07873624654586978,0.07873624654586978
182,156.0,0.1066350710900474,0.1066350710900474,0.1066350710900474,0.20047730284584805,0.20047730284584805,0.20047730284584805
183,208.0,0.006549707602339181,0.006549707602339181,0.006549707602339181,0.006506808932663041,0.006506808932663041,0.006506808932663041
184,260.0,0.025461489497135583,0.025461489497135583,0.025461489497135583,0.02608627652457962,0.02608627652457962,0.02608627652457962
185,312.0,0.8001157550074186,0.8001157550074186,0.8001157550074186,1.3311740644722918,1.3311740644722918,1.3311740644722918
186,364.0,0.27312300260997263,0.27312300260997263,0.27312300260997263,0.36779938008874,0.36779938008874,0.36779938008874
187,416.0,0.21832292787185006,0.21832292787185006,0.21832292787185006,0.4516579712407251,0.4516579712407251,0.4516579712407251
188,468.0,0.27631316075589496,0.27631316075589496,0.27631316075589496,0.21065496707751355,0.21065496707751355,0.21065496707751355
189,520.0,0.3007938609161337,0.3007938609161337,0.3007938609161337,0.45833631325552654,0.45833631325552654,0.45833631325552654
190,572.0,0.42993172451758843,0.42993172451758843,0.42993172451758843,0.5045590239104856,0.5045590239104856,0.5045590239104856
191,624.0,0.4873094428361286,0.4873094428361286,0.4873094428361286,0.4734444515055705,0.4734444515055705,0.4734444515055705
192,676.0,0.4926372563809729,0.4926372563809729,0.4926372563809729,0.5990388713203064,0.5990388713203064,0.5990388713203064
193,728.0,0.02379617182914259,0.02379617182914259,0.02379617182914259,0.0222844892173207,0.0222844892173207,0.0222844892173207
194,780.0,0.25777954819845733,0.25777954819845733,0.25777954819845733,0.27721557021894105,0.27721557021894105,0.27721557021894105
195,832.0,0.322463768115942,0.322463768115942,0.322463768115942,0.323553350136526,0.323553350136526,0.323553350136526
196,884.0,0.16872253768606357,0.16872253768606357,0.16872253768606357,0.8574214023544279,0.8574214023544279,0.8574214023544279
197,936.0,0.23774954627949182,0.23774954627949182,0.23774954627949182,0.27922832928745295,0.27922832928745295,0.27922832928745295
198,988.0,0.3261231281198003,0.3261231281198003,0.3261231281198003,0.3184911817335316,0.3184911817335316,0.3184911817335316
199,1040.0,0.14353062966354602,0.14353062966354602,0.14353062966354602,0.17942895037206721,0.17942895037206721,0.17942895037206721
200,52.0,0.10693437040551437,0.10693437040551437,0.10693437040551437,0.11312947949558808,0.11312947949558808,0.11312947949558808
201,104.0,0.393306713567185,0.393306713567185,0.393306713567185,0.42457250774455946,0.42457250774455946,0.42457250774455946
202,156.0,0.24209014124997577,0.24209014124997577,0.24209014124997577,0.2068085192174393,0.2068085192174393,0.2068085192174393
203,208.0,0.056119402985074625,0.056119402985074625,0.056119402985074625,0.05894016484740478,0.05894016484740478,0.05894016484740478
204,260.0,0.16217686413142543,0.16217686413142543,0.16217686413142543,0.15995739705643422,0.15995739705643422,0.15995739705643422
205,312.0,0.5177945358541596,0.5177945358541596,0.5177945358541596,0.5837341932986245,0.5837341932986245,0.5837341932986245
206,364.0,0.07220469899549874,0.07220469899549874,0.07220469899549874,0.07565061326061687,0.07565061326061687,0.07565061326061687
207,416.0,0.8691080288767166,0.8691080288767166,0.8691080288767166,2.0588947807347586,2.0588947807347586,2.0588947807347586
208,468.0,78.15881013366771,78.15881013366771,78.15881013366771,98.31789716273217,98.31789716273217,98.31789716273217
209,520.0,0.37409021223389133,0.37409021223389133,0.37409021223389133,0.7023239219481598,0.7023239219481598,0.7023239219481598
210,572.0,0.26427953676010324,0.26427953676010324,0.26427953676010324,0.549615915610774,0.549615915610774,0.549615915610774
211,624.0,0.19646867009195546,0.19646867009195546,0.19646867009195546,0.2720276262433499,0.2720276262433499,0.2720276262433499
212,676.0,0.20719353523983816,0.20719353523983816,0.20719353523983816,0.350485275371468,0.350485275371468,0.350485275371468
213,728.0,0.1742105682352106,0.1742105682352106,0.1742105682352106,0.2273951501988418,0.2273951501988418,0.2273951501988418
214,780.0,1.1798895135950282,1.1798895135950282,1.1798895135950282,0.9391520899571507,0.9391520899571507,0.9391520899571507
215,832.0,0.0147724831395935,0.0147724831395935,0.0147724831395935,0.014058822811513483,0.014058822811513483,0.014058822811513483
216,884.0,0.12677304964539007,0.12677304964539007,0.12677304964539007,0.11779384211055784,0.11779384211055784,0.11779384211055784
217,936.0,0.22936570670717912,0.22936570670717912,0.22936570670717912,0.22209136981604677,0.22209136981604677,0.22209136981604677
218,988.0,22.605077807603912,22.605077807603912,22.605077807603912,2078.7953912114226,2078.7953912114226,2078.7953912114226
219,1040.0,0.40277099871340255,0.40277099871340255,0.40277099871340255,0.4174037142458558,0.4174037142458558,0.4174037142458558
220,52.0,0.4791583512156869,0.4791583512156869,0.4791583512156869,0.8983662952212635,0.8983662952212635,0.8983662952212635
221,104.0,0.3198960313470593,0.3198960313470593,0.3198960313470593,0.41760379515429297,0.41760379515429297,0.41760379515429297
222,156.0,0.23736402138714757,0.23736402138714757,0.23736402138714757,0.236126573708147,0.236126573708147,0.236126573708147
223,208.0,0.0,0.0,0.0,0.0,0.0,0.0
224,260.0,0.14172890707135147,0.14172890707135147,0.14172890707135147,0.14251934419026543,0.14251934419026543,0.14251934419026543
225,312.0,15.01168233990289,15.01168233990289,15.01168233990289,136.9758861152112,136.9758861152112,136.9758861152112
226,364.0,0.3868113520937374,0.3868113520937374,0.3868113520937374,0.7780517082392264,0.7780517082392264,0.7780517082392264
227,416.0,0.07155368646764453,0.07155368646764453,0.07155368646764453,0.11601439953254178,0.11601439953254178,0.11601439953254178
228,468.0,4.38086800253208,4.38086800253208,4.38086800253208,4.80166103764161,4.80166103764161,4.80166103764161
229,520.0,0.29381443298969073,0.29381443298969073,0.29381443298969073,0.31058029546179183,0.31058029546179183,0.31058029546179183
230,572.0,0.5312619886402219,0.5312619886402219,0.5312619886402219,0.5019877475359058,0.5019877475359058,0.5019877475359058
231,624.0,0.1651376146788991,0.1651376146788991,0.1651376146788991,0.14551244283590045,0.14551244283590045,0.14551244283590045
232,676.0,0.12776991984912778,0.12776991984912778,0.12776991984912778,0.11710247605888088,0.11710247605888088,0.11710247605888088
233,728.0,0.19614701667009782,0.19614701667009782,0.19614701667009782,0.2839890803744003,0.2839890803744003,0.2839890803744003
234,780.0,75.53093838996274,75.53093838996274,75.53093838996274,69.93386397422213,69.93386397422213,69.93386397422213
235,832.0,0.04945407835581246,0.04945407835581246,0.04945407835581246,0.05856906613140812,0.05856906613140812,0.05856906613140812
236,884.0,0.8444993103030201,0.8444993103030201,0.8444993103030201,3.1401933473969414,3.1401933473969414,3.1401933473969414
237,936.0,0.21217681382358533,0.21217681382358533,0.21217681382358533,0.2138322278974374,0.2138322278974374,0.2138322278974374
238,988.0,0.04140208280416561,0.04140208280416561,0.04140208280416561,0.04171995440765076,0.04171995440765076,0.04171995440765076
239,1040.0,0.29292929292929293,0.29292929292929293,0.29292929292929293,0.2717681869197021,0.2717681869197021,0.2717681869197021
240,52.0,2.3904135225423007,2.3904135225423007,2.3904135225423007,4.6235075343535295,4.6235075343535295,4.6235075343535295
241,104.0,0.27572819502060925,0.27572819502060925,0.27572819502060925,0.2754398303310563,0.2754398303310563,0.2754398303310563
242,156.0,0.4670802584458417,0.4670802584458417,0.4670802584458417,0.6318790644808622,0.6318790644808622,0.6318790644808622
243,208.0,0.5056072674641826,0.5056072674641826,0.5056072674641826,0.6334712465905091,0.6334712465905091,0.6334712465905091
244,260.0,16.710624580442655,16.710624580442655,16.710624580442655,34.39091698821075,34.39091698821075,34.39091698821075
245,312.0,0.09237637362637363,0.09237637362637363,0.09237637362637363,0.08384297922201425,0.08384297922201425,0.08384297922201425
246,364.0,0.0,0.0,0.0,0.0,0.0,0.0
247,416.0,0.2192141899547903,0.2192141899547903,0.2192141899547903,0.2821590381720281,0.2821590381720281,0.2821590381720281
248,468.0,0.27198311645612305,0.27198311645612305,0.27198311645612305,0.31467435574037406,0.31467435574037406,0.31467435574037406
249,520.0,5.615756302521008,5.615756302521008,5.615756302521008,5.637440814561119,5.637440814561119,5.637440814561119
250,572.0,0.23802906092338724,0.23802906092338724,0.23802906092338724,0.20952418833768482,0.20952418833768482,0.20952418833768482
251,624.0,0.22927924170219724,0.22927924170219724,0.22927924170219724,0.2711215683696528,0.2711215683696528,0.2711215683696528
252,676.0,0.17728014928854677,0.17728014928854677,0.17728014928854677,0.196703309200071,0.196703309200071,0.196703309200071
253,728.0,0.2588424272466025,0.2588424272466025,0.2588424272466025,0.3322358271025326,0.3322358271025326,0.3322358271025326
254,780.0,0.15224172353813312,0.15224172353813312,0.15224172353813312,0.15042649645398234,0.15042649645398234,0.15042649645398234
255,832.0,0.4224556076223965,0.4224556076223965,0.4224556076223965,0.5614253206008402,0.5614253206008402,0.5614253206008402
256,884.0,0.7630026595482795,0.7630026595482795,0.7630026595482795,0.9482809171744756,0.9482809171744756,0.9482809171744756
257,936.0,0.12164339419978518,0.12164339419978518,0.12164339419978518,0.14014380838547189,0.14014380838547189,0.14014380838547189
258,988.0,0.19544213805797167,0.19544213805797167,0.19544213805797167,0.26546304748875205,0.26546304748875205,0.26546304748875205
259,1040.0,0.2814881219184222,0.2814881219184222,0.2814881219184222,0.2703834421493639,0.2703834421493639,0.2703834421493639
260,52.0,0.07774662986627268,0.07774662986627268,0.07774662986627268,0.059907163027388154,0.059907163027388154,0.059907163027388154
261,104.0,0.42032332563510394,0.42032332563510394,0.42032332563510394,0.8533513966152682,0.8533513966152682,0.8533513966152682
262,156.0,0.2146084309074668,0.2146084309074668,0.2146084309074668,0.1751604113353679,0.1751604113353679,0.1751604113353679
263,208.0,0.12102601886939762,0.12102601886939762,0.12102601886939762,0.1447441485134966,0.1447441485134966,0.1447441485134966
264,260.0,0.6227320735422367,0.6227320735422367,0.6227320735422367,0.4766713036629293,0.4766713036629293,0.4766713036629293
265,312.0,0.40339661371609253,0.40339661371609253,0.40339661371609253,0.3306634350336418,0.3306634350336418,0.3306634350336418
266,364.0,0.1637355973317162,0.1637355973317162,0.1637355973317162,0.14420338915732966,0.14420338915732966,0.14420338915732966
267,416.0,0.18814498441812758,0.18814498441812758,0.18814498441812758,0.24163730627369936,0.24163730627369936,0.24163730627369936
268,468.0,0.14544456641053788,0.14544456641053788,0.14544456641053788,0.12977891871635971,0.12977891871635971,0.12977891871635971
269,520.0,0.049214301957879326,0.049214301957879326,0.049214301957879326,0.0450375411749682,0.0450375411749682,0.0450375411749682
270,572.0,0.29610400786197705,0.29610400786197705,0.29610400786197705,0.5366892112788724,0.5366892112788724,0.5366892112788724
271,624.0,0.07512469338777672,0.07512469338777672,0.07512469338777672,0.08556612141043535,0.08556612141043535,0.08556612141043535
272,676.0,0.17754467754467754,0.17754467754467754,0.17754467754467754,0.14757656657423557,0.14757656657423557,0.14757656657423557
273,728.0,0.21876620010368067,0.21876620010368067,0.21876620010368067,0.2901403128855608,0.2901403128855608,0.2901403128855608
274,780.0,0.12557226945716154,0.12557226945716154,0.12557226945716154,0.11765214144161217,0.11765214144161217,0.11765214144161217
275,832.0,0.24817489643543464,0.24817489643543464,0.24817489643543464,0.3731970275965414,0.3731970275965414,0.3731970275965414
276,884.0,0.33589741785303956,0.33589741785303956,0.33589741785303956,0.3505516736893025,0.3505516736893025,0.3505516736893025
277,936.0,0.11538461538461539,0.11538461538461539,0.11538461538461539,0.11649408284023667,0.11649408284023667,0.11649408284023667
278,988.0,0.29048593006260465,0.29048593006260465,0.29048593006260465,0.5915004078810652,0.5915004078810652,0.5915004078810652
279,1040.0,0.4469534671732552,0.4469534671732552,0.4469534671732552,0.4749175726712531,0.4749175726712531,0.4749175726712531
280,52.0,0.44894541283095546,0.44894541283095546,0.44894541283095546,0.4517165309497925,0.4517165309497925,0.4517165309497925
281,104.0,0.23419163304960752,0.23419163304960752,0.23419163304960752,0.23399047498426015,0.23399047498426015,0.23399047498426015
282,156.0,0.5767578603454427,0.5767578603454427,0.5767578603454427,0.5681303888410336,0.5681303888410336,0.5681303888410336
283,208.0,0.0870535486036955,0.0870535486036955,0.0870535486036955,0.06991284670882626,0.06991284670882626,0.06991284670882626
284,260.0,1.5336089108202233,1.5336089108202233,1.5336089108202233,23.816147447897727,23.816147447897727,23.816147447897727
285,312.0,0.4077012594672754,0.4077012594672754,0.4077012594672754,0.8140421706419064,0.8140421706419064,0.8140421706419064
286,364.0,0.0714943234120896,0.0714943234120896,0.0714943234120896,0.08295238497851586,0.08295238497851586,0.08295238497851586
287,416.0,0.3187692766123942,0.3187692766123942,0.3187692766123942,0.36938792694123723,0.36938792694123723,0.36938792694123723
288,468.0,0.06106264869151467,0.06106264869151467,0.06106264869151467,0.06790762044733284,0.06790762044733284,0.06790762044733284
289,520.0,0.578360369245556,0.578360369245556,0.578360369245556,0.6001742571837537,0.6001742571837537,0.6001742571837537
290,572.0,0.24979240003956388,0.24979240003956388,0.24979240003956388,0.19611545378567394,0.19611545378567394,0.19611545378567394
291,624.0,0.16657125794555375,0.16657125794555375,0.16657125794555375,0.4989595478628375,0.4989595478628375,0.4989595478628375
292,676.0,0.10877632124508597,0.10877632124508597,0.10877632124508597,0.11249890167087788,0.11249890167087788,0.11249890167087788
293,728.0,0.2883245366354429,0.2883245366354429,0.2883245366354429,0.3474803356454302,0.3474803356454302,0.3474803356454302
294,780.0,0.29736372600477623,0.29736372600477623,0.29736372600477623,0.2971319211890212,0.2971319211890212,0.2971319211890212
295,832.0,0.2916666666666667,0.2916666666666667,0.2916666666666667,0.6436342592592593,0.6436342592592593,0.6436342592592593
296,884.0,0.3071137791178316,0.3071137791178316,0.3071137791178316,0.4629764876654289,0.4629764876654289,0.4629764876654289
297,936.0,0.4598021903008399,0.4598021903008399,0.4598021903008399,0.479067044928331,0.479067044928331,0.479067044928331
298,988.0,0.1258023106546855,0.1258023106546855,0.1258023106546855,0.11767827157360826,0.11767827157360826,0.11767827157360826
299,1040.0,0.2932761087267525,0.2932761087267525,0.2932761087267525,0.27307353034480075,0.27307353034480075,0.27307353034480075
300,52.0,6.1130423085736005,6.1130423085736005,6.1130423085736005,5.962573994547167,5.962573994547167,5.962573994547167
301,104.0,0.10411661535651984,0.10411661535651984,0.10411661535651984,0.0860532161541564,0.0860532161541564,0.0860532161541564
302,156.0,0.40060314800010355,0.40060314800010355,0.40060314800010355,0.45316016178061047,0.45316016178061047,0.45316016178061047
303,208.0,0.07882077927276226,0.07882077927276226,0.07882077927276226,0.08605900680094113,0.08605900680094113,0.08605900680094113
304,260.0,0.4191678754622348,0.4191678754622348,0.4191678754622348,0.4639890342409695,0.4639890342409695,0.4639890342409695
305,312.0,0.16854698378009977,0.16854698378009977,0.16854698378009977,0.20190754783247228,0.20190754783247228,0.20190754783247228
306,364.0,0.14819261113124013,0.14819261113124013,0.14819261113124013,0.13427781656061555,0.13427781656061555,0.13427781656061555
307,416.0,5.409546516055277,5.409546516055277,5.409546516055277,33.17368825887631,33.17368825887631,33.17368825887631
308,468.0,0.48364226632662527,0.48364226632662527,0.48364226632662527,0.48781287603805035,0.48781287603805035,0.48781287603805035
309,520.0,0.07080586859451414,0.07080586859451414,0.07080586859451414,0.06706817898320791,0.06706817898320791,0.06706817898320791
310,572.0,0.19086873811033608,0.19086873811033608,0.19086873811033608,0.23940932772909887,0.23940932772909887,0.23940932772909887
311,624.0,0.4492208280890435,0.4492208280890435,0.4492208280890435,0.5632760684530944,0.5632760684530944,0.5632760684530944
312,676.0,0.12749558503363428,0.12749558503363428,0.12749558503363428,0.13673258858260312,0.13673258858260312,0.13673258858260312
313,728.0,0.19682612299593705,0.19682612299593705,0.19682612299593705,0.2217101942311117,0.2217101942311117,0.2217101942311117
314,780.0,0.20192927919223913,0.20192927919223913,0.20192927919223913,0.20108478558378684,0.20108478558378684,0.20108478558378684
315,832.0,0.28853242613272734,0.28853242613272734,0.28853242613272734,0.3727635882006522,0.3727635882006522,0.3727635882006522
316,884.0,0.0814111261872456,0.0814111261872456,0.0814111261872456,0.08835187575137757,0.08835187575137757,0.08835187575137757
317,936.0,0.050911854103343465,0.050911854103343465,0.050911854103343465,0.04831983721510334,0.04831983721510334,0.04831983721510334
318,988.0,0.2779397405712392,0.2779397405712392,0.2779397405712392,0.34507384683886844,0.34507384683886844,0.34507384683886844
319,1040.0,0.035729229956100964,0.035729229956100964,0.035729229956100964,0.04552211085670416,0.04552211085670416,0.04552211085670416
320,52.0,0.07610722783113572,0.07610722783113572,0.07610722783113572,0.09057590092821691,0.09057590092821691,0.09057590092821691
321,104.0,0.19402203155764658,0.19402203155764658,0.19402203155764658,0.45041724992537246,0.45041724992537246,0.45041724992537246
322,156.0,0.023405625939445996,0.023405625939445996,0.023405625939445996,0.026722951851535413,0.026722951851535413,0.026722951851535413
323,208.0,0.03109521188772702,0.03109521188772702,0.03109521188772702,0.031779372882962814,0.031779372882962814,0.031779372882962814
324,260.0,0.5365853658536586,0.5365853658536586,0.5365853658536586,0.6389054134443786,0.6389054134443786,0.6389054134443786
325,312.0,11.081171663772798,11.081171663772798,11.081171663772798,15.452934774155914,15.452934774155914,15.452934774155914
326,364.0,0.35494687623323695,0.35494687623323695,0.35494687623323695,0.4072793309067277,0.4072793309067277,0.4072793309067277
327,416.0,0.5034484124895446,0.5034484124895446,0.5034484124895446,0.5197707852299427,0.5197707852299427,0.5197707852299427
328,468.0,74.66937845447414,74.66937845447414,74.66937845447414,66.16097402759051,66.16097402759051,66.16097402759051
329,520.0,0.3001737619461338,0.3001737619461338,0.3001737619461338,0.2769678238467514,0.2769678238467514,0.2769678238467514
330,572.0,0.05092592592592592,0.05092592592592592,0.05092592592592592,0.1575917352537723,0.1575917352537723,0.1575917352537723
331,624.0,0.23149088976862453,0.23149088976862453,0.23149088976862453,0.21883340023597794,0.21883340023597794,0.21883340023597794
332,676.0,1.1539716282836285,1.1539716282836285,1.1539716282836285,14.906230046181847,14.906230046181847,14.906230046181847
333,728.0,0.11500493583415597,0.11500493583415597,0.11500493583415597,0.10375313423032659,0.10375313423032659,0.10375313423032659
334,780.0,0.6850306817260183,0.6850306817260183,0.6850306817260183,0.7169496741744069,0.7169496741744069,0.7169496741744069
335,832.0,0.32088117249226755,0.32088117249226755,0.32088117249226755,0.3562359278850885,0.3562359278850885,0.3562359278850885
336,884.0,0.25757362514281834,0.25757362514281834,0.25757362514281834,0.2640079347314948,0.2640079347314948,0.2640079347314948
337,936.0,0.11682146963901943,0.11682146963901943,0.11682146963901943,0.14775626142488113,0.14775626142488113,0.14775626142488113
338,988.0,0.1434108527131783,0.1434108527131783,0.1434108527131783,0.14609999399074572,0.14609999399074572,0.14609999399074572
339,1040.0,66.83705541770058,66.83705541770058,66.83705541770058,62.91665281275463,62.91665281275463,62.91665281275463
340,52.0,0.3805661976468014,0.3805661976468014,0.3805661976468014,0.4852411787072585,0.4852411787072585,0.4852411787072585
341,104.0,0.285822358352373,0.285822358352373,0.285822358352373,0.5495666220360006,0.5495666220360006,0.5495666220360006
342,156.0,0.24153252579140108,0.24153252579140108,0.24153252579140108,0.26719881938445517,0.26719881938445517,0.26719881938445517
343,208.0,0.3758856380610841,0.3758856380610841,0.3758856380610841,0.7803112373606133,0.7803112373606133,0.7803112373606133
344,260.0,0.050522871727342086,0.050522871727342086,0.050522871727342086,0.04607213845846783,0.04607213845846783,0.04607213845846783
345,312.0,0.11870839666556479,0.11870839666556479,0.11870839666556479,0.10319646008136782,0.10319646008136782,0.10319646008136782
346,364.0,0.8848019272490034,0.8848019272490034,0.8848019272490034,1.098126051502513,1.098126051502513,1.098126051502513
347,416.0,0.2985404542679929,0.2985404542679929,0.2985404542679929,0.3593804387709126,0.3593804387709126,0.3593804387709126
348,468.0,0.5328320417538158,0.5328320417538158,0.5328320417538158,0.512000042051494,0.512000042051494,0.512000042051494
349,520.0,0.679023207678541,0.679023207678541,0.679023207678541,8.472407767596229,8.472407767596229,8.472407767596229
350,572.0,0.38319287349392744,0.38319287349392744,0.38319287349392744,0.3839415924181364,0.3839415924181364,0.3839415924181364
351,624.0,0.05380710659898477,0.05380710659898477,0.05380710659898477,0.054295996633083383,0.054295996633083383,0.054295996633083383
352,676.0,0.11665443873807776,0.11665443873807776,0.11665443873807776,0.11185028924478768,0.11185028924478768,0.11185028924478768
353,728.0,0.15726321164156243,0.15726321164156243,0.15726321164156243,0.152955287625427,0.152955287625427,0.152955287625427
354,780.0,0.19787748680292952,0.19787748680292952,0.19787748680292952,0.2511012973220909,0.2511012973220909,0.2511012973220909
355,832.0,0.14140406250697943,0.14140406250697943,0.14140406250697943,0.15312556583707754,0.15312556583707754,0.15312556583707754
356,884.0,0.2653061224489796,0.2653061224489796,0.2653061224489796,0.3377759266972094,0.3377759266972094,0.3377759266972094
357,936.0,5.626717782131414,5.626717782131414,5.626717782131414,209.73322052991745,209.73322052991745,209.73322052991745
358,988.0,0.42080039505825634,0.42080039505825634,0.42080039505825634,0.37682012254071423,0.37682012254071423,0.37682012254071423
359,1040.0,0.07142857142857142,0.07142857142857142,0.07142857142857142,0.06632653061224487,0.06632653061224487,0.06632653061224487
360,52.0,0.1624815305597738,0.1624815305597738,0.1624815305597738,0.18342095910786077,0.18342095910786077,0.18342095910786077
361,104.0,12.130333138515487,12.130333138515487,12.130333138515487,10.732867159620715,10.732867159620715,10.732867159620715
362,156.0,0.25269617517474935,0.25269617517474935,0.25269617517474935,0.32407042718045975,0.32407042718045975,0.32407042718045975
363,208.0,0.0866540164452878,0.0866540164452878,0.0866540164452878,0.08504853452266219,0.08504853452266219,0.08504853452266219
364,260.0,0.16756127566115075,0.16756127566115075,0.16756127566115075,0.14531467117157693,0.14531467117157693,0.14531467117157693
365,312.0,0.0270669542576094,0.0270669542576094,0.0270669542576094,0.0244102272300889,0.0244102272300889,0.0244102272300889
366,364.0,0.21320754716981133,0.21320754716981133,0.21320754716981133,0.22561172421976974,0.22561172421976974,0.22561172421976974
367,416.0,0.3111737580651494,0.3111737580651494,0.3111737580651494,0.2915098160811746,0.2915098160811746,0.2915098160811746
368,468.0,0.10845083840804509,0.10845083840804509,0.10845083840804509,0.1276972700181185,0.1276972700181185,0.1276972700181185
369,520.0,0.026149818068550566,0.026149818068550566,0.026149818068550566,0.02592298869392406,0.02592298869392406,0.02592298869392406
370,572.0,0.3243523488137129,0.3243523488137129,0.3243523488137129,1.3704512735181302,1.3704512735181302,1.3704512735181302
371,624.0,0.4409489474209171,0.4409489474209171,0.4409489474209171,0.3619960255578419,0.3619960255578419,0.3619960255578419
372,676.0,0.5864063531839682,0.5864063531839682,0.5864063531839682,0.7138257039629435,0.7138257039629435,0.7138257039629435
373,728.0,0.5576923076923077,0.5576923076923077,0.5576923076923077,0.509492110453649,0.509492110453649,0.509492110453649
374,780.0,0.3162138247411239,0.3162138247411239,0.3162138247411239,0.31705629037383515,0.31705629037383515,0.31705629037383515
375,832.0,0.22259959123761672,0.22259959123761672,0.22259959123761672,0.27640074503407974,0.27640074503407974,0.27640074503407974
376,884.0,0.025082044069385842,0.025082044069385842,0.025082044069385842,0.025390581641953985,0.025390581641953985,0.025390581641953985
377,936.0,0.08609865470852018,0.08609865470852018,0.08609865470852018,0.08944800820446823,0.08944800820446823,0.08944800820446823
378,988.0,0.10928224500809498,0.10928224500809498,0.10928224500809498,0.16102015401287684,0.16102015401287684,0.16102015401287684
379,1040.0,0.17028546547385395,0.17028546547385395,0.17028546547385395,0.16408435078511555,0.16408435078511555,0.16408435078511555
380,52.0,0.14937759336099585,0.14937759336099585,0.14937759336099585,0.18238896254081943,0.18238896254081943,0.18238896254081943
381,104.0,0.16824395373291273,0.16824395373291273,0.16824395373291273,0.13993792576523023,0.13993792576523023,0.13993792576523023
382,156.0,0.005773672055427252,0.005773672055427252,0.005773672055427252,0.0057403367664236316,0.0057403367664236316,0.0057403367664236316
383,208.0,0.47417840287299373,0.47417840287299373,0.47417840287299373,0.6268176059140281,0.6268176059140281,0.6268176059140281
384,260.0,0.4148515983353577,0.4148515983353577,0.4148515983353577,0.9301504384958295,0.9301504384958295,0.9301504384958295
385,312.0,0.3099028947057255,0.3099028947057255,0.3099028947057255,0.2981573842834,0.2981573842834,0.2981573842834
386,364.0,0.27672955974842767,0.27672955974842767,0.27672955974842767,0.22530754321427157,0.22530754321427157,0.22530754321427157
387,416.0,0.30647234139554036,0.30647234139554036,0.30647234139554036,0.5219549264386775,0.5219549264386775,0.5219549264386775
388,468.0,0.14158279963403478,0.14158279963403478,0.14158279963403478,0.1402928286885939,0.1402928286885939,0.1402928286885939
389,520.0,0.20086010736832371,0.20086010736832371,0.20086010736832371,0.2032001195598623,0.2032001195598623,0.2032001195598623
390,572.0,0.23312076556407113,0.23312076556407113,0.23312076556407113,0.2540378236947142,0.2540378236947142,0.2540378236947142
391,624.0,0.09523459290942758,0.09523459290942758,0.09523459290942758,0.08722694391224468,0.08722694391224468,0.08722694391224468
392,676.0,0.1529808773903262,0.1529808773903262,0.1529808773903262,0.12957772854321217,0.12957772854321217,0.12957772854321217
393,728.0,0.33985463936596616,0.33985463936596616,0.33985463936596616,0.33085027721941573,0.33085027721941573,0.33085027721941573
394,780.0,0.34706595096353066,0.34706595096353066,0.34706595096353066,0.33407976124479927,0.33407976124479927,0.33407976124479927
395,832.0,0.0955819063547908,0.0955819063547908,0.0955819063547908,0.10218744552478086,0.10218744552478086,0.10218744552478086
396,884.0,0.4366252187978087,0.4366252187978087,0.4366252187978087,0.48871143096685365,0.48871143096685365,0.48871143096685365
397,936.0,0.6358695652173914,0.6358695652173914,0.6358695652173914,0.6898727945809704,0.6898727945809704,0.6898727945809704
398,988.0,0.14315240170358978,0.14315240170358978,0.14315240170358978,0.17646430677270036,0.17646430677270036,0.17646430677270036
399,1040.0,0.06574887253738429,0.06574887253738429,0.06574887253738429,0.061425958297447104,0.061425958297447104,0.061425958297447104
400,52.0,0.16123778501628663,0.16123778501628663,0.16123778501628663,0.20364407049411665,0.20364407049411665,0.20364407049411665
401,104.0,0.6006245198345079,0.6006245198345079,0.6006245198345079,0.7182904553695617,0.7182904553695617,0.7182904553695617
402,156.0,6.0791098212226595,6.0791098212226595,6.0791098212226595,11.234239227744704,11.234239227744704,11.234239227744704
403,208.0,0.18583964064010272,0.18583964064010272,0.18583964064010272,0.21174290652968653,0.21174290652968653,0.21174290652968653
404,260.0,0.21061267648055196,0.21061267648055196,0.21061267648055196,0.21821536244019757,0.21821536244019757,0.21821536244019757
405,312.0,0.8186055495919251,0.8186055495919251,0.8186055495919251,5.618046639207848,5.618046639207848,5.618046639207848
406,364.0,0.09451718494271685,0.09451718494271685,0.09451718494271685,0.09172116623495596,0.09172116623495596,0.09172116623495596
407,416.0,0.4078395284411968,0.4078395284411968,0.4078395284411968,0.4631780364222109,0.4631780364222109,0.4631780364222109
408,468.0,0.10722610722610723,0.10722610722610723,0.10722610722610723,0.10971468314125658,0.10971468314125658,0.10971468314125658
409,520.0,33.43019182016308,33.43019182016308,33.43019182016308,347.3980454142653,347.3980454142653,347.3980454142653
410,572.0,0.1648030862288706,0.1648030862288706,0.1648030862288706,0.1453173070308221,0.1453173070308221,0.1453173070308221
411,624.0,0.22160664819944598,0.22160664819944598,0.22160664819944598,0.28053038267048286,0.28053038267048286,0.28053038267048286
412,676.0,0.05674916979683587,0.05674916979683587,0.05674916979683587,0.05474858157672396,0.05474858157672396,0.05474858157672396
413,728.0,0.38775162802235785,0.38775162802235785,0.38775162802235785,0.4162511442147127,0.4162511442147127,0.4162511442147127
414,780.0,0.08251833740831296,0.08251833740831296,0.08251833740831296,0.07937654306227247,0.07937654306227247,0.07937654306227247
415,832.0,0.0498145204027557,0.0498145204027557,0.0498145204027557,0.04839291737262371,0.04839291737262371,0.04839291737262371
416,884.0,0.12756777987134527,0.12756777987134527,0.12756777987134527,0.11375221027527377,0.11375221027527377,0.11375221027527377
417,936.0,0.29882742828976533,0.29882742828976533,0.29882742828976533,0.4078909955170788,0.4078909955170788,0.4078909955170788
418,988.0,71.87549378707163,71.87549378707163,71.87549378707163,75.91713803383523,75.91713803383523,75.91713803383523
419,1040.0,0.052948255114320095,0.052948255114320095,0.052948255114320095,0.05495821513233444,0.05495821513233444,0.05495821513233444
420,52.0,0.35635801285436347,0.35635801285436347,0.35635801285436347,0.8440238029461594,0.8440238029461594,0.8440238029461594
421,104.0,3.9642787114176894,3.9642787114176894,3.9642787114176894,3.682832823580979,3.682832823580979,3.682832823580979
422,156.0,0.1914587332053743,0.1914587332053743,0.1914587332053743,0.34626101989014185,0.34626101989014185,0.34626101989014185
423,208.0,0.10305676855895196,0.10305676855895196,0.10305676855895196,0.09418279590396827,0.09418279590396827,0.09418279590396827
424,260.0,0.3406107263437308,0.3406107263437308,0.3406107263437308,0.28726326038075695,0.28726326038075695,0.28726326038075695
425,312.0,0.6635677013256043,0.6635677013256043,0.6635677013256043,0.6864340630782676,0.6864340630782676,0.6864340630782676
426,364.0,0.8846236364054121,0.8846236364054121,0.8846236364054121,2.32977740281283,2.32977740281283,2.32977740281283
427,416.0,44.31104142406979,44.31104142406979,44.31104142406979,85.12666950636735,85.12666950636735,85.12666950636735
428,468.0,57.63134058326373,57.63134058326373,57.63134058326373,52.27027282111245,52.27027282111245,52.27027282111245
429,520.0,0.27694393316208543,0.27694393316208543,0.27694393316208543,0.35343546054969865,0.35343546054969865,0.35343546054969865
430,572.0,0.12113552149904365,0.12113552149904365,0.12113552149904365,0.11854916671750869,0.11854916671750869,0.11854916671750869
431,624.0,0.023969319271332695,0.023969319271332695,0.023969319271332695,0.023394791005001612,0.023394791005001612,0.023394791005001612
432,676.0,0.08215085884988797,0.08215085884988797,0.08215085884988797,0.08287035513555811,0.08287035513555811,0.08287035513555811
433,728.0,0.20168174265765682,0.20168174265765682,0.20168174265765682,0.18780910382742927,0.18780910382742927,0.18780910382742927
434,780.0,0.22510334460729048,0.22510334460729048,0.22510334460729048,0.25861070897415744,0.25861070897415744,0.25861070897415744
435,832.0,0.03178068898592916,0.03178068898592916,0.03178068898592916,0.030770676793508808,0.030770676793508808,0.030770676793508808
436,884.0,0.0971352952110197,0.0971352952110197,0.0971352952110197,0.09945376265138421,0.09945376265138421,0.09945376265138421
437,936.0,0.21571428571428572,0.21571428571428572,0.21571428571428572,0.1977530612244898,0.1977530612244898,0.1977530612244898
438,988.0,0.18998572202558764,0.18998572202558764,0.18998572202558764,0.22465419046608254,0.22465419046608254,0.22465419046608254
439,1040.0,0.19708923556917804,0.19708923556917804,0.19708923556917804,0.41006484820450656,0.41006484820450656,0.41006484820450656
440,52.0,0.21612051230721074,0.21612051230721074,0.21612051230721074,0.2812836735524448,0.2812836735524448,0.2812836735524448
441,104.0,0.12037037037037036,0.12037037037037036,0.12037037037037036,0.10588134430727025,0.10588134430727025,0.10588134430727025
442,156.0,0.15336014261267727,0.15336014261267727,0.15336014261267727,0.16871325110349655,0.16871325110349655,0.16871325110349655
443,208.0,0.41249692928860926,0.41249692928860926,0.41249692928860926,1.5114194455444154,1.5114194455444154,1.5114194455444154
444,260.0,0.123424751062326,0.123424751062326,0.123424751062326,0.15127212285588762,0.15127212285588762,0.15127212285588762
445,312.0,0.006372433325466132,0.006372433325466132,0.006372433325466132,0.00633182541897862,0.00633182541897862,0.00633182541897862
446,364.0,0.16237623762376238,0.16237623762376238,0.16237623762376238,0.13601019507891382,0.13601019507891382,0.13601019507891382
447,416.0,0.06356413166855845,0.06356413166855845,0.06356413166855845,0.06292895417316768,0.06292895417316768,0.06292895417316768
448,468.0,0.30226774372271786,0.30226774372271786,0.30226774372271786,0.3928898511889103,0.3928898511889103,0.3928898511889103
449,520.0,0.24701467076083247,0.24701467076083247,0.24701467076083247,0.25832868589872304,0.25832868589872304,0.25832868589872304
450,572.0,0.06636500754147813,0.06636500754147813,0.06636500754147813,0.06196069331549767,0.06196069331549767,0.06196069331549767
451,624.0,0.07851884325008895,0.07851884325008895,0.07851884325008895,0.09864295400319048,0.09864295400319048,0.09864295400319048
452,676.0,0.04753855905345447,0.04753855905345447,0.04753855905345447,0.05372994384385647,0.05372994384385647,0.05372994384385647
453,728.0,0.24,0.24,0.24,0.22421818181818182,0.22421818181818182,0.22421818181818182
454,780.0,0.2857142857142857,0.2857142857142857,0.2857142857142857,0.20408163265306123,0.20408163265306123,0.20408163265306123
455,832.0,0.047225501770956316,0.047225501770956316,0.047225501770956316,0.04499525375343772,0.04499525375343772,0.04499525375343772
456,884.0,0.18516431611766437,0.18516431611766437,0.18516431611766437,0.1804147841614434,0.1804147841614434,0.1804147841614434
457,936.0,0.10846343467543139,0.10846343467543139,0.10846343467543139,0.1279234401173731,0.1279234401173731,0.1279234401173731
458,988.0,0.11863248579954071,0.11863248579954071,0.11863248579954071,0.10734018002197712,0.10734018002197712,0.10734018002197712
459,1040.0,0.2666493268126601,0.2666493268126601,0.2666493268126601,0.46074388751423917,0.46074388751423917,0.46074388751423917
460,52.0,0.0008107012565869477,0.0008107012565869477,0.0008107012565869477,0.000810044020059516,0.000810044020059516,0.000810044020059516
461,104.0,0.4419739583059454,0.4419739583059454,0.4419739583059454,1.7027767086202688,1.7027767086202688,1.7027767086202688
462,156.0,0.48187275466406837,0.48187275466406837,0.48187275466406837,0.44325962293334437,0.44325962293334437,0.44325962293334437
463,208.0,0.4797674127242069,0.4797674127242069,0.4797674127242069,0.5067148931426545,0.5067148931426545,0.5067148931426545
464,260.0,0.30814240815768523,0.30814240815768523,0.30814240815768523,0.5095427658632312,0.5095427658632312,0.5095427658632312
465,312.0,0.5087230473032162,0.5087230473032162,0.5087230473032162,0.5720029914797209,0.5720029914797209,0.5720029914797209
466,364.0,0.13412599082186066,0.13412599082186066,0.13412599082186066,0.18372069000866573,0.18372069000866573,0.18372069000866573
467,416.0,0.3472396258489129,0.3472396258489129,0.3472396258489129,0.3724500298524688,0.3724500298524688,0.3724500298524688
468,468.0,21.903900894956173,21.903900894956173,21.903900894956173,67.88171742868363,67.88171742868363,67.88171742868363
469,520.0,0.15927127817202685,0.15927127817202685,0.15927127817202685,0.16122563231240777,0.16122563231240777,0.16122563231240777
470,572.0,0.04401889237677832,0.04401889237677832,0.04401889237677832,0.04656886272179589,0.04656886272179589,0.04656886272179589
471,624.0,0.16418918918918918,0.16418918918918918,0.16418918918918918,0.15164551375700025,0.15164551375700025,0.15164551375700025
472,676.0,0.3834745762711864,0.3834745762711864,0.3834745762711864,1.7279472493536339,1.7279472493536339,1.7279472493536339
473,728.0,0.35821081718918013,0.35821081718918013,0.35821081718918013,0.3861351942857777,0.3861351942857777,0.3861351942857777
474,780.0,0.19682376321302528,0.19682376321302528,0.19682376321302528,0.2965495077838192,0.2965495077838192,0.2965495077838192
475,832.0,0.9937629937629938,0.9937629937629938,0.9937629937629938,67.0207511205432,67.0207511205432,67.0207511205432
476,884.0,0.10556464811783961,0.10556464811783961,0.10556464811783961,0.1009673980301135,0.1009673980301135,0.1009673980301135
477,936.0,0.22774884154666009,0.22774884154666009,0.22774884154666009,0.19824408281166309,0.19824408281166309,0.19824408281166309
478,988.0,0.19540829348187438,0.19540829348187438,0.19540829348187438,0.2703096979123386,0.2703096979123386,0.2703096979123386
479,1040.0,135.19104524599558,135.19104524599558,135.19104524599558,177.14016297754688,177.14016297754688,177.14016297754688
480,52.0,0.01821705426356589,0.01821705426356589,0.01821705426356589,0.01788519319752418,0.01788519319752418,0.01788519319752418
481,104.0,0.39852297878251924,0.39852297878251924,0.39852297878251924,0.5396195649117,0.5396195649117,0.5396195649117
482,156.0,0.10548628428927681,0.10548628428927681,0.10548628428927681,0.09834895305377454,0.09834895305377454,0.09834895305377454
483,208.0,0.04095112285336856,0.04095112285336856,0.04095112285336856,0.03927412839041688,0.03927412839041688,0.03927412839041688
484,260.0,0.9451921251069172,0.9451921251069172,0.9451921251069172,0.9541885107374473,0.9541885107374473,0.9541885107374473
485,312.0,0.007252215954875101,0.007252215954875101,0.007252215954875101,0.007199621318618956,0.007199621318618956,0.007199621318618956
486,364.0,0.05152350565569286,0.05152350565569286,0.05152350565569286,0.05521018275824785,0.05521018275824785,0.05521018275824785
487,416.0,0.7240457603145992,0.7240457603145992,0.7240457603145992,0.7396451709808034,0.7396451709808034,0.7396451709808034
488,468.0,0.917108451470793,0.917108451470793,0.917108451470793,1.0389274869255138,1.0389274869255138,1.0389274869255138
489,520.0,0.4236510009107789,0.4236510009107789,0.4236510009107789,0.5331819981658681,0.5331819981658681,0.5331819981658681
490,572.0,0.0969687063962683,0.0969687063962683,0.0969687063962683,0.09809428539898232,0.09809428539898232,0.09809428539898232
491,624.0,0.2492239467849224,0.2492239467849224,0.2492239467849224,0.23677877689883534,0.23677877689883534,0.23677877689883534
492,676.0,0.2826829696405276,0.2826829696405276,0.2826829696405276,0.32494392371115094,0.32494392371115094,0.32494392371115094
493,728.0,0.4796747967479675,0.4796747967479675,0.4796747967479675,2.9975543657875594,2.9975543657875594,2.9975543657875594
494,780.0,0.2898159583520973,0.2898159583520973,0.2898159583520973,0.6047818719231012,0.6047818719231012,0.6047818719231012
495,832.0,0.042673633790550836,0.042673633790550836,0.042673633790550836,0.04259437574070369,0.04259437574070369,0.04259437574070369
496,884.0,0.1913869364067501,0.1913869364067501,0.1913869364067501,0.17643654902414388,0.17643654902414388,0.17643654902414388
497,936.0,0.3335318836380265,0.3335318836380265,0.3335318836380265,0.3501529629909729,0.3501529629909729,0.3501529629909729
498,988.0,0.13008130081300814,0.13008130081300814,0.13008130081300814,0.11316015599180382,0.11316015599180382,0.11316015599180382
499,1040.0,0.08046169726431225,0.08046169726431225,0.08046169726431225,0.062019206721656034,0.062019206721656034,0.062019206721656034
500,52.0,0.3966959981234376,0.3966959981234376,0.3966959981234376,0.8934238095088078,0.8934238095088078,0.8934238095088078
501,104.0,0.05992231624593944,0.05992231624593944,0.05992231624593944,0.06089256221626564,0.06089256221626564,0.06089256221626564
502,156.0,0.17620481927710843,0.17620481927710843,0.17620481927710843,0.15720487371171432,0.15720487371171432,0.15720487371171432
503,208.0,0.14924280679672677,0.14924280679672677,0.14924280679672677,0.17851299727618036,0.17851299727618036,0.17851299727618036
504,260.0,0.38386561300291666,0.38386561300291666,0.38386561300291666,0.3792407034313426,0.3792407034313426,0.3792407034313426
505,312.0,0.5390739415797581,0.5390739415797581,0.5390739415797581,0.6183368916881274,0.6183368916881274,0.6183368916881274
506,364.0,24.442670450427777,24.442670450427777,24.442670450427777,45.20871885946223,45.20871885946223,45.20871885946223
507,416.0,0.07452109359143601,0.07452109359143601,0.07452109359143601,0.08074223358633728,0.08074223358633728,0.08074223358633728
508,468.0,0.26389016314331837,0.26389016314331837,0.26389016314331837,0.32260340810127347,0.32260340810127347,0.32260340810127347
509,520.0,0.45886301656868206,0.45886301656868206,0.45886301656868206,0.34580816268878245,0.34580816268878245,0.34580816268878245
510,572.0,4.99153744473075,4.99153744473075,4.99153744473075,177.6674299860843,177.6674299860843,177.6674299860843
511,624.0,0.11403508771929824,0.11403508771929824,0.11403508771929824,0.1220837180670976,0.1220837180670976,0.1220837180670976
512,676.0,0.2624390105373333,0.2624390105373333,0.2624390105373333,0.36750257909354633,0.36750257909354633,0.36750257909354633
513,728.0,0.32748027797645174,0.32748027797645174,0.32748027797645174,0.3850088718408406,0.3850088718408406,0.3850088718408406
514,780.0,0.2815533980582524,0.2815533980582524,0.2815533980582524,0.40616457724573474,0.40616457724573474,0.40616457724573474
515,832.0,0.7224383989888467,0.7224383989888467,0.7224383989888467,0.812421043143602,0.812421043143602,0.812421043143602
516,884.0,0.07376181170378447,0.07376181170378447,0.07376181170378447,0.07893833527838869,0.07893833527838869,0.07893833527838869
517,936.0,0.17519042437431992,0.17519042437431992,0.17519042437431992,0.17714291803670787,0.17714291803670787,0.17714291803670787
518,988.0,0.24719101123595505,0.24719101123595505,0.24719101123595505,0.2759752556495392,0.2759752556495392,0.2759752556495392
519,1040.0,0.2589928057553957,0.2589928057553957,0.2589928057553957,0.2576914829903806,0.2576914829903806,0.2576914829903806
520,52.0,0.3709749806821272,0.3709749806821272,0.3709749806821272,0.38798401799262866,0.38798401799262866,0.38798401799262866
521,104.0,0.68151407040585,0.68151407040585,0.68151407040585,0.7525189825064758,0.7525189825064758,0.7525189825064758
522,156.0,0.1402061855670103,0.1402061855670103,0.1402061855670103,0.1281085485528041,0.1281085485528041,0.1281085485528041
523,208.0,0.2331899150818124,0.2331899150818124,0.2331899150818124,0.2602034560154724,0.2602034560154724,0.2602034560154724
524,260.0,0.6452990660626338,0.6452990660626338,0.6452990660626338,0.6797721128905236,0.6797721128905236,0.6797721128905236
525,312.0,0.18194279767160731,0.18194279767160731,0.18194279767160731,0.17282967505461233,0.17282967505461233,0.17282967505461233
526,364.0,0.04884038199181446,0.04884038199181446,0.04884038199181446,0.0470007016707954,0.0470007016707954,0.0470007016707954
527,416.0,0.18670703481416254,0.18670703481416254,0.18670703481416254,0.19478970949268257,0.19478970949268257,0.19478970949268257
528,468.0,0.22225505749874871,0.22225505749874871,0.22225505749874871,0.23840554480766685,0.23840554480766685,0.23840554480766685
529,520.0,0.06037544393708777,0.06037544393708777,0.06037544393708777,0.06078910308040919,0.06078910308040919,0.06078910308040919
530,572.0,0.04665314401622718,0.04665314401622718,0.04665314401622718,0.04673040324287603,0.04673040324287603,0.04673040324287603
531,624.0,0.12111401787305044,0.12111401787305044,0.12111401787305044,0.12992266446327716,0.12992266446327716,0.12992266446327716
532,676.0,0.7039469060945955,0.7039469060945955,0.7039469060945955,2.2504690763872466,2.2504690763872466,2.2504690763872466
533,728.0,0.7707443493668618,0.7707443493668618,0.7707443493668618,0.8333731795138087,0.8333731795138087,0.8333731795138087
534,780.0,0.1860326894502229,0.1860326894502229,0.1860326894502229,0.15380194246780396,0.15380194246780396,0.15380194246780396
535,832.0,0.0013137151865475565,0.0013137151865475565,0.0013137151865475565,0.0013119893389561912,0.0013119893389561912,0.0013119893389561912
536,884.0,0.737818978473212,0.737818978473212,0.737818978473212,0.9032302574523836,0.9032302574523836,0.9032302574523836
537,936.0,0.29362820328845035,0.29362820328845035,0.29362820328845035,0.9236277635309931,0.9236277635309931,0.9236277635309931
538,988.0,0.4913423154726887,0.4913423154726887,0.4913423154726887,0.5726515111758935,0.5726515111758935,0.5726515111758935
539,1040.0,134.55267467315386,134.55267467315386,134.55267467315386,328.79347387809213,328.79347387809213,328.79347387809213
540,52.0,5.994842453741249,5.994842453741249,5.994842453741249,8.646181570859321,8.646181570859321,8.646181570859321
541,104.0,0.026669511414550887,0.026669511414550887,0.026669511414550887,0.026384960758092834,0.026384960758092834,0.026384960758092834
542,156.0,0.14655917074575295,0.14655917074575295,0.14655917074575295,0.18554603573003503,0.18554603573003503,0.18554603573003503
543,208.0,0.025274201239866477,0.025274201239866477,0.025274201239866477,0.03608033730771917,0.03608033730771917,0.03608033730771917
544,260.0,0.17344124225084132,0.17344124225084132,0.17344124225084132,0.14135036563778913,0.14135036563778913,0.14135036563778913
545,312.0,0.14118895966029724,0.14118895966029724,0.14118895966029724,0.12815484964456528,0.12815484964456528,0.12815484964456528
546,364.0,0.231523178807947,0.231523178807947,0.231523178807947,0.1954036401912197,0.1954036401912197,0.1954036401912197
547,416.0,0.2617015774502198,0.2617015774502198,0.2617015774502198,0.2873436782054248,0.2873436782054248,0.2873436782054248
548,468.0,27.503910984408503,27.503910984408503,27.503910984408503,99.01969366980695,99.01969366980695,99.01969366980695
549,520.0,0.25,0.25,0.25,0.29464285714285715,0.29464285714285715,0.29464285714285715
550,572.0,56.0051969600595,56.0051969600595,56.0051969600595,58.152867210203844,58.152867210203844,58.152867210203844
551,624.0,0.17647058823529413,0.17647058823529413,0.17647058823529413,0.1492502883506344,0.1492502883506344,0.1492502883506344
552,676.0,0.2894030317850421,0.2894030317850421,0.2894030317850421,0.5887530172494223,0.5887530172494223,0.5887530172494223
553,728.0,0.033291718684977115,0.033291718684977115,0.033291718684977115,0.03218338015197745,0.03218338015197745,0.03218338015197745
554,780.0,0.5220551646343278,0.5220551646343278,0.5220551646343278,1.0304900017361636,1.0304900017361636,1.0304900017361636
555,832.0,0.7467883732334923,0.7467883732334923,0.7467883732334923,0.8566743992322048,0.8566743992322048,0.8566743992322048
556,884.0,0.364014432109792,0.364014432109792,0.364014432109792,0.46474089235009747,0.46474089235009747,0.46474089235009747
557,936.0,0.23013262328985515,0.23013262328985515,0.23013262328985515,0.4639709491178052,0.4639709491178052,0.4639709491178052
558,988.0,0.05424122775755534,0.05424122775755534,0.05424122775755534,0.047230049021744734,0.047230049021744734,0.047230049021744734
559,1040.0,0.04970326409495549,0.04970326409495549,0.04970326409495549,0.048716529158485164,0.048716529158485164,0.048716529158485164
560,52.0,0.03767123287671233,0.03767123287671233,0.03767123287671233,0.036252111090260844,0.036252111090260844,0.036252111090260844
561,104.0,0.33034805836601444,0.33034805836601444,0.33034805836601444,0.5302705783631445,0.5302705783631445,0.5302705783631445
562,156.0,0.06460674157303371,0.06460674157303371,0.06460674157303371,0.062305369692378904,0.062305369692378904,0.062305369692378904
563,208.0,0.3648344348132852,0.3648344348132852,0.3648344348132852,0.4315397434551824,0.4315397434551824,0.4315397434551824
564,260.0,15.637850840164916,15.637850840164916,15.637850840164916,29.291141395193172,29.291141395193172,29.291141395193172
565,312.0,0.3380491078956013,0.3380491078956013,0.3380491078956013,0.5940776730092967,0.5940776730092967,0.5940776730092967
566,364.0,0.22743744750802738,0.22743744750802738,0.22743744750802738,0.2457530070959874,0.2457530070959874,0.2457530070959874
567,416.0,1.4868183217224622,1.4868183217224622,1.4868183217224622,6.490860289741874,6.490860289741874,6.490860289741874
568,468.0,0.9342726350190522,0.9342726350190522,0.9342726350190522,1.1178120518425523,1.1178120518425523,1.1178120518425523
569,520.0,0.5099609842665527,0.5099609842665527,0.5099609842665527,0.683021345241417,0.683021345241417,0.683021345241417
570,572.0,0.10290237467018469,0.10290237467018469,0.10290237467018469,0.09363273717114194,0.09363273717114194,0.09363273717114194
571,624.0,0.055944055944055944,0.055944055944055944,0.055944055944055944,0.09477236050662627,0.09477236050662627,0.09477236050662627
572,676.0,0.5098104555369479,0.5098104555369479,0.5098104555369479,0.7243812381248079,0.7243812381248079,0.7243812381248079
573,728.0,0.02660016625103907,0.02660016625103907,0.02660016625103907,0.02589259740645615,0.02589259740645615,0.02589259740645615
574,780.0,0.26824632620091804,0.26824632620091804,0.26824632620091804,0.270060891690825,0.270060891690825,0.270060891690825
575,832.0,0.35714285714285715,0.35714285714285715,0.35714285714285715,4.601886209029067,4.601886209029067,4.601886209029067
576,884.0,0.17953929539295393,0.17953929539295393,0.17953929539295393,0.1506924706780943,0.1506924706780943,0.1506924706780943
577,936.0,0.14059971268426183,0.14059971268426183,0.14059971268426183,0.13206234271966052,0.13206234271966052,0.13206234271966052
578,988.0,0.10745285842562108,0.10745285842562108,0.10745285842562108,0.09710398797521759,0.09710398797521759,0.09710398797521759
579,1040.0,0.31656999779951756,0.31656999779951756,0.31656999779951756,0.5200640415833265,0.5200640415833265,0.5200640415833265
580,52.0,0.18136856620401304,0.18136856620401304,0.18136856620401304,0.17744670619472505,0.17744670619472505,0.17744670619472505
581,104.0,1.4456280591485895,1.4456280591485895,1.4456280591485895,5.222385661360969,5.222385661360969,5.222385661360969
582,156.0,0.05012531328320802,0.05012531328320802,0.05012531328320802,0.0492836100275752,0.0492836100275752,0.0492836100275752
583,208.0,0.0612619971411068,0.0612619971411068,0.0612619971411068,0.05832579147593791,0.05832579147593791,0.05832579147593791
584,260.0,0.15371190493725956,0.15371190493725956,0.15371190493725956,0.17058479885450395,0.17058479885450395,0.17058479885450395
585,312.0,0.20822622107969152,0.20822622107969152,0.20822622107969152,0.6892896557648971,0.6892896557648971,0.6892896557648971
586,364.0,6.483367319417856,6.483367319417856,6.483367319417856,107.26324005383127,107.26324005383127,107.26324005383127
587,416.0,0.17695070192621612,0.17695070192621612,0.17695070192621612,0.24554120782108746,0.24554120782108746,0.24554120782108746
588,468.0,0.06216768916155419,0.06216768916155419,0.06216768916155419,0.06811881850611197,0.06811881850611197,0.06811881850611197
589,520.0,0.35467980295566504,0.35467980295566504,0.35467980295566504,0.43577859205513364,0.43577859205513364,0.43577859205513364
590,572.0,0.1939454420302299,0.1939454420302299,0.1939454420302299,0.20912144828399967,0.20912144828399967,0.20912144828399967
591,624.0,0.20610687022900764,0.20610687022900764,0.20610687022900764,0.18042072140318163,0.18042072140318163,0.18042072140318163
592,676.0,0.043931467719242064,0.043931467719242064,0.043931467719242064,0.10968545422310969,0.10968545422310969,0.10968545422310969
593,728.0,0.08503100088573959,0.08503100088573959,0.08503100088573959,0.08488664651458724,0.08488664651458724,0.08488664651458724
594,780.0,0.11658252300081409,0.11658252300081409,0.11658252300081409,0.13619914790377008,0.13619914790377008,0.13619914790377008
595,832.0,0.12199133879979014,0.12199133879979014,0.12199133879979014,0.1196867521830898,0.1196867521830898,0.1196867521830898
596,884.0,0.23582089552238805,0.23582089552238805,0.23582089552238805,0.3354332813544219,0.3354332813544219,0.3354332813544219
597,936.0,0.3686386645361582,0.3686386645361582,0.3686386645361582,0.43415010361558126,0.43415010361558126,0.43415010361558126
598,988.0,0.24302047327838341,0.24302047327838341,0.24302047327838341,0.2132090633936606,0.2132090633936606,0.2132090633936606
599,1040.0,0.022302904564315353,0.022302904564315353,0.022302904564315353,0.0218054850123104,0.0218054850123104,0.0218054850123104
600,52.0,0.40812148626748496,0.40812148626748496,0.40812148626748496,1.0455309529168153,1.0455309529168153,1.0455309529168153
601,104.0,0.1811879657055093,0.1811879657055093,0.1811879657055093,0.32891415565620874,0.32891415565620874,0.32891415565620874
602,156.0,0.8062762756709181,0.8062762756709181,0.8062762756709181,1.588192317445152,1.588192317445152,1.588192317445152
603,208.0,0.12411026753227679,0.12411026753227679,0.12411026753227679,0.09919622145270261,0.09919622145270261,0.09919622145270261
604,260.0,0.19708029197080293,0.19708029197080293,0.19708029197080293,0.22028344610794398,0.22028344610794398,0.22028344610794398
605,312.0,33.998070913383906,33.998070913383906,33.998070913383906,36.93382947921222,36.93382947921222,36.93382947921222
606,364.0,47.202830934471024,47.202830934471024,47.202830934471024,40.949489420250806,40.949489420250806,40.949489420250806
607,416.0,0.22239735780252914,0.22239735780252914,0.22239735780252914,0.22678701794232442,0.22678701794232442,0.22678701794232442
608,468.0,6.2274305279014,6.2274305279014,6.2274305279014,181.82103461170163,181.82103461170163,181.82103461170163
609,520.0,0.11434878587196468,0.11434878587196468,0.11434878587196468,0.10833715870161639,0.10833715870161639,0.10833715870161639
610,572.0,0.20490367775831875,0.20490367775831875,0.20490367775831875,0.16817210105477529,0.16817210105477529,0.16817210105477529
611,624.0,0.20046702568102587,0.20046702568102587,0.20046702568102587,0.21358995542228318,0.21358995542228318,0.21358995542228318
612,676.0,0.15093865527100786,0.15093865527100786,0.15093865527100786,0.2148098456090012,0.2148098456090012,0.2148098456090012
613,728.0,0.19821535369706594,0.19821535369706594,0.19821535369706594,0.2599294237123336,0.2599294237123336,0.2599294237123336
614,780.0,0.13584905660377358,0.13584905660377358,0.13584905660377358,0.12745698350539933,0.12745698350539933,0.12745698350539933
615,832.0,0.2592020029615303,0.2592020029615303,0.2592020029615303,0.2173145281325035,0.2173145281325035,0.2173145281325035
616,884.0,0.19575096968482242,0.19575096968482242,0.19575096968482242,0.1711072604288652,0.1711072604288652,0.1711072604288652
617,936.0,0.49210470278636725,0.49210470278636725,0.49210470278636725,0.5221741577375902,0.5221741577375902,0.5221741577375902
618,988.0,0.26482168111558374,0.26482168111558374,0.26482168111558374,0.33456432125867114,0.33456432125867114,0.33456432125867114
619,1040.0,0.647717385081536,0.647717385081536,0.647717385081536,0.7852744538547723,0.7852744538547723,0.7852744538547723
620,52.0,0.16240035951641124,0.16240035951641124,0.16240035951641124,0.16251722444767946,0.16251722444767946,0.16251722444767946
621,104.0,9.043487865518546,9.043487865518546,9.043487865518546,10.065141210597078,10.065141210597078,10.065141210597078
622,156.0,0.023506988564167726,0.023506988564167726,0.023506988564167726,0.02422505808330737,0.02422505808330737,0.02422505808330737
623,208.0,0.07006369426751592,0.07006369426751592,0.07006369426751592,0.06833948638890014,0.06833948638890014,0.06833948638890014
624,260.0,0.590802881157942,0.590802881157942,0.590802881157942,0.6374515594364386,0.6374515594364386,0.6374515594364386
625,312.0,0.03235536057033178,0.03235536057033178,0.03235536057033178,0.03240528309643567,0.03240528309643567,0.03240528309643567
626,364.0,0.3314105012699813,0.3314105012699813,0.3314105012699813,0.30791418127537223,0.30791418127537223,0.30791418127537223
627,416.0,0.04281345565749235,0.04281345565749235,0.04281345565749235,0.047096671623226616,0.047096671623226616,0.047096671623226616
628,468.0,0.18985820666573947,0.18985820666573947,0.18985820666573947,0.24604356822895176,0.24604356822895176,0.24604356822895176
629,520.0,0.20955607379313096,0.20955607379313096,0.20955607379313096,0.22162335725698548,0.22162335725698548,0.22162335725698548
630,572.0,0.014598540145985401,0.014598540145985401,0.014598540145985401,0.01438542277159146,0.01438542277159146,0.01438542277159146
631,624.0,0.15850622406639003,0.15850622406639003,0.15850622406639003,0.14831976033470498,0.14831976033470498,0.14831976033470498
632,676.0,0.30272488167474476,0.30272488167474476,0.30272488167474476,0.28625919086682183,0.28625919086682183,0.28625919086682183
633,728.0,0.25804342128984326,0.25804342128984326,0.25804342128984326,0.3537751993904885,0.3537751993904885,0.3537751993904885
634,780.0,0.20103761348897536,0.20103761348897536,0.20103761348897536,0.1872103371066262,0.1872103371066262,0.1872103371066262
635,832.0,0.02566158781074579,0.02566158781074579,0.02566158781074579,0.025003070721777168,0.025003070721777168,0.025003070721777168
636,884.0,135.64872854831637,135.64872854831637,135.64872854831637,148.69647672259498,148.69647672259498,148.69647672259498
637,936.0,0.1912974537470142,0.1912974537470142,0.1912974537470142,0.2820040868440231,0.2820040868440231,0.2820040868440231
638,988.0,0.0660994599306822,0.0660994599306822,0.0660994599306822,0.06347557378391613,0.06347557378391613,0.06347557378391613
639,1040.0,0.550818772639761,0.550818772639761,0.550818772639761,0.8599971185327634,0.8599971185327634,0.8599971185327634
640,52.0,0.062074297818060994,0.062074297818060994,0.062074297818060994,0.06060583196175676,0.06060583196175676,0.06060583196175676
641,104.0,0.3689960359235549,0.3689960359235549,0.3689960359235549,0.3159550793160811,0.3159550793160811,0.3159550793160811
642,156.0,2.6821204249719483e-05,2.6821204249719483e-05,2.6821204249719483e-05,1.176900767754859e-06,1.176900767754859e-06,1.176900767754859e-06
643,208.0,0.029829545454545456,0.029829545454545456,0.029829545454545456,0.028939743672520665,0.028939743672520665,0.028939743672520665
644,260.0,0.1469440832249675,0.1469440832249675,0.1469440832249675,0.1253515196301413,0.1253515196301413,0.1253515196301413
645,312.0,0.29445234708392604,0.29445234708392604,0.29445234708392604,0.35284262326262783,0.35284262326262783,0.35284262326262783
646,364.0,0.45855319326973476,0.45855319326973476,0.45855319326973476,0.5878211295420439,0.5878211295420439,0.5878211295420439
647,416.0,0.16998827667057445,0.16998827667057445,0.16998827667057445,0.14265537305521692,0.14265537305521692,0.14265537305521692
648,468.0,0.1345510412348631,0.1345510412348631,0.1345510412348631,0.1544023089211757,0.1544023089211757,0.1544023089211757
649,520.0,0.1546444327702779,0.1546444327702779,0.1546444327702779,0.21288017365568387,0.21288017365568387,0.21288017365568387
650,572.0,0.3577044331000946,0.3577044331000946,0.3577044331000946,0.4321190509585512,0.4321190509585512,0.4321190509585512
651,624.0,0.25617809552582677,0.25617809552582677,0.25617809552582677,0.2281596455973618,0.2281596455973618,0.2281596455973618
652,676.0,0.34886628983333895,0.34886628983333895,0.34886628983333895,0.5232618375970896,0.5232618375970896,0.5232618375970896
653,728.0,0.44105818049168083,0.44105818049168083,0.44105818049168083,0.4433823732348819,0.4433823732348819,0.4433823732348819
654,780.0,0.0488997555012225,0.0488997555012225,0.0488997555012225,0.04650856941314315,0.04650856941314315,0.04650856941314315
655,832.0,0.42438531519860195,0.42438531519860195,0.42438531519860195,0.41616323622221346,0.41616323622221346,0.41616323622221346
656,884.0,0.2433964468234822,0.2433964468234822,0.2433964468234822,0.3232484069285641,0.3232484069285641,0.3232484069285641
657,936.0,0.12043301759133965,0.12043301759133965,0.12043301759133965,0.12757978543216614,0.12757978543216614,0.12757978543216614
658,988.0,0.49804215631909604,0.49804215631909604,0.49804215631909604,0.4714529772111229,0.4714529772111229,0.4714529772111229
659,1040.0,0.11934805467928496,0.11934805467928496,0.11934805467928496,0.10720714594521676,0.10720714594521676,0.10720714594521676
660,52.0,0.21917037786411236,0.21917037786411236,0.21917037786411236,0.21925282191251788,0.21925282191251788,0.21925282191251788
661,104.0,0.1602669077816551,0.1602669077816551,0.1602669077816551,0.17720809984018063,0.17720809984018063,0.17720809984018063
662,156.0,0.3677207357020915,0.3677207357020915,0.3677207357020915,0.45750788979915513,0.45750788979915513,0.45750788979915513
663,208.0,3.714102078752297,3.714102078752297,3.714102078752297,57.98873686850469,57.98873686850469,57.98873686850469
664,260.0,0.2143920086400637,0.2143920086400637,0.2143920086400637,0.34295739819857257,0.34295739819857257,0.34295739819857257
665,312.0,0.5575778964947751,0.5575778964947751,0.5575778964947751,0.6006910147526908,0.6006910147526908,0.6006910147526908
666,364.0,0.0500945179584121,0.0500945179584121,0.0500945179584121,0.04947541639716838,0.04947541639716838,0.04947541639716838
667,416.0,0.3795430454156054,0.3795430454156054,0.3795430454156054,0.44950382442231474,0.44950382442231474,0.44950382442231474
668,468.0,0.25384615384615383,0.25384615384615383,0.25384615384615383,0.25094674556213015,0.25094674556213015,0.25094674556213015
669,520.0,0.323846908734053,0.323846908734053,0.323846908734053,0.28570217872204373,0.28570217872204373,0.28570217872204373
670,572.0,0.07236105930622902,0.07236105930622902,0.07236105930622902,0.07085488791293978,0.07085488791293978,0.07085488791293978
671,624.0,0.10892756816002842,0.10892756816002842,0.10892756816002842,0.13153246553035805,0.13153246553035805,0.13153246553035805
672,676.0,0.23732718894009217,0.23732718894009217,0.23732718894009217,0.2086527639151394,0.2086527639151394,0.2086527639151394
673,728.0,0.2873629799731115,0.2873629799731115,0.2873629799731115,0.27191119136446157,0.27191119136446157,0.27191119136446157
674,780.0,0.017715998909784682,0.017715998909784682,0.017715998909784682,0.018492357609938396,0.018492357609938396,0.018492357609938396
675,832.0,0.11791003073484213,0.11791003073484213,0.11791003073484213,0.11965408411005773,0.11965408411005773,0.11965408411005773
676,884.0,0.13838748495788206,0.13838748495788206,0.13838748495788206,0.21871492887666694,0.21871492887666694,0.21871492887666694
677,936.0,0.22171206647162472,0.22171206647162472,0.22171206647162472,0.25954042974009534,0.25954042974009534,0.25954042974009534
678,988.0,0.7264972225815094,0.7264972225815094,0.7264972225815094,0.7653618118862576,0.7653618118862576,0.7653618118862576
679,1040.0,0.009031610637230306,0.009031610637230306,0.009031610637230306,0.008950040646527773,0.008950040646527773,0.008950040646527773
680,52.0,0.058444000801652664,0.058444000801652664,0.058444000801652664,0.07587691188469203,0.07587691188469203,0.07587691188469203
681,104.0,0.46863874588435694,0.46863874588435694,0.46863874588435694,0.5669786541211199,0.5669786541211199,0.5669786541211199
682,156.0,0.07146912494213432,0.07146912494213432,0.07146912494213432,0.06879857631149316,0.06879857631149316,0.06879857631149316
683,208.0,0.05033407572383074,0.05033407572383074,0.05033407572383074,0.04869142514174038,0.04869142514174038,0.04869142514174038
684,260.0,0.13774528664871105,0.13774528664871105,0.13774528664871105,0.11877152265477549,0.11877152265477549,0.11877152265477549
685,312.0,38.562659673313085,38.562659673313085,38.562659673313085,72.27105669901376,72.27105669901376,72.27105669901376
686,364.0,0.25820224069650655,0.25820224069650655,0.25820224069650655,0.22173113758535543,0.22173113758535543,0.22173113758535543
687,416.0,0.36277218611078177,0.36277218611078177,0.36277218611078177,0.28018282843844833,0.28018282843844833,0.28018282843844833
688,468.0,0.6668693563971678,0.6668693563971678,0.6668693563971678,0.6834919919455026,0.6834919919455026,0.6834919919455026
689,520.0,0.5978251432420849,0.5978251432420849,0.5978251432420849,0.7314493723627045,0.7314493723627045,0.7314493723627045
690,572.0,0.3145039424466182,0.3145039424466182,0.3145039424466182,0.5376935623376465,0.5376935623376465,0.5376935623376465
691,624.0,0.10240963855421686,0.10240963855421686,0.10240963855421686,0.09342792858179708,0.09342792858179708,0.09342792858179708
692,676.0,0.34894162924951894,0.34894162924951894,0.34894162924951894,0.5010748901143436,0.5010748901143436,0.5010748901143436
693,728.0,0.14285714285714285,0.14285714285714285,0.14285714285714285,0.18687474989996,0.18687474989996,0.18687474989996
694,780.0,0.22185040516745613,0.22185040516745613,0.22185040516745613,0.18782329748749463,0.18782329748749463,0.18782329748749463
695,832.0,0.21287367790708572,0.21287367790708572,0.21287367790708572,0.2609685291039761,0.2609685291039761,0.2609685291039761
696,884.0,0.22916666666666666,0.22916666666666666,0.22916666666666666,0.2599826388888889,0.2599826388888889,0.2599826388888889
697,936.0,0.3410942956926659,0.3410942956926659,0.3410942956926659,0.30914944279633166,0.30914944279633166,0.30914944279633166
698,988.0,0.3123088600727029,0.3123088600727029,0.3123088600727029,0.27399156507090905,0.27399156507090905,0.27399156507090905
699,1040.0,0.14342965619067707,0.14342965619067707,0.14342965619067707,0.17010500607263018,0.17010500607263018,0.17010500607263018
700,52.0,0.19556965482612576,0.19556965482612576,0.19556965482612576,0.2940150732005427,0.2940150732005427,0.2940150732005427
701,104.0,0.18739285261620434,0.18739285261620434,0.18739285261620434,0.21151844041076426,0.21151844041076426,0.21151844041076426
702,156.0,0.02021772939346812,0.02021772939346812,0.02021772939346812,0.021364182764984314,0.021364182764984314,0.021364182764984314
703,208.0,0.06816731885154649,0.06816731885154649,0.06816731885154649,0.0636841630025939,0.0636841630025939,0.0636841630025939
704,260.0,0.028362305580969808,0.028362305580969808,0.028362305580969808,0.03243742164713931,0.03243742164713931,0.03243742164713931
705,312.0,0.19856600604900845,0.19856600604900845,0.19856600604900845,0.3247271421199062,0.3247271421199062,0.3247271421199062
706,364.0,0.19402664374731413,0.19402664374731413,0.19402664374731413,0.1984946155342018,0.1984946155342018,0.1984946155342018
707,416.0,0.058587881822734104,0.058587881822734104,0.058587881822734104,0.06517036446006014,0.06517036446006014,0.06517036446006014
708,468.0,0.28814902893380895,0.28814902893380895,0.28814902893380895,0.3842709694669524,0.3842709694669524,0.3842709694669524
709,520.0,0.14297288235303748,0.14297288235303748,0.14297288235303748,0.13831873812683185,0.13831873812683185,0.13831873812683185
710,572.0,4.472935947163118,4.472935947163118,4.472935947163118,11.648782870776186,11.648782870776186,11.648782870776186
711,624.0,0.11167031272671359,0.11167031272671359,0.11167031272671359,0.10198604646633112,0.10198604646633112,0.10198604646633112
712,676.0,0.0974690337474769,0.0974690337474769,0.0974690337474769,0.09238900290543758,0.09238900290543758,0.09238900290543758
713,728.0,0.1502498215560314,0.1502498215560314,0.1502498215560314,0.14195033016592107,0.14195033016592107,0.14195033016592107
714,780.0,0.4424525045108432,0.4424525045108432,0.4424525045108432,0.7344419169097298,0.7344419169097298,0.7344419169097298
715,832.0,0.6268241805093019,0.6268241805093019,0.6268241805093019,0.5877949476710378,0.5877949476710378,0.5877949476710378
716,884.0,0.24823995407768476,0.24823995407768476,0.24823995407768476,0.3410924005644348,0.3410924005644348,0.3410924005644348
717,936.0,0.13557621183215096,0.13557621183215096,0.13557621183215096,0.1683763766415201,0.1683763766415201,0.1683763766415201
718,988.0,0.13389441469013008,0.13389441469013008,0.13389441469013008,0.1307588452659224,0.1307588452659224,0.1307588452659224
719,1040.0,0.05554392547809209,0.05554392547809209,0.05554392547809209,0.05229066355036495,0.05229066355036495,0.05229066355036495
720,52.0,0.2896681799704007,0.2896681799704007,0.2896681799704007,0.3128031697354154,0.3128031697354154,0.3128031697354154
721,104.0,0.30237445249956085,0.30237445249956085,0.30237445249956085,0.4554995467639771,0.4554995467639771,0.4554995467639771
722,156.0,0.04255614799119305,0.04255614799119305,0.04255614799119305,0.05321263066986166,0.05321263066986166,0.05321263066986166
723,208.0,0.39633749138066937,0.39633749138066937,0.39633749138066937,0.3571032767444071,0.3571032767444071,0.3571032767444071
724,260.0,0.30814285351752013,0.30814285351752013,0.30814285351752013,0.30127796600433404,0.30127796600433404,0.30127796600433404
725,312.0,0.21669210023119148,0.21669210023119148,0.21669210023119148,0.3451208477043895,0.3451208477043895,0.3451208477043895
726,364.0,0.07236842105263158,0.07236842105263158,0.07236842105263158,0.06713123268698061,0.06713123268698061,0.06713123268698061
727,416.0,0.33169124784538406,0.33169124784538406,0.33169124784538406,0.2964688228789835,0.2964688228789835,0.2964688228789835
728,468.0,0.1384339084207177,0.1384339084207177,0.1384339084207177,0.14773960556324295,0.14773960556324295,0.14773960556324295
729,520.0,0.49624337082433323,0.49624337082433323,0.49624337082433323,0.6457510084571089,0.6457510084571089,0.6457510084571089
730,572.0,0.06006726380661064,0.06006726380661064,0.06006726380661064,0.054944809698838894,0.054944809698838894,0.054944809698838894
731,624.0,16.593519742884414,16.593519742884414,16.593519742884414,43.861092437824325,43.861092437824325,43.861092437824325
732,676.0,0.12359550561797752,0.12359550561797752,0.12359550561797752,0.10831965660901402,0.10831965660901402,0.10831965660901402
733,728.0,0.40920999703173483,0.40920999703173483,0.40920999703173483,0.39755661141498605,0.39755661141498605,0.39755661141498605
734,780.0,0.18624497991967873,0.18624497991967873,0.18624497991967873,0.15356581950291126,0.15356581950291126,0.15356581950291126
735,832.0,1.5080038509010765,1.5080038509010765,1.5080038509010765,1.2202560655095067,1.2202560655095067,1.2202560655095067
736,884.0,0.3518345570465592,0.3518345570465592,0.3518345570465592,0.399880214276378,0.399880214276378,0.399880214276378
737,936.0,0.09621522762279254,0.09621522762279254,0.09621522762279254,0.10254289315479105,0.10254289315479105,0.10254289315479105
738,988.0,0.07777944941254807,0.07777944941254807,0.07777944941254807,0.08283367320162661,0.08283367320162661,0.08283367320162661
739,1040.0,0.9425424407685201,0.9425424407685201,0.9425424407685201,1.2473307710642407,1.2473307710642407,1.2473307710642407
740,52.0,0.2714092809614251,0.2714092809614251,0.2714092809614251,0.5228342655824161,0.5228342655824161,0.5228342655824161
741,104.0,0.16537864886776313,0.16537864886776313,0.16537864886776313,0.1740070365555911,0.1740070365555911,0.1740070365555911
742,156.0,0.017079889807162536,0.017079889807162536,0.017079889807162536,0.016788167171337715,0.016788167171337715,0.016788167171337715
743,208.0,0.11007025761124122,0.11007025761124122,0.11007025761124122,0.12371592012241608,0.12371592012241608,0.12371592012241608
744,260.0,0.024875621890547265,0.024875621890547265,0.024875621890547265,0.024256825326105798,0.024256825326105798,0.024256825326105798
745,312.0,0.3427044957241726,0.3427044957241726,0.3427044957241726,0.4092451460371073,0.4092451460371073,0.4092451460371073
746,364.0,0.024047669716961057,0.024047669716961057,0.024047669716961057,0.02346937929814501,0.02346937929814501,0.02346937929814501
747,416.0,0.12286042757600225,0.12286042757600225,0.12286042757600225,0.11099042689793649,0.11099042689793649,0.11099042689793649
748,468.0,0.3916160374893234,0.3916160374893234,0.3916160374893234,0.702321066302439,0.702321066302439,0.702321066302439
749,520.0,0.16182611955834356,0.16182611955834356,0.16182611955834356,0.1767834265919083,0.1767834265919083,0.1767834265919083
750,572.0,0.09076433121019108,0.09076433121019108,0.09076433121019108,0.08252616739015782,0.08252616739015782,0.08252616739015782
751,624.0,0.3292605575515267,0.3292605575515267,0.3292605575515267,0.3446700652085257,0.3446700652085257,0.3446700652085257
752,676.0,0.24773918990052193,0.24773918990052193,0.24773918990052193,0.27040186479510203,0.27040186479510203,0.27040186479510203
753,728.0,0.23147896230401066,0.23147896230401066,0.23147896230401066,0.2090434552799855,0.2090434552799855,0.2090434552799855
754,780.0,0.6828218282455583,0.6828218282455583,0.6828218282455583,0.7257613675131539,0.7257613675131539,0.7257613675131539
755,832.0,0.1518987341772152,0.1518987341772152,0.1518987341772152,0.13515462265662556,0.13515462265662556,0.13515462265662556
756,884.0,0.42812820351785075,0.42812820351785075,0.42812820351785075,0.4586134201055697,0.4586134201055697,0.4586134201055697
757,936.0,0.04730105731775181,0.04730105731775181,0.04730105731775181,0.05285442967612191,0.05285442967612191,0.05285442967612191
758,988.0,0.1472795497185741,0.1472795497185741,0.1472795497185741,0.12558828395326815,0.12558828395326815,0.12558828395326815
759,1040.0,0.11330272469627958,0.11330272469627958,0.11330272469627958,0.11860578099684657,0.11860578099684657,0.11860578099684657
760,52.0,0.2485207100591716,0.2485207100591716,0.2485207100591716,0.9678232554882531,0.9678232554882531,0.9678232554882531
761,104.0,0.3486063550432579,0.3486063550432579,0.3486063550432579,0.3126959614586214,0.3126959614586214,0.3126959614586214
762,156.0,0.3079333880774186,0.3079333880774186,0.3079333880774186,0.4313842057438158,0.4313842057438158,0.4313842057438158
763,208.0,0.3072087402354086,0.3072087402354086,0.3072087402354086,0.27435853281495054,0.27435853281495054,0.27435853281495054
764,260.0,0.12558577696557585,0.12558577696557585,0.12558577696557585,0.14327035958417295,0.14327035958417295,0.14327035958417295
765,312.0,0.04493763605900543,0.04493763605900543,0.04493763605900543,0.047397810175307774,0.047397810175307774,0.047397810175307774
766,364.0,0.6213469453108621,0.6213469453108621,0.6213469453108621,0.8510411441125956,0.8510411441125956,0.8510411441125956
767,416.0,0.08789013732833957,0.08789013732833957,0.08789013732833957,0.09364860715616093,0.09364860715616093,0.09364860715616093
768,468.0,0.08994277191864802,0.08994277191864802,0.08994277191864802,0.09575352733291777,0.09575352733291777,0.09575352733291777
769,520.0,1.1868768397374743,1.1868768397374743,1.1868768397374743,1.537201093428761,1.537201093428761,1.537201093428761
770,572.0,0.07575757575757576,0.07575757575757576,0.07575757575757576,0.07001836547291092,0.07001836547291092,0.07001836547291092
771,624.0,0.3147148246612353,0.3147148246612353,0.3147148246612353,0.3247166070555421,0.3247166070555421,0.3247166070555421
772,676.0,0.12159709618874773,0.12159709618874773,0.12159709618874773,0.12858982677922665,0.12858982677922665,0.12858982677922665
773,728.0,0.06446991404011461,0.06446991404011461,0.06446991404011461,0.060313544223774856,0.060313544223774856,0.060313544223774856
774,780.0,0.3044672217010417,0.3044672217010417,0.3044672217010417,0.32731957982061144,0.32731957982061144,0.32731957982061144
775,832.0,0.2354335553362613,0.2354335553362613,0.2354335553362613,0.2105221405414478,0.2105221405414478,0.2105221405414478
776,884.0,0.2618654322017597,0.2618654322017597,0.2618654322017597,0.2860232401614971,0.2860232401614971,0.2860232401614971
777,936.0,0.5314590013178724,0.5314590013178724,0.5314590013178724,0.6730274723414139,0.6730274723414139,0.6730274723414139
778,988.0,0.20443073756731997,0.20443073756731997,0.20443073756731997,0.24100194186914337,0.24100194186914337,0.24100194186914337
779,1040.0,0.24280839225877435,0.24280839225877435,0.24280839225877435,0.37366722330562563,0.37366722330562563,0.37366722330562563
780,52.0,3.4884961987746186,3.4884961987746186,3.4884961987746186,8.555018912542836,8.555018912542836,8.555018912542836
781,104.0,0.09195402298850575,0.09195402298850575,0.09195402298850575,0.08349848064473511,0.08349848064473511,0.08349848064473511
782,156.0,0.02451539338654504,0.02451539338654504,0.02451539338654504,0.027335141439212403,0.027335141439212403,0.027335141439212403
783,208.0,0.019296254256526674,0.019296254256526674,0.019296254256526674,0.020285997363948975,0.020285997363948975,0.020285997363948975
784,260.0,0.2835032854117369,0.2835032854117369,0.2835032854117369,0.4029672910627375,0.4029672910627375,0.4029672910627375
785,312.0,0.012632642748863061,0.012632642748863061,0.012632642748863061,0.01247305908604266,0.01247305908604266,0.01247305908604266
786,364.0,0.11355886536439726,0.11355886536439726,0.11355886536439726,0.12496496036422698,0.12496496036422698,0.12496496036422698
787,416.0,0.06730659042265034,0.06730659042265034,0.06730659042265034,0.05926360832917997,0.05926360832917997,0.05926360832917997
788,468.0,0.15384194060254192,0.15384194060254192,0.15384194060254192,0.1623090405702084,0.1623090405702084,0.1623090405702084
789,520.0,65.37603000219735,65.37603000219735,65.37603000219735,92.35676206078114,92.35676206078114,92.35676206078114
790,572.0,0.5956590720332021,0.5956590720332021,0.5956590720332021,0.6359212845363468,0.6359212845363468,0.6359212845363468
791,624.0,0.4625476812385047,0.4625476812385047,0.4625476812385047,0.37979515493512384,0.37979515493512384,0.37979515493512384
792,676.0,0.102880658436214,0.102880658436214,0.102880658436214,0.09229622855594508,0.09229622855594508,0.09229622855594508
793,728.0,0.21240498137852326,0.21240498137852326,0.21240498137852326,0.2326788680907515,0.2326788680907515,0.2326788680907515
794,780.0,0.3997948654658093,0.3997948654658093,0.3997948654658093,0.43708292337676347,0.43708292337676347,0.43708292337676347
795,832.0,0.14454976303317535,0.14454976303317535,0.14454976303317535,0.1260247972866737,0.1260247972866737,0.1260247972866737
796,884.0,6.5581423223853355,6.5581423223853355,6.5581423223853355,5.256444667685013,5.256444667685013,5.256444667685013
797,936.0,0.23466338155687919,0.23466338155687919,0.23466338155687919,0.2703801484504731,0.2703801484504731,0.2703801484504731
798,988.0,0.17027863777089783,0.17027863777089783,0.17027863777089783,0.19435768441318196,0.19435768441318196,0.19435768441318196
799,1040.0,0.17154032087379864,0.17154032087379864,0.17154032087379864,0.11902426655845232,0.11902426655845232,0.11902426655845232
800,52.0,0.5590323509492148,0.5590323509492148,0.5590323509492148,1.3695717791571786,1.3695717791571786,1.3695717791571786
801,104.0,0.08639806479731217,0.08639806479731217,0.08639806479731217,0.08321039886974095,0.08321039886974095,0.08321039886974095
802,156.0,0.047238372093023256,0.047238372093023256,0.047238372093023256,0.049367373411303386,0.049367373411303386,0.049367373411303386
803,208.0,0.1467542242134125,0.1467542242134125,0.1467542242134125,0.19507924271087954,0.19507924271087954,0.19507924271087954
804,260.0,0.19527062392190817,0.19527062392190817,0.19527062392190817,0.23175676923242133,0.23175676923242133,0.23175676923242133
805,312.0,0.37246921418434886,0.37246921418434886,0.37246921418434886,0.46823529846142287,0.46823529846142287,0.46823529846142287
806,364.0,0.24571215510812827,0.24571215510812827,0.24571215510812827,0.31136304615352106,0.31136304615352106,0.31136304615352106
807,416.0,24.89610179395085,24.89610179395085,24.89610179395085,43.862250130898055,43.862250130898055,43.862250130898055
808,468.0,0.21028179814805226,0.21028179814805226,0.21028179814805226,0.2494517742919707,0.2494517742919707,0.2494517742919707
809,520.0,0.2376390605686032,0.2376390605686032,0.2376390605686032,0.28129034685498894,0.28129034685498894,0.28129034685498894
810,572.0,0.3319627911825397,0.3319627911825397,0.3319627911825397,0.39114079859729833,0.39114079859729833,0.39114079859729833
811,624.0,0.1214564010168563,0.1214564010168563,0.1214564010168563,0.11827316330714556,0.11827316330714556,0.11827316330714556
812,676.0,0.08090864966272321,0.08090864966272321,0.08090864966272321,0.09072580599041755,0.09072580599041755,0.09072580599041755
813,728.0,0.25864352194898627,0.25864352194898627,0.25864352194898627,0.2648487796402265,0.2648487796402265,0.2648487796402265
814,780.0,0.3355931667151081,0.3355931667151081,0.3355931667151081,0.7459269724372835,0.7459269724372835,0.7459269724372835
815,832.0,0.023255813953488372,0.023255813953488372,0.023255813953488372,0.024766964654980437,0.024766964654980437,0.024766964654980437
816,884.0,0.9149043945129047,0.9149043945129047,0.9149043945129047,11.16426446813457,11.16426446813457,11.16426446813457
817,936.0,0.34256048340457224,0.34256048340457224,0.34256048340457224,0.35350916244071245,0.35350916244071245,0.35350916244071245
818,988.0,0.526595744680851,0.526595744680851,0.526595744680851,0.6825615251656447,0.6825615251656447,0.6825615251656447
819,1040.0,0.11985898942420682,0.11985898942420682,0.11985898942420682,0.10549281207841471,0.10549281207841471,0.10549281207841471
820,52.0,0.2247954640940498,0.2247954640940498,0.2247954640940498,0.5013343852635606,0.5013343852635606,0.5013343852635606
821,104.0,0.3735706201180968,0.3735706201180968,0.3735706201180968,0.6423960441176579,0.6423960441176579,0.6423960441176579
822,156.0,16.979017405250158,16.979017405250158,16.979017405250158,23.066539597292298,23.066539597292298,23.066539597292298
823,208.0,0.1946495021478151,0.1946495021478151,0.1946495021478151,0.2335681021560878,0.2335681021560878,0.2335681021560878
824,260.0,0.0685806457421748,0.0685806457421748,0.0685806457421748,0.06531901655672946,0.06531901655672946,0.06531901655672946
825,312.0,0.07682539682539682,0.07682539682539682,0.07682539682539682,0.08362166792642985,0.08362166792642985,0.08362166792642985
826,364.0,0.15616253920631107,0.15616253920631107,0.15616253920631107,0.18976933595667708,0.18976933595667708,0.18976933595667708
827,416.0,0.09958317713245428,0.09958317713245428,0.09958317713245428,0.12581252560583922,0.12581252560583922,0.12581252560583922
828,468.0,4.066402221553921,4.066402221553921,4.066402221553921,137.8227793044281,137.8227793044281,137.8227793044281
829,520.0,0.16271186440677965,0.16271186440677965,0.16271186440677965,0.16471128985923583,0.16471128985923583,0.16471128985923583
830,572.0,0.06577954516221647,0.06577954516221647,0.06577954516221647,0.07330059354102306,0.07330059354102306,0.07330059354102306
831,624.0,0.19360902255639098,0.19360902255639098,0.19360902255639098,0.21251554638475886,0.21251554638475886,0.21251554638475886
832,676.0,0.028155795401220086,0.028155795401220086,0.028155795401220086,0.02877083635660573,0.02877083635660573,0.02877083635660573
833,728.0,0.16778523489932887,0.16778523489932887,0.16778523489932887,0.17654610152695824,0.17654610152695824,0.17654610152695824
834,780.0,0.17336394948335246,0.17336394948335246,0.17336394948335246,0.18846771178111033,0.18846771178111033,0.18846771178111033
835,832.0,0.23519599666388658,0.23519599666388658,0.23519599666388658,0.22158025766537442,0.22158025766537442,0.22158025766537442
836,884.0,0.10292422194406989,0.10292422194406989,0.10292422194406989,0.12061884093472518,0.12061884093472518,0.12061884093472518
837,936.0,129.56555999931783,129.56555999931783,129.56555999931783,113.64286876318248,113.64286876318248,113.64286876318248
838,988.0,0.651246719160105,0.651246719160105,0.651246719160105,0.6969407029091834,0.6969407029091834,0.6969407029091834
839,1040.0,0.513983764517819,0.513983764517819,0.513983764517819,0.6384001555123482,0.6384001555123482,0.6384001555123482
840,52.0,0.1398760235209484,0.1398760235209484,0.1398760235209484,0.12223575879896095,0.12223575879896095,0.12223575879896095
841,104.0,0.2222222222222222,0.2222222222222222,0.2222222222222222,0.2839506172839507,0.2839506172839507,0.2839506172839507
842,156.0,0.33703398806240975,0.33703398806240975,0.33703398806240975,0.5188092039465254,0.5188092039465254,0.5188092039465254
843,208.0,0.18002425562617883,0.18002425562617883,0.18002425562617883,0.2194279734687365,0.2194279734687365,0.2194279734687365
844,260.0,0.13169926641080307,0.13169926641080307,0.13169926641080307,0.28650796778218657,0.28650796778218657,0.28650796778218657
845,312.0,0.4818781802551331,0.4818781802551331,0.4818781802551331,0.489588611012709,0.489588611012709,0.489588611012709
846,364.0,0.06717095310136158,0.06717095310136158,0.06717095310136158,0.06265901616081625,0.06265901616081625,0.06265901616081625
847,416.0,0.8870649858344474,0.8870649858344474,0.8870649858344474,0.9104764438650645,0.9104764438650645,0.9104764438650645
848,468.0,0.046801872074883,0.046801872074883,0.046801872074883,0.044611456845169296,0.044611456845169296,0.044611456845169296
849,520.0,0.0344574780058651,0.0344574780058651,0.0344574780058651,0.03913526285463662,0.03913526285463662,0.03913526285463662
850,572.0,0.12280701754385964,0.12280701754385964,0.12280701754385964,0.1428131732840874,0.1428131732840874,0.1428131732840874
851,624.0,0.08682954090907002,0.08682954090907002,0.08682954090907002,0.07992058491548171,0.07992058491548171,0.07992058491548171
852,676.0,0.14906832298136646,0.14906832298136646,0.14906832298136646,0.12684695806488946,0.12684695806488946,0.12684695806488946
853,728.0,0.19438233265022267,0.19438233265022267,0.19438233265022267,0.14567512387686027,0.14567512387686027,0.14567512387686027
854,780.0,0.11148000661759463,0.11148000661759463,0.11148000661759463,0.2200769398117,0.2200769398117,0.2200769398117
855,832.0,0.38410553625650456,0.38410553625650456,0.38410553625650456,0.47623897067130727,0.47623897067130727,0.47623897067130727
856,884.0,0.008454106280193236,0.008454106280193236,0.008454106280193236,0.00886572615463605,0.00886572615463605,0.00886572615463605
857,936.0,0.03614799288825832,0.03614799288825832,0.03614799288825832,0.03483008259572626,0.03483008259572626,0.03483008259572626
858,988.0,0.241037985515102,0.241037985515102,0.241037985515102,0.23273652758775726,0.23273652758775726,0.23273652758775726
859,1040.0,0.012294427565708137,0.012294427565708137,0.012294427565708137,0.011920770737647461,0.011920770737647461,0.011920770737647461
860,52.0,0.13642053724002945,0.13642053724002945,0.13642053724002945,0.1626476886661025,0.1626476886661025,0.1626476886661025
861,104.0,0.02241621960431939,0.02241621960431939,0.02241621960431939,0.018700521497057324,0.018700521497057324,0.018700521497057324
862,156.0,0.2416649828248131,0.2416649828248131,0.2416649828248131,0.20953095181683645,0.20953095181683645,0.20953095181683645
863,208.0,0.2117098676902035,0.2117098676902035,0.2117098676902035,0.2659665847304646,0.2659665847304646,0.2659665847304646
864,260.0,0.44070144178462506,0.44070144178462506,0.44070144178462506,4.4917962444732,4.4917962444732,4.4917962444732
865,312.0,0.07664536755659995,0.07664536755659995,0.07664536755659995,0.07125960110186264,0.07125960110186264,0.07125960110186264
866,364.0,0.09216608413085656,0.09216608413085656,0.09216608413085656,0.12741365067282878,0.12741365067282878,0.12741365067282878
867,416.0,0.18016603096253084,0.18016603096253084,0.18016603096253084,0.1979642533401588,0.1979642533401588,0.1979642533401588
868,468.0,0.2863599767612742,0.2863599767612742,0.2863599767612742,0.5389767782500354,0.5389767782500354,0.5389767782500354
869,520.0,0.20987105380168963,0.20987105380168963,0.20987105380168963,0.171160899335528,0.171160899335528,0.171160899335528
870,572.0,0.009278350515463918,0.009278350515463918,0.009278350515463918,0.009192262727176107,0.009192262727176107,0.009192262727176107
871,624.0,0.5726749251984339,0.5726749251984339,0.5726749251984339,0.6418038102500656,0.6418038102500656,0.6418038102500656
872,676.0,0.04251012145748988,0.04251012145748988,0.04251012145748988,0.041715156780147186,0.041715156780147186,0.041715156780147186
873,728.0,0.07885034205879779,0.07885034205879779,0.07885034205879779,0.07718582680881993,0.07718582680881993,0.07718582680881993
874,780.0,0.08335352556336321,0.08335352556336321,0.08335352556336321,0.08464414519171386,0.08464414519171386,0.08464414519171386
875,832.0,0.16849015317286653,0.16849015317286653,0.16849015317286653,0.1437481944690502,0.1437481944690502,0.1437481944690502
876,884.0,0.09692671394799054,0.09692671394799054,0.09692671394799054,0.12220489691441856,0.12220489691441856,0.12220489691441856
877,936.0,0.29310344827586204,0.29310344827586204,0.29310344827586204,0.414090368608799,0.414090368608799,0.414090368608799
878,988.0,0.3384272273919102,0.3384272273919102,0.3384272273919102,0.42149290986749616,0.42149290986749616,0.42149290986749616
879,1040.0,0.16039823008849557,0.16039823008849557,0.16039823008849557,0.17891842548359305,0.17891842548359305,0.17891842548359305
880,52.0,0.146141957868782,0.146141957868782,0.146141957868782,0.19274850583872405,0.19274850583872405,0.19274850583872405
881,104.0,0.10986219880459665,0.10986219880459665,0.10986219880459665,0.10981264545562375,0.10981264545562375,0.10981264545562375
882,156.0,0.06604252405342964,0.06604252405342964,0.06604252405342964,0.06737607280777094,0.06737607280777094,0.06737607280777094
883,208.0,0.12251840473322707,0.12251840473322707,0.12251840473322707,0.134664623445899,0.134664623445899,0.134664623445899
884,260.0,0.22794429163896365,0.22794429163896365,0.22794429163896365,0.19386907287883115,0.19386907287883115,0.19386907287883115
885,312.0,0.2765560105769339,0.2765560105769339,0.2765560105769339,0.33708117428584383,0.33708117428584383,0.33708117428584383
886,364.0,0.5392824760816366,0.5392824760816366,0.5392824760816366,0.3726898217977297,0.3726898217977297,0.3726898217977297
887,416.0,0.12612612612612611,0.12612612612612611,0.12612612612612611,0.11742553364174985,0.11742553364174985,0.11742553364174985
888,468.0,0.14321764222392946,0.14321764222392946,0.14321764222392946,0.14104699467381543,0.14104699467381543,0.14104699467381543
889,520.0,0.041801425107636035,0.041801425107636035,0.041801425107636035,0.02829228306654038,0.02829228306654038,0.02829228306654038
890,572.0,0.17791717077274086,0.17791717077274086,0.17791717077274086,0.17939772430139966,0.17939772430139966,0.17939772430139966
891,624.0,0.19406170614083992,0.19406170614083992,0.19406170614083992,0.29229207221833126,0.29229207221833126,0.29229207221833126
892,676.0,0.37336839041921577,0.37336839041921577,0.37336839041921577,0.476965631500315,0.476965631500315,0.476965631500315
893,728.0,0.03903345724907063,0.03903345724907063,0.03903345724907063,0.03936858252373516,0.03936858252373516,0.03936858252373516
894,780.0,0.2688871133411813,0.2688871133411813,0.2688871133411813,0.24654414499841537,0.24654414499841537,0.24654414499841537
895,832.0,0.1154320987654321,0.1154320987654321,0.1154320987654321,0.10869189147995735,0.10869189147995735,0.10869189147995735
896,884.0,0.10215794306703398,0.10215794306703398,0.10215794306703398,0.12018818074728417,0.12018818074728417,0.12018818074728417
897,936.0,0.21935483870967742,0.21935483870967742,0.21935483870967742,0.17553936871314607,0.17553936871314607,0.17553936871314607
898,988.0,0.1957252641690682,0.1957252641690682,0.1957252641690682,0.18623532893905123,0.18623532893905123,0.18623532893905123
899,1040.0,0.22795941375422774,0.22795941375422774,0.22795941375422774,0.19718895889390659,0.19718895889390659,0.19718895889390659
900,52.0,0.11021258923621192,0.11021258923621192,0.11021258923621192,0.14028804531217481,0.14028804531217481,0.14028804531217481
901,104.0,0.2926016453822994,0.2926016453822994,0.2926016453822994,0.3373775325753748,0.3373775325753748,0.3373775325753748
902,156.0,0.11497326203208556,0.11497326203208556,0.11497326203208556,0.12314478538133773,0.12314478538133773,0.12314478538133773
903,208.0,0.20478832882753725,0.20478832882753725,0.20478832882753725,0.21464847994803293,0.21464847994803293,0.21464847994803293
904,260.0,0.08602150537634409,0.08602150537634409,0.08602150537634409,0.10012718233321773,0.10012718233321773,0.10012718233321773
905,312.0,0.18284107749629433,0.18284107749629433,0.18284107749629433,0.4082727431651294,0.4082727431651294,0.4082727431651294
906,364.0,0.6538194221911485,0.6538194221911485,0.6538194221911485,1.165047584584711,1.165047584584711,1.165047584584711
907,416.0,0.029352226720647773,0.029352226720647773,0.029352226720647773,0.028490673507187463,0.028490673507187463,0.028490673507187463
908,468.0,0.1874586043928904,0.1874586043928904,0.1874586043928904,0.15878407990246832,0.15878407990246832,0.15878407990246832
909,520.0,0.02908441138052395,0.02908441138052395,0.02908441138052395,0.027472709901357535,0.027472709901357535,0.027472709901357535
910,572.0,0.5119868452940426,0.5119868452940426,0.5119868452940426,0.49093737774266477,0.49093737774266477,0.49093737774266477
911,624.0,0.015599343185550082,0.015599343185550082,0.015599343185550082,0.016177021740126883,0.016177021740126883,0.016177021740126883
912,676.0,0.2926333984555949,0.2926333984555949,0.2926333984555949,0.7918718929992945,0.7918718929992945,0.7918718929992945
913,728.0,0.3172921871561365,0.3172921871561365,0.3172921871561365,0.2989931132416625,0.2989931132416625,0.2989931132416625
914,780.0,0.27364816195929076,0.27364816195929076,0.27364816195929076,0.26203472184394755,0.26203472184394755,0.26203472184394755
915,832.0,61.191247133949766,61.191247133949766,61.191247133949766,82.21325844406248,82.21325844406248,82.21325844406248
916,884.0,0.2599118942731278,0.2599118942731278,0.2599118942731278,0.23347370736219733,0.23347370736219733,0.23347370736219733
917,936.0,0.12017994858611825,0.12017994858611825,0.12017994858611825,0.23427143291413619,0.23427143291413619,0.23427143291413619
918,988.0,0.2016656751933373,0.2016656751933373,0.2016656751933373,0.21096688644227166,0.21096688644227166,0.21096688644227166
919,1040.0,0.3841107245217153,0.3841107245217153,0.3841107245217153,0.355336096960011,0.355336096960011,0.355336096960011
920,52.0,0.16323553978740224,0.16323553978740224,0.16323553978740224,0.18849930527170447,0.18849930527170447,0.18849930527170447
921,104.0,0.2819990516730998,0.2819990516730998,0.2819990516730998,0.2836757303878637,0.2836757303878637,0.2836757303878637
922,156.0,0.12049905583503014,0.12049905583503014,0.12049905583503014,0.11275363743444856,0.11275363743444856,0.11275363743444856
923,208.0,0.11988304093567251,0.11988304093567251,0.11988304093567251,0.11135905064806266,0.11135905064806266,0.11135905064806266
924,260.0,0.40843946941475917,0.40843946941475917,0.40843946941475917,0.41025396751496224,0.41025396751496224,0.41025396751496224
925,312.0,0.5649471960362618,0.5649471960362618,0.5649471960362618,0.8903085322551886,0.8903085322551886,0.8903085322551886
926,364.0,0.17787798719539222,0.17787798719539222,0.17787798719539222,0.19118785023971333,0.19118785023971333,0.19118785023971333
927,416.0,0.045353631462099586,0.045353631462099586,0.045353631462099586,0.043296679575299646,0.043296679575299646,0.043296679575299646
928,468.0,0.006464445549477871,0.006464445549477871,0.006464445549477871,0.006422656493215707,0.006422656493215707,0.006422656493215707
929,520.0,0.06,0.06,0.06,0.056400000000000006,0.056400000000000006,0.056400000000000006
930,572.0,0.08607358982777204,0.08607358982777204,0.08607358982777204,0.10814710289594345,0.10814710289594345,0.10814710289594345
931,624.0,0.1457285578054197,0.1457285578054197,0.1457285578054197,0.12498949889740103,0.12498949889740103,0.12498949889740103
932,676.0,0.002386634844868735,0.002386634844868735,0.002386634844868735,0.0023809388189859936,0.0023809388189859936,0.0023809388189859936
933,728.0,0.3387288509411004,0.3387288509411004,0.3387288509411004,0.3161030057249991,0.3161030057249991,0.3161030057249991
934,780.0,0.18054622694723163,0.18054622694723163,0.18054622694723163,0.18103157365295106,0.18103157365295106,0.18103157365295106
935,832.0,0.32899287894201423,0.32899287894201423,0.32899287894201423,0.32004445874888354,0.32004445874888354,0.32004445874888354
936,884.0,0.15096609081729345,0.15096609081729345,0.15096609081729345,0.13484349665883577,0.13484349665883577,0.13484349665883577
937,936.0,0.38052001998155194,0.38052001998155194,0.38052001998155194,0.5550700317264899,0.5550700317264899,0.5550700317264899
938,988.0,0.29031454160632836,0.29031454160632836,0.29031454160632836,0.36321475266686487,0.36321475266686487,0.36321475266686487
939,1040.0,0.13935542442124377,0.13935542442124377,0.13935542442124377,0.15806531307429783,0.15806531307429783,0.15806531307429783
940,52.0,0.2799251672457851,0.2799251672457851,0.2799251672457851,0.384046734966252,0.384046734966252,0.384046734966252
941,104.0,0.23367198838896952,0.23367198838896952,0.23367198838896952,0.29517969502086483,0.29517969502086483,0.29517969502086483
942,156.0,0.27624309392265195,0.27624309392265195,0.27624309392265195,0.29938036079484753,0.29938036079484753,0.29938036079484753
943,208.0,0.06435817142443899,0.06435817142443899,0.06435817142443899,0.07126510175031651,0.07126510175031651,0.07126510175031651
944,260.0,0.36804429244062337,0.36804429244062337,0.36804429244062337,0.3702263975402427,0.3702263975402427,0.3702263975402427
945,312.0,0.18534119629317608,0.18534119629317608,0.18534119629317608,0.15435967718239363,0.15435967718239363,0.15435967718239363
946,364.0,0.21572297613476837,0.21572297613476837,0.21572297613476837,0.23376308282726807,0.23376308282726807,0.23376308282726807
947,416.0,0.16388654395631272,0.16388654395631272,0.16388654395631272,0.1321510297348458,0.1321510297348458,0.1321510297348458
948,468.0,0.301719323429758,0.301719323429758,0.301719323429758,0.35969517677714485,0.35969517677714485,0.35969517677714485
949,520.0,0.2280074623527197,0.2280074623527197,0.2280074623527197,0.275937199870528,0.275937199870528,0.275937199870528
950,572.0,0.28138203986194743,0.28138203986194743,0.28138203986194743,0.28140778133268013,0.28140778133268013,0.28140778133268013
951,624.0,0.2652439024390244,0.2652439024390244,0.2652439024390244,0.2680603063652588,0.2680603063652588,0.2680603063652588
952,676.0,0.2712759010823953,0.2712759010823953,0.2712759010823953,0.29342925375872086,0.29342925375872086,0.29342925375872086
953,728.0,0.23399389601729007,0.23399389601729007,0.23399389601729007,0.2151910081269144,0.2151910081269144,0.2151910081269144
954,780.0,0.5632559719510702,0.5632559719510702,0.5632559719510702,0.6688899734126399,0.6688899734126399,0.6688899734126399
955,832.0,0.454128447190832,0.454128447190832,0.454128447190832,0.591772871237828,0.591772871237828,0.591772871237828
956,884.0,6.253239065661648,6.253239065661648,6.253239065661648,10.956889270504794,10.956889270504794,10.956889270504794
957,936.0,0.5451439726695949,0.5451439726695949,0.5451439726695949,0.5359073609214554,0.5359073609214554,0.5359073609214554
958,988.0,0.700374531835206,0.700374531835206,0.700374531835206,0.8190884989269032,0.8190884989269032,0.8190884989269032
959,1040.0,20.528804226838353,20.528804226838353,20.528804226838353,127.70683229248031,127.70683229248031,127.70683229248031
960,52.0,2.25,2.25,2.25,1.4375,1.4375,1.4375
961,104.0,0.16736990144799876,0.16736990144799876,0.16736990144799876,0.15562821268016103,0.15562821268016103,0.15562821268016103
962,156.0,0.22358448006719775,0.22358448006719775,0.22358448006719775,0.25535892637734237,0.25535892637734237,0.25535892637734237
963,208.0,0.39283679310000896,0.39283679310000896,0.39283679310000896,0.4480438897966374,0.4480438897966374,0.4480438897966374
964,260.0,0.0888646288209607,0.0888646288209607,0.0888646288209607,0.081404387788181,0.081404387788181,0.081404387788181
965,312.0,0.28337236054456266,0.28337236054456266,0.28337236054456266,0.2678362691510955,0.2678362691510955,0.2678362691510955
966,364.0,0.036085626911314984,0.036085626911314984,0.036085626911314984,0.034783454441732364,0.034783454441732364,0.034783454441732364
967,416.0,0.5334547098079715,0.5334547098079715,0.5334547098079715,0.5939091392037826,0.5939091392037826,0.5939091392037826
968,468.0,0.44952368126358844,0.44952368126358844,0.44952368126358844,0.8204089236297408,0.8204089236297408,0.8204089236297408
969,520.0,72.47862604729045,72.47862604729045,72.47862604729045,65.05703436390901,65.05703436390901,65.05703436390901
970,572.0,0.12145906092355452,0.12145906092355452,0.12145906092355452,0.11679600851025512,0.11679600851025512,0.11679600851025512
971,624.0,0.32544716367961396,0.32544716367961396,0.32544716367961396,0.2536797937346395,0.2536797937346395,0.2536797937346395
972,676.0,0.1504243685065753,0.1504243685065753,0.1504243685065753,0.1944194351872653,0.1944194351872653,0.1944194351872653
973,728.0,0.21239657130940767,0.21239657130940767,0.21239657130940767,0.2327548948974265,0.2327548948974265,0.2327548948974265
974,780.0,0.2038664323374341,0.2038664323374341,0.2038664323374341,0.1904244180120521,0.1904244180120521,0.1904244180120521
975,832.0,0.014672168729940394,0.014672168729940394,0.014672168729940394,0.015373906740321824,0.015373906740321824,0.015373906740321824
976,884.0,0.38673471957667305,0.38673471957667305,0.38673471957667305,1.4235987437046116,1.4235987437046116,1.4235987437046116
977,936.0,0.06507956138540001,0.06507956138540001,0.06507956138540001,0.1453362577712285,0.1453362577712285,0.1453362577712285
978,988.0,15.112577894422717,15.112577894422717,15.112577894422717,843.7507990479619,843.7507990479619,843.7507990479619
979,1040.0,0.16594960049170251,0.16594960049170251,0.16594960049170251,0.14394198393807026,0.14394198393807026,0.14394198393807026
980,52.0,0.29328053367402634,0.29328053367402634,0.29328053367402634,0.34410938455162393,0.34410938455162393,0.34410938455162393
981,104.0,0.26229508196721313,0.26229508196721313,0.26229508196721313,0.4230045686643374,0.4230045686643374,0.4230045686643374
982,156.0,0.8061815128900672,0.8061815128900672,0.8061815128900672,2.383626373445958,2.383626373445958,2.383626373445958
983,208.0,0.8780697154313144,0.8780697154313144,0.8780697154313144,7.902996807856433,7.902996807856433,7.902996807856433
984,260.0,0.548608491203007,0.548608491203007,0.548608491203007,0.5846793130265961,0.5846793130265961,0.5846793130265961
985,312.0,0.15120549401796202,0.15120549401796202,0.15120549401796202,0.6178194050178378,0.6178194050178378,0.6178194050178378
986,364.0,0.09413447782546495,0.09413447782546495,0.09413447782546495,0.09156788463388325,0.09156788463388325,0.09156788463388325
987,416.0,0.08731590877001653,0.08731590877001653,0.08731590877001653,0.1520029933091484,0.1520029933091484,0.1520029933091484
988,468.0,0.28824741229996753,0.28824741229996753,0.28824741229996753,0.31069120420740143,0.31069120420740143,0.31069120420740143
989,520.0,0.10393013100436681,0.10393013100436681,0.10393013100436681,0.09312865887378195,0.09312865887378195,0.09312865887378195
990,572.0,0.3245454545454545,0.3245454545454545,0.3245454545454545,0.317397520661157,0.317397520661157,0.317397520661157
991,624.0,0.418963098732886,0.418963098732886,0.418963098732886,0.4546459399769767,0.4546459399769767,0.4546459399769767
992,676.0,0.07985006270376444,0.07985006270376444,0.07985006270376444,0.07507190480643632,0.07507190480643632,0.07507190480643632
993,728.0,0.24501265652965293,0.24501265652965293,0.24501265652965293,0.22461103183394446,0.22461103183394446,0.22461103183394446
994,780.0,0.4569699924706327,0.4569699924706327,0.4569699924706327,0.4164804563733114,0.4164804563733114,0.4164804563733114
995,832.0,0.570455624889367,0.570455624889367,0.570455624889367,0.5254542250454836,0.5254542250454836,0.5254542250454836
996,884.0,0.30174101139757814,0.30174101139757814,0.30174101139757814,0.3494220720102404,0.3494220720102404,0.3494220720102404
997,936.0,0.002057142857142857,0.002057142857142857,0.002057142857142857,0.002052911020408163,0.002052911020408163,0.002052911020408163
998,988.0,0.4049620694322197,0.4049620694322197,0.4049620694322197,0.47534213384927365,0.47534213384927365,0.47534213384927365
999,1040.0,0.06080661840744571,0.06080661840744571,0.06080661840744571,0.05876377542672409,0.05876377542672409,0.05876377542672409
