,time,meanH,meanB,meanC,varH,varB,varC
0,52.0,0.1005586592178771,0.1005586592178771,0.1005586592178771,0.13141495791850027,0.13141495791850027,0.13141495791850027
1,104.0,0.299190340937374,0.299190340937374,0.299190340937374,0.40528640921652304,0.40528640921652304,0.40528640921652304
2,156.0,0.3843184676817351,0.3843184676817351,0.3843184676817351,0.9223484719560827,0.9223484719560827,0.9223484719560827
3,208.0,0.5150911333691767,0.5150911333691767,0.5150911333691767,0.5092619827610584,0.5092619827610584,0.5092619827610584
4,260.0,2.8626214908552083,2.8626214908552083,2.8626214908552083,32.81449476579112,32.81449476579112,32.81449476579112
5,312.0,13.371552333367807,13.371552333367807,13.371552333367807,27.654407838315993,27.654407838315993,27.654407838315993
6,364.0,0.22060957910014514,0.22060957910014514,0.22060957910014514,0.20967684176600573,0.20967684176600573,0.20967684176600573
7,416.0,2.1265146360002465,2.1265146360002465,2.1265146360002465,3.2419366037111597,3.2419366037111597,3.2419366037111597
8,468.0,0.2747112716828479,0.2747112716828479,0.2747112716828479,0.41669682881061193,0.41669682881061193,0.41669682881061193
9,520.0,0.48677032660127634,0.48677032660127634,0.48677032660127634,0.46147966562681364,0.46147966562681364,0.46147966562681364
10,572.0,0.14925373134328357,0.14925373134328357,0.14925373134328357,0.16130541323234573,0.16130541323234573,0.16130541323234573
11,624.0,0.49332420403971244,0.49332420403971244,0.49332420403971244,0.508770907900984,0.508770907900984,0.508770907900984
12,676.0,0.15606595995288575,0.15606595995288575,0.15606595995288575,0.13229830424763558,0.13229830424763558,0.13229830424763558
13,728.0,1.0927922573090612,1.0927922573090612,1.0927922573090612,0.9876480993560157,0.9876480993560157,0.9876480993560157
14,780.0,0.013149908962168723,0.013149908962168723,0.013149908962168723,0.013381601439906745,0.013381601439906745,0.013381601439906745
15,832.0,0.474169741697417,0.474169741697417,0.474169741697417,0.5100954053820981,0.5100954053820981,0.5100954053820981
16,884.0,0.2552103931967652,0.2552103931967652,0.2552103931967652,0.21177675928516937,0.21177675928516937,0.21177675928516937
17,936.0,0.5092114268678404,0.5092114268678404,0.5092114268678404,0.725505669406878,0.725505669406878,0.725505669406878
18,988.0,0.19035968690245206,0.19035968690245206,0.19035968690245206,0.1995917920743955,0.1995917920743955,0.1995917920743955
19,1040.0,0.4795984490726698,0.4795984490726698,0.4795984490726698,0.4468359673056233,0.4468359673056233,0.4468359673056233
20,52.0,0.6809234122884661,0.6809234122884661,0.6809234122884661,0.8863775881305311,0.8863775881305311,0.8863775881305311
21,104.0,1.0475325288007258,1.0475325288007258,1.0475325288007258,0.8230436453374401,0.8230436453374401,0.8230436453374401
22,156.0,0.06228956228956229,0.06228956228956229,0.06228956228956229,0.06738824836467934,0.06738824836467934,0.06738824836467934
23,208.0,0.5607875483646318,0.5607875483646318,0.5607875483646318,2.507534539262854,2.507534539262854,2.507534539262854
24,260.0,0.1818971596014037,0.1818971596014037,0.1818971596014037,0.16704553435057637,0.16704553435057637,0.16704553435057637
25,312.0,0.08974813784825876,0.08974813784825876,0.08974813784825876,0.09181118636129022,0.09181118636129022,0.09181118636129022
26,364.0,0.2529459422240401,0.2529459422240401,0.2529459422240401,0.27281265376542546,0.27281265376542546,0.27281265376542546
27,416.0,0.09512879367508288,0.09512879367508288,0.09512879367508288,0.0881196021319036,0.0881196021319036,0.0881196021319036
28,468.0,0.2857118143145138,0.2857118143145138,0.2857118143145138,0.21114436400394873,0.21114436400394873,0.21114436400394873
29,520.0,0.34810530023176295,0.34810530023176295,0.34810530023176295,0.35133139258449436,0.35133139258449436,0.35133139258449436
30,572.0,0.42907666271786404,0.42907666271786404,0.42907666271786404,0.5381457447216048,0.5381457447216048,0.5381457447216048
31,624.0,48.68435518737218,48.68435518737218,48.68435518737218,95.14681789581917,95.14681789581917,95.14681789581917
32,676.0,0.5536764882412936,0.5536764882412936,0.5536764882412936,0.6569092140117125,0.6569092140117125,0.6569092140117125
33,728.0,0.11764705882352941,0.11764705882352941,0.11764705882352941,0.12341407151095732,0.12341407151095732,0.12341407151095732
34,780.0,0.025,0.025,0.025,0.024374999999999997,0.024374999999999997,0.024374999999999997
35,832.0,0.44652620501136975,0.44652620501136975,0.44652620501136975,0.6541657279860021,0.6541657279860021,0.6541657279860021
36,884.0,0.033280030705339365,0.033280030705339365,0.033280030705339365,0.03324745196622535,0.03324745196622535,0.03324745196622535
37,936.0,0.15736455213721753,0.15736455213721753,0.15736455213721753,0.1756175575455182,0.1756175575455182,0.1756175575455182
38,988.0,0.14996568291008922,0.14996568291008922,0.14996568291008922,0.1295350022540463,0.1295350022540463,0.1295350022540463
39,1040.0,0.18238993710691823,0.18238993710691823,0.18238993710691823,0.1911971509202086,0.1911971509202086,0.1911971509202086
40,52.0,0.13068469385720516,0.13068469385720516,0.13068469385720516,0.12787009957961304,0.12787009957961304,0.12787009957961304
41,104.0,19.03083520522769,19.03083520522769,19.03083520522769,15.30740124239547,15.30740124239547,15.30740124239547
42,156.0,0.18139120514706136,0.18139120514706136,0.18139120514706136,0.1578722426730932,0.1578722426730932,0.1578722426730932
43,208.0,0.2085338466474174,0.2085338466474174,0.2085338466474174,0.17788033355122831,0.17788033355122831,0.17788033355122831
44,260.0,0.47364915911089395,0.47364915911089395,0.47364915911089395,0.4814060982199369,0.4814060982199369,0.4814060982199369
45,312.0,0.22475708546927484,0.22475708546927484,0.22475708546927484,0.2375366161797591,0.2375366161797591,0.2375366161797591
46,364.0,0.18856210218994007,0.18856210218994007,0.18856210218994007,0.19272893970377455,0.19272893970377455,0.19272893970377455
47,416.0,0.14733236923731302,0.14733236923731302,0.14733236923731302,0.19065537288307635,0.19065537288307635,0.19065537288307635
48,468.0,0.0040735804039624774,0.0040735804039624774,0.0040735804039624774,0.0035606651845395466,0.0035606651845395466,0.0035606651845395466
49,520.0,0.07570106571846459,0.07570106571846459,0.07570106571846459,0.0784190401550868,0.0784190401550868,0.0784190401550868
50,572.0,0.052980132450331126,0.052980132450331126,0.052980132450331126,0.050173238015876497,0.050173238015876497,0.050173238015876497
51,624.0,0.023832843617368593,0.023832843617368593,0.023832843617368593,0.023917793802132572,0.023917793802132572,0.023917793802132572
52,676.0,0.05434782608695652,0.05434782608695652,0.05434782608695652,0.05139413988657844,0.05139413988657844,0.05139413988657844
53,728.0,1.0319601731660322,1.0319601731660322,1.0319601731660322,0.6504206102086931,0.6504206102086931,0.6504206102086931
54,780.0,0.24037664570830486,0.24037664570830486,0.24037664570830486,0.2456750829487627,0.2456750829487627,0.2456750829487627
55,832.0,151.13529411764705,151.13529411764705,151.13529411764705,119.28490405787983,119.28490405787983,119.28490405787983
56,884.0,0.23698481561822127,0.23698481561822127,0.23698481561822127,0.2035995854527317,0.2035995854527317,0.2035995854527317
57,936.0,0.7179748229184235,0.7179748229184235,0.7179748229184235,0.5882874319552216,0.5882874319552216,0.5882874319552216
58,988.0,0.19655667144906744,0.19655667144906744,0.19655667144906744,0.23023204592751476,0.23023204592751476,0.23023204592751476
59,1040.0,0.603125,0.603125,0.603125,0.645615234375,0.645615234375,0.645615234375
60,52.0,8.216417910447761,8.216417910447761,8.216417910447761,6.98749164624638,6.98749164624638,6.98749164624638
61,104.0,0.3570020567416796,0.3570020567416796,0.3570020567416796,0.47853396228730904,0.47853396228730904,0.47853396228730904
62,156.0,4.662117868450135,4.662117868450135,4.662117868450135,6.552255511129557,6.552255511129557,6.552255511129557
63,208.0,0.07727272727272727,0.07727272727272727,0.07727272727272727,0.08443296602387512,0.08443296602387512,0.08443296602387512
64,260.0,0.1443850267379679,0.1443850267379679,0.1443850267379679,0.1235379907918442,0.1235379907918442,0.1235379907918442
65,312.0,0.1528082391864281,0.1528082391864281,0.1528082391864281,0.17264388794199337,0.17264388794199337,0.17264388794199337
66,364.0,0.23364839705287982,0.23364839705287982,0.23364839705287982,0.2223353339257489,0.2223353339257489,0.2223353339257489
67,416.0,0.14524590163934425,0.14524590163934425,0.14524590163934425,0.1779200214995969,0.1779200214995969,0.1779200214995969
68,468.0,0.22846778072853677,0.22846778072853677,0.22846778072853677,0.5630307143878354,0.5630307143878354,0.5630307143878354
69,520.0,0.16978317864187087,0.16978317864187087,0.16978317864187087,0.1585288085045825,0.1585288085045825,0.1585288085045825
70,572.0,0.05561948599923283,0.05561948599923283,0.05561948599923283,0.07400658785197976,0.07400658785197976,0.07400658785197976
71,624.0,0.07341067469097735,0.07341067469097735,0.07341067469097735,0.08740303941188016,0.08740303941188016,0.08740303941188016
72,676.0,0.1701421688390254,0.1701421688390254,0.1701421688390254,0.1737211775101374,0.1737211775101374,0.1737211775101374
73,728.0,0.23667377398720682,0.23667377398720682,0.23667377398720682,0.2467573797173135,0.2467573797173135,0.2467573797173135
74,780.0,0.37822152557598165,0.37822152557598165,0.37822152557598165,0.4281048370913099,0.4281048370913099,0.4281048370913099
75,832.0,0.27196905550806433,0.27196905550806433,0.27196905550806433,0.4198763490709257,0.4198763490709257,0.4198763490709257
76,884.0,0.1510791366906475,0.1510791366906475,0.1510791366906475,0.14264272035608924,0.14264272035608924,0.14264272035608924
77,936.0,0.08783028651466399,0.08783028651466399,0.08783028651466399,0.08974986318169234,0.08974986318169234,0.08974986318169234
78,988.0,35.45403938365058,35.45403938365058,35.45403938365058,120.50093934121172,120.50093934121172,120.50093934121172
79,1040.0,0.12943220577357212,0.12943220577357212,0.12943220577357212,0.16533203842451472,0.16533203842451472,0.16533203842451472
80,52.0,0.14695544117983256,0.14695544117983256,0.14695544117983256,0.18297551286237718,0.18297551286237718,0.18297551286237718
81,104.0,0.10935601458080195,0.10935601458080195,0.10935601458080195,0.22133409318071426,0.22133409318071426,0.22133409318071426
82,156.0,0.2683567620573762,0.2683567620573762,0.2683567620573762,0.26429875700014005,0.26429875700014005,0.26429875700014005
83,208.0,0.33250178189593727,0.33250178189593727,0.33250178189593727,0.3024860432968961,0.3024860432968961,0.3024860432968961
84,260.0,1.4577133008412881,1.4577133008412881,1.4577133008412881,8.4747415191449,8.4747415191449,8.4747415191449
85,312.0,40.84653157536133,40.84653157536133,40.84653157536133,41.9355451290022,41.9355451290022,41.9355451290022
86,364.0,24.86760691365807,24.86760691365807,24.86760691365807,63.28327692206094,63.28327692206094,63.28327692206094
87,416.0,0.4579484718411668,0.4579484718411668,0.4579484718411668,0.5563646299265252,0.5563646299265252,0.5563646299265252
88,468.0,0.3049702863317126,0.3049702863317126,0.3049702863317126,0.5609639510349801,0.5609639510349801,0.5609639510349801
89,520.0,0.19552305358656683,0.19552305358656683,0.19552305358656683,0.17616479677286814,0.17616479677286814,0.17616479677286814
90,572.0,0.32694954538303084,0.32694954538303084,0.32694954538303084,0.28055232743333314,0.28055232743333314,0.28055232743333314
91,624.0,0.015824997860372367,0.015824997860372367,0.015824997860372367,0.015087907980603521,0.015087907980603521,0.015087907980603521
92,676.0,0.2891953673002902,0.2891953673002902,0.2891953673002902,0.295147620250179,0.295147620250179,0.295147620250179
93,728.0,0.38165461650939003,0.38165461650939003,0.38165461650939003,0.4760052915411831,0.4760052915411831,0.4760052915411831
94,780.0,0.19829048835890012,0.19829048835890012,0.19829048835890012,0.21223086275697353,0.21223086275697353,0.21223086275697353
95,832.0,0.055541455403376204,0.055541455403376204,0.055541455403376204,0.05920090201396741,0.05920090201396741,0.05920090201396741
96,884.0,0.14446227929373998,0.14446227929373998,0.14446227929373998,0.12359292915499745,0.12359292915499745,0.12359292915499745
97,936.0,0.15856416054267947,0.15856416054267947,0.15856416054267947,0.1712960729043405,0.1712960729043405,0.1712960729043405
98,988.0,0.08177112035390181,0.08177112035390181,0.08177112035390181,0.08609517086360503,0.08609517086360503,0.08609517086360503
99,1040.0,1.2029216612171918,1.2029216612171918,1.2029216612171918,1.3590322607714047,1.3590322607714047,1.3590322607714047
100,52.0,0.06509625126646404,0.06509625126646404,0.06509625126646404,0.06288507178939179,0.06288507178939179,0.06288507178939179
101,104.0,0.08171603677221655,0.08171603677221655,0.08171603677221655,0.08423158024333267,0.08423158024333267,0.08423158024333267
102,156.0,0.05214424951267056,0.05214424951267056,0.05214424951267056,0.051861873928920194,0.051861873928920194,0.051861873928920194
103,208.0,36.705334346079475,36.705334346079475,36.705334346079475,31.977522350703655,31.977522350703655,31.977522350703655
104,260.0,0.001885369532428356,0.001885369532428356,0.001885369532428356,0.0026359627271258894,0.0026359627271258894,0.0026359627271258894
105,312.0,0.07174367309031808,0.07174367309031808,0.07174367309031808,0.06706087880545432,0.06706087880545432,0.06706087880545432
106,364.0,2.305155837052657,2.305155837052657,2.305155837052657,1.6076340005626935,1.6076340005626935,1.6076340005626935
107,416.0,0.0946372239747634,0.0946372239747634,0.0946372239747634,0.09593338574371324,0.09593338574371324,0.09593338574371324
108,468.0,0.19233716475095786,0.19233716475095786,0.19233716475095786,0.16147384800575448,0.16147384800575448,0.16147384800575448
109,520.0,0.19906819144430327,0.19906819144430327,0.19906819144430327,0.2305963363071484,0.2305963363071484,0.2305963363071484
110,572.0,0.5627207431163017,0.5627207431163017,0.5627207431163017,1.0498101872701306,1.0498101872701306,1.0498101872701306
111,624.0,0.25990582218562874,0.25990582218562874,0.25990582218562874,0.38064799768247837,0.38064799768247837,0.38064799768247837
112,676.0,0.011046133853151396,0.011046133853151396,0.011046133853151396,0.010924116780049663,0.010924116780049663,0.010924116780049663
113,728.0,0.5005845400319955,0.5005845400319955,0.5005845400319955,0.661340372248435,0.661340372248435,0.661340372248435
114,780.0,0.44115024973706385,0.44115024973706385,0.44115024973706385,0.45527716497904386,0.45527716497904386,0.45527716497904386
115,832.0,0.2676867640078998,0.2676867640078998,0.2676867640078998,0.3107254528677493,0.3107254528677493,0.3107254528677493
116,884.0,161.44734462040594,161.44734462040594,161.44734462040594,148.61016967244186,148.61016967244186,148.61016967244186
117,936.0,0.23054990629149785,0.23054990629149785,0.23054990629149785,0.3336195422418629,0.3336195422418629,0.3336195422418629
118,988.0,0.07331221913488718,0.07331221913488718,0.07331221913488718,0.09249086067122785,0.09249086067122785,0.09249086067122785
119,1040.0,0.06060425770962914,0.06060425770962914,0.06060425770962914,0.05920057813067348,0.05920057813067348,0.05920057813067348
120,52.0,0.20200292232972725,0.20200292232972725,0.20200292232972725,0.27687771434825914,0.27687771434825914,0.27687771434825914
121,104.0,0.0468215994531784,0.0468215994531784,0.0468215994531784,0.047363445275090406,0.047363445275090406,0.047363445275090406
122,156.0,0.2969123969213193,0.2969123969213193,0.2969123969213193,0.43123562578985164,0.43123562578985164,0.43123562578985164
123,208.0,0.5084818099747516,0.5084818099747516,0.5084818099747516,0.8480831766560671,0.8480831766560671,0.8480831766560671
124,260.0,0.12269938650306748,0.12269938650306748,0.12269938650306748,0.11071173171741504,0.11071173171741504,0.11071173171741504
125,312.0,0.06257594167679223,0.06257594167679223,0.06257594167679223,0.06109032685740606,0.06109032685740606,0.06109032685740606
126,364.0,0.0050580184468908065,0.0050580184468908065,0.0050580184468908065,0.0050324348962817195,0.0050324348962817195,0.0050324348962817195
127,416.0,0.2329356380841604,0.2329356380841604,0.2329356380841604,0.23304766379336306,0.23304766379336306,0.23304766379336306
128,468.0,0.15453863465866466,0.15453863465866466,0.15453863465866466,0.13065644505650045,0.13065644505650045,0.13065644505650045
129,520.0,0.10293977697768504,0.10293977697768504,0.10293977697768504,0.08996704311831946,0.08996704311831946,0.08996704311831946
130,572.0,0.6258496828155717,0.6258496828155717,0.6258496828155717,0.7175735605604157,0.7175735605604157,0.7175735605604157
131,624.0,0.26766400556263276,0.26766400556263276,0.26766400556263276,0.3703004543602828,0.3703004543602828,0.3703004543602828
132,676.0,0.13845057919719062,0.13845057919719062,0.13845057919719062,0.1538802907206767,0.1538802907206767,0.1538802907206767
133,728.0,0.6528158950171963,0.6528158950171963,0.6528158950171963,3.0836130389104355,3.0836130389104355,3.0836130389104355
134,780.0,0.08218124437366477,0.08218124437366477,0.08218124437366477,0.07804181799187515,0.07804181799187515,0.07804181799187515
135,832.0,29.14744627326392,29.14744627326392,29.14744627326392,53.82396901993838,53.82396901993838,53.82396901993838
136,884.0,0.3890149589866539,0.3890149589866539,0.3890149589866539,0.6439972350338917,0.6439972350338917,0.6439972350338917
137,936.0,0.027276632677146008,0.027276632677146008,0.027276632677146008,0.02617445245363043,0.02617445245363043,0.02617445245363043
138,988.0,0.28722819296687285,0.28722819296687285,0.28722819296687285,0.9187490850923067,0.9187490850923067,0.9187490850923067
139,1040.0,0.1232733906697941,0.1232733906697941,0.1232733906697941,0.13622405165837564,0.13622405165837564,0.13622405165837564
140,52.0,0.15175049408430016,0.15175049408430016,0.15175049408430016,0.15311082253056651,0.15311082253056651,0.15311082253056651
141,104.0,0.0970923515324322,0.0970923515324322,0.0970923515324322,0.1315999177439755,0.1315999177439755,0.1315999177439755
142,156.0,0.4006413596861736,0.4006413596861736,0.4006413596861736,0.3893845197770162,0.3893845197770162,0.3893845197770162
143,208.0,20.480534686699794,20.480534686699794,20.480534686699794,60.80057276950689,60.80057276950689,60.80057276950689
144,260.0,0.10617469879518072,0.10617469879518072,0.10617469879518072,0.09941970442008999,0.09941970442008999,0.09941970442008999
145,312.0,0.0985830630339869,0.0985830630339869,0.0985830630339869,0.11099302600841088,0.11099302600841088,0.11099302600841088
146,364.0,0.14979302464924632,0.14979302464924632,0.14979302464924632,0.14403544937688934,0.14403544937688934,0.14403544937688934
147,416.0,0.27680607053333317,0.27680607053333317,0.27680607053333317,0.330700886281386,0.330700886281386,0.330700886281386
148,468.0,0.04866991822072949,0.04866991822072949,0.04866991822072949,0.048259333945742576,0.048259333945742576,0.048259333945742576
149,520.0,1.9427347149299548,1.9427347149299548,1.9427347149299548,24.978413615851476,24.978413615851476,24.978413615851476
150,572.0,0.11601485689316146,0.11601485689316146,0.11601485689316146,0.10255540987322072,0.10255540987322072,0.10255540987322072
151,624.0,0.17085108529169277,0.17085108529169277,0.17085108529169277,0.17959458021453886,0.17959458021453886,0.17959458021453886
152,676.0,0.23904670197400096,0.23904670197400096,0.23904670197400096,0.2902326973856083,0.2902326973856083,0.2902326973856083
153,728.0,2.400542650438501,2.400542650438501,2.400542650438501,52.99170432957914,52.99170432957914,52.99170432957914
154,780.0,0.006895153112958832,0.006895153112958832,0.006895153112958832,0.0068476099765076865,0.0068476099765076865,0.0068476099765076865
155,832.0,0.18933816123085853,0.18933816123085853,0.18933816123085853,0.2018350841050578,0.2018350841050578,0.2018350841050578
156,884.0,0.15136226034308778,0.15136226034308778,0.15136226034308778,0.16074234202677784,0.16074234202677784,0.16074234202677784
157,936.0,0.2508145694269531,0.2508145694269531,0.2508145694269531,0.2542886784596882,0.2542886784596882,0.2542886784596882
158,988.0,0.33761610234845696,0.33761610234845696,0.33761610234845696,0.4828720352287539,0.4828720352287539,0.4828720352287539
159,1040.0,0.14122215409769057,0.14122215409769057,0.14122215409769057,0.1592919459469642,0.1592919459469642,0.1592919459469642
160,52.0,0.6338662215658825,0.6338662215658825,0.6338662215658825,0.8045403519828016,0.8045403519828016,0.8045403519828016
161,104.0,0.9339313393738955,0.9339313393738955,0.9339313393738955,1.5582006021092674,1.5582006021092674,1.5582006021092674
162,156.0,0.041176470588235294,0.041176470588235294,0.041176470588235294,0.03948096885813149,0.03948096885813149,0.03948096885813149
163,208.0,0.03193690003048896,0.03193690003048896,0.03193690003048896,0.025279709712146707,0.025279709712146707,0.025279709712146707
164,260.0,0.11730769230769231,0.11730769230769231,0.11730769230769231,0.19008505917159763,0.19008505917159763,0.19008505917159763
165,312.0,0.19336618057218552,0.19336618057218552,0.19336618057218552,0.20450565756085978,0.20450565756085978,0.20450565756085978
166,364.0,0.1905018657879991,0.1905018657879991,0.1905018657879991,0.15291476707522797,0.15291476707522797,0.15291476707522797
167,416.0,0.9282611907903174,0.9282611907903174,0.9282611907903174,7.208299842099489,7.208299842099489,7.208299842099489
168,468.0,0.1286160201061613,0.1286160201061613,0.1286160201061613,0.12182815926061409,0.12182815926061409,0.12182815926061409
169,520.0,0.4545487021429318,0.4545487021429318,0.4545487021429318,0.5003660014611668,0.5003660014611668,0.5003660014611668
170,572.0,0.12189702621768383,0.12189702621768383,0.12189702621768383,0.1326933997950413,0.1326933997950413,0.1326933997950413
171,624.0,0.22418358340688438,0.22418358340688438,0.22418358340688438,0.18760579860075144,0.18760579860075144,0.18760579860075144
172,676.0,0.26634382566585957,0.26634382566585957,0.26634382566585957,0.2486735573287057,0.2486735573287057,0.2486735573287057
173,728.0,0.2742990682742031,0.2742990682742031,0.2742990682742031,0.30390603643877634,0.30390603643877634,0.30390603643877634
174,780.0,0.6556714871016641,0.6556714871016641,0.6556714871016641,0.6531958274981082,0.6531958274981082,0.6531958274981082
175,832.0,0.5171453628085948,0.5171453628085948,0.5171453628085948,0.5751109969919109,0.5751109969919109,0.5751109969919109
176,884.0,0.25154193153143767,0.25154193153143767,0.25154193153143767,0.39861167342053533,0.39861167342053533,0.39861167342053533
177,936.0,0.293207222699914,0.293207222699914,0.293207222699914,0.3430922932582367,0.3430922932582367,0.3430922932582367
178,988.0,0.3068053357449695,0.3068053357449695,0.3068053357449695,0.3171298122075687,0.3171298122075687,0.3171298122075687
179,1040.0,0.12742382271468145,0.12742382271468145,0.12742382271468145,0.11395707522195193,0.11395707522195193,0.11395707522195193
180,52.0,0.38606020919434186,0.38606020919434186,0.38606020919434186,0.4675420080915386,0.4675420080915386,0.4675420080915386
181,104.0,0.5328664142933238,0.5328664142933238,0.5328664142933238,0.4870974552010109,0.4870974552010109,0.4870974552010109
182,156.0,0.317843505470301,0.317843505470301,0.317843505470301,0.25063864539840286,0.25063864539840286,0.25063864539840286
183,208.0,0.11132623426911907,0.11132623426911907,0.11132623426911907,0.11635767963122101,0.11635767963122101,0.11635767963122101
184,260.0,0.19310344827586207,0.19310344827586207,0.19310344827586207,0.18340071343638525,0.18340071343638525,0.18340071343638525
185,312.0,0.18057411183804215,0.18057411183804215,0.18057411183804215,0.16146433908611765,0.16146433908611765,0.16146433908611765
186,364.0,0.21042830540037244,0.21042830540037244,0.21042830540037244,0.19842632183071,0.19842632183071,0.19842632183071
187,416.0,0.08754891553276996,0.08754891553276996,0.08754891553276996,0.07339208531029498,0.07339208531029498,0.07339208531029498
188,468.0,0.4881341453459779,0.4881341453459779,0.4881341453459779,0.7463110204913763,0.7463110204913763,0.7463110204913763
189,520.0,0.34782608695652173,0.34782608695652173,0.34782608695652173,0.3518431001890359,0.3518431001890359,0.3518431001890359
190,572.0,0.21975214581533414,0.21975214581533414,0.21975214581533414,0.3065191739822404,0.3065191739822404,0.3065191739822404
191,624.0,0.2974408022693482,0.2974408022693482,0.2974408022693482,0.3797287917516468,0.3797287917516468,0.3797287917516468
192,676.0,0.15003304692663583,0.15003304692663583,0.15003304692663583,0.14140284094359135,0.14140284094359135,0.14140284094359135
193,728.0,0.30062844076783324,0.30062844076783324,0.30062844076783324,0.5749680491744298,0.5749680491744298,0.5749680491744298
194,780.0,0.37450605648309054,0.37450605648309054,0.37450605648309054,0.6014081725144146,0.6014081725144146,0.6014081725144146
195,832.0,0.11711283857572173,0.11711283857572173,0.11711283857572173,0.1121201975820052,0.1121201975820052,0.1121201975820052
196,884.0,0.0718471890601259,0.0718471890601259,0.0718471890601259,0.07146051235535017,0.07146051235535017,0.07146051235535017
197,936.0,0.12289156626506025,0.12289156626506025,0.12289156626506025,0.1463434460734504,0.1463434460734504,0.1463434460734504
198,988.0,0.05406598788793024,0.05406598788793024,0.05406598788793024,0.05258511346233907,0.05258511346233907,0.05258511346233907
199,1040.0,0.011255793423085412,0.011255793423085412,0.011255793423085412,0.011129100537502244,0.011129100537502244,0.011129100537502244
200,52.0,0.1395400918569794,0.1395400918569794,0.1395400918569794,0.13854006797061946,0.13854006797061946,0.13854006797061946
201,104.0,0.17945883639347604,0.17945883639347604,0.17945883639347604,0.1766489375463939,0.1766489375463939,0.1766489375463939
202,156.0,0.22021562423755417,0.22021562423755417,0.22021562423755417,0.279186539697113,0.279186539697113,0.279186539697113
203,208.0,0.1731101069112449,0.1731101069112449,0.1731101069112449,0.9305754785935337,0.9305754785935337,0.9305754785935337
204,260.0,0.41880345598767277,0.41880345598767277,0.41880345598767277,0.4973940842015408,0.4973940842015408,0.4973940842015408
205,312.0,0.34322921678405893,0.34322921678405893,0.34322921678405893,0.33860018220407084,0.33860018220407084,0.33860018220407084
206,364.0,0.33051149551848213,0.33051149551848213,0.33051149551848213,0.4099233509986412,0.4099233509986412,0.4099233509986412
207,416.0,0.15151515151515152,0.15151515151515152,0.15151515151515152,0.1891643709825528,0.1891643709825528,0.1891643709825528
208,468.0,0.031896374142813134,0.031896374142813134,0.031896374142813134,0.03016155022509014,0.03016155022509014,0.03016155022509014
209,520.0,0.0893369646159079,0.0893369646159079,0.0893369646159079,0.08737260130249694,0.08737260130249694,0.08737260130249694
210,572.0,0.6324202029132999,0.6324202029132999,0.6324202029132999,0.6668336463627313,0.6668336463627313,0.6668336463627313
211,624.0,0.22162162162162163,0.22162162162162163,0.22162162162162163,0.22926223520818112,0.22926223520818112,0.22926223520818112
212,676.0,0.23448670288818987,0.23448670288818987,0.23448670288818987,0.31275976655181137,0.31275976655181137,0.31275976655181137
213,728.0,0.04106455475764914,0.04106455475764914,0.04106455475764914,0.04666969219978232,0.04666969219978232,0.04666969219978232
214,780.0,0.45640816944637314,0.45640816944637314,0.45640816944637314,0.4319961664512341,0.4319961664512341,0.4319961664512341
215,832.0,0.345074298293891,0.345074298293891,0.345074298293891,0.6442699036707376,0.6442699036707376,0.6442699036707376
216,884.0,0.18672199170124482,0.18672199170124482,0.18672199170124482,0.16679464885246464,0.16679464885246464,0.16679464885246464
217,936.0,0.8126332407665843,0.8126332407665843,0.8126332407665843,0.9268548672738178,0.9268548672738178,0.9268548672738178
218,988.0,0.751967618619294,0.751967618619294,0.751967618619294,1.1624511543370994,1.1624511543370994,1.1624511543370994
219,1040.0,0.5660841549771056,0.5660841549771056,0.5660841549771056,0.618157828383958,0.618157828383958,0.618157828383958
220,52.0,0.13883539438453874,0.13883539438453874,0.13883539438453874,0.13797463514645095,0.13797463514645095,0.13797463514645095
221,104.0,0.21871657754010695,0.21871657754010695,0.21871657754010695,0.2821095827733135,0.2821095827733135,0.2821095827733135
222,156.0,0.11376248612652608,0.11376248612652608,0.11376248612652608,0.1041502166171266,0.1041502166171266,0.1041502166171266
223,208.0,0.28020418598615493,0.28020418598615493,0.28020418598615493,0.25599481153108217,0.25599481153108217,0.25599481153108217
224,260.0,0.26340674245836787,0.26340674245836787,0.26340674245836787,0.28920623008344604,0.28920623008344604,0.28920623008344604
225,312.0,0.3014175198847223,0.3014175198847223,0.3014175198847223,0.32007236543879203,0.32007236543879203,0.32007236543879203
226,364.0,0.192971446501412,0.192971446501412,0.192971446501412,0.16200896153173255,0.16200896153173255,0.16200896153173255
227,416.0,0.3701507983185631,0.3701507983185631,0.3701507983185631,0.4090759299960205,0.4090759299960205,0.4090759299960205
228,468.0,0.03063063063063063,0.03063063063063063,0.03063063063063063,0.03329599870140411,0.03329599870140411,0.03329599870140411
229,520.0,0.09380621948085326,0.09380621948085326,0.09380621948085326,0.09939879976599554,0.09939879976599554,0.09939879976599554
230,572.0,0.3177466233226734,0.3177466233226734,0.3177466233226734,0.4204597926710017,0.4204597926710017,0.4204597926710017
231,624.0,0.061142397425583264,0.061142397425583264,0.061142397425583264,0.057404004662635295,0.057404004662635295,0.057404004662635295
232,676.0,0.18601895734597157,0.18601895734597157,0.18601895734597157,0.17511258731834414,0.17511258731834414,0.17511258731834414
233,728.0,0.2518837459634015,0.2518837459634015,0.2518837459634015,1.4500099068294556,1.4500099068294556,1.4500099068294556
234,780.0,0.27514792899408286,0.27514792899408286,0.27514792899408286,0.33553622072056305,0.33553622072056305,0.33553622072056305
235,832.0,0.27298147095871783,0.27298147095871783,0.27298147095871783,0.31041806549949785,0.31041806549949785,0.31041806549949785
236,884.0,0.11566567957950487,0.11566567957950487,0.11566567957950487,0.11554933100553794,0.11554933100553794,0.11554933100553794
237,936.0,60.68385099402878,60.68385099402878,60.68385099402878,452.72165249480224,452.72165249480224,452.72165249480224
238,988.0,0.1865858009275776,0.1865858009275776,0.1865858009275776,0.1603337945468701,0.1603337945468701,0.1603337945468701
239,1040.0,0.17660550458715596,0.17660550458715596,0.17660550458715596,0.18326003703391974,0.18326003703391974,0.18326003703391974
240,52.0,0.4481516811814217,0.4481516811814217,0.4481516811814217,0.8066149245404624,0.8066149245404624,0.8066149245404624
241,104.0,11.202064896755163,11.202064896755163,11.202064896755163,9.939995736201393,9.939995736201393,9.939995736201393
242,156.0,0.23514718601483348,0.23514718601483348,0.23514718601483348,0.2549729838382108,0.2549729838382108,0.2549729838382108
243,208.0,0.08728157531954153,0.08728157531954153,0.08728157531954153,0.13108122261823277,0.13108122261823277,0.13108122261823277
244,260.0,0.21077774198554317,0.21077774198554317,0.21077774198554317,0.19847368778608598,0.19847368778608598,0.19847368778608598
245,312.0,0.09357499384105328,0.09357499384105328,0.09357499384105328,0.15205224167550663,0.15205224167550663,0.15205224167550663
246,364.0,0.4324218524883132,0.4324218524883132,0.4324218524883132,0.5407254401449131,0.5407254401449131,0.5407254401449131
247,416.0,0.5019650050783409,0.5019650050783409,0.5019650050783409,0.5153238377261223,0.5153238377261223,0.5153238377261223
248,468.0,0.13673495833130614,0.13673495833130614,0.13673495833130614,0.11963880006576226,0.11963880006576226,0.11963880006576226
249,520.0,0.11519497973621756,0.11519497973621756,0.11519497973621756,0.12012768797205116,0.12012768797205116,0.12012768797205116
250,572.0,0.11809923130677848,0.11809923130677848,0.11809923130677848,0.1307066596150625,0.1307066596150625,0.1307066596150625
251,624.0,0.22115776024972872,0.22115776024972872,0.22115776024972872,0.2660033314734393,0.2660033314734393,0.2660033314734393
252,676.0,0.07199297629499561,0.07199297629499561,0.07199297629499561,0.07032184016137873,0.07032184016137873,0.07032184016137873
253,728.0,0.02334305960817007,0.02334305960817007,0.02334305960817007,0.023631841876591276,0.023631841876591276,0.023631841876591276
254,780.0,17.383162402169678,17.383162402169678,17.383162402169678,517.6703667605725,517.6703667605725,517.6703667605725
255,832.0,0.059770114942528735,0.059770114942528735,0.059770114942528735,0.06232791650151937,0.06232791650151937,0.06232791650151937
256,884.0,0.051052783386212865,0.051052783386212865,0.051052783386212865,0.051330734739152103,0.051330734739152103,0.051330734739152103
257,936.0,0.5307365707784355,0.5307365707784355,0.5307365707784355,0.6534782684106061,0.6534782684106061,0.6534782684106061
258,988.0,65.25319533921207,65.25319533921207,65.25319533921207,60.69538059378391,60.69538059378391,60.69538059378391
259,1040.0,0.9156959349217186,0.9156959349217186,0.9156959349217186,1.241847809673861,1.241847809673861,1.241847809673861
260,52.0,0.038282160794269576,0.038282160794269576,0.038282160794269576,0.041745114586941155,0.041745114586941155,0.041745114586941155
261,104.0,0.21876201460976546,0.21876201460976546,0.21876201460976546,0.26394633359747927,0.26394633359747927,0.26394633359747927
262,156.0,0.05665024630541872,0.05665024630541872,0.05665024630541872,0.05344099589895411,0.05344099589895411,0.05344099589895411
263,208.0,0.061393423775580595,0.061393423775580595,0.061393423775580595,0.062682905461467,0.062682905461467,0.062682905461467
264,260.0,0.14227642276422764,0.14227642276422764,0.14227642276422764,0.15455416749289444,0.15455416749289444,0.15455416749289444
265,312.0,0.27659788205893,0.27659788205893,0.27659788205893,0.33738912564142387,0.33738912564142387,0.33738912564142387
266,364.0,0.07991940899932841,0.07991940899932841,0.07991940899932841,0.07353229706452648,0.07353229706452648,0.07353229706452648
267,416.0,0.29358281246340534,0.29358281246340534,0.29358281246340534,0.2923735200909971,0.2923735200909971,0.2923735200909971
268,468.0,0.030614300100704935,0.030614300100704935,0.030614300100704935,0.029677064730048913,0.029677064730048913,0.029677064730048913
269,520.0,0.199763546372641,0.199763546372641,0.199763546372641,0.18387892036049877,0.18387892036049877,0.18387892036049877
270,572.0,0.09414846644857554,0.09414846644857554,0.09414846644857554,0.09966952724916278,0.09966952724916278,0.09966952724916278
271,624.0,0.25842349304482226,0.25842349304482226,0.25842349304482226,0.26273816377574305,0.26273816377574305,0.26273816377574305
272,676.0,0.19905417024935512,0.19905417024935512,0.19905417024935512,0.16717021460642675,0.16717021460642675,0.16717021460642675
273,728.0,0.02871205906480722,0.02871205906480722,0.02871205906480722,0.027887676729066238,0.027887676729066238,0.027887676729066238
274,780.0,0.24193144858643983,0.24193144858643983,0.24193144858643983,0.20441638459267267,0.20441638459267267,0.20441638459267267
275,832.0,0.26166097246017234,0.26166097246017234,0.26166097246017234,0.3034160657978859,0.3034160657978859,0.3034160657978859
276,884.0,0.10023446658851114,0.10023446658851114,0.10023446658851114,0.09956618183667326,0.09956618183667326,0.09956618183667326
277,936.0,0.13846418487637951,0.13846418487637951,0.13846418487637951,0.11288914282637905,0.11288914282637905,0.11288914282637905
278,988.0,0.19833687268456945,0.19833687268456945,0.19833687268456945,0.21508443434457095,0.21508443434457095,0.21508443434457095
279,1040.0,0.7190898937014927,0.7190898937014927,0.7190898937014927,0.8748855648631805,0.8748855648631805,0.8748855648631805
280,52.0,0.09375,0.09375,0.09375,0.0849609375,0.0849609375,0.0849609375
281,104.0,0.37916310845431256,0.37916310845431256,0.37916310845431256,0.36178614845967993,0.36178614845967993,0.36178614845967993
282,156.0,0.011804008908685968,0.011804008908685968,0.011804008908685968,0.01166467428236963,0.01166467428236963,0.01166467428236963
283,208.0,0.2121833993823607,0.2121833993823607,0.2121833993823607,0.18708514754164646,0.18708514754164646,0.18708514754164646
284,260.0,34.73791375928759,34.73791375928759,34.73791375928759,35.9826243137303,35.9826243137303,35.9826243137303
285,312.0,21.780449432172627,21.780449432172627,21.780449432172627,90.08168470120918,90.08168470120918,90.08168470120918
286,364.0,0.0682643427741467,0.0682643427741467,0.0682643427741467,0.07280306350464552,0.07280306350464552,0.07280306350464552
287,416.0,0.2003513241634029,0.2003513241634029,0.2003513241634029,0.1774956903678288,0.1774956903678288,0.1774956903678288
288,468.0,53.46539727096226,53.46539727096226,53.46539727096226,87.79913902359539,87.79913902359539,87.79913902359539
289,520.0,1.185096647148674,1.185096647148674,1.185096647148674,2.9729295372380125,2.9729295372380125,2.9729295372380125
290,572.0,0.15714387441846625,0.15714387441846625,0.15714387441846625,0.16588140664994,0.16588140664994,0.16588140664994
291,624.0,0.0825593395252838,0.0825593395252838,0.0825593395252838,0.08399922893496109,0.08399922893496109,0.08399922893496109
292,676.0,0.09185761289596264,0.09185761289596264,0.09185761289596264,0.07302666693996704,0.07302666693996704,0.07302666693996704
293,728.0,0.2177320781867611,0.2177320781867611,0.2177320781867611,0.15424000338339047,0.15424000338339047,0.15424000338339047
294,780.0,0.0036719706242350062,0.0036719706242350062,0.0036719706242350062,0.0036584872559697616,0.0036584872559697616,0.0036584872559697616
295,832.0,0.4107056614287364,0.4107056614287364,0.4107056614287364,0.6289021869947222,0.6289021869947222,0.6289021869947222
296,884.0,0.038356164383561646,0.038356164383561646,0.038356164383561646,0.036884969037342834,0.036884969037342834,0.036884969037342834
297,936.0,0.05092158700406123,0.05092158700406123,0.05092158700406123,0.052702212220661675,0.052702212220661675,0.052702212220661675
298,988.0,0.19398907103825136,0.19398907103825136,0.19398907103825136,0.9213846337603393,0.9213846337603393,0.9213846337603393
299,1040.0,0.3451162114294789,0.3451162114294789,0.3451162114294789,0.2703241689122195,0.2703241689122195,0.2703241689122195
300,52.0,0.7426181752303157,0.7426181752303157,0.7426181752303157,1.0408042961552968,1.0408042961552968,1.0408042961552968
301,104.0,0.09929532351057015,0.09929532351057015,0.09929532351057015,0.12531020170138477,0.12531020170138477,0.12531020170138477
302,156.0,0.041633935585231735,0.041633935585231735,0.041633935585231735,0.04304273481066985,0.04304273481066985,0.04304273481066985
303,208.0,0.16500705897766182,0.16500705897766182,0.16500705897766182,0.14645755937987423,0.14645755937987423,0.14645755937987423
304,260.0,0.09098862642169729,0.09098862642169729,0.09098862642169729,0.08270969628359011,0.08270969628359011,0.08270969628359011
305,312.0,0.17294239704545103,0.17294239704545103,0.17294239704545103,0.1988810888437086,0.1988810888437086,0.1988810888437086
306,364.0,0.23165372873063725,0.23165372873063725,0.23165372873063725,1.766953666012756,1.766953666012756,1.766953666012756
307,416.0,0.10063034669067987,0.10063034669067987,0.10063034669067987,0.10176007092059121,0.10176007092059121,0.10176007092059121
308,468.0,0.703114458876656,0.703114458876656,0.703114458876656,1.4127496896788394,1.4127496896788394,1.4127496896788394
309,520.0,0.2699553717157617,0.2699553717157617,0.2699553717157617,0.2960470827421042,0.2960470827421042,0.2960470827421042
310,572.0,1.920472386744848,1.920472386744848,1.920472386744848,1.2681997642856861,1.2681997642856861,1.2681997642856861
311,624.0,0.09632549705498944,0.09632549705498944,0.09632549705498944,0.11624324590399512,0.11624324590399512,0.11624324590399512
312,676.0,0.0975856965964086,0.0975856965964086,0.0975856965964086,0.09811002600512202,0.09811002600512202,0.09811002600512202
313,728.0,0.14455763611488914,0.14455763611488914,0.14455763611488914,0.15658744244252978,0.15658744244252978,0.15658744244252978
314,780.0,0.06637758505670446,0.06637758505670446,0.06637758505670446,0.06330582407395459,0.06330582407395459,0.06330582407395459
315,832.0,0.31109107362303284,0.31109107362303284,0.31109107362303284,0.2820115047001479,0.2820115047001479,0.2820115047001479
316,884.0,0.25028519755356604,0.25028519755356604,0.25028519755356604,0.30876221847420976,0.30876221847420976,0.30876221847420976
317,936.0,0.13598326359832635,0.13598326359832635,0.13598326359832635,0.15096461896675478,0.15096461896675478,0.15096461896675478
318,988.0,0.23878025881256051,0.23878025881256051,0.23878025881256051,0.4579270252368442,0.4579270252368442,0.4579270252368442
319,1040.0,0.15980629539951574,0.15980629539951574,0.15980629539951574,0.139110858362305,0.139110858362305,0.139110858362305
320,52.0,0.17984444423064513,0.17984444423064513,0.17984444423064513,0.2570380863554087,0.2570380863554087,0.2570380863554087
321,104.0,0.2255309831399168,0.2255309831399168,0.2255309831399168,0.21101447062971004,0.21101447062971004,0.21101447062971004
322,156.0,0.2260141411947285,0.2260141411947285,0.2260141411947285,0.2297219982857735,0.2297219982857735,0.2297219982857735
323,208.0,0.316068227391315,0.316068227391315,0.316068227391315,0.38801430929952574,0.38801430929952574,0.38801430929952574
324,260.0,15.803644489127409,15.803644489127409,15.803644489127409,17.031985777647833,17.031985777647833,17.031985777647833
325,312.0,0.4,0.4,0.4,0.24000000000000005,0.24000000000000005,0.24000000000000005
326,364.0,0.05040556199304751,0.05040556199304751,0.05040556199304751,0.04786484131321254,0.04786484131321254,0.04786484131321254
327,416.0,0.5926705639278655,0.5926705639278655,0.5926705639278655,0.5413366718323528,0.5413366718323528,0.5413366718323528
328,468.0,0.2864918698767816,0.2864918698767816,0.2864918698767816,0.2645100195026571,0.2645100195026571,0.2645100195026571
329,520.0,0.26139088729016785,0.26139088729016785,0.26139088729016785,0.7206436289817066,0.7206436289817066,0.7206436289817066
330,572.0,0.22748457014913323,0.22748457014913323,0.22748457014913323,0.23912331970089215,0.23912331970089215,0.23912331970089215
331,624.0,2.8133184762989063,2.8133184762989063,2.8133184762989063,104.81810623374285,104.81810623374285,104.81810623374285
332,676.0,0.49255591354270717,0.49255591354270717,0.49255591354270717,2.465304477119501,2.465304477119501,2.465304477119501
333,728.0,0.23969808281235366,0.23969808281235366,0.23969808281235366,0.5136499760910612,0.5136499760910612,0.5136499760910612
334,780.0,0.2403751233958539,0.2403751233958539,0.2403751233958539,0.21517142887769944,0.21517142887769944,0.21517142887769944
335,832.0,0.023213747362074162,0.023213747362074162,0.023213747362074162,0.023277823772420957,0.023277823772420957,0.023277823772420957
336,884.0,66.13278286887956,66.13278286887956,66.13278286887956,93.45676682016513,93.45676682016513,93.45676682016513
337,936.0,0.1759154511717576,0.1759154511717576,0.1759154511717576,0.16046337456563559,0.16046337456563559,0.16046337456563559
338,988.0,0.6460196545312317,0.6460196545312317,0.6460196545312317,0.8779161474937744,0.8779161474937744,0.8779161474937744
339,1040.0,0.04017857142857143,0.04017857142857143,0.04017857142857143,0.041405162917439696,0.041405162917439696,0.041405162917439696
340,52.0,0.4752163281150464,0.4752163281150464,0.4752163281150464,0.609481158116761,0.609481158116761,0.609481158116761
341,104.0,0.0651624176420498,0.0651624176420498,0.0651624176420498,0.03821526605661231,0.03821526605661231,0.03821526605661231
342,156.0,0.12605057889043506,0.12605057889043506,0.12605057889043506,0.1832378676648648,0.1832378676648648,0.1832378676648648
343,208.0,0.009232544720138488,0.009232544720138488,0.009232544720138488,0.00914730483812913,0.00914730483812913,0.00914730483812913
344,260.0,0.10772347719478094,0.10772347719478094,0.10772347719478094,0.11830453006535477,0.11830453006535477,0.11830453006535477
345,312.0,0.5262034856134165,0.5262034856134165,0.5262034856134165,0.5362643214748861,0.5362643214748861,0.5362643214748861
346,364.0,0.1930886993859816,0.1930886993859816,0.1930886993859816,0.17265058694901117,0.17265058694901117,0.17265058694901117
347,416.0,0.2098211196419229,0.2098211196419229,0.2098211196419229,0.20660770744171233,0.20660770744171233,0.20660770744171233
348,468.0,0.3875,0.3875,0.3875,0.31234375000000003,0.31234375000000003,0.31234375000000003
349,520.0,0.00812407680945347,0.00812407680945347,0.00812407680945347,0.008058076185447568,0.008058076185447568,0.008058076185447568
350,572.0,0.26324786324786326,0.26324786324786326,0.26324786324786326,0.26460369639856823,0.26460369639856823,0.26460369639856823
351,624.0,0.24014858372369555,0.24014858372369555,0.24014858372369555,0.2714546291970989,0.2714546291970989,0.2714546291970989
352,676.0,108.58376511226253,108.58376511226253,108.58376511226253,104.20498686019909,104.20498686019909,104.20498686019909
353,728.0,0.05291005291005291,0.05291005291005291,0.05291005291005291,0.050110579211108314,0.050110579211108314,0.050110579211108314
354,780.0,0.11240511736844364,0.11240511736844364,0.11240511736844364,0.1294932586260132,0.1294932586260132,0.1294932586260132
355,832.0,0.48046416644590073,0.48046416644590073,0.48046416644590073,2.5982015304443893,2.5982015304443893,2.5982015304443893
356,884.0,0.18572348325894644,0.18572348325894644,0.18572348325894644,0.21502118718953966,0.21502118718953966,0.21502118718953966
357,936.0,0.4302229286339066,0.4302229286339066,0.4302229286339066,0.5196636090778722,0.5196636090778722,0.5196636090778722
358,988.0,0.3658991888089653,0.3658991888089653,0.3658991888089653,0.4056067033019215,0.4056067033019215,0.4056067033019215
359,1040.0,0.23509021952378092,0.23509021952378092,0.23509021952378092,0.2538911124068639,0.2538911124068639,0.2538911124068639
360,52.0,0.3462855925001572,0.3462855925001572,0.3462855925001572,0.6032959490309573,0.6032959490309573,0.6032959490309573
361,104.0,0.38361616260005527,0.38361616260005527,0.38361616260005527,0.36937446146736724,0.36937446146736724,0.36937446146736724
362,156.0,15.574724655028435,15.574724655028435,15.574724655028435,18.408719673209514,18.408719673209514,18.408719673209514
363,208.0,0.040011597564511454,0.040011597564511454,0.040011597564511454,0.044209451880573326,0.044209451880573326,0.044209451880573326
364,260.0,0.13575374901341752,0.13575374901341752,0.13575374901341752,0.13942411615603167,0.13942411615603167,0.13942411615603167
365,312.0,0.28200560934626095,0.28200560934626095,0.28200560934626095,0.3647420601526175,0.3647420601526175,0.3647420601526175
366,364.0,0.3076494942002995,0.3076494942002995,0.3076494942002995,0.33653593323391817,0.33653593323391817,0.33653593323391817
367,416.0,0.32370334142587825,0.32370334142587825,0.32370334142587825,0.36277151286606385,0.36277151286606385,0.36277151286606385
368,468.0,0.21124446120447557,0.21124446120447557,0.21124446120447557,0.18282717865077455,0.18282717865077455,0.18282717865077455
369,520.0,0.1780299189421535,0.1780299189421535,0.1780299189421535,0.18311202170363003,0.18311202170363003,0.18311202170363003
370,572.0,0.18746829020801623,0.18746829020801623,0.18746829020801623,0.15638278374842113,0.15638278374842113,0.15638278374842113
371,624.0,0.30354000072976944,0.30354000072976944,0.30354000072976944,0.27052832281169936,0.27052832281169936,0.27052832281169936
372,676.0,0.17254391052494186,0.17254391052494186,0.17254391052494186,0.1698445917289159,0.1698445917289159,0.1698445917289159
373,728.0,0.3863305693727631,0.3863305693727631,0.3863305693727631,0.46683221569540984,0.46683221569540984,0.46683221569540984
374,780.0,0.08627450980392157,0.08627450980392157,0.08627450980392157,0.07883121876201463,0.07883121876201463,0.07883121876201463
375,832.0,0.48251903678427155,0.48251903678427155,0.48251903678427155,0.5406146756383676,0.5406146756383676,0.5406146756383676
376,884.0,0.11780412411134314,0.11780412411134314,0.11780412411134314,0.12173044421990964,0.12173044421990964,0.12173044421990964
377,936.0,0.5441421712083856,0.5441421712083856,0.5441421712083856,0.5671473721074043,0.5671473721074043,0.5671473721074043
378,988.0,0.1444445422103178,0.1444445422103178,0.1444445422103178,0.15951316802358653,0.15951316802358653,0.15951316802358653
379,1040.0,0.19952814290529153,0.19952814290529153,0.19952814290529153,0.1758946206269186,0.1758946206269186,0.1758946206269186
380,52.0,0.06439739144365177,0.06439739144365177,0.06439739144365177,0.07830889288485693,0.07830889288485693,0.07830889288485693
381,104.0,0.15333333333333332,0.15333333333333332,0.15333333333333332,0.17315555555555556,0.17315555555555556,0.17315555555555556
382,156.0,0.2671092843540909,0.2671092843540909,0.2671092843540909,0.2657351663568156,0.2657351663568156,0.2657351663568156
383,208.0,0.15930485155684287,0.15930485155684287,0.15930485155684287,0.1402024614946859,0.1402024614946859,0.1402024614946859
384,260.0,0.8737358336419562,0.8737358336419562,0.8737358336419562,8.469350897183022,8.469350897183022,8.469350897183022
385,312.0,0.09008425773956907,0.09008425773956907,0.09008425773956907,0.08586830021393273,0.08586830021393273,0.08586830021393273
386,364.0,0.38367857885596524,0.38367857885596524,0.38367857885596524,0.4763968148916649,0.4763968148916649,0.4763968148916649
387,416.0,0.4229680952158659,0.4229680952158659,0.4229680952158659,0.4949105293653967,0.4949105293653967,0.4949105293653967
388,468.0,0.08123902183258146,0.08123902183258146,0.08123902183258146,0.07438941820059715,0.07438941820059715,0.07438941820059715
389,520.0,0.6059685083304582,0.6059685083304582,0.6059685083304582,0.7024680470073036,0.7024680470073036,0.7024680470073036
390,572.0,0.10144927536231885,0.10144927536231885,0.10144927536231885,0.1143457256878807,0.1143457256878807,0.1143457256878807
391,624.0,0.26799136411267727,0.26799136411267727,0.26799136411267727,0.32265319617353994,0.32265319617353994,0.32265319617353994
392,676.0,0.024320973213289132,0.024320973213289132,0.024320973213289132,0.021321321212937297,0.021321321212937297,0.021321321212937297
393,728.0,0.15537555228276878,0.15537555228276878,0.15537555228276878,0.16805284128743428,0.16805284128743428,0.16805284128743428
394,780.0,0.46805579842061806,0.46805579842061806,0.46805579842061806,0.940823029917287,0.940823029917287,0.940823029917287
395,832.0,0.007905327130857148,0.007905327130857148,0.007905327130857148,0.005507186226119593,0.005507186226119593,0.005507186226119593
396,884.0,0.6050076099272202,0.6050076099272202,0.6050076099272202,0.6211862177731824,0.6211862177731824,0.6211862177731824
397,936.0,0.12815261365101022,0.12815261365101022,0.12815261365101022,0.11325229136729129,0.11325229136729129,0.11325229136729129
398,988.0,0.3917785969374252,0.3917785969374252,0.3917785969374252,0.5610103411076796,0.5610103411076796,0.5610103411076796
399,1040.0,0.17993079584775087,0.17993079584775087,0.17993079584775087,0.2513619329270483,0.2513619329270483,0.2513619329270483
400,52.0,0.27386172006745363,0.27386172006745363,0.27386172006745363,0.3229761495127243,0.3229761495127243,0.3229761495127243
401,104.0,0.06074766355140187,0.06074766355140187,0.06074766355140187,0.06484554691821703,0.06484554691821703,0.06484554691821703
402,156.0,0.14930788713142032,0.14930788713142032,0.14930788713142032,0.2511216197112445,0.2511216197112445,0.2511216197112445
403,208.0,0.37768424332723766,0.37768424332723766,0.37768424332723766,0.43029454856912086,0.43029454856912086,0.43029454856912086
404,260.0,0.8540241417216212,0.8540241417216212,0.8540241417216212,1.579903739327435,1.579903739327435,1.579903739327435
405,312.0,0.2760504753919591,0.2760504753919591,0.2760504753919591,0.33304818556558957,0.33304818556558957,0.33304818556558957
406,364.0,0.294813335078694,0.294813335078694,0.294813335078694,0.6997046577260253,0.6997046577260253,0.6997046577260253
407,416.0,0.018979833926453145,0.018979833926453145,0.018979833926453145,0.018619599830577396,0.018619599830577396,0.018619599830577396
408,468.0,0.2403785842050419,0.2403785842050419,0.2403785842050419,1.0105811555878588,1.0105811555878588,1.0105811555878588
409,520.0,0.09612149175854465,0.09612149175854465,0.09612149175854465,0.08688816851653226,0.08688816851653226,0.08688816851653226
410,572.0,0.19445171949299864,0.19445171949299864,0.19445171949299864,0.22004186992498867,0.22004186992498867,0.22004186992498867
411,624.0,0.13553779554068382,0.13553779554068382,0.13553779554068382,0.13847781604818662,0.13847781604818662,0.13847781604818662
412,676.0,0.1270836114360514,0.1270836114360514,0.1270836114360514,0.1410261368020149,0.1410261368020149,0.1410261368020149
413,728.0,0.08286674132138858,0.08286674132138858,0.08286674132138858,0.07599984450416264,0.07599984450416264,0.07599984450416264
414,780.0,0.30714146424618355,0.30714146424618355,0.30714146424618355,0.25467504722532547,0.25467504722532547,0.25467504722532547
415,832.0,82.16762634864097,82.16762634864097,82.16762634864097,534.7409534363572,534.7409534363572,534.7409534363572
416,884.0,0.2191983639738079,0.2191983639738079,0.2191983639738079,0.19803878138470665,0.19803878138470665,0.19803878138470665
417,936.0,0.10360655737704919,0.10360655737704919,0.10360655737704919,0.0928722386455254,0.0928722386455254,0.0928722386455254
418,988.0,0.13399788644849425,0.13399788644849425,0.13399788644849425,0.11508491065679127,0.11508491065679127,0.11508491065679127
419,1040.0,0.0380120794355348,0.0380120794355348,0.0380120794355348,0.03630826132365264,0.03630826132365264,0.03630826132365264
420,52.0,0.12313720752434201,0.12313720752434201,0.12313720752434201,0.1369699766849164,0.1369699766849164,0.1369699766849164
421,104.0,0.11680726800778715,0.11680726800778715,0.11680726800778715,0.23294918349032986,0.23294918349032986,0.23294918349032986
422,156.0,0.21424124297898256,0.21424124297898256,0.21424124297898256,0.28934133127506806,0.28934133127506806,0.28934133127506806
423,208.0,0.18327000515677247,0.18327000515677247,0.18327000515677247,0.2882951907719019,0.2882951907719019,0.2882951907719019
424,260.0,7.499773780462974,7.499773780462974,7.499773780462974,33.93716390819705,33.93716390819705,33.93716390819705
425,312.0,0.5103504795077968,0.5103504795077968,0.5103504795077968,0.6707136126660252,0.6707136126660252,0.6707136126660252
426,364.0,0.08029197080291971,0.08029197080291971,0.08029197080291971,0.07384517022750281,0.07384517022750281,0.07384517022750281
427,416.0,0.1861198738170347,0.1861198738170347,0.1861198738170347,0.15147926638736578,0.15147926638736578,0.15147926638736578
428,468.0,0.2041479260369815,0.2041479260369815,0.2041479260369815,0.2789133294422254,0.2789133294422254,0.2789133294422254
429,520.0,0.10040705563093623,0.10040705563093623,0.10040705563093623,0.10660770404791141,0.10660770404791141,0.10660770404791141
430,572.0,0.13736055730543312,0.13736055730543312,0.13736055730543312,0.14213977813270753,0.14213977813270753,0.14213977813270753
431,624.0,4.309584191824194,4.309584191824194,4.309584191824194,2.6305619821030173,2.6305619821030173,2.6305619821030173
432,676.0,0.13259378296432545,0.13259378296432545,0.13259378296432545,0.11895576554697425,0.11895576554697425,0.11895576554697425
433,728.0,0.5312079064835891,0.5312079064835891,0.5312079064835891,0.6259929752153066,0.6259929752153066,0.6259929752153066
434,780.0,0.1610073571024335,0.1610073571024335,0.1610073571024335,0.1362158499741696,0.1362158499741696,0.1362158499741696
435,832.0,0.05450980392156863,0.05450980392156863,0.05450980392156863,0.05546005382545173,0.05546005382545173,0.05546005382545173
436,884.0,0.3312778358477514,0.3312778358477514,0.3312778358477514,0.25517337379678506,0.25517337379678506,0.25517337379678506
437,936.0,0.25946372239747634,0.25946372239747634,0.25946372239747634,0.2962432455293614,0.2962432455293614,0.2962432455293614
438,988.0,0.0819264394111898,0.0819264394111898,0.0819264394111898,0.08584488300841009,0.08584488300841009,0.08584488300841009
439,1040.0,0.03590010405827263,0.03590010405827263,0.03590010405827263,0.03565186931320457,0.03565186931320457,0.03565186931320457
440,52.0,0.0414104620614235,0.0414104620614235,0.0414104620614235,0.0348557162505839,0.0348557162505839,0.0348557162505839
441,104.0,0.19050992074078654,0.19050992074078654,0.19050992074078654,0.21121971996086508,0.21121971996086508,0.21121971996086508
442,156.0,0.15791114432120287,0.15791114432120287,0.15791114432120287,0.2107253409996661,0.2107253409996661,0.2107253409996661
443,208.0,0.23613107942799214,0.23613107942799214,0.23613107942799214,0.38954685364817765,0.38954685364817765,0.38954685364817765
444,260.0,0.09797297297297297,0.09797297297297297,0.09797297297297297,0.1108967920623326,0.1108967920623326,0.1108967920623326
445,312.0,0.01871476888387824,0.01871476888387824,0.01871476888387824,0.018364526309501267,0.018364526309501267,0.018364526309501267
446,364.0,0.28270042194092826,0.28270042194092826,0.28270042194092826,0.2618526233331553,0.2618526233331553,0.2618526233331553
447,416.0,0.09578447261157268,0.09578447261157268,0.09578447261157268,0.09662890676361784,0.09662890676361784,0.09662890676361784
448,468.0,0.7625283427525646,0.7625283427525646,0.7625283427525646,3.5337795566800065,3.5337795566800065,3.5337795566800065
449,520.0,0.06674757281553398,0.06674757281553398,0.06674757281553398,0.06532631492129325,0.06532631492129325,0.06532631492129325
450,572.0,0.5897774704774693,0.5897774704774693,0.5897774704774693,1.4810740871889119,1.4810740871889119,1.4810740871889119
451,624.0,0.33330571304739326,0.33330571304739326,0.33330571304739326,0.5476950877372716,0.5476950877372716,0.5476950877372716
452,676.0,0.13949433304272013,0.13949433304272013,0.13949433304272013,0.12439486199927184,0.12439486199927184,0.12439486199927184
453,728.0,0.14852941176470588,0.14852941176470588,0.14852941176470588,0.12793901384083042,0.12793901384083042,0.12793901384083042
454,780.0,111.75537007143679,111.75537007143679,111.75537007143679,113.39388247817448,113.39388247817448,113.39388247817448
455,832.0,0.02994385527136619,0.02994385527136619,0.02994385527136619,0.02904722080285366,0.02904722080285366,0.02904722080285366
456,884.0,0.30941059935037735,0.30941059935037735,0.30941059935037735,0.34772254152207016,0.34772254152207016,0.34772254152207016
457,936.0,0.14074074074074075,0.14074074074074075,0.14074074074074075,0.13574759945130313,0.13574759945130313,0.13574759945130313
458,988.0,0.20917431192660552,0.20917431192660552,0.20917431192660552,0.18101674943186602,0.18101674943186602,0.18101674943186602
459,1040.0,0.16689157359491533,0.16689157359491533,0.16689157359491533,0.2357060399185923,0.2357060399185923,0.2357060399185923
460,52.0,0.0010515247108307045,0.0010515247108307045,0.0010515247108307045,0.0010504190066132173,0.0010504190066132173,0.0010504190066132173
461,104.0,0.27714637871548853,0.27714637871548853,0.27714637871548853,0.37399848803068986,0.37399848803068986,0.37399848803068986
462,156.0,0.20004706989879972,0.20004706989879972,0.20004706989879972,0.16708872454366208,0.16708872454366208,0.16708872454366208
463,208.0,0.49873881045865703,0.49873881045865703,0.49873881045865703,0.3370655124291466,0.3370655124291466,0.3370655124291466
464,260.0,0.22792477568569094,0.22792477568569094,0.22792477568569094,0.29447563151153877,0.29447563151153877,0.29447563151153877
465,312.0,0.061955469506292354,0.061955469506292354,0.061955469506292354,0.059085043515583045,0.059085043515583045,0.059085043515583045
466,364.0,1.3886436243004632,1.3886436243004632,1.3886436243004632,12.76070125474428,12.76070125474428,12.76070125474428
467,416.0,0.15183036607321465,0.15183036607321465,0.15183036607321465,0.12877790601128827,0.12877790601128827,0.12877790601128827
468,468.0,0.036016949152542374,0.036016949152542374,0.036016949152542374,0.03683837259408216,0.03683837259408216,0.03683837259408216
469,520.0,14.432354400910219,14.432354400910219,14.432354400910219,55.49835338369338,55.49835338369338,55.49835338369338
470,572.0,0.09370068311255376,0.09370068311255376,0.09370068311255376,0.1037383550833003,0.1037383550833003,0.1037383550833003
471,624.0,3.10384881282131,3.10384881282131,3.10384881282131,1.7243214250675518,1.7243214250675518,1.7243214250675518
472,676.0,0.15025906735751296,0.15025906735751296,0.15025906735751296,0.12768128003436335,0.12768128003436335,0.12768128003436335
473,728.0,0.056857575844146926,0.056857575844146926,0.056857575844146926,0.11316312635919318,0.11316312635919318,0.11316312635919318
474,780.0,0.24950232249502322,0.24950232249502322,0.24950232249502322,0.254935054241454,0.254935054241454,0.254935054241454
475,832.0,0.18744421303183575,0.18744421303183575,0.18744421303183575,0.17670638077653777,0.17670638077653777,0.17670638077653777
476,884.0,0.178743961352657,0.178743961352657,0.178743961352657,0.1951037363765782,0.1951037363765782,0.1951037363765782
477,936.0,0.22176227084565345,0.22176227084565345,0.22176227084565345,0.2660196028580012,0.2660196028580012,0.2660196028580012
478,988.0,0.18916309057294728,0.18916309057294728,0.18916309057294728,0.1911382752863033,0.1911382752863033,0.1911382752863033
479,1040.0,0.04980392156862745,0.04980392156862745,0.04980392156862745,0.050460745866974244,0.050460745866974244,0.050460745866974244
480,52.0,0.12528900950200206,0.12528900950200206,0.12528900950200206,0.11646890865869367,0.11646890865869367,0.11646890865869367
481,104.0,0.14258805313112974,0.14258805313112974,0.14258805313112974,0.14490023921545303,0.14490023921545303,0.14490023921545303
482,156.0,0.2122720437014867,0.2122720437014867,0.2122720437014867,0.22261358988001967,0.22261358988001967,0.22261358988001967
483,208.0,0.07560975609756097,0.07560975609756097,0.07560975609756097,0.08696609161213563,0.08696609161213563,0.08696609161213563
484,260.0,0.04857703631010795,0.04857703631010795,0.04857703631010795,0.04621730785343441,0.04621730785343441,0.04621730785343441
485,312.0,0.1557811608378869,0.1557811608378869,0.1557811608378869,0.13294783327493323,0.13294783327493323,0.13294783327493323
486,364.0,1.0236385313073142,1.0236385313073142,1.0236385313073142,21.48588325789805,21.48588325789805,21.48588325789805
487,416.0,0.03625601183869774,0.03625601183869774,0.03625601183869774,0.037901187880062005,0.037901187880062005,0.037901187880062005
488,468.0,0.165821868211441,0.165821868211441,0.165821868211441,0.14991078362026067,0.14991078362026067,0.14991078362026067
489,520.0,0.20359173658737031,0.20359173658737031,0.20359173658737031,0.168216939523151,0.168216939523151,0.168216939523151
490,572.0,0.2642740619902121,0.2642740619902121,0.2642740619902121,0.31515106355234207,0.31515106355234207,0.31515106355234207
491,624.0,0.01997579657501885,0.01997579657501885,0.01997579657501885,0.020663193987034444,0.020663193987034444,0.020663193987034444
492,676.0,0.3399327764148129,0.3399327764148129,0.3399327764148129,0.4592221772687993,0.4592221772687993,0.4592221772687993
493,728.0,0.4261438293781952,0.4261438293781952,0.4261438293781952,0.5382595518479211,0.5382595518479211,0.5382595518479211
494,780.0,0.013076168682576005,0.013076168682576005,0.013076168682576005,0.013558990929289624,0.013558990929289624,0.013558990929289624
495,832.0,0.11512381072096713,0.11512381072096713,0.11512381072096713,0.10254590285010412,0.10254590285010412,0.10254590285010412
496,884.0,0.26658119167460154,0.26658119167460154,0.26658119167460154,0.48519832431679466,0.48519832431679466,0.48519832431679466
497,936.0,0.2424665464329036,0.2424665464329036,0.2424665464329036,1.662420546817418,1.662420546817418,1.662420546817418
498,988.0,0.08696437650453283,0.08696437650453283,0.08696437650453283,0.11542213020179644,0.11542213020179644,0.11542213020179644
499,1040.0,0.09222587100032903,0.09222587100032903,0.09222587100032903,0.08856166449258468,0.08856166449258468,0.08856166449258468
500,52.0,0.18526820363155672,0.18526820363155672,0.18526820363155672,0.26568151533977513,0.26568151533977513,0.26568151533977513
501,104.0,0.061793902104170136,0.061793902104170136,0.061793902104170136,0.06360191453256414,0.06360191453256414,0.06360191453256414
502,156.0,0.23052216817218624,0.23052216817218624,0.23052216817218624,0.2343595151393466,0.2343595151393466,0.2343595151393466
503,208.0,0.13009404388714735,0.13009404388714735,0.13009404388714735,0.11943917610872531,0.11943917610872531,0.11943917610872531
504,260.0,0.16666666666666666,0.16666666666666666,0.16666666666666666,0.18888888888888894,0.18888888888888894,0.18888888888888894
505,312.0,0.15399737876802097,0.15399737876802097,0.15399737876802097,0.1315928020901147,0.1315928020901147,0.1315928020901147
506,364.0,0.19518008618224789,0.19518008618224789,0.19518008618224789,0.17927300675989744,0.17927300675989744,0.17927300675989744
507,416.0,0.40107318983304246,0.40107318983304246,0.40107318983304246,0.5104638252665348,0.5104638252665348,0.5104638252665348
508,468.0,0.14730250207952902,0.14730250207952902,0.14730250207952902,0.14902678507558328,0.14902678507558328,0.14902678507558328
509,520.0,0.18776077885952713,0.18776077885952713,0.18776077885952713,0.32496842121552694,0.32496842121552694,0.32496842121552694
510,572.0,0.07749077490774908,0.07749077490774908,0.07749077490774908,0.07148595471194562,0.07148595471194562,0.07148595471194562
511,624.0,0.2757679187644956,0.2757679187644956,0.2757679187644956,0.28441159347491085,0.28441159347491085,0.28441159347491085
512,676.0,0.23274397829376975,0.23274397829376975,0.23274397829376975,0.5323757018719032,0.5323757018719032,0.5323757018719032
513,728.0,0.013868838740273197,0.013868838740273197,0.013868838740273197,0.012508924517022034,0.012508924517022034,0.012508924517022034
514,780.0,0.07801418439716312,0.07801418439716312,0.07801418439716312,0.10029676575624967,0.10029676575624967,0.10029676575624967
515,832.0,0.13326658022089602,0.13326658022089602,0.13326658022089602,0.24064685851567522,0.24064685851567522,0.24064685851567522
516,884.0,0.07753050969131371,0.07753050969131371,0.07753050969131371,0.07151952975831884,0.07151952975831884,0.07151952975831884
517,936.0,0.16110789395222383,0.16110789395222383,0.16110789395222383,0.16610104448494842,0.16610104448494842,0.16610104448494842
518,988.0,0.15629465919250293,0.15629465919250293,0.15629465919250293,0.14629559604696277,0.14629559604696277,0.14629559604696277
519,1040.0,0.015151515151515152,0.015151515151515152,0.015151515151515152,0.016004197822379638,0.016004197822379638,0.016004197822379638
520,52.0,0.18268739879075607,0.18268739879075607,0.18268739879075607,0.18905786717508533,0.18905786717508533,0.18905786717508533
521,104.0,0.05581902709013384,0.05581902709013384,0.05581902709013384,0.0568506316066979,0.0568506316066979,0.0568506316066979
522,156.0,0.1543635899129687,0.1543635899129687,0.1543635899129687,0.11236193512224246,0.11236193512224246,0.11236193512224246
523,208.0,0.1445217540409327,0.1445217540409327,0.1445217540409327,0.16087356740894815,0.16087356740894815,0.16087356740894815
524,260.0,0.23510585631451894,0.23510585631451894,0.23510585631451894,0.20110200307242396,0.20110200307242396,0.20110200307242396
525,312.0,2.7896993826354146,2.7896993826354146,2.7896993826354146,3.206943316791192,3.206943316791192,3.206943316791192
526,364.0,0.3447613920923376,0.3447613920923376,0.3447613920923376,0.34012371481701176,0.34012371481701176,0.34012371481701176
527,416.0,0.05442176870748299,0.05442176870748299,0.05442176870748299,0.06441760377620435,0.06441760377620435,0.06441760377620435
528,468.0,1.651564044428252,1.651564044428252,1.651564044428252,24.393153626847695,24.393153626847695,24.393153626847695
529,520.0,39.404059573439554,39.404059573439554,39.404059573439554,46.74109759795552,46.74109759795552,46.74109759795552
530,572.0,0.16926503340757237,0.16926503340757237,0.16926503340757237,0.18515781171720372,0.18515781171720372,0.18515781171720372
531,624.0,0.08140418626712814,0.08140418626712814,0.08140418626712814,0.08003765069121448,0.08003765069121448,0.08003765069121448
532,676.0,0.03527645734300726,0.03527645734300726,0.03527645734300726,0.03903578171494521,0.03903578171494521,0.03903578171494521
533,728.0,0.3054394424472675,0.3054394424472675,0.3054394424472675,0.42601972833393087,0.42601972833393087,0.42601972833393087
534,780.0,0.04951456310679612,0.04951456310679612,0.04951456310679612,0.05094636629277029,0.05094636629277029,0.05094636629277029
535,832.0,0.9480552597022541,0.9480552597022541,0.9480552597022541,0.9735258041442519,0.9735258041442519,0.9735258041442519
536,884.0,0.11084090222199347,0.11084090222199347,0.11084090222199347,0.10045405139733382,0.10045405139733382,0.10045405139733382
537,936.0,114.98908584145023,114.98908584145023,114.98908584145023,108.75043243684482,108.75043243684482,108.75043243684482
538,988.0,0.28279673234022107,0.28279673234022107,0.28279673234022107,0.3191129855923979,0.3191129855923979,0.3191129855923979
539,1040.0,196.02690582959642,196.02690582959642,196.02690582959642,163.03066621086288,163.03066621086288,163.03066621086288
540,52.0,0.11225997045790251,0.11225997045790251,0.11225997045790251,0.13510818647739944,0.13510818647739944,0.13510818647739944
541,104.0,0.08281358281358281,0.08281358281358281,0.08281358281358281,0.07942049678016415,0.07942049678016415,0.07942049678016415
542,156.0,0.22999605634159928,0.22999605634159928,0.22999605634159928,0.7640841743663888,0.7640841743663888,0.7640841743663888
543,208.0,0.14656542929408906,0.14656542929408906,0.14656542929408906,0.15336428227449317,0.15336428227449317,0.15336428227449317
544,260.0,1.02229714222492,1.02229714222492,1.02229714222492,1.559503257125276,1.559503257125276,1.559503257125276
545,312.0,0.2196078431372549,0.2196078431372549,0.2196078431372549,0.17922337562475973,0.17922337562475973,0.17922337562475973
546,364.0,0.29588925542501626,0.29588925542501626,0.29588925542501626,0.23880529397231198,0.23880529397231198,0.23880529397231198
547,416.0,53.99147079713328,53.99147079713328,53.99147079713328,96.83273834651183,96.83273834651183,96.83273834651183
548,468.0,0.16033254156769597,0.16033254156769597,0.16033254156769597,0.15125309606693713,0.15125309606693713,0.15125309606693713
549,520.0,0.16989982533934977,0.16989982533934977,0.16989982533934977,0.16030964004493448,0.16030964004493448,0.16030964004493448
550,572.0,0.30926749803395615,0.30926749803395615,0.30926749803395615,0.2520607624494428,0.2520607624494428,0.2520607624494428
551,624.0,0.11809088342522932,0.11809088342522932,0.11809088342522932,0.11336620159552394,0.11336620159552394,0.11336620159552394
552,676.0,0.11206896551724138,0.11206896551724138,0.11206896551724138,0.13399227110582637,0.13399227110582637,0.13399227110582637
553,728.0,0.3578377570363047,0.3578377570363047,0.3578377570363047,0.46774113387401095,0.46774113387401095,0.46774113387401095
554,780.0,0.018621365566808233,0.018621365566808233,0.018621365566808233,0.01827461031123552,0.01827461031123552,0.01827461031123552
555,832.0,0.061168384879725084,0.061168384879725084,0.061168384879725084,0.06750699684699046,0.06750699684699046,0.06750699684699046
556,884.0,0.24144988285610242,0.24144988285610242,0.24144988285610242,0.33892399231918385,0.33892399231918385,0.33892399231918385
557,936.0,0.1806282722513089,0.1806282722513089,0.1806282722513089,0.14800169951481595,0.14800169951481595,0.14800169951481595
558,988.0,0.22422482071714855,0.22422482071714855,0.22422482071714855,0.2339855558872068,0.2339855558872068,0.2339855558872068
559,1040.0,0.7998757189084262,0.7998757189084262,0.7998757189084262,4.77839927456984,4.77839927456984,4.77839927456984
560,52.0,0.15847504894739164,0.15847504894739164,0.15847504894739164,0.12685472673028403,0.12685472673028403,0.12685472673028403
561,104.0,0.427654870995643,0.427654870995643,0.427654870995643,0.4108955365496851,0.4108955365496851,0.4108955365496851
562,156.0,0.3489446805650721,0.3489446805650721,0.3489446805650721,0.725134255662754,0.725134255662754,0.725134255662754
563,208.0,0.5712333563860367,0.5712333563860367,0.5712333563860367,0.6088059257012033,0.6088059257012033,0.6088059257012033
564,260.0,21.65646699822189,21.65646699822189,21.65646699822189,26.924295856295767,26.924295856295767,26.924295856295767
565,312.0,0.4523601700234748,0.4523601700234748,0.4523601700234748,0.5598340874787721,0.5598340874787721,0.5598340874787721
566,364.0,0.46821681333322396,0.46821681333322396,0.46821681333322396,1.041917801528946,1.041917801528946,1.041917801528946
567,416.0,0.7312620826142666,0.7312620826142666,0.7312620826142666,0.760579626924916,0.760579626924916,0.760579626924916
568,468.0,0.04523332379043802,0.04523332379043802,0.04523332379043802,0.043187270209307425,0.043187270209307425,0.043187270209307425
569,520.0,0.07371794871794872,0.07371794871794872,0.07371794871794872,0.07309130506245891,0.07309130506245891,0.07309130506245891
570,572.0,0.5268134154954158,0.5268134154954158,0.5268134154954158,0.595315331589057,0.595315331589057,0.595315331589057
571,624.0,0.06851313813924881,0.06851313813924881,0.06851313813924881,0.07469683858194345,0.07469683858194345,0.07469683858194345
572,676.0,0.41771697477217024,0.41771697477217024,0.41771697477217024,0.39634640161651497,0.39634640161651497,0.39634640161651497
573,728.0,0.028713052894681092,0.028713052894681092,0.028713052894681092,0.03158726923934,0.03158726923934,0.03158726923934
574,780.0,0.7447203535963279,0.7447203535963279,0.7447203535963279,1.0191199921056306,1.0191199921056306,1.0191199921056306
575,832.0,0.5365040555100553,0.5365040555100553,0.5365040555100553,0.8354861963750221,0.8354861963750221,0.8354861963750221
576,884.0,0.40294101392001547,0.40294101392001547,0.40294101392001547,0.42902257482941,0.42902257482941,0.42902257482941
577,936.0,0.3395770524637602,0.3395770524637602,0.3395770524637602,0.3197285105865673,0.3197285105865673,0.3197285105865673
578,988.0,0.2298919567827131,0.2298919567827131,0.2298919567827131,0.20945461017540265,0.20945461017540265,0.20945461017540265
579,1040.0,0.2044526890501295,0.2044526890501295,0.2044526890501295,0.20433640579840293,0.20433640579840293,0.20433640579840293
580,52.0,0.16525692543143386,0.16525692543143386,0.16525692543143386,0.19745171056093702,0.19745171056093702,0.19745171056093702
581,104.0,0.12624677019606212,0.12624677019606212,0.12624677019606212,0.2723510073232462,0.2723510073232462,0.2723510073232462
582,156.0,0.2684993799090533,0.2684993799090533,0.2684993799090533,0.504799360375804,0.504799360375804,0.504799360375804
583,208.0,0.0720968629609246,0.0720968629609246,0.0720968629609246,0.07680534449758881,0.07680534449758881,0.07680534449758881
584,260.0,0.6560302332685025,0.6560302332685025,0.6560302332685025,0.7033005663353569,0.7033005663353569,0.7033005663353569
585,312.0,0.3932428616128874,0.3932428616128874,0.3932428616128874,0.3758740565763699,0.3758740565763699,0.3758740565763699
586,364.0,0.29113288863126313,0.29113288863126313,0.29113288863126313,0.302673144211815,0.302673144211815,0.302673144211815
587,416.0,52.770736828013526,52.770736828013526,52.770736828013526,57.346355523346176,57.346355523346176,57.346355523346176
588,468.0,0.32067265874166423,0.32067265874166423,0.32067265874166423,0.34309540140090444,0.34309540140090444,0.34309540140090444
589,520.0,0.10171821305841924,0.10171821305841924,0.10171821305841924,0.09320437878626846,0.09320437878626846,0.09320437878626846
590,572.0,0.23494844166794052,0.23494844166794052,0.23494844166794052,0.6131486606581366,0.6131486606581366,0.6131486606581366
591,624.0,0.0624618514750763,0.0624618514750763,0.0624618514750763,0.0666987205691051,0.0666987205691051,0.0666987205691051
592,676.0,0.016449051053403902,0.016449051053403902,0.016449051053403902,0.015242267715776922,0.015242267715776922,0.015242267715776922
593,728.0,0.11392405063291139,0.11392405063291139,0.11392405063291139,0.10094536132030128,0.10094536132030128,0.10094536132030128
594,780.0,0.22371032239007663,0.22371032239007663,0.22371032239007663,0.3442862038102664,0.3442862038102664,0.3442862038102664
595,832.0,0.31110204283036125,0.31110204283036125,0.31110204283036125,0.40689736637255314,0.40689736637255314,0.40689736637255314
596,884.0,0.041504539559014265,0.041504539559014265,0.041504539559014265,0.039781912755008496,0.039781912755008496,0.039781912755008496
597,936.0,112.86513090318286,112.86513090318286,112.86513090318286,104.47130150345033,104.47130150345033,104.47130150345033
598,988.0,0.11834319526627218,0.11834319526627218,0.11834319526627218,0.10433808340044115,0.10433808340044115,0.10433808340044115
599,1040.0,0.05855836136174476,0.05855836136174476,0.05855836136174476,0.06240520065585533,0.06240520065585533,0.06240520065585533
600,52.0,0.07216860648479878,0.07216860648479878,0.07216860648479878,0.061624255482638134,0.061624255482638134,0.061624255482638134
601,104.0,0.07223796033994334,0.07223796033994334,0.07223796033994334,0.08118394337487661,0.08118394337487661,0.08118394337487661
602,156.0,0.09226460696453034,0.09226460696453034,0.09226460696453034,0.07942304766065499,0.07942304766065499,0.07942304766065499
603,208.0,0.38010229063438716,0.38010229063438716,0.38010229063438716,0.6674941942101289,0.6674941942101289,0.6674941942101289
604,260.0,0.05752307123631328,0.05752307123631328,0.05752307123631328,0.04704042757441026,0.04704042757441026,0.04704042757441026
605,312.0,0.25867126172702765,0.25867126172702765,0.25867126172702765,0.26065125457683275,0.26065125457683275,0.26065125457683275
606,364.0,0.6680814423566693,0.6680814423566693,0.6680814423566693,0.6194941065014418,0.6194941065014418,0.6194941065014418
607,416.0,0.009579563597658328,0.009579563597658328,0.009579563597658328,0.01055219151423212,0.01055219151423212,0.01055219151423212
608,468.0,71.63482822960691,71.63482822960691,71.63482822960691,64.69832695558054,64.69832695558054,64.69832695558054
609,520.0,0.1631526715622779,0.1631526715622779,0.1631526715622779,0.5493158792153542,0.5493158792153542,0.5493158792153542
610,572.0,0.2720189312363598,0.2720189312363598,0.2720189312363598,0.3276196692288091,0.3276196692288091,0.3276196692288091
611,624.0,0.06914614981665794,0.06914614981665794,0.06914614981665794,0.0664602976554223,0.0664602976554223,0.0664602976554223
612,676.0,0.17398330464237186,0.17398330464237186,0.17398330464237186,0.20272219758574853,0.20272219758574853,0.20272219758574853
613,728.0,0.10703379111250474,0.10703379111250474,0.10703379111250474,0.12145056321245011,0.12145056321245011,0.12145056321245011
614,780.0,0.38654492554372555,0.38654492554372555,0.38654492554372555,0.41468583825123967,0.41468583825123967,0.41468583825123967
615,832.0,0.27333089946075784,0.27333089946075784,0.27333089946075784,0.27985484183880177,0.27985484183880177,0.27985484183880177
616,884.0,0.15709130349985226,0.15709130349985226,0.15709130349985226,0.15599301200739005,0.15599301200739005,0.15599301200739005
617,936.0,0.07652533609100311,0.07652533609100311,0.07652533609100311,0.08101047066108145,0.08101047066108145,0.08101047066108145
618,988.0,0.08599158530248185,0.08599158530248185,0.08599158530248185,0.09732300897888607,0.09732300897888607,0.09732300897888607
619,1040.0,81.46862288228924,81.46862288228924,81.46862288228924,83.63253656246513,83.63253656246513,83.63253656246513
620,52.0,0.35195764030534504,0.35195764030534504,0.35195764030534504,0.657241972260028,0.657241972260028,0.657241972260028
621,104.0,0.16954098205641593,0.16954098205641593,0.16954098205641593,0.23707031005359028,0.23707031005359028,0.23707031005359028
622,156.0,0.08750719631548647,0.08750719631548647,0.08750719631548647,0.15353995748995164,0.15353995748995164,0.15353995748995164
623,208.0,10.773927810244109,10.773927810244109,10.773927810244109,24.414029141698187,24.414029141698187,24.414029141698187
624,260.0,0.2375102163263945,0.2375102163263945,0.2375102163263945,0.23629189335712197,0.23629189335712197,0.23629189335712197
625,312.0,0.2311268166666778,0.2311268166666778,0.2311268166666778,0.6993592010652597,0.6993592010652597,0.6993592010652597
626,364.0,0.2362237681631705,0.2362237681631705,0.2362237681631705,0.2127743255592702,0.2127743255592702,0.2127743255592702
627,416.0,0.5314385376635271,0.5314385376635271,0.5314385376635271,0.5984960278985583,0.5984960278985583,0.5984960278985583
628,468.0,0.23316893535327657,0.23316893535327657,0.23316893535327657,0.43739860345671433,0.43739860345671433,0.43739860345671433
629,520.0,0.05161290322580645,0.05161290322580645,0.05161290322580645,0.04894901144640997,0.04894901144640997,0.04894901144640997
630,572.0,0.2946436496266217,0.2946436496266217,0.2946436496266217,0.41352546725600875,0.41352546725600875,0.41352546725600875
631,624.0,0.07530593034201444,0.07530593034201444,0.07530593034201444,0.07465534255347238,0.07465534255347238,0.07465534255347238
632,676.0,0.20746779516738065,0.20746779516738065,0.20746779516738065,0.19819384382868893,0.19819384382868893,0.19819384382868893
633,728.0,0.29522891088734166,0.29522891088734166,0.29522891088734166,0.6452454921061147,0.6452454921061147,0.6452454921061147
634,780.0,0.17889687662334539,0.17889687662334539,0.17889687662334539,0.15449236516353568,0.15449236516353568,0.15449236516353568
635,832.0,0.2962962962962963,0.2962962962962963,0.2962962962962963,0.24785665294924553,0.24785665294924553,0.24785665294924553
636,884.0,0.02615311459819306,0.02615311459819306,0.02615311459819306,0.026420151544032048,0.026420151544032048,0.026420151544032048
637,936.0,0.225182206584569,0.225182206584569,0.225182206584569,0.19860184541347728,0.19860184541347728,0.19860184541347728
638,988.0,0.019230769230769232,0.019230769230769232,0.019230769230769232,0.018860946745562133,0.018860946745562133,0.018860946745562133
639,1040.0,0.16514061478090256,0.16514061478090256,0.16514061478090256,0.1751484596257829,0.1751484596257829,0.1751484596257829
640,52.0,0.16645565593659872,0.16645565593659872,0.16645565593659872,0.1957771456716076,0.1957771456716076,0.1957771456716076
641,104.0,0.0025575447570332483,0.0025575447570332483,0.0025575447570332483,0.002551003721849021,0.002551003721849021,0.002551003721849021
642,156.0,0.017439293598233995,0.017439293598233995,0.017439293598233995,0.017135164637028584,0.017135164637028584,0.017135164637028584
643,208.0,0.5510274751106495,0.5510274751106495,0.5510274751106495,0.5552009066661073,0.5552009066661073,0.5552009066661073
644,260.0,0.35950823203956644,0.35950823203956644,0.35950823203956644,0.4965829295797916,0.4965829295797916,0.4965829295797916
645,312.0,0.07020109689213894,0.07020109689213894,0.07020109689213894,0.06966047144303814,0.06966047144303814,0.06966047144303814
646,364.0,0.18398876404494383,0.18398876404494383,0.18398876404494383,0.19227173021083196,0.19227173021083196,0.19227173021083196
647,416.0,0.601944480904873,0.601944480904873,0.601944480904873,0.5495826171786221,0.5495826171786221,0.5495826171786221
648,468.0,0.465969251823449,0.465969251823449,0.465969251823449,0.47166271391604114,0.47166271391604114,0.47166271391604114
649,520.0,0.001464986815118664,0.001464986815118664,0.001464986815118664,0.0014628406287501927,0.0014628406287501927,0.0014628406287501927
650,572.0,0.21390374331550802,0.21390374331550802,0.21390374331550802,0.1681489319111213,0.1681489319111213,0.1681489319111213
651,624.0,0.30789336121275485,0.30789336121275485,0.30789336121275485,0.3584165239130619,0.3584165239130619,0.3584165239130619
652,676.0,0.10593900481540931,0.10593900481540931,0.10593900481540931,0.09792620494732422,0.09792620494732422,0.09792620494732422
653,728.0,0.15775635407537247,0.15775635407537247,0.15775635407537247,0.17318479953236893,0.17318479953236893,0.17318479953236893
654,780.0,0.07307987630738795,0.07307987630738795,0.07307987630738795,0.07261595160975777,0.07261595160975777,0.07261595160975777
655,832.0,0.0651509261937126,0.0651509261937126,0.0651509261937126,0.06129720448678414,0.06129720448678414,0.06129720448678414
656,884.0,0.27079512293968233,0.27079512293968233,0.27079512293968233,0.2507411856520963,0.2507411856520963,0.2507411856520963
657,936.0,0.19697910200703497,0.19697910200703497,0.19697910200703497,0.17348973616579821,0.17348973616579821,0.17348973616579821
658,988.0,0.19829317269076305,0.19829317269076305,0.19829317269076305,0.1800573277043918,0.1800573277043918,0.1800573277043918
659,1040.0,0.09448264322018568,0.09448264322018568,0.09448264322018568,0.08976935832598003,0.08976935832598003,0.08976935832598003
660,52.0,0.18844479400462152,0.18844479400462152,0.18844479400462152,0.253834401745478,0.253834401745478,0.253834401745478
661,104.0,0.649990745285175,0.649990745285175,0.649990745285175,0.9168039554185173,0.9168039554185173,0.9168039554185173
662,156.0,0.3816770413648207,0.3816770413648207,0.3816770413648207,0.38666262429256293,0.38666262429256293,0.38666262429256293
663,208.0,0.3891625615763547,0.3891625615763547,0.3891625615763547,0.35594166322890625,0.35594166322890625,0.35594166322890625
664,260.0,26.818825436905136,26.818825436905136,26.818825436905136,32.338530685392556,32.338530685392556,32.338530685392556
665,312.0,0.2004663693026749,0.2004663693026749,0.2004663693026749,0.31026120901528526,0.31026120901528526,0.31026120901528526
666,364.0,0.5001456646943443,0.5001456646943443,0.5001456646943443,1.0673555468561309,1.0673555468561309,1.0673555468561309
667,416.0,0.09854132901134521,0.09854132901134521,0.09854132901134521,0.09725881231136176,0.09725881231136176,0.09725881231136176
668,468.0,0.0784273533636272,0.0784273533636272,0.0784273533636272,0.07557491651546316,0.07557491651546316,0.07557491651546316
669,520.0,0.16114849371554535,0.16114849371554535,0.16114849371554535,0.1396108490076094,0.1396108490076094,0.1396108490076094
670,572.0,0.24920123667288707,0.24920123667288707,0.24920123667288707,0.37405881865938606,0.37405881865938606,0.37405881865938606
671,624.0,0.2497850415833994,0.2497850415833994,0.2497850415833994,0.22311216309764018,0.22311216309764018,0.22311216309764018
672,676.0,0.1534951254926364,0.1534951254926364,0.1534951254926364,0.12993437194263618,0.12993437194263618,0.12993437194263618
673,728.0,0.33570340192529485,0.33570340192529485,0.33570340192529485,0.3246684157801422,0.3246684157801422,0.3246684157801422
674,780.0,0.32066447731889286,0.32066447731889286,0.32066447731889286,0.3043100334896811,0.3043100334896811,0.3043100334896811
675,832.0,0.4258060842013212,0.4258060842013212,0.4258060842013212,0.4345485519610531,0.4345485519610531,0.4345485519610531
676,884.0,0.280850737162978,0.280850737162978,0.280850737162978,0.2726084628832231,0.2726084628832231,0.2726084628832231
677,936.0,0.016544946277457697,0.016544946277457697,0.016544946277457697,0.02018091852159939,0.02018091852159939,0.02018091852159939
678,988.0,0.8617045121947373,0.8617045121947373,0.8617045121947373,0.820573155539577,0.820573155539577,0.820573155539577
679,1040.0,0.2724706205847195,0.2724706205847195,0.2724706205847195,0.27892443090765195,0.27892443090765195,0.27892443090765195
680,52.0,0.21064938594616076,0.21064938594616076,0.21064938594616076,0.31659056699861954,0.31659056699861954,0.31659056699861954
681,104.0,0.3121276741280181,0.3121276741280181,0.3121276741280181,0.32496620249049124,0.32496620249049124,0.32496620249049124
682,156.0,0.5932754724649969,0.5932754724649969,0.5932754724649969,1.0210102982242963,1.0210102982242963,1.0210102982242963
683,208.0,1.4590862112084046,1.4590862112084046,1.4590862112084046,26.706110508028434,26.706110508028434,26.706110508028434
684,260.0,0.23938944518936414,0.23938944518936414,0.23938944518936414,0.27332950169698456,0.27332950169698456,0.27332950169698456
685,312.0,0.23191752180699476,0.23191752180699476,0.23191752180699476,0.217001118416562,0.217001118416562,0.217001118416562
686,364.0,0.4058476854557291,0.4058476854557291,0.4058476854557291,0.4107259882936815,0.4107259882936815,0.4107259882936815
687,416.0,0.08016877637130802,0.08016877637130802,0.08016877637130802,0.0737417436664352,0.0737417436664352,0.0737417436664352
688,468.0,0.11552339014944467,0.11552339014944467,0.11552339014944467,0.12766535103758472,0.12766535103758472,0.12766535103758472
689,520.0,0.02101067343049227,0.02101067343049227,0.02101067343049227,0.022474411930432724,0.022474411930432724,0.022474411930432724
690,572.0,0.42369158283101366,0.42369158283101366,0.42369158283101366,0.3753274183203205,0.3753274183203205,0.3753274183203205
691,624.0,0.09955947136563877,0.09955947136563877,0.09955947136563877,0.09140949756447826,0.09140949756447826,0.09140949756447826
692,676.0,90.58497045880351,90.58497045880351,90.58497045880351,92.73255519528868,92.73255519528868,92.73255519528868
693,728.0,0.10594781458482558,0.10594781458482558,0.10594781458482558,0.12138644128285461,0.12138644128285461,0.12138644128285461
694,780.0,0.0783790065073635,0.0783790065073635,0.0783790065073635,0.08081358379561189,0.08081358379561189,0.08081358379561189
695,832.0,0.42928705588236177,0.42928705588236177,0.42928705588236177,0.4154762584678685,0.4154762584678685,0.4154762584678685
696,884.0,0.4138606925262126,0.4138606925262126,0.4138606925262126,0.4242874269788595,0.4242874269788595,0.4242874269788595
697,936.0,0.7644290723614822,0.7644290723614822,0.7644290723614822,0.8295021458590407,0.8295021458590407,0.8295021458590407
698,988.0,1.3419042688634257,1.3419042688634257,1.3419042688634257,2.438820247807259,2.438820247807259,2.438820247807259
699,1040.0,0.043375315516714356,0.043375315516714356,0.043375315516714356,0.047224297839164237,0.047224297839164237,0.047224297839164237
700,52.0,0.20007183012373833,0.20007183012373833,0.20007183012373833,0.34915661765360606,0.34915661765360606,0.34915661765360606
701,104.0,0.43161737572833175,0.43161737572833175,0.43161737572833175,0.4401707496627124,0.4401707496627124,0.4401707496627124
702,156.0,0.1532399299474606,0.1532399299474606,0.1532399299474606,0.14289230495551175,0.14289230495551175,0.14289230495551175
703,208.0,0.20953211275791922,0.20953211275791922,0.20953211275791922,0.1784153870100378,0.1784153870100378,0.1784153870100378
704,260.0,0.4477642831768094,0.4477642831768094,0.4477642831768094,0.45207803585215844,0.45207803585215844,0.45207803585215844
705,312.0,0.023707870203445346,0.023707870203445346,0.023707870203445346,0.023061731076387572,0.023061731076387572,0.023061731076387572
706,364.0,55.46912533327193,55.46912533327193,55.46912533327193,60.527828537482634,60.527828537482634,60.527828537482634
707,416.0,0.934217915224014,0.934217915224014,0.934217915224014,1.626331377609248,1.626331377609248,1.626331377609248
708,468.0,0.09655172413793103,0.09655172413793103,0.09655172413793103,0.09067776456599287,0.09067776456599287,0.09067776456599287
709,520.0,0.22881273625625115,0.22881273625625115,0.22881273625625115,0.22384805604792166,0.22384805604792166,0.22384805604792166
710,572.0,0.06319702602230483,0.06319702602230483,0.06319702602230483,0.06589461173836736,0.06589461173836736,0.06589461173836736
711,624.0,0.037527593818984545,0.037527593818984545,0.037527593818984545,0.03611927352114186,0.03611927352114186,0.03611927352114186
712,676.0,0.060891121800014034,0.060891121800014034,0.060891121800014034,0.06043647797778654,0.06043647797778654,0.06043647797778654
713,728.0,0.19974245326414455,0.19974245326414455,0.19974245326414455,0.24869466928425876,0.24869466928425876,0.24869466928425876
714,780.0,0.20377998546159437,0.20377998546159437,0.20377998546159437,0.17485365452551468,0.17485365452551468,0.17485365452551468
715,832.0,0.058823529411764705,0.058823529411764705,0.058823529411764705,0.05536332179930797,0.05536332179930797,0.05536332179930797
716,884.0,0.2492046659597031,0.2492046659597031,0.2492046659597031,0.25072842364736986,0.25072842364736986,0.25072842364736986
717,936.0,0.07914893617021276,0.07914893617021276,0.07914893617021276,0.07969289271163423,0.07969289271163423,0.07969289271163423
718,988.0,0.21193884847141167,0.21193884847141167,0.21193884847141167,0.2642455046531313,0.2642455046531313,0.2642455046531313
719,1040.0,0.4005718652557605,0.4005718652557605,0.4005718652557605,0.5373539356777943,0.5373539356777943,0.5373539356777943
720,52.0,0.2995867064147568,0.2995867064147568,0.2995867064147568,0.5766102589948652,0.5766102589948652,0.5766102589948652
721,104.0,0.17902332581809607,0.17902332581809607,0.17902332581809607,0.13994730718311021,0.13994730718311021,0.13994730718311021
722,156.0,10.401134827546034,10.401134827546034,10.401134827546034,16.33514878039091,16.33514878039091,16.33514878039091
723,208.0,0.6304101073469129,0.6304101073469129,0.6304101073469129,0.812398316988884,0.812398316988884,0.812398316988884
724,260.0,0.08592321755027423,0.08592321755027423,0.08592321755027423,0.10413456814467478,0.10413456814467478,0.10413456814467478
725,312.0,0.30962653141402213,0.30962653141402213,0.30962653141402213,0.3873362565544548,0.3873362565544548,0.3873362565544548
726,364.0,0.2075306479859895,0.2075306479859895,0.2075306479859895,0.23451421753705823,0.23451421753705823,0.23451421753705823
727,416.0,0.0,0.0,0.0,0.0,0.0,0.0
728,468.0,0.4579446302360978,0.4579446302360978,0.4579446302360978,0.45953510501202866,0.45953510501202866,0.45953510501202866
729,520.0,0.25,0.25,0.25,0.7060185185185185,0.7060185185185185,0.7060185185185185
730,572.0,0.13047256715514688,0.13047256715514688,0.13047256715514688,0.1375191328738671,0.1375191328738671,0.1375191328738671
731,624.0,0.1007423117709438,0.1007423117709438,0.1007423117709438,0.09483507993824003,0.09483507993824003,0.09483507993824003
732,676.0,0.06855791962174941,0.06855791962174941,0.06855791962174941,0.08479660328158894,0.08479660328158894,0.08479660328158894
733,728.0,0.0573792367227115,0.0573792367227115,0.0573792367227115,0.054086859915830544,0.054086859915830544,0.054086859915830544
734,780.0,0.23346272190136588,0.23346272190136588,0.23346272190136588,0.2305720682277621,0.2305720682277621,0.2305720682277621
735,832.0,0.014697691843342233,0.014697691843342233,0.014697691843342233,0.014650297103042628,0.014650297103042628,0.014650297103042628
736,884.0,0.22123368920521946,0.22123368920521946,0.22123368920521946,0.20194533447595084,0.20194533447595084,0.20194533447595084
737,936.0,0.5281290885303096,0.5281290885303096,0.5281290885303096,0.7760295132096795,0.7760295132096795,0.7760295132096795
738,988.0,0.4079627963486056,0.4079627963486056,0.4079627963486056,0.5257441065251126,0.5257441065251126,0.5257441065251126
739,1040.0,0.12644714252987663,0.12644714252987663,0.12644714252987663,0.12446602434571687,0.12446602434571687,0.12446602434571687
740,52.0,0.9302973667228962,0.9302973667228962,0.9302973667228962,3.896310847773928,3.896310847773928,3.896310847773928
741,104.0,0.22846171192801937,0.22846171192801937,0.22846171192801937,0.294163453270605,0.294163453270605,0.294163453270605
742,156.0,0.09830310122878877,0.09830310122878877,0.09830310122878877,0.10209776418581833,0.10209776418581833,0.10209776418581833
743,208.0,0.03970223325062035,0.03970223325062035,0.03970223325062035,0.041434485363085374,0.041434485363085374,0.041434485363085374
744,260.0,0.3724055205894038,0.3724055205894038,0.3724055205894038,0.4320672948847443,0.4320672948847443,0.4320672948847443
745,312.0,42.72067331879531,42.72067331879531,42.72067331879531,67.20118798464884,67.20118798464884,67.20118798464884
746,364.0,0.04220558202859088,0.04220558202859088,0.04220558202859088,0.04223956472491084,0.04223956472491084,0.04223956472491084
747,416.0,0.04804270462633452,0.04804270462633452,0.04804270462633452,0.0457346031585213,0.0457346031585213,0.0457346031585213
748,468.0,0.25745909528392685,0.25745909528392685,0.25745909528392685,0.23448478538166465,0.23448478538166465,0.23448478538166465
749,520.0,0.5194633251423088,0.5194633251423088,0.5194633251423088,0.5022596696502523,0.5022596696502523,0.5022596696502523
750,572.0,0.0003969829297340214,0.0003969829297340214,0.0003969829297340214,0.0003968253342875212,0.0003968253342875212,0.0003968253342875212
751,624.0,0.9749179542366911,0.9749179542366911,0.9749179542366911,1.7736611289259294,1.7736611289259294,1.7736611289259294
752,676.0,1.3236677662196368,1.3236677662196368,1.3236677662196368,1.4595881916828484,1.4595881916828484,1.4595881916828484
753,728.0,0.375,0.375,0.375,0.484375,0.484375,0.484375
754,780.0,0.40606731668839985,0.40606731668839985,0.40606731668839985,0.35492893902453276,0.35492893902453276,0.35492893902453276
755,832.0,0.5582661593529257,0.5582661593529257,0.5582661593529257,0.5087895380624657,0.5087895380624657,0.5087895380624657
756,884.0,0.07004310344827586,0.07004310344827586,0.07004310344827586,0.07429654986623067,0.07429654986623067,0.07429654986623067
757,936.0,0.141439205955335,0.141439205955335,0.141439205955335,0.12923280993400257,0.12923280993400257,0.12923280993400257
758,988.0,0.2738231899676219,0.2738231899676219,0.2738231899676219,1.8359773641617614,1.8359773641617614,1.8359773641617614
759,1040.0,1.1231344439349935,1.1231344439349935,1.1231344439349935,40.031104533220216,40.031104533220216,40.031104533220216
760,52.0,0.4145036400909999,0.4145036400909999,0.4145036400909999,0.48013540596797416,0.48013540596797416,0.48013540596797416
761,104.0,0.018619084561675717,0.018619084561675717,0.018619084561675717,0.01827241425176089,0.01827241425176089,0.01827241425176089
762,156.0,0.013764624913971095,0.013764624913971095,0.013764624913971095,0.013575160014948778,0.013575160014948778,0.013575160014948778
763,208.0,0.09315068493150686,0.09315068493150686,0.09315068493150686,0.08995308688309252,0.08995308688309252,0.08995308688309252
764,260.0,0.07367777438092327,0.07367777438092327,0.07367777438092327,0.09148384481021017,0.09148384481021017,0.09148384481021017
765,312.0,0.12814645308924486,0.12814645308924486,0.12814645308924486,0.1117249396498908,0.1117249396498908,0.1117249396498908
766,364.0,0.5513511979314374,0.5513511979314374,0.5513511979314374,1.0674541434441223,1.0674541434441223,1.0674541434441223
767,416.0,0.45175326130962334,0.45175326130962334,0.45175326130962334,0.4969823616107569,0.4969823616107569,0.4969823616107569
768,468.0,0.3328884493233067,0.3328884493233067,0.3328884493233067,0.5116793346513134,0.5116793346513134,0.5116793346513134
769,520.0,0.035813768404297654,0.035813768404297654,0.035813768404297654,0.034531142396980984,0.034531142396980984,0.034531142396980984
770,572.0,0.2746991768746213,0.2746991768746213,0.2746991768746213,0.6294464877982123,0.6294464877982123,0.6294464877982123
771,624.0,0.42641509433962266,0.42641509433962266,0.42641509433962266,0.6445852616589534,0.6445852616589534,0.6445852616589534
772,676.0,0.03882224645583424,0.03882224645583424,0.03882224645583424,0.03862369468502977,0.03862369468502977,0.03862369468502977
773,728.0,0.12555497842811086,0.12555497842811086,0.12555497842811086,0.11900385487308632,0.11900385487308632,0.11900385487308632
774,780.0,0.3033179944832959,0.3033179944832959,0.3033179944832959,0.2932385108465931,0.2932385108465931,0.2932385108465931
775,832.0,0.09209694415173868,0.09209694415173868,0.09209694415173868,0.0924665195797029,0.0924665195797029,0.0924665195797029
776,884.0,0.0879785248550204,0.0879785248550204,0.0879785248550204,0.09225126543652216,0.09225126543652216,0.09225126543652216
777,936.0,0.5674139246503983,0.5674139246503983,0.5674139246503983,1.2841983818815859,1.2841983818815859,1.2841983818815859
778,988.0,0.09009009009009009,0.09009009009009009,0.09009009009009009,0.09548737927116306,0.09548737927116306,0.09548737927116306
779,1040.0,0.22663913267940114,0.22663913267940114,0.22663913267940114,0.2723311413287263,0.2723311413287263,0.2723311413287263
780,52.0,0.020684371807967315,0.020684371807967315,0.020684371807967315,0.021788704260356142,0.021788704260356142,0.021788704260356142
781,104.0,0.3138796492289084,0.3138796492289084,0.3138796492289084,0.31696187605092024,0.31696187605092024,0.31696187605092024
782,156.0,0.25367927916043664,0.25367927916043664,0.25367927916043664,0.43128688987361663,0.43128688987361663,0.43128688987361663
783,208.0,0.9355660810431844,0.9355660810431844,0.9355660810431844,5.879288461475039,5.879288461475039,5.879288461475039
784,260.0,0.7927017829494416,0.7927017829494416,0.7927017829494416,3.1854521799556106,3.1854521799556106,3.1854521799556106
785,312.0,12.146328654422465,12.146328654422465,12.146328654422465,14.545508825958114,14.545508825958114,14.545508825958114
786,364.0,0.265625,0.265625,0.265625,0.320068359375,0.320068359375,0.320068359375
787,416.0,0.02761842563311515,0.02761842563311515,0.02761842563311515,0.024633200186391733,0.024633200186391733,0.024633200186391733
788,468.0,2.451977057824036,2.451977057824036,2.451977057824036,1.4365515435086105,1.4365515435086105,1.4365515435086105
789,520.0,0.2106290811508178,0.2106290811508178,0.2106290811508178,0.29280628465694875,0.29280628465694875,0.29280628465694875
790,572.0,0.7761052745194584,0.7761052745194584,0.7761052745194584,0.6648599820798616,0.6648599820798616,0.6648599820798616
791,624.0,0.42690889701964646,0.42690889701964646,0.42690889701964646,0.4694203485277169,0.4694203485277169,0.4694203485277169
792,676.0,102.61111937014977,102.61111937014977,102.61111937014977,413.9938554097555,413.9938554097555,413.9938554097555
793,728.0,0.18710203036473158,0.18710203036473158,0.18710203036473158,0.2993670691735813,0.2993670691735813,0.2993670691735813
794,780.0,0.29261124781316267,0.29261124781316267,0.29261124781316267,0.3457555222451687,0.3457555222451687,0.3457555222451687
795,832.0,0.3761018068762501,0.3761018068762501,0.3761018068762501,0.4788662980996627,0.4788662980996627,0.4788662980996627
796,884.0,0.09308810785705514,0.09308810785705514,0.09308810785705514,0.08986649221857752,0.08986649221857752,0.08986649221857752
797,936.0,0.6968053029368684,0.6968053029368684,0.6968053029368684,0.774981086568151,0.774981086568151,0.774981086568151
798,988.0,0.8358007848803571,0.8358007848803571,0.8358007848803571,4.857728753609316,4.857728753609316,4.857728753609316
799,1040.0,0.5086587094833441,0.5086587094833441,0.5086587094833441,0.4924573700225509,0.4924573700225509,0.4924573700225509
800,52.0,0.1686871348969596,0.1686871348969596,0.1686871348969596,0.16416196614728784,0.16416196614728784,0.16416196614728784
801,104.0,0.25004191872588144,0.25004191872588144,0.25004191872588144,0.25939735083029813,0.25939735083029813,0.25939735083029813
802,156.0,0.19213655797152743,0.19213655797152743,0.19213655797152743,0.361242656723734,0.361242656723734,0.361242656723734
803,208.0,0.1338864547807544,0.1338864547807544,0.1338864547807544,0.08717375675587595,0.08717375675587595,0.08717375675587595
804,260.0,0.4725759806071188,0.4725759806071188,0.4725759806071188,0.4314919970244367,0.4314919970244367,0.4314919970244367
805,312.0,5.193152504811461,5.193152504811461,5.193152504811461,14.887127331076265,14.887127331076265,14.887127331076265
806,364.0,0.6241585518575044,0.6241585518575044,0.6241585518575044,9.293058616380927,9.293058616380927,9.293058616380927
807,416.0,0.24912685000146664,0.24912685000146664,0.24912685000146664,0.53335983144072,0.53335983144072,0.53335983144072
808,468.0,0.2723275195983614,0.2723275195983614,0.2723275195983614,0.44571855688914297,0.44571855688914297,0.44571855688914297
809,520.0,0.2656460821078145,0.2656460821078145,0.2656460821078145,0.2845579349913775,0.2845579349913775,0.2845579349913775
810,572.0,0.04725415070242656,0.04725415070242656,0.04725415070242656,0.050129752776513686,0.050129752776513686,0.050129752776513686
811,624.0,0.35551592081718064,0.35551592081718064,0.35551592081718064,0.36293305725577707,0.36293305725577707,0.36293305725577707
812,676.0,0.2502180008843368,0.2502180008843368,0.2502180008843368,0.23844359189241146,0.23844359189241146,0.23844359189241146
813,728.0,0.4612159329140461,0.4612159329140461,0.4612159329140461,0.47071801836249433,0.47071801836249433,0.47071801836249433
814,780.0,0.09316037735849056,0.09316037735849056,0.09316037735849056,0.0844815214489142,0.0844815214489142,0.0844815214489142
815,832.0,0.21987527660430498,0.21987527660430498,0.21987527660430498,0.2684925211570096,0.2684925211570096,0.2684925211570096
816,884.0,56.78747932890157,56.78747932890157,56.78747932890157,68.47437148582901,68.47437148582901,68.47437148582901
817,936.0,0.2222222222222222,0.2222222222222222,0.2222222222222222,0.29375453885257813,0.29375453885257813,0.29375453885257813
818,988.0,0.14659685863874344,0.14659685863874344,0.14659685863874344,0.13372956430180416,0.13372956430180416,0.13372956430180416
819,1040.0,0.2011230779211932,0.2011230779211932,0.2011230779211932,0.2652743825005651,0.2652743825005651,0.2652743825005651
820,52.0,0.5249742485127897,0.5249742485127897,0.5249742485127897,0.5204927385104603,0.5204927385104603,0.5204927385104603
821,104.0,0.00762133975130365,0.00762133975130365,0.00762133975130365,0.0075632549316988484,0.0075632549316988484,0.0075632549316988484
822,156.0,0.13902931377222866,0.13902931377222866,0.13902931377222866,0.1289127760802899,0.1289127760802899,0.1289127760802899
823,208.0,0.3228200371057514,0.3228200371057514,0.3228200371057514,0.4189783182627073,0.4189783182627073,0.4189783182627073
824,260.0,0.05568210587753682,0.05568210587753682,0.05568210587753682,0.06414560060297395,0.06414560060297395,0.06414560060297395
825,312.0,0.21774701069855254,0.21774701069855254,0.21774701069855254,0.21061015374342407,0.21061015374342407,0.21061015374342407
826,364.0,0.1731327043581442,0.1731327043581442,0.1731327043581442,0.20253178813123338,0.20253178813123338,0.20253178813123338
827,416.0,0.018700475435816166,0.018700475435816166,0.018700475435816166,0.018350767654290598,0.018350767654290598,0.018350767654290598
828,468.0,0.2317907444668008,0.2317907444668008,0.2317907444668008,0.3478827087272124,0.3478827087272124,0.3478827087272124
829,520.0,0.24167230989494629,0.24167230989494629,0.24167230989494629,0.22807735485755487,0.22807735485755487,0.22807735485755487
830,572.0,0.14580265095729014,0.14580265095729014,0.14580265095729014,0.14516279463214768,0.14516279463214768,0.14516279463214768
831,624.0,0.05817540766857646,0.05817540766857646,0.05817540766857646,0.056113197967275416,0.056113197967275416,0.056113197967275416
832,676.0,0.09253039707817162,0.09253039707817162,0.09253039707817162,0.09004699041509233,0.09004699041509233,0.09004699041509233
833,728.0,0.29395604395604397,0.29395604395604397,0.29395604395604397,0.26798544861731677,0.26798544861731677,0.26798544861731677
834,780.0,0.590300305813014,0.590300305813014,0.590300305813014,0.694291624678994,0.694291624678994,0.694291624678994
835,832.0,0.034361851332398316,0.034361851332398316,0.034361851332398316,0.03738868813794704,0.03738868813794704,0.03738868813794704
836,884.0,0.17265070921985815,0.17265070921985815,0.17265070921985815,0.15525378934346865,0.15525378934346865,0.15525378934346865
837,936.0,0.2946308976295866,0.2946308976295866,0.2946308976295866,0.47151276741615744,0.47151276741615744,0.47151276741615744
838,988.0,0.4981217471168486,0.4981217471168486,0.4981217471168486,0.5632535421032365,0.5632535421032365,0.5632535421032365
839,1040.0,0.06583969465648855,0.06583969465648855,0.06583969465648855,0.07295521094341822,0.07295521094341822,0.07295521094341822
840,52.0,5.674025053606451,5.674025053606451,5.674025053606451,7.983868321384245,7.983868321384245,7.983868321384245
841,104.0,0.21637804636422125,0.21637804636422125,0.21637804636422125,0.2272624226150722,0.2272624226150722,0.2272624226150722
842,156.0,0.23045365955077404,0.23045365955077404,0.23045365955077404,0.207499737209219,0.207499737209219,0.207499737209219
843,208.0,0.34594840224656725,0.34594840224656725,0.34594840224656725,0.3578381919206332,0.3578381919206332,0.3578381919206332
844,260.0,1.5405823228307083,1.5405823228307083,1.5405823228307083,1.1676432300314052,1.1676432300314052,1.1676432300314052
845,312.0,0.02218430034129693,0.02218430034129693,0.02218430034129693,0.021692157159664053,0.021692157159664053,0.021692157159664053
846,364.0,0.26641079987906796,0.26641079987906796,0.26641079987906796,0.3246501626002988,0.3246501626002988,0.3246501626002988
847,416.0,0.37394652858458843,0.37394652858458843,0.37394652858458843,0.42860397404104433,0.42860397404104433,0.42860397404104433
848,468.0,0.5391250597563879,0.5391250597563879,0.5391250597563879,1.0468051087134926,1.0468051087134926,1.0468051087134926
849,520.0,0.11875149429212697,0.11875149429212697,0.11875149429212697,0.13433398322082027,0.13433398322082027,0.13433398322082027
850,572.0,0.344832293906385,0.344832293906385,0.344832293906385,0.3804678551086423,0.3804678551086423,0.3804678551086423
851,624.0,0.12034482758620689,0.12034482758620689,0.12034482758620689,0.14172401902497028,0.14172401902497028,0.14172401902497028
852,676.0,0.2764275824887252,0.2764275824887252,0.2764275824887252,1.0792432233412628,1.0792432233412628,1.0792432233412628
853,728.0,0.10307417564797644,0.10307417564797644,0.10307417564797644,0.11302070542762736,0.11302070542762736,0.11302070542762736
854,780.0,0.017799425381505526,0.017799425381505526,0.017799425381505526,0.018044445567536226,0.018044445567536226,0.018044445567536226
855,832.0,0.7038086944611636,0.7038086944611636,0.7038086944611636,0.6332508350718141,0.6332508350718141,0.6332508350718141
856,884.0,0.21541960895726403,0.21541960895726403,0.21541960895726403,0.5839424786054888,0.5839424786054888,0.5839424786054888
857,936.0,0.3206831119544592,0.3206831119544592,0.3206831119544592,0.30665000774135937,0.30665000774135937,0.30665000774135937
858,988.0,0.3844611308542143,0.3844611308542143,0.3844611308542143,0.6540408949839628,0.6540408949839628,0.6540408949839628
859,1040.0,0.3686768087296225,0.3686768087296225,0.3686768087296225,0.4045891210813381,0.4045891210813381,0.4045891210813381
860,52.0,0.26649569985807403,0.26649569985807403,0.26649569985807403,0.35185611240270676,0.35185611240270676,0.35185611240270676
861,104.0,0.15517241379310345,0.15517241379310345,0.15517241379310345,0.13109393579072534,0.13109393579072534,0.13109393579072534
862,156.0,0.1446253739007175,0.1446253739007175,0.1446253739007175,0.19516970434362743,0.19516970434362743,0.19516970434362743
863,208.0,0.66423644346405,0.66423644346405,0.66423644346405,0.7605343946643963,0.7605343946643963,0.7605343946643963
864,260.0,0.7921703121310288,0.7921703121310288,0.7921703121310288,1.0660724039837386,1.0660724039837386,1.0660724039837386
865,312.0,0.019401778496362168,0.019401778496362168,0.019401778496362168,0.01902534948754027,0.01902534948754027,0.01902534948754027
866,364.0,0.18700295784688659,0.18700295784688659,0.18700295784688659,0.19770047468457985,0.19770047468457985,0.19770047468457985
867,416.0,0.19278823285829058,0.19278823285829058,0.19278823285829058,0.16094317014682236,0.16094317014682236,0.16094317014682236
868,468.0,0.10692351500057558,0.10692351500057558,0.10692351500057558,0.10522265978331075,0.10522265978331075,0.10522265978331075
869,520.0,2.442838740088544,2.442838740088544,2.442838740088544,7.245740574810366,7.245740574810366,7.245740574810366
870,572.0,0.7641151731433556,0.7641151731433556,0.7641151731433556,0.8113669611126025,0.8113669611126025,0.8113669611126025
871,624.0,0.561909009581311,0.561909009581311,0.561909009581311,0.6916365961857469,0.6916365961857469,0.6916365961857469
872,676.0,0.12103435056273563,0.12103435056273563,0.12103435056273563,0.13248002156299477,0.13248002156299477,0.13248002156299477
873,728.0,0.5293699997592128,0.5293699997592128,0.5293699997592128,0.547237365553663,0.547237365553663,0.547237365553663
874,780.0,0.25511197663096397,0.25511197663096397,0.25511197663096397,0.25818954442325937,0.25818954442325937,0.25818954442325937
875,832.0,0.08856171899612313,0.08856171899612313,0.08856171899612313,0.08621361399961616,0.08621361399961616,0.08621361399961616
876,884.0,134.07126647515577,134.07126647515577,134.07126647515577,271.7731136464216,271.7731136464216,271.7731136464216
877,936.0,0.22840465883797062,0.22840465883797062,0.22840465883797062,0.3680893941896515,0.3680893941896515,0.3680893941896515
878,988.0,0.1977480122560835,0.1977480122560835,0.1977480122560835,0.2234372783358887,0.2234372783358887,0.2234372783358887
879,1040.0,0.12865427827272424,0.12865427827272424,0.12865427827272424,0.13082410477859557,0.13082410477859557,0.13082410477859557
880,52.0,0.20371688803565563,0.20371688803565563,0.20371688803565563,0.2612969781261762,0.2612969781261762,0.2612969781261762
881,104.0,0.23343904911508406,0.23343904911508406,0.23343904911508406,0.23500437431048282,0.23500437431048282,0.23500437431048282
882,156.0,0.26658748890087686,0.26658748890087686,0.26658748890087686,0.2993022254866798,0.2993022254866798,0.2993022254866798
883,208.0,0.22358990933562126,0.22358990933562126,0.22358990933562126,0.18693301566694528,0.18693301566694528,0.18693301566694528
884,260.0,0.04513888888888889,0.04513888888888889,0.04513888888888889,0.04310136959876543,0.04310136959876543,0.04310136959876543
885,312.0,0.1535360938072554,0.1535360938072554,0.1535360938072554,0.1328942384370685,0.1328942384370685,0.1328942384370685
886,364.0,33.09313154831199,33.09313154831199,33.09313154831199,29.578055269074554,29.578055269074554,29.578055269074554
887,416.0,0.14825581395348839,0.14825581395348839,0.14825581395348839,0.1379039345592212,0.1379039345592212,0.1379039345592212
888,468.0,0.2631578947368421,0.2631578947368421,0.2631578947368421,0.22486556949649672,0.22486556949649672,0.22486556949649672
889,520.0,0.22579001792024406,0.22579001792024406,0.22579001792024406,0.21499994714761378,0.21499994714761378,0.21499994714761378
890,572.0,0.07881143838478138,0.07881143838478138,0.07881143838478138,0.07575550815611043,0.07575550815611043,0.07575550815611043
891,624.0,0.13103540687797374,0.13103540687797374,0.13103540687797374,0.1578524598652076,0.1578524598652076,0.1578524598652076
892,676.0,0.40123217581294296,0.40123217581294296,0.40123217581294296,2.8771819990543044,2.8771819990543044,2.8771819990543044
893,728.0,0.2903094462540717,0.2903094462540717,0.2903094462540717,0.2931634221583253,0.2931634221583253,0.2931634221583253
894,780.0,0.24796747967479674,0.24796747967479674,0.24796747967479674,0.2322113160155992,0.2322113160155992,0.2322113160155992
895,832.0,0.26318438739983074,0.26318438739983074,0.26318438739983074,0.26558126623357226,0.26558126623357226,0.26558126623357226
896,884.0,0.10806925852594039,0.10806925852594039,0.10806925852594039,0.11763292155669251,0.11763292155669251,0.11763292155669251
897,936.0,0.007474429583005508,0.007474429583005508,0.007474429583005508,0.0074185624854142,0.0074185624854142,0.0074185624854142
898,988.0,0.15077708584529093,0.15077708584529093,0.15077708584529093,0.2721209778581233,0.2721209778581233,0.2721209778581233
899,1040.0,0.40608228980322003,0.40608228980322003,0.40608228980322003,0.43223491988312895,0.43223491988312895,0.43223491988312895
900,52.0,0.17086281040718893,0.17086281040718893,0.17086281040718893,0.178010005663009,0.178010005663009,0.178010005663009
901,104.0,0.1427710843373494,0.1427710843373494,0.1427710843373494,0.12961641747713745,0.12961641747713745,0.12961641747713745
902,156.0,0.09438231736444164,0.09438231736444164,0.09438231736444164,0.08235477300562416,0.08235477300562416,0.08235477300562416
903,208.0,0.23315696649029982,0.23315696649029982,0.23315696649029982,0.19995881663136217,0.19995881663136217,0.19995881663136217
904,260.0,0.14178302900107412,0.14178302900107412,0.14178302900107412,0.14316287880972958,0.14316287880972958,0.14316287880972958
905,312.0,0.11151603498542274,0.11151603498542274,0.11151603498542274,0.09908020892655274,0.09908020892655274,0.09908020892655274
906,364.0,0.5024344977690149,0.5024344977690149,0.5024344977690149,0.5198978062449577,0.5198978062449577,0.5198978062449577
907,416.0,0.19586403681975706,0.19586403681975706,0.19586403681975706,0.18450969700752604,0.18450969700752604,0.18450969700752604
908,468.0,0.5619889480896019,0.5619889480896019,0.5619889480896019,1.244584797126103,1.244584797126103,1.244584797126103
909,520.0,0.16216216216216217,0.16216216216216217,0.16216216216216217,0.15552161498107442,0.15552161498107442,0.15552161498107442
910,572.0,0.15821303636758016,0.15821303636758016,0.15821303636758016,0.18867293031962606,0.18867293031962606,0.18867293031962606
911,624.0,0.6553116205181035,0.6553116205181035,0.6553116205181035,4.732158200242034,4.732158200242034,4.732158200242034
912,676.0,0.09083861944455549,0.09083861944455549,0.09083861944455549,0.07639530212864182,0.07639530212864182,0.07639530212864182
913,728.0,0.4534361875162323,0.4534361875162323,0.4534361875162323,0.5732334164970688,0.5732334164970688,0.5732334164970688
914,780.0,0.0010007505629221916,0.0010007505629221916,0.0010007505629221916,0.0009997490612330023,0.0009997490612330023,0.0009997490612330023
915,832.0,0.05490182708770919,0.05490182708770919,0.05490182708770919,0.0646659722356181,0.0646659722356181,0.0646659722356181
916,884.0,0.909996502469734,0.909996502469734,0.909996502469734,1.061864661511986,1.061864661511986,1.061864661511986
917,936.0,0.10324965239426118,0.10324965239426118,0.10324965239426118,0.16525931331673926,0.16525931331673926,0.16525931331673926
918,988.0,84.24830602700938,84.24830602700938,84.24830602700938,158.8654833851576,158.8654833851576,158.8654833851576
919,1040.0,0.01581587749802028,0.01581587749802028,0.01581587749802028,0.014488466594617052,0.014488466594617052,0.014488466594617052
920,52.0,0.20307512009171874,0.20307512009171874,0.20307512009171874,0.27700969669356235,0.27700969669356235,0.27700969669356235
921,104.0,0.296303382118358,0.296303382118358,0.296303382118358,0.3609706838849308,0.3609706838849308,0.3609706838849308
922,156.0,0.08912752713276902,0.08912752713276902,0.08912752713276902,0.09202892276071314,0.09202892276071314,0.09202892276071314
923,208.0,0.5144532381091608,0.5144532381091608,0.5144532381091608,0.5693389115409596,0.5693389115409596,0.5693389115409596
924,260.0,0.41646158755520024,0.41646158755520024,0.41646158755520024,1.0278442438314277,1.0278442438314277,1.0278442438314277
925,312.0,0.020934388562675516,0.020934388562675516,0.020934388562675516,0.020496139938182438,0.020496139938182438,0.020496139938182438
926,364.0,0.044444444444444446,0.044444444444444446,0.044444444444444446,0.05358024691358024,0.05358024691358024,0.05358024691358024
927,416.0,0.022361208346697026,0.022361208346697026,0.022361208346697026,0.022873870324447498,0.022873870324447498,0.022873870324447498
928,468.0,0.10029296016526999,0.10029296016526999,0.10029296016526999,0.11247503213337337,0.11247503213337337,0.11247503213337337
929,520.0,0.2581353508142936,0.2581353508142936,0.2581353508142936,0.5162112507381631,0.5162112507381631,0.5162112507381631
930,572.0,0.10782645682688217,0.10782645682688217,0.10782645682688217,0.10683368489765434,0.10683368489765434,0.10683368489765434
931,624.0,0.21502289306384714,0.21502289306384714,0.21502289306384714,0.21624731049823834,0.21624731049823834,0.21624731049823834
932,676.0,1.517935867021447,1.517935867021447,1.517935867021447,33.06110369214256,33.06110369214256,33.06110369214256
933,728.0,0.29892891918208375,0.29892891918208375,0.29892891918208375,0.3088888235745864,0.3088888235745864,0.3088888235745864
934,780.0,0.16547901821060965,0.16547901821060965,0.16547901821060965,0.14126277529214776,0.14126277529214776,0.14126277529214776
935,832.0,0.13853503184713375,0.13853503184713375,0.13853503184713375,0.1193430767982474,0.1193430767982474,0.1193430767982474
936,884.0,0.23349118375050654,0.23349118375050654,0.23349118375050654,0.21778563093901976,0.21778563093901976,0.21778563093901976
937,936.0,18.711241259097854,18.711241259097854,18.711241259097854,94.72711321991055,94.72711321991055,94.72711321991055
938,988.0,0.3226122739259025,0.3226122739259025,0.3226122739259025,0.4556404171567957,0.4556404171567957,0.4556404171567957
939,1040.0,0.2806603773584906,0.2806603773584906,0.2806603773584906,0.2557984857346285,0.2557984857346285,0.2557984857346285
940,52.0,0.011139681212478185,0.011139681212478185,0.011139681212478185,0.011149586966211322,0.011149586966211322,0.011149586966211322
941,104.0,3.7569435353409846,3.7569435353409846,3.7569435353409846,11.656772251938722,11.656772251938722,11.656772251938722
942,156.0,0.26595912573306757,0.26595912573306757,0.26595912573306757,0.3380674853117589,0.3380674853117589,0.3380674853117589
943,208.0,0.40091348446858144,0.40091348446858144,0.40091348446858144,0.4599685372330731,0.4599685372330731,0.4599685372330731
944,260.0,0.2678091124333128,0.2678091124333128,0.2678091124333128,0.349233872103486,0.349233872103486,0.349233872103486
945,312.0,0.10141843971631205,0.10141843971631205,0.10141843971631205,0.09396961923444495,0.09396961923444495,0.09396961923444495
946,364.0,0.22781890542719513,0.22781890542719513,0.22781890542719513,0.19664232348578983,0.19664232348578983,0.19664232348578983
947,416.0,0.6290611381801625,0.6290611381801625,0.6290611381801625,0.6625841811469326,0.6625841811469326,0.6625841811469326
948,468.0,0.11197989388438984,0.11197989388438984,0.11197989388438984,0.12345603533994962,0.12345603533994962,0.12345603533994962
949,520.0,0.15816326530612246,0.15816326530612246,0.15816326530612246,0.1739639733444398,0.1739639733444398,0.1739639733444398
950,572.0,0.037037037037037035,0.037037037037037035,0.037037037037037035,0.040294924554183806,0.040294924554183806,0.040294924554183806
951,624.0,0.19650850492390332,0.19650850492390332,0.19650850492390332,0.18385531170027147,0.18385531170027147,0.18385531170027147
952,676.0,0.22902044844273736,0.22902044844273736,0.22902044844273736,0.2675873208457536,0.2675873208457536,0.2675873208457536
953,728.0,0.058646829604859,0.058646829604859,0.058646829604859,0.05016725592925365,0.05016725592925365,0.05016725592925365
954,780.0,0.0046111281893636644,0.0046111281893636644,0.0046111281893636644,0.004589865686184922,0.004589865686184922,0.004589865686184922
955,832.0,0.07008348571353204,0.07008348571353204,0.07008348571353204,0.09103086649298048,0.09103086649298048,0.09103086649298048
956,884.0,0.18329374505146476,0.18329374505146476,0.18329374505146476,0.1702830546481282,0.1702830546481282,0.1702830546481282
957,936.0,0.01840168243953733,0.01840168243953733,0.01840168243953733,0.020166109944593162,0.020166109944593162,0.020166109944593162
958,988.0,0.08838565433413027,0.08838565433413027,0.08838565433413027,0.08052064239119336,0.08052064239119336,0.08052064239119336
959,1040.0,0.01569506726457399,0.01569506726457399,0.01569506726457399,0.015448732128134485,0.015448732128134485,0.015448732128134485
960,52.0,0.14628685909615702,0.14628685909615702,0.14628685909615702,0.2002747324494374,0.2002747324494374,0.2002747324494374
961,104.0,0.598789048288176,0.598789048288176,0.598789048288176,0.7962901023949434,0.7962901023949434,0.7962901023949434
962,156.0,0.3734763594762636,0.3734763594762636,0.3734763594762636,1.5554817545947217,1.5554817545947217,1.5554817545947217
963,208.0,14.120413505621306,14.120413505621306,14.120413505621306,46.60440120901614,46.60440120901614,46.60440120901614
964,260.0,0.44405814549737516,0.44405814549737516,0.44405814549737516,0.5157213607629186,0.5157213607629186,0.5157213607629186
965,312.0,0.19828694833849453,0.19828694833849453,0.19828694833849453,0.24251903131728858,0.24251903131728858,0.24251903131728858
966,364.0,0.1919191919191919,0.1919191919191919,0.1919191919191919,0.1550862156922763,0.1550862156922763,0.1550862156922763
967,416.0,0.458395572929581,0.458395572929581,0.458395572929581,0.6355997477944081,0.6355997477944081,0.6355997477944081
968,468.0,0.2044026038755447,0.2044026038755447,0.2044026038755447,0.23618677923776654,0.23618677923776654,0.23618677923776654
969,520.0,0.6692442764022988,0.6692442764022988,0.6692442764022988,0.7772150321630718,0.7772150321630718,0.7772150321630718
970,572.0,0.38247820122009246,0.38247820122009246,0.38247820122009246,0.4162227421015003,0.4162227421015003,0.4162227421015003
971,624.0,0.08797573083287369,0.08797573083287369,0.08797573083287369,0.08023600161729542,0.08023600161729542,0.08023600161729542
972,676.0,0.07387972506403749,0.07387972506403749,0.07387972506403749,0.07235671258160654,0.07235671258160654,0.07235671258160654
973,728.0,1.35895140265005,1.35895140265005,1.35895140265005,1.380549607738506,1.380549607738506,1.380549607738506
974,780.0,0.15359323626115548,0.15359323626115548,0.15359323626115548,0.13282057855453366,0.13282057855453366,0.13282057855453366
975,832.0,0.20006008502478842,0.20006008502478842,0.20006008502478842,0.23707441564636214,0.23707441564636214,0.23707441564636214
976,884.0,0.23463398360142834,0.23463398360142834,0.23463398360142834,0.28803044063909333,0.28803044063909333,0.28803044063909333
977,936.0,0.1409090909090909,0.1409090909090909,0.1409090909090909,0.13923553719008264,0.13923553719008264,0.13923553719008264
978,988.0,0.24195338512763595,0.24195338512763595,0.24195338512763595,0.21448852612894045,0.21448852612894045,0.21448852612894045
979,1040.0,0.19263456090651557,0.19263456090651557,0.19263456090651557,0.1725236539896797,0.1725236539896797,0.1725236539896797
980,52.0,0.4353458568162195,0.4353458568162195,0.4353458568162195,0.48059396870378357,0.48059396870378357,0.48059396870378357
981,104.0,0.557065881691226,0.557065881691226,0.557065881691226,4.701407970636579,4.701407970636579,4.701407970636579
982,156.0,0.09382989216121326,0.09382989216121326,0.09382989216121326,0.0880179198264201,0.0880179198264201,0.0880179198264201
983,208.0,0.1515748031496063,0.1515748031496063,0.1515748031496063,0.13253689007378017,0.13253689007378017,0.13253689007378017
984,260.0,0.05916721810588541,0.05916721810588541,0.05916721810588541,0.05668595176383409,0.05668595176383409,0.05668595176383409
985,312.0,0.125,0.125,0.125,0.109375,0.109375,0.109375
986,364.0,0.32993866200723215,0.32993866200723215,0.32993866200723215,0.371260406046546,0.371260406046546,0.371260406046546
987,416.0,0.18866459627329193,0.18866459627329193,0.18866459627329193,0.1893021504442987,0.1893021504442987,0.1893021504442987
988,468.0,28.847826086956523,28.847826086956523,28.847826086956523,27.781190926275993,27.781190926275993,27.781190926275993
989,520.0,0.19698448141445116,0.19698448141445116,0.19698448141445116,0.1733104933466455,0.1733104933466455,0.1733104933466455
990,572.0,54.53341915076951,54.53341915076951,54.53341915076951,95.81137465418598,95.81137465418598,95.81137465418598
991,624.0,0.1868312757201646,0.1868312757201646,0.1868312757201646,0.1725014818201832,0.1725014818201832,0.1725014818201832
992,676.0,0.08774834437086093,0.08774834437086093,0.08774834437086093,0.11812804262970923,0.11812804262970923,0.11812804262970923
993,728.0,0.018738049713193115,0.018738049713193115,0.018738049713193115,0.01915175356177955,0.01915175356177955,0.01915175356177955
994,780.0,0.2747854588893569,0.2747854588893569,0.2747854588893569,0.21549292982360754,0.21549292982360754,0.21549292982360754
995,832.0,0.28298572996706917,0.28298572996706917,0.28298572996706917,0.2683274191157954,0.2683274191157954,0.2683274191157954
996,884.0,0.09230769230769231,0.09230769230769231,0.09230769230769231,0.08378698224852069,0.08378698224852069,0.08378698224852069
997,936.0,0.055553907427397416,0.055553907427397416,0.055553907427397416,0.058391525102187536,0.058391525102187536,0.058391525102187536
998,988.0,0.12246262751738973,0.12246262751738973,0.12246262751738973,0.10741750169988862,0.10741750169988862,0.10741750169988862
999,1040.0,0.19043224501322786,0.19043224501322786,0.19043224501322786,0.2053640850831207,0.2053640850831207,0.2053640850831207
