,time,meanH,meanB,meanC,varH,varB,varC
0,52.0,0.11238419485715787,0.11238419485715787,0.11238419485715787,0.11404852922735466,0.11404852922735466,0.11404852922735466
1,104.0,0.13423130515559684,0.13423130515559684,0.13423130515559684,0.1194645391593277,0.1194645391593277,0.1194645391593277
2,156.0,2.4636885347673663,2.4636885347673663,2.4636885347673663,9.299546351874405,9.299546351874405,9.299546351874405
3,208.0,0.2073167910596253,0.2073167910596253,0.2073167910596253,0.3199010340062306,0.3199010340062306,0.3199010340062306
4,260.0,0.013170731707317073,0.013170731707317073,0.013170731707317073,0.014948483045806068,0.014948483045806068,0.014948483045806068
5,312.0,0.08502924715867072,0.08502924715867072,0.08502924715867072,0.08543091918260853,0.08543091918260853,0.08543091918260853
6,364.0,0.28602222380088077,0.28602222380088077,0.28602222380088077,0.329803562370875,0.329803562370875,0.329803562370875
7,416.0,0.06549335880079192,0.06549335880079192,0.06549335880079192,0.07230982379851149,0.07230982379851149,0.07230982379851149
8,468.0,0.38759001592658154,0.38759001592658154,0.38759001592658154,0.2949117417685945,0.2949117417685945,0.2949117417685945
9,520.0,0.20070909617108051,0.20070909617108051,0.20070909617108051,0.19128933044542254,0.19128933044542254,0.19128933044542254
10,572.0,0.21137106836457747,0.21137106836457747,0.21137106836457747,0.231695015626627,0.231695015626627,0.231695015626627
11,624.0,0.5818879508839648,0.5818879508839648,0.5818879508839648,1.3018927469462693,1.3018927469462693,1.3018927469462693
12,676.0,91.01749497096401,91.01749497096401,91.01749497096401,605.2293728958529,605.2293728958529,605.2293728958529
13,728.0,0.11597389037467376,0.11597389037467376,0.11597389037467376,0.12029869542757969,0.12029869542757969,0.12029869542757969
14,780.0,0.0703971119133574,0.0703971119133574,0.0703971119133574,0.09161464374617158,0.09161464374617158,0.09161464374617158
15,832.0,0.12414612512782136,0.12414612512782136,0.12414612512782136,0.13136665077184567,0.13136665077184567,0.13136665077184567
16,884.0,0.2883990468206258,0.2883990468206258,0.2883990468206258,0.6352972828706559,0.6352972828706559,0.6352972828706559
17,936.0,1.9083975606441475,1.9083975606441475,1.9083975606441475,2.079703895090013,2.079703895090013,2.079703895090013
18,988.0,0.07410071942446043,0.07410071942446043,0.07410071942446043,0.09882563014336733,0.09882563014336733,0.09882563014336733
19,1040.0,0.4577355618214471,0.4577355618214471,0.4577355618214471,0.3540360202361098,0.3540360202361098,0.3540360202361098
20,52.0,8.600457436044096,8.600457436044096,8.600457436044096,7.578548929437707,7.578548929437707,7.578548929437707
21,104.0,0.880181117467995,0.880181117467995,0.880181117467995,0.9669468226247067,0.9669468226247067,0.9669468226247067
22,156.0,0.9855083019183465,0.9855083019183465,0.9855083019183465,1.5271263214249537,1.5271263214249537,1.5271263214249537
23,208.0,0.19080700150225197,0.19080700150225197,0.19080700150225197,0.5267542748647345,0.5267542748647345,0.5267542748647345
24,260.0,0.32224628320794907,0.32224628320794907,0.32224628320794907,0.34650298119251993,0.34650298119251993,0.34650298119251993
25,312.0,0.28818976858666845,0.28818976858666845,0.28818976858666845,0.2818685331885434,0.2818685331885434,0.2818685331885434
26,364.0,0.17827949031219342,0.17827949031219342,0.17827949031219342,0.20615443789973317,0.20615443789973317,0.20615443789973317
27,416.0,0.10515722702432931,0.10515722702432931,0.10515722702432931,0.101704933503946,0.101704933503946,0.101704933503946
28,468.0,0.29877315161516055,0.29877315161516055,0.29877315161516055,0.20995161836171058,0.20995161836171058,0.20995161836171058
29,520.0,0.2198299647394335,0.2198299647394335,0.2198299647394335,0.15143982007739093,0.15143982007739093,0.15143982007739093
30,572.0,0.06895285810855456,0.06895285810855456,0.06895285810855456,0.07687469184947886,0.07687469184947886,0.07687469184947886
31,624.0,0.0683651804670913,0.0683651804670913,0.0683651804670913,0.06921155241817338,0.06921155241817338,0.06921155241817338
32,676.0,0.1079414032382421,0.1079414032382421,0.1079414032382421,0.12558843758415275,0.12558843758415275,0.12558843758415275
33,728.0,0.09033613445378151,0.09033613445378151,0.09033613445378151,0.09478055928253655,0.09478055928253655,0.09478055928253655
34,780.0,0.070733555854493,0.070733555854493,0.070733555854493,0.0810528574081652,0.0810528574081652,0.0810528574081652
35,832.0,0.22025638149976198,0.22025638149976198,0.22025638149976198,0.1661401469449979,0.1661401469449979,0.1661401469449979
36,884.0,44.48071780996992,44.48071780996992,44.48071780996992,127.422456995161,127.422456995161,127.422456995161
37,936.0,0.03830554303740424,0.03830554303740424,0.03830554303740424,0.03683822841001382,0.03683822841001382,0.03683822841001382
38,988.0,0.15701219512195122,0.15701219512195122,0.15701219512195122,0.1323593657049375,0.1323593657049375,0.1323593657049375
39,1040.0,0.056214317083882304,0.056214317083882304,0.056214317083882304,0.05832435986528902,0.05832435986528902,0.05832435986528902
40,52.0,2.4469740850148387,2.4469740850148387,2.4469740850148387,2.47849469667113,2.47849469667113,2.47849469667113
41,104.0,0.3087078019025141,0.3087078019025141,0.3087078019025141,0.2812424815205125,0.2812424815205125,0.2812424815205125
42,156.0,0.3519920107520236,0.3519920107520236,0.3519920107520236,0.762692879043075,0.762692879043075,0.762692879043075
43,208.0,0.2506039064515935,0.2506039064515935,0.2506039064515935,0.35685660868765795,0.35685660868765795,0.35685660868765795
44,260.0,0.06510698626399652,0.06510698626399652,0.06510698626399652,0.08234734380811078,0.08234734380811078,0.08234734380811078
45,312.0,0.11411474191665932,0.11411474191665932,0.11411474191665932,0.12664943896565656,0.12664943896565656,0.12664943896565656
46,364.0,0.10667395599800282,0.10667395599800282,0.10667395599800282,0.10395373075064253,0.10395373075064253,0.10395373075064253
47,416.0,0.2560483870967742,0.2560483870967742,0.2560483870967742,0.2388747073361082,0.2388747073361082,0.2388747073361082
48,468.0,0.7779196224745932,0.7779196224745932,0.7779196224745932,1.134870013319867,1.134870013319867,1.134870013319867
49,520.0,0.1150258248596674,0.1150258248596674,0.1150258248596674,0.16513905044026908,0.16513905044026908,0.16513905044026908
50,572.0,0.07650273224043716,0.07650273224043716,0.07650273224043716,0.11436591119472066,0.11436591119472066,0.11436591119472066
51,624.0,0.357311792274055,0.357311792274055,0.357311792274055,0.3532375034103891,0.3532375034103891,0.3532375034103891
52,676.0,0.4051185877778943,0.4051185877778943,0.4051185877778943,0.5811062031222567,0.5811062031222567,0.5811062031222567
53,728.0,0.18043912175648702,0.18043912175648702,0.18043912175648702,0.15905848980681353,0.15905848980681353,0.15905848980681353
54,780.0,0.046600877192982455,0.046600877192982455,0.046600877192982455,0.04552572666589719,0.04552572666589719,0.04552572666589719
55,832.0,0.08146900412206283,0.08146900412206283,0.08146900412206283,0.08691370820133124,0.08691370820133124,0.08691370820133124
56,884.0,0.3603929529311938,0.3603929529311938,0.3603929529311938,0.3612896663574006,0.3612896663574006,0.3612896663574006
57,936.0,0.3751343103677752,0.3751343103677752,0.3751343103677752,0.3830515058187683,0.3830515058187683,0.3830515058187683
58,988.0,0.3230295549730065,0.3230295549730065,0.3230295549730065,0.4741865225366527,0.4741865225366527,0.4741865225366527
59,1040.0,0.00823045267489712,0.00823045267489712,0.00823045267489712,0.008162712323663397,0.008162712323663397,0.008162712323663397
60,52.0,0.12480714239597979,0.12480714239597979,0.12480714239597979,0.12642079676172002,0.12642079676172002,0.12642079676172002
61,104.0,0.40228331668834383,0.40228331668834383,0.40228331668834383,0.5003229659285433,0.5003229659285433,0.5003229659285433
62,156.0,0.20321285140562248,0.20321285140562248,0.20321285140562248,0.21011015951355624,0.21011015951355624,0.21011015951355624
63,208.0,0.3476688552859825,0.3476688552859825,0.3476688552859825,0.3346638450708753,0.3346638450708753,0.3346638450708753
64,260.0,0.3079065217603524,0.3079065217603524,0.3079065217603524,0.4285656613113841,0.4285656613113841,0.4285656613113841
65,312.0,0.29479187249268146,0.29479187249268146,0.29479187249268146,0.36407908579021475,0.36407908579021475,0.36407908579021475
66,364.0,0.48570514244954016,0.48570514244954016,0.48570514244954016,0.440769740536865,0.440769740536865,0.440769740536865
67,416.0,0.1658019519359946,0.1658019519359946,0.1658019519359946,0.19534095175571956,0.19534095175571956,0.19534095175571956
68,468.0,0.22216315596733707,0.22216315596733707,0.22216315596733707,0.18142301921966464,0.18142301921966464,0.18142301921966464
69,520.0,0.15296052631578946,0.15296052631578946,0.15296052631578946,0.18548465633656508,0.18548465633656508,0.18548465633656508
70,572.0,0.02606310013717421,0.02606310013717421,0.02606310013717421,0.025383814948413845,0.025383814948413845,0.025383814948413845
71,624.0,0.11925111925111925,0.11925111925111925,0.11925111925111925,0.1343343191125039,0.1343343191125039,0.1343343191125039
72,676.0,0.1233954805886359,0.1233954805886359,0.1233954805886359,0.13060590805659994,0.13060590805659994,0.13060590805659994
73,728.0,0.12338573210153131,0.12338573210153131,0.12338573210153131,0.13756357700939745,0.13756357700939745,0.13756357700939745
74,780.0,0.18221528861154446,0.18221528861154446,0.18221528861154446,0.1671096010767108,0.1671096010767108,0.1671096010767108
75,832.0,0.06470157907784069,0.06470157907784069,0.06470157907784069,0.07507037475518992,0.07507037475518992,0.07507037475518992
76,884.0,0.33830065359477124,0.33830065359477124,0.33830065359477124,0.32319972660088003,0.32319972660088003,0.32319972660088003
77,936.0,145.87532567887519,145.87532567887519,145.87532567887519,126.6704426676314,126.6704426676314,126.6704426676314
78,988.0,0.2454406721089475,0.2454406721089475,0.2454406721089475,0.24463080249412178,0.24463080249412178,0.24463080249412178
79,1040.0,80.7524392899135,80.7524392899135,80.7524392899135,145.9084852697647,145.9084852697647,145.9084852697647
80,52.0,0.6026054445025251,0.6026054445025251,0.6026054445025251,0.6203794588822505,0.6203794588822505,0.6203794588822505
81,104.0,0.03729146221786065,0.03729146221786065,0.03729146221786065,0.03982622613907881,0.03982622613907881,0.03982622613907881
82,156.0,0.4099790009497913,0.4099790009497913,0.4099790009497913,0.3841037678754502,0.3841037678754502,0.3841037678754502
83,208.0,0.06758706758525511,0.06758706758525511,0.06758706758525511,0.052823328955165956,0.052823328955165956,0.052823328955165956
84,260.0,0.23529411764705882,0.23529411764705882,0.23529411764705882,0.25836216839677045,0.25836216839677045,0.25836216839677045
85,312.0,0.22732377282817112,0.22732377282817112,0.22732377282817112,0.2630324581754974,0.2630324581754974,0.2630324581754974
86,364.0,0.5401555861066972,0.5401555861066972,0.5401555861066972,0.6334000989066635,0.6334000989066635,0.6334000989066635
87,416.0,0.2893683038231983,0.2893683038231983,0.2893683038231983,0.2872105121253246,0.2872105121253246,0.2872105121253246
88,468.0,0.21327176834146003,0.21327176834146003,0.21327176834146003,0.42728928789645154,0.42728928789645154,0.42728928789645154
89,520.0,0.2524314159820687,0.2524314159820687,0.2524314159820687,0.2583114855385966,0.2583114855385966,0.2583114855385966
90,572.0,0.0043782837127845885,0.0043782837127845885,0.0043782837127845885,0.004359114344514954,0.004359114344514954,0.004359114344514954
91,624.0,0.7640698222343163,0.7640698222343163,0.7640698222343163,0.7168393088173082,0.7168393088173082,0.7168393088173082
92,676.0,0.24966004895295077,0.24966004895295077,0.24966004895295077,0.300465617367743,0.300465617367743,0.300465617367743
93,728.0,0.44274572699056447,0.44274572699056447,0.44274572699056447,0.46382299988824505,0.46382299988824505,0.46382299988824505
94,780.0,0.5062351840538287,0.5062351840538287,0.5062351840538287,0.5025667714860427,0.5025667714860427,0.5025667714860427
95,832.0,144.04713900664132,144.04713900664132,144.04713900664132,128.52532847349946,128.52532847349946,128.52532847349946
96,884.0,0.1540130151843818,0.1540130151843818,0.1540130151843818,0.13463140113212343,0.13463140113212343,0.13463140113212343
97,936.0,0.07912607026867434,0.07912607026867434,0.07912607026867434,0.07463661445763073,0.07463661445763073,0.07463661445763073
98,988.0,0.004935563476830271,0.004935563476830271,0.004935563476830271,0.00491120368999645,0.00491120368999645,0.00491120368999645
99,1040.0,0.08731466227347612,0.08731466227347612,0.08731466227347612,0.08957549077348562,0.08957549077348562,0.08957549077348562
100,52.0,0.6195374839949861,0.6195374839949861,0.6195374839949861,0.707627230318605,0.707627230318605,0.707627230318605
101,104.0,0.8107579653637201,0.8107579653637201,0.8107579653637201,1.7423064860736897,1.7423064860736897,1.7423064860736897
102,156.0,0.11765194530393121,0.11765194530393121,0.11765194530393121,0.13036557765728884,0.13036557765728884,0.13036557765728884
103,208.0,0.031936127744510975,0.031936127744510975,0.031936127744510975,0.030916211489197255,0.030916211489197255,0.030916211489197255
104,260.0,0.15478683913030566,0.15478683913030566,0.15478683913030566,0.16215525838901948,0.16215525838901948,0.16215525838901948
105,312.0,1.0976515303820373,1.0976515303820373,1.0976515303820373,1.4695986095703717,1.4695986095703717,1.4695986095703717
106,364.0,0.11767690590470746,0.11767690590470746,0.11767690590470746,0.11485855882385376,0.11485855882385376,0.11485855882385376
107,416.0,0.007476789557286035,0.007476789557286035,0.007476789557286035,0.00661347378942874,0.00661347378942874,0.00661347378942874
108,468.0,0.1782003647914566,0.1782003647914566,0.1782003647914566,0.18668598270433773,0.18668598270433773,0.18668598270433773
109,520.0,0.10098522167487685,0.10098522167487685,0.10098522167487685,0.1129546943628819,0.1129546943628819,0.1129546943628819
110,572.0,0.24522659305268002,0.24522659305268002,0.24522659305268002,0.24168126335538143,0.24168126335538143,0.24168126335538143
111,624.0,0.13116842006529034,0.13116842006529034,0.13116842006529034,0.1149955234072475,0.1149955234072475,0.1149955234072475
112,676.0,0.09378671135590956,0.09378671135590956,0.09378671135590956,0.1000734528464331,0.1000734528464331,0.1000734528464331
113,728.0,0.027450980392156862,0.027450980392156862,0.027450980392156862,0.02669742406766628,0.02669742406766628,0.02669742406766628
114,780.0,0.20760709540135502,0.20760709540135502,0.20760709540135502,0.2828424527650451,0.2828424527650451,0.2828424527650451
115,832.0,0.04582651391162029,0.04582651391162029,0.04582651391162029,0.04863642816771625,0.04863642816771625,0.04863642816771625
116,884.0,0.2789183775663495,0.2789183775663495,0.2789183775663495,0.3213031866277132,0.3213031866277132,0.3213031866277132
117,936.0,17.365756660599363,17.365756660599363,17.365756660599363,79.88963941395852,79.88963941395852,79.88963941395852
118,988.0,0.12652135455948205,0.12652135455948205,0.12652135455948205,0.15609443001736953,0.15609443001736953,0.15609443001736953
119,1040.0,36.265792306378906,36.265792306378906,36.265792306378906,91.1429883795732,91.1429883795732,91.1429883795732
120,52.0,0.1245061231170752,0.1245061231170752,0.1245061231170752,0.1761191054904364,0.1761191054904364,0.1761191054904364
121,104.0,1.7472265102535074,1.7472265102535074,1.7472265102535074,5.863773251325761,5.863773251325761,5.863773251325761
122,156.0,0.3700908328401815,0.3700908328401815,0.3700908328401815,0.9302525294064845,0.9302525294064845,0.9302525294064845
123,208.0,1.0999437454481595,1.0999437454481595,1.0999437454481595,1.4800276213702983,1.4800276213702983,1.4800276213702983
124,260.0,0.0936435942414536,0.0936435942414536,0.0936435942414536,0.10002618807647434,0.10002618807647434,0.10002618807647434
125,312.0,0.10858051547178646,0.10858051547178646,0.10858051547178646,0.12361043114748928,0.12361043114748928,0.12361043114748928
126,364.0,0.23579584052338198,0.23579584052338198,0.23579584052338198,0.3629580314076882,0.3629580314076882,0.3629580314076882
127,416.0,0.056644757058350134,0.056644757058350134,0.056644757058350134,0.04428274947835487,0.04428274947835487,0.04428274947835487
128,468.0,0.05111550409488845,0.05111550409488845,0.05111550409488845,0.04906752153595741,0.04906752153595741,0.04906752153595741
129,520.0,0.06605504587155964,0.06605504587155964,0.06605504587155964,0.061691776786465785,0.061691776786465785,0.061691776786465785
130,572.0,0.11693171188026193,0.11693171188026193,0.11693171188026193,0.1051295940270975,0.1051295940270975,0.1051295940270975
131,624.0,54.728382502543234,54.728382502543234,54.728382502543234,49.40231752612314,49.40231752612314,49.40231752612314
132,676.0,0.11929824561403508,0.11929824561403508,0.11929824561403508,0.10506617420744846,0.10506617420744846,0.10506617420744846
133,728.0,0.3098751418842225,0.3098751418842225,0.3098751418842225,0.29103755535256215,0.29103755535256215,0.29103755535256215
134,780.0,0.3017241379310345,0.3017241379310345,0.3017241379310345,0.46068668252080847,0.46068668252080847,0.46068668252080847
135,832.0,0.17049309381357164,0.17049309381357164,0.17049309381357164,0.25784322037192103,0.25784322037192103,0.25784322037192103
136,884.0,0.27419354838709675,0.27419354838709675,0.27419354838709675,0.586108220603538,0.586108220603538,0.586108220603538
137,936.0,0.13300639759199775,0.13300639759199775,0.13300639759199775,0.13784048145050115,0.13784048145050115,0.13784048145050115
138,988.0,0.21841474459034727,0.21841474459034727,0.21841474459034727,0.2329359403466492,0.2329359403466492,0.2329359403466492
139,1040.0,0.1398497637247169,0.1398497637247169,0.1398497637247169,0.18440521030808246,0.18440521030808246,0.18440521030808246
140,52.0,0.1532218626934941,0.1532218626934941,0.1532218626934941,0.1204450608090087,0.1204450608090087,0.1204450608090087
141,104.0,0.13179309859424268,0.13179309859424268,0.13179309859424268,0.15136290924331,0.15136290924331,0.15136290924331
142,156.0,0.3015718882183641,0.3015718882183641,0.3015718882183641,0.4266228233569516,0.4266228233569516,0.4266228233569516
143,208.0,0.22738535236597238,0.22738535236597238,0.22738535236597238,0.22713846092954978,0.22713846092954978,0.22713846092954978
144,260.0,0.4089215306451251,0.4089215306451251,0.4089215306451251,0.49414781465321944,0.49414781465321944,0.49414781465321944
145,312.0,0.3384587694807466,0.3384587694807466,0.3384587694807466,0.5933455866782672,0.5933455866782672,0.5933455866782672
146,364.0,0.2500879670394673,0.2500879670394673,0.2500879670394673,0.32741288161247584,0.32741288161247584,0.32741288161247584
147,416.0,0.020694752402069475,0.020694752402069475,0.020694752402069475,0.026179266025677793,0.026179266025677793,0.026179266025677793
148,468.0,0.08372978116079924,0.08372978116079924,0.08372978116079924,0.11858399548796357,0.11858399548796357,0.11858399548796357
149,520.0,9.332371843718509,9.332371843718509,9.332371843718509,297.7466504516017,297.7466504516017,297.7466504516017
150,572.0,0.07216494845360824,0.07216494845360824,0.07216494845360824,0.07726644701881179,0.07726644701881179,0.07726644701881179
151,624.0,0.1975121853582981,0.1975121853582981,0.1975121853582981,0.1768363240460333,0.1768363240460333,0.1768363240460333
152,676.0,0.013078733978550876,0.013078733978550876,0.013078733978550876,0.013953979414353243,0.013953979414353243,0.013953979414353243
153,728.0,0.38144777728468254,0.38144777728468254,0.38144777728468254,0.5810096932931499,0.5810096932931499,0.5810096932931499
154,780.0,0.31073219887640124,0.31073219887640124,0.31073219887640124,0.2762384346669992,0.2762384346669992,0.2762384346669992
155,832.0,3.566187209586088,3.566187209586088,3.566187209586088,2.1944209255230755,2.1944209255230755,2.1944209255230755
156,884.0,0.4541639014071674,0.4541639014071674,0.4541639014071674,0.5651839260657138,0.5651839260657138,0.5651839260657138
157,936.0,0.02506822007424755,0.02506822007424755,0.02506822007424755,0.025965589952545623,0.025965589952545623,0.025965589952545623
158,988.0,0.0347223830759947,0.0347223830759947,0.0347223830759947,0.03378200172151392,0.03378200172151392,0.03378200172151392
159,1040.0,168.13657847824638,168.13657847824638,168.13657847824638,249.7917960801165,249.7917960801165,249.7917960801165
160,52.0,0.5372396833819802,0.5372396833819802,0.5372396833819802,1.2928588330309196,1.2928588330309196,1.2928588330309196
161,104.0,0.01946607341490545,0.01946607341490545,0.01946607341490545,0.020755665979131428,0.020755665979131428,0.020755665979131428
162,156.0,0.04934021801491681,0.04934021801491681,0.04934021801491681,0.0526429955540546,0.0526429955540546,0.0526429955540546
163,208.0,0.5873394585673622,0.5873394585673622,0.5873394585673622,0.5945482327212535,0.5945482327212535,0.5945482327212535
164,260.0,0.14868846033788433,0.14868846033788433,0.14868846033788433,0.14102226389959643,0.14102226389959643,0.14102226389959643
165,312.0,0.30833094249228366,0.30833094249228366,0.30833094249228366,0.5928759632314584,0.5928759632314584,0.5928759632314584
166,364.0,0.16674364896073904,0.16674364896073904,0.16674364896073904,0.14448292966520707,0.14448292966520707,0.14448292966520707
167,416.0,0.5516875475160923,0.5516875475160923,0.5516875475160923,0.69556821014511,0.69556821014511,0.69556821014511
168,468.0,0.2646490203286591,0.2646490203286591,0.2646490203286591,0.40455867776835064,0.40455867776835064,0.40455867776835064
169,520.0,0.16912276782872085,0.16912276782872085,0.16912276782872085,0.19765285516313577,0.19765285516313577,0.19765285516313577
170,572.0,0.1863281404394785,0.1863281404394785,0.1863281404394785,0.27255655922900307,0.27255655922900307,0.27255655922900307
171,624.0,0.1559778305621536,0.1559778305621536,0.1559778305621536,0.24091240489252236,0.24091240489252236,0.24091240489252236
172,676.0,0.25692565823133323,0.25692565823133323,0.25692565823133323,0.30989549719111215,0.30989549719111215,0.30989549719111215
173,728.0,0.1472715484144429,0.1472715484144429,0.1472715484144429,0.1989824242514276,0.1989824242514276,0.1989824242514276
174,780.0,0.34080833081096235,0.34080833081096235,0.34080833081096235,0.4594193273456673,0.4594193273456673,0.4594193273456673
175,832.0,0.04701292006396475,0.04701292006396475,0.04701292006396475,0.05379380867797753,0.05379380867797753,0.05379380867797753
176,884.0,0.5293076752930768,0.5293076752930768,0.5293076752930768,0.6026026837035319,0.6026026837035319,0.6026026837035319
177,936.0,90.24658078506732,90.24658078506732,90.24658078506732,466.4255759534744,466.4255759534744,466.4255759534744
178,988.0,0.19266753377587073,0.19266753377587073,0.19266753377587073,0.1971909902225098,0.1971909902225098,0.1971909902225098
179,1040.0,0.11211164909728326,0.11211164909728326,0.11211164909728326,0.08774738481888067,0.08774738481888067,0.08774738481888067
180,52.0,0.10016938420439138,0.10016938420439138,0.10016938420439138,0.10661517965804726,0.10661517965804726,0.10661517965804726
181,104.0,0.24384783759356501,0.24384783759356501,0.24384783759356501,0.2765775090008908,0.2765775090008908,0.2765775090008908
182,156.0,0.05296229802513465,0.05296229802513465,0.05296229802513465,0.054645623354144586,0.054645623354144586,0.054645623354144586
183,208.0,0.12508200981045847,0.12508200981045847,0.12508200981045847,0.13934614289192365,0.13934614289192365,0.13934614289192365
184,260.0,0.0015552099533437014,0.0015552099533437014,0.0015552099533437014,0.0015527912753447223,0.0015527912753447223,0.0015527912753447223
185,312.0,0.14614668225485936,0.14614668225485936,0.14614668225485936,0.1404996174035313,0.1404996174035313,0.1404996174035313
186,364.0,0.8203748177045546,0.8203748177045546,0.8203748177045546,1.1183239888514864,1.1183239888514864,1.1183239888514864
187,416.0,0.605729166122057,0.605729166122057,0.605729166122057,1.3086195272939773,1.3086195272939773,1.3086195272939773
188,468.0,0.15617366476853184,0.15617366476853184,0.15617366476853184,0.15085380277514113,0.15085380277514113,0.15085380277514113
189,520.0,0.4289967839542828,0.4289967839542828,0.4289967839542828,0.7526989101111952,0.7526989101111952,0.7526989101111952
190,572.0,0.2619507573990235,0.2619507573990235,0.2619507573990235,0.38904845264070675,0.38904845264070675,0.38904845264070675
191,624.0,0.1162781617893175,0.1162781617893175,0.1162781617893175,0.10025503047175456,0.10025503047175456,0.10025503047175456
192,676.0,0.09574107421023235,0.09574107421023235,0.09574107421023235,0.10251534407692504,0.10251534407692504,0.10251534407692504
193,728.0,0.03549816551370966,0.03549816551370966,0.03549816551370966,0.037611856629917936,0.037611856629917936,0.037611856629917936
194,780.0,0.0084985835694051,0.0084985835694051,0.0084985835694051,0.008426357646718938,0.008426357646718938,0.008426357646718938
195,832.0,0.16897506925207756,0.16897506925207756,0.16897506925207756,0.25953606863053535,0.25953606863053535,0.25953606863053535
196,884.0,0.03565384660967945,0.03565384660967945,0.03565384660967945,0.036002085726356325,0.036002085726356325,0.036002085726356325
197,936.0,0.2431648967971995,0.2431648967971995,0.2431648967971995,0.26045619539966036,0.26045619539966036,0.26045619539966036
198,988.0,0.19230769230769232,0.19230769230769232,0.19230769230769232,0.15532544378698226,0.15532544378698226,0.15532544378698226
199,1040.0,0.1656720517030502,0.1656720517030502,0.1656720517030502,0.2626352687830299,0.2626352687830299,0.2626352687830299
200,52.0,0.16666666666666666,0.16666666666666666,0.16666666666666666,0.1388888888888889,0.1388888888888889,0.1388888888888889
201,104.0,0.17221136551737637,0.17221136551737637,0.17221136551737637,0.19119954650982096,0.19119954650982096,0.19119954650982096
202,156.0,0.5009099482879191,0.5009099482879191,0.5009099482879191,0.5574449706441094,0.5574449706441094,0.5574449706441094
203,208.0,0.20569902048085487,0.20569902048085487,0.20569902048085487,0.19989628340954813,0.19989628340954813,0.19989628340954813
204,260.0,0.058365758754863814,0.058365758754863814,0.058365758754863814,0.06274129812714803,0.06274129812714803,0.06274129812714803
205,312.0,0.7731432922417729,0.7731432922417729,0.7731432922417729,0.828313566040317,0.828313566040317,0.828313566040317
206,364.0,0.11979166666666667,0.11979166666666667,0.11979166666666667,0.1262749565972222,0.1262749565972222,0.1262749565972222
207,416.0,0.13240779113137174,0.13240779113137174,0.13240779113137174,0.15507489048219095,0.15507489048219095,0.15507489048219095
208,468.0,0.1948811584540328,0.1948811584540328,0.1948811584540328,0.1690776676953938,0.1690776676953938,0.1690776676953938
209,520.0,0.14453776075128633,0.14453776075128633,0.14453776075128633,0.15434968229359805,0.15434968229359805,0.15434968229359805
210,572.0,0.317199358079935,0.317199358079935,0.317199358079935,0.7820133435094887,0.7820133435094887,0.7820133435094887
211,624.0,0.12852791705685,0.12852791705685,0.12852791705685,0.1275919893606443,0.1275919893606443,0.1275919893606443
212,676.0,0.15003641660597233,0.15003641660597233,0.15003641660597233,0.13626547573136905,0.13626547573136905,0.13626547573136905
213,728.0,0.10856439644237446,0.10856439644237446,0.10856439644237446,0.12010882502865391,0.12010882502865391,0.12010882502865391
214,780.0,89.17945269637347,89.17945269637347,89.17945269637347,351.0369392950471,351.0369392950471,351.0369392950471
215,832.0,0.21632721332521884,0.21632721332521884,0.21632721332521884,0.2869803500288437,0.2869803500288437,0.2869803500288437
216,884.0,0.3046203912769586,0.3046203912769586,0.3046203912769586,0.6177011987164873,0.6177011987164873,0.6177011987164873
217,936.0,0.29124579124579125,0.29124579124579125,0.29124579124579125,0.24009171399743792,0.24009171399743792,0.24009171399743792
218,988.0,0.11614432446668423,0.11614432446668423,0.11614432446668423,0.10318155199109619,0.10318155199109619,0.10318155199109619
219,1040.0,0.17258967482955104,0.17258967482955104,0.17258967482955104,0.18073060901703267,0.18073060901703267,0.18073060901703267
220,52.0,0.15383216194331395,0.15383216194331395,0.15383216194331395,0.20948478539720117,0.20948478539720117,0.20948478539720117
221,104.0,0.5099175284680939,0.5099175284680939,0.5099175284680939,2.1659843956644123,2.1659843956644123,2.1659843956644123
222,156.0,0.17397137745974955,0.17397137745974955,0.17397137745974955,0.14907206358146577,0.14907206358146577,0.14907206358146577
223,208.0,0.15570036602648063,0.15570036602648063,0.15570036602648063,0.20862934159014035,0.20862934159014035,0.20862934159014035
224,260.0,0.255924632382558,0.255924632382558,0.255924632382558,0.26330337627398465,0.26330337627398465,0.26330337627398465
225,312.0,0.019934543290687296,0.019934543290687296,0.019934543290687296,0.02608282820574947,0.02608282820574947,0.02608282820574947
226,364.0,0.30980066445182725,0.30980066445182725,0.30980066445182725,0.27196374764075454,0.27196374764075454,0.27196374764075454
227,416.0,0.12261146496815287,0.12261146496815287,0.12261146496815287,0.11341653481547596,0.11341653481547596,0.11341653481547596
228,468.0,0.004469273743016759,0.004469273743016759,0.004469273743016759,0.004449299335226741,0.004449299335226741,0.004449299335226741
229,520.0,0.10821643286573146,0.10821643286573146,0.10821643286573146,0.09984564988360155,0.09984564988360155,0.09984564988360155
230,572.0,0.2599977085726471,0.2599977085726471,0.2599977085726471,2.097504782406304,2.097504782406304,2.097504782406304
231,624.0,0.7451217034321257,0.7451217034321257,0.7451217034321257,1.3717047498031782,1.3717047498031782,1.3717047498031782
232,676.0,0.25980254166830485,0.25980254166830485,0.25980254166830485,0.27787646867737786,0.27787646867737786,0.27787646867737786
233,728.0,0.1387997725449019,0.1387997725449019,0.1387997725449019,0.12392512942984854,0.12392512942984854,0.12392512942984854
234,780.0,0.2490118577075099,0.2490118577075099,0.2490118577075099,0.2296926994641379,0.2296926994641379,0.2296926994641379
235,832.0,0.037569014591152285,0.037569014591152285,0.037569014591152285,0.03691008782055713,0.03691008782055713,0.03691008782055713
236,884.0,0.2764345762261181,0.2764345762261181,0.2764345762261181,0.31766515720323923,0.31766515720323923,0.31766515720323923
237,936.0,0.3040300152626108,0.3040300152626108,0.3040300152626108,0.47404621956027876,0.47404621956027876,0.47404621956027876
238,988.0,0.01087219135056777,0.01087219135056777,0.01087219135056777,0.010753986805804413,0.010753986805804413,0.010753986805804413
239,1040.0,0.28136971780514747,0.28136971780514747,0.28136971780514747,0.3026959602174076,0.3026959602174076,0.3026959602174076
240,52.0,0.24405572928567862,0.24405572928567862,0.24405572928567862,0.6310434572854285,0.6310434572854285,0.6310434572854285
241,104.0,0.12702200963186253,0.12702200963186253,0.12702200963186253,0.16073470622826191,0.16073470622826191,0.16073470622826191
242,156.0,0.31476945883842933,0.31476945883842933,0.31476945883842933,0.24472688605196538,0.24472688605196538,0.24472688605196538
243,208.0,0.07636363636363637,0.07636363636363637,0.07636363636363637,0.07780495867768597,0.07780495867768597,0.07780495867768597
244,260.0,0.0746226146397038,0.0746226146397038,0.0746226146397038,0.06905408002403807,0.06905408002403807,0.06905408002403807
245,312.0,0.10960211673204936,0.10960211673204936,0.10960211673204936,0.10583168050923955,0.10583168050923955,0.10583168050923955
246,364.0,0.6454786055159242,0.6454786055159242,0.6454786055159242,1.2301331795211399,1.2301331795211399,1.2301331795211399
247,416.0,0.38510796701697925,0.38510796701697925,0.38510796701697925,0.44187343532848183,0.44187343532848183,0.44187343532848183
248,468.0,21.27811897015501,21.27811897015501,21.27811897015501,24.947819267087354,24.947819267087354,24.947819267087354
249,520.0,1.090846972440005,1.090846972440005,1.090846972440005,1.1031447845643476,1.1031447845643476,1.1031447845643476
250,572.0,0.5792914124109239,0.5792914124109239,0.5792914124109239,0.5754824023299986,0.5754824023299986,0.5754824023299986
251,624.0,0.24544493154038777,0.24544493154038777,0.24544493154038777,0.2483965743052187,0.2483965743052187,0.2483965743052187
252,676.0,0.3470449172576832,0.3470449172576832,0.3470449172576832,0.4592288561384684,0.4592288561384684,0.4592288561384684
253,728.0,0.07683659194439557,0.07683659194439557,0.07683659194439557,0.08351605081521865,0.08351605081521865,0.08351605081521865
254,780.0,0.211,0.211,0.211,2.2664790000000004,2.2664790000000004,2.2664790000000004
255,832.0,0.2088889314322902,0.2088889314322902,0.2088889314322902,0.30833202526083825,0.30833202526083825,0.30833202526083825
256,884.0,0.3795671798302371,0.3795671798302371,0.3795671798302371,0.4229903259048381,0.4229903259048381,0.4229903259048381
257,936.0,0.3734792991894868,0.3734792991894868,0.3734792991894868,0.3640361210640967,0.3640361210640967,0.3640361210640967
258,988.0,0.17310759361739284,0.17310759361739284,0.17310759361739284,0.18215891833319792,0.18215891833319792,0.18215891833319792
259,1040.0,11.404031010462464,11.404031010462464,11.404031010462464,486.23519887263325,486.23519887263325,486.23519887263325
260,52.0,0.18107346938511798,0.18107346938511798,0.18107346938511798,0.18488005377016378,0.18488005377016378,0.18488005377016378
261,104.0,0.07954545454545454,0.07954545454545454,0.07954545454545454,0.11867252066115702,0.11867252066115702,0.11867252066115702
262,156.0,0.11702233652886687,0.11702233652886687,0.11702233652886687,0.11700310181085116,0.11700310181085116,0.11700310181085116
263,208.0,0.15158043108983962,0.15158043108983962,0.15158043108983962,0.17076648733292185,0.17076648733292185,0.17076648733292185
264,260.0,0.5300327582250922,0.5300327582250922,0.5300327582250922,1.1742059709042145,1.1742059709042145,1.1742059709042145
265,312.0,0.1961860520036259,0.1961860520036259,0.1961860520036259,0.19996393437490864,0.19996393437490864,0.19996393437490864
266,364.0,0.1038774831652012,0.1038774831652012,0.1038774831652012,0.11384908317031676,0.11384908317031676,0.11384908317031676
267,416.0,0.26395458897523183,0.26395458897523183,0.26395458897523183,0.2660600064368814,0.2660600064368814,0.2660600064368814
268,468.0,0.3015518892975357,0.3015518892975357,0.3015518892975357,0.44721053343276684,0.44721053343276684,0.44721053343276684
269,520.0,0.1178343949044586,0.1178343949044586,0.1178343949044586,0.14216601079151284,0.14216601079151284,0.14216601079151284
270,572.0,0.2538200727276765,0.2538200727276765,0.2538200727276765,0.2679140919965685,0.2679140919965685,0.2679140919965685
271,624.0,0.17450988033349862,0.17450988033349862,0.17450988033349862,0.32035879629432146,0.32035879629432146,0.32035879629432146
272,676.0,0.25245901639344265,0.25245901639344265,0.25245901639344265,0.22806772373018006,0.22806772373018006,0.22806772373018006
273,728.0,0.05218170867971929,0.05218170867971929,0.05218170867971929,0.05000218555307362,0.05000218555307362,0.05000218555307362
274,780.0,0.18236961866978058,0.18236961866978058,0.18236961866978058,0.18006840155701234,0.18006840155701234,0.18006840155701234
275,832.0,0.17327138562448757,0.17327138562448757,0.17327138562448757,0.160192932909012,0.160192932909012,0.160192932909012
276,884.0,0.3777205442628291,0.3777205442628291,0.3777205442628291,0.40377279503425373,0.40377279503425373,0.40377279503425373
277,936.0,0.17220313096601755,0.17220313096601755,0.17220313096601755,0.19218647878362966,0.19218647878362966,0.19218647878362966
278,988.0,0.5204875717875219,0.5204875717875219,0.5204875717875219,0.8334415347059887,0.8334415347059887,0.8334415347059887
279,1040.0,0.006329113924050633,0.006329113924050633,0.006329113924050633,0.00628905624098702,0.00628905624098702,0.00628905624098702
280,52.0,0.39819705035301445,0.39819705035301445,0.39819705035301445,0.4934982496252002,0.4934982496252002,0.4934982496252002
281,104.0,0.11309311452015698,0.11309311452015698,0.11309311452015698,0.10101658319554416,0.10101658319554416,0.10101658319554416
282,156.0,0.21660842665767827,0.21660842665767827,0.21660842665767827,0.41191382662330583,0.41191382662330583,0.41191382662330583
283,208.0,0.06896230136227938,0.06896230136227938,0.06896230136227938,0.05385420086930647,0.05385420086930647,0.05385420086930647
284,260.0,0.4251826491628648,0.4251826491628648,0.4251826491628648,0.48530759136712953,0.48530759136712953,0.48530759136712953
285,312.0,0.02497883149872989,0.02497883149872989,0.02497883149872989,0.02477825950109015,0.02477825950109015,0.02477825950109015
286,364.0,0.14740482419616063,0.14740482419616063,0.14740482419616063,0.32255625991585557,0.32255625991585557,0.32255625991585557
287,416.0,10.542657400693585,10.542657400693585,10.542657400693585,238.09988146905488,238.09988146905488,238.09988146905488
288,468.0,0.11327231121281464,0.11327231121281464,0.11327231121281464,0.1073066832836743,0.1073066832836743,0.1073066832836743
289,520.0,0.2379301807378064,0.2379301807378064,0.2379301807378064,0.21499111074794952,0.21499111074794952,0.21499111074794952
290,572.0,0.147239263803681,0.147239263803681,0.147239263803681,0.16236967894915125,0.16236967894915125,0.16236967894915125
291,624.0,0.5454545454545454,0.5454545454545454,0.5454545454545454,0.42975206611570244,0.42975206611570244,0.42975206611570244
292,676.0,0.13317191283292978,0.13317191283292978,0.13317191283292978,0.11543715446534832,0.11543715446534832,0.11543715446534832
293,728.0,0.13583274653066946,0.13583274653066946,0.13583274653066946,0.13275813366602676,0.13275813366602676,0.13275813366602676
294,780.0,0.5646753487868478,0.5646753487868478,0.5646753487868478,0.4793959187342118,0.4793959187342118,0.4793959187342118
295,832.0,0.7098477442077732,0.7098477442077732,0.7098477442077732,2.1970600375991602,2.1970600375991602,2.1970600375991602
296,884.0,0.21508310592904986,0.21508310592904986,0.21508310592904986,0.20355319949380146,0.20355319949380146,0.20355319949380146
297,936.0,0.30886268130876293,0.30886268130876293,0.30886268130876293,0.4075968286845858,0.4075968286845858,0.4075968286845858
298,988.0,0.369232625680256,0.369232625680256,0.369232625680256,0.3617155341266154,0.3617155341266154,0.3617155341266154
299,1040.0,0.8780241232102202,0.8780241232102202,0.8780241232102202,9.476206044481762,9.476206044481762,9.476206044481762
300,52.0,0.28852799727098183,0.28852799727098183,0.28852799727098183,0.42888410673574995,0.42888410673574995,0.42888410673574995
301,104.0,0.18674698795180722,0.18674698795180722,0.18674698795180722,0.7241617070692408,0.7241617070692408,0.7241617070692408
302,156.0,0.25209850468444955,0.25209850468444955,0.25209850468444955,0.2816607913271913,0.2816607913271913,0.2816607913271913
303,208.0,0.0603090840557859,0.0603090840557859,0.0603090840557859,0.05667189843613806,0.05667189843613806,0.05667189843613806
304,260.0,0.27994404706921083,0.27994404706921083,0.27994404706921083,0.7397041825107282,0.7397041825107282,0.7397041825107282
305,312.0,0.05943369778525372,0.05943369778525372,0.05943369778525372,0.05646202861494988,0.05646202861494988,0.05646202861494988
306,364.0,0.09987071751777635,0.09987071751777635,0.09987071751777635,0.08989655730026086,0.08989655730026086,0.08989655730026086
307,416.0,0.10462868480638712,0.10462868480638712,0.10462868480638712,0.12410866400802702,0.12410866400802702,0.12410866400802702
308,468.0,0.2710476318538532,0.2710476318538532,0.2710476318538532,0.25398400462713494,0.25398400462713494,0.25398400462713494
309,520.0,0.31912058627581613,0.31912058627581613,0.31912058627581613,0.2852373345595497,0.2852373345595497,0.2852373345595497
310,572.0,0.1343819616469276,0.1343819616469276,0.1343819616469276,0.15969357034798043,0.15969357034798043,0.15969357034798043
311,624.0,0.2255813953488372,0.2255813953488372,0.2255813953488372,0.19097349918875065,0.19097349918875065,0.19097349918875065
312,676.0,0.2858848462479618,0.2858848462479618,0.2858848462479618,0.2560742229885177,0.2560742229885177,0.2560742229885177
313,728.0,0.5128179460524549,0.5128179460524549,0.5128179460524549,0.7583547477276221,0.7583547477276221,0.7583547477276221
314,780.0,0.14480374211917835,0.14480374211917835,0.14480374211917835,0.15637578515581554,0.15637578515581554,0.15637578515581554
315,832.0,121.10259662941054,121.10259662941054,121.10259662941054,121.90400667871482,121.90400667871482,121.90400667871482
316,884.0,0.08812023883055384,0.08812023883055384,0.08812023883055384,0.10094390318726022,0.10094390318726022,0.10094390318726022
317,936.0,0.3123359580052493,0.3123359580052493,0.3123359580052493,0.28827302099048635,0.28827302099048635,0.28827302099048635
318,988.0,0.6914357340133894,0.6914357340133894,0.6914357340133894,0.6038078449898034,0.6038078449898034,0.6038078449898034
319,1040.0,0.5684101979892979,0.5684101979892979,0.5684101979892979,0.6684375780904159,0.6684375780904159,0.6684375780904159
320,52.0,0.13176900039652295,0.13176900039652295,0.13176900039652295,0.13386035381906466,0.13386035381906466,0.13386035381906466
321,104.0,0.19139018085841594,0.19139018085841594,0.19139018085841594,0.19359401978028024,0.19359401978028024,0.19359401978028024
322,156.0,0.25175664601934444,0.25175664601934444,0.25175664601934444,0.3084989877910809,0.3084989877910809,0.3084989877910809
323,208.0,0.5337036046654305,0.5337036046654305,0.5337036046654305,0.5643632118038123,0.5643632118038123,0.5643632118038123
324,260.0,0.17123731025762087,0.17123731025762087,0.17123731025762087,0.1852840364308424,0.1852840364308424,0.1852840364308424
325,312.0,0.10714285714285714,0.10714285714285714,0.10714285714285714,0.10359977324263041,0.10359977324263041,0.10359977324263041
326,364.0,0.10620792819745699,0.10620792819745699,0.10620792819745699,0.10091134943602177,0.10091134943602177,0.10091134943602177
327,416.0,0.10252438760165547,0.10252438760165547,0.10252438760165547,0.09513946435481381,0.09513946435481381,0.09513946435481381
328,468.0,0.09959141981613892,0.09959141981613892,0.09959141981613892,0.1070376267292405,0.1070376267292405,0.1070376267292405
329,520.0,0.28635966491501297,0.28635966491501297,0.28635966491501297,0.24764443322136806,0.24764443322136806,0.24764443322136806
330,572.0,0.007675438596491228,0.007675438596491228,0.007675438596491228,0.008055122730070792,0.008055122730070792,0.008055122730070792
331,624.0,0.08614127601381472,0.08614127601381472,0.08614127601381472,0.09578435126327582,0.09578435126327582,0.09578435126327582
332,676.0,0.3165605095541401,0.3165605095541401,0.3165605095541401,0.32717797882267025,0.32717797882267025,0.32717797882267025
333,728.0,0.31739094480610697,0.31739094480610697,0.31739094480610697,0.3013668442780245,0.3013668442780245,0.3013668442780245
334,780.0,0.09523900244931674,0.09523900244931674,0.09523900244931674,0.0787738654532302,0.0787738654532302,0.0787738654532302
335,832.0,114.37017189980776,114.37017189980776,114.37017189980776,211.39622403779484,211.39622403779484,211.39622403779484
336,884.0,0.13577196015291804,0.13577196015291804,0.13577196015291804,0.12399491603991741,0.12399491603991741,0.12399491603991741
337,936.0,0.25862438283750405,0.25862438283750405,0.25862438283750405,0.21978938621609892,0.21978938621609892,0.21978938621609892
338,988.0,0.47357372253194424,0.47357372253194424,0.47357372253194424,1.2020934624458302,1.2020934624458302,1.2020934624458302
339,1040.0,0.13722397476340695,0.13722397476340695,0.13722397476340695,0.16255759336842837,0.16255759336842837,0.16255759336842837
340,52.0,0.296048347702175,0.296048347702175,0.296048347702175,0.35023202082141563,0.35023202082141563,0.35023202082141563
341,104.0,0.35780019072293107,0.35780019072293107,0.35780019072293107,0.3433659004289811,0.3433659004289811,0.3433659004289811
342,156.0,0.1884743998211689,0.1884743998211689,0.1884743998211689,0.20523611543917775,0.20523611543917775,0.20523611543917775
343,208.0,0.2339728520981961,0.2339728520981961,0.2339728520981961,0.2039057256318225,0.2039057256318225,0.2039057256318225
344,260.0,0.1417615851253065,0.1417615851253065,0.1417615851253065,0.12080836334852388,0.12080836334852388,0.12080836334852388
345,312.0,0.1713747645951036,0.1713747645951036,0.1713747645951036,0.19043160477614177,0.19043160477614177,0.19043160477614177
346,364.0,0.3945538725795404,0.3945538725795404,0.3945538725795404,0.48559467781726007,0.48559467781726007,0.48559467781726007
347,416.0,0.3077627310965909,0.3077627310965909,0.3077627310965909,0.3257581895218719,0.3257581895218719,0.3257581895218719
348,468.0,3.4390144921657453,3.4390144921657453,3.4390144921657453,5.085383177139009,5.085383177139009,5.085383177139009
349,520.0,0.20421079810342666,0.20421079810342666,0.20421079810342666,0.2770984654408515,0.2770984654408515,0.2770984654408515
350,572.0,0.2550607287449393,0.2550607287449393,0.2550607287449393,0.299316494287728,0.299316494287728,0.299316494287728
351,624.0,0.09327957334168178,0.09327957334168178,0.09327957334168178,0.09314418750729338,0.09314418750729338,0.09314418750729338
352,676.0,0.18488491206195884,0.18488491206195884,0.18488491206195884,0.30189394075882126,0.30189394075882126,0.30189394075882126
353,728.0,0.054531427389713824,0.054531427389713824,0.054531427389713824,0.0513454236497669,0.0513454236497669,0.0513454236497669
354,780.0,0.3882201203783319,0.3882201203783319,0.3882201203783319,0.7190185861127972,0.7190185861127972,0.7190185861127972
355,832.0,0.41403316984419575,0.41403316984419575,0.41403316984419575,0.5412793689385293,0.5412793689385293,0.5412793689385293
356,884.0,0.28795459488601305,0.28795459488601305,0.28795459488601305,0.2822817180725867,0.2822817180725867,0.2822817180725867
357,936.0,0.19583333333333333,0.19583333333333333,0.19583333333333333,0.2324826388888889,0.2324826388888889,0.2324826388888889
358,988.0,0.024752475247524754,0.024752475247524754,0.024752475247524754,0.024139790216645425,0.024139790216645425,0.024139790216645425
359,1040.0,124.85740495387113,124.85740495387113,124.85740495387113,195.45907565100174,195.45907565100174,195.45907565100174
360,52.0,0.30283612518586933,0.30283612518586933,0.30283612518586933,0.2898786422051859,0.2898786422051859,0.2898786422051859
361,104.0,1.0698811226843115,1.0698811226843115,1.0698811226843115,6.071189033026819,6.071189033026819,6.071189033026819
362,156.0,5.87505026922271,5.87505026922271,5.87505026922271,7.38610221477297,7.38610221477297,7.38610221477297
363,208.0,0.012272727272727272,0.012272727272727272,0.012272727272727272,0.012576652892561982,0.012576652892561982,0.012576652892561982
364,260.0,0.5278133181328635,0.5278133181328635,0.5278133181328635,0.6202162518387601,0.6202162518387601,0.6202162518387601
365,312.0,0.26219486158372407,0.26219486158372407,0.26219486158372407,0.3487595380447176,0.3487595380447176,0.3487595380447176
366,364.0,0.28772054428130317,0.28772054428130317,0.28772054428130317,0.27300692601223653,0.27300692601223653,0.27300692601223653
367,416.0,0.39021601860279576,0.39021601860279576,0.39021601860279576,0.3726891881389816,0.3726891881389816,0.3726891881389816
368,468.0,0.24824536311997975,0.24824536311997975,0.24824536311997975,0.19209310064205906,0.19209310064205906,0.19209310064205906
369,520.0,0.10638297872340426,0.10638297872340426,0.10638297872340426,0.10925003772446053,0.10925003772446053,0.10925003772446053
370,572.0,79.18109324494954,79.18109324494954,79.18109324494954,76.76650406829128,76.76650406829128,76.76650406829128
371,624.0,0.3138888888888889,0.3138888888888889,0.3138888888888889,0.29314043209876545,0.29314043209876545,0.29314043209876545
372,676.0,0.32261422438929127,0.32261422438929127,0.32261422438929127,0.47444928685470317,0.47444928685470317,0.47444928685470317
373,728.0,0.13140371611286303,0.13140371611286303,0.13140371611286303,0.1304451790356939,0.1304451790356939,0.1304451790356939
374,780.0,0.13675213675213677,0.13675213675213677,0.13675213675213677,0.11805098984586167,0.11805098984586167,0.11805098984586167
375,832.0,46.36488169364882,46.36488169364882,46.36488169364882,46.61032336707459,46.61032336707459,46.61032336707459
376,884.0,0.3524501837101068,0.3524501837101068,0.3524501837101068,1.7810219209424756,1.7810219209424756,1.7810219209424756
377,936.0,0.13128112267994568,0.13128112267994568,0.13128112267994568,0.20549048185731814,0.20549048185731814,0.20549048185731814
378,988.0,0.25366876310272535,0.25366876310272535,0.25366876310272535,0.2899498525462688,0.2899498525462688,0.2899498525462688
379,1040.0,0.26968620485494377,0.26968620485494377,0.26968620485494377,0.2674114468256798,0.2674114468256798,0.2674114468256798
380,52.0,0.5503018355547893,0.5503018355547893,0.5503018355547893,0.7703320035624547,0.7703320035624547,0.7703320035624547
381,104.0,0.15443037974683543,0.15443037974683543,0.15443037974683543,0.13058163755808366,0.13058163755808366,0.13058163755808366
382,156.0,0.13097611460529043,0.13097611460529043,0.13097611460529043,0.14646128623762575,0.14646128623762575,0.14646128623762575
383,208.0,0.3411589337772149,0.3411589337772149,0.3411589337772149,0.4061972243423415,0.4061972243423415,0.4061972243423415
384,260.0,11.101546673344751,11.101546673344751,11.101546673344751,12.695080809776588,12.695080809776588,12.695080809776588
385,312.0,0.6861175449232052,0.6861175449232052,0.6861175449232052,2.889925039845976,2.889925039845976,2.889925039845976
386,364.0,0.2887189374687851,0.2887189374687851,0.2887189374687851,0.38694261587941986,0.38694261587941986,0.38694261587941986
387,416.0,0.08570334102813326,0.08570334102813326,0.08570334102813326,0.08092902797404519,0.08092902797404519,0.08092902797404519
388,468.0,0.3756262444458957,0.3756262444458957,0.3756262444458957,2.4897884071100718,2.4897884071100718,2.4897884071100718
389,520.0,0.7121187086200452,0.7121187086200452,0.7121187086200452,1.0761455960902484,1.0761455960902484,1.0761455960902484
390,572.0,0.11993865030674847,0.11993865030674847,0.11993865030674847,0.13561472016259551,0.13561472016259551,0.13561472016259551
391,624.0,0.19472543362411182,0.19472543362411182,0.19472543362411182,0.22371854345642625,0.22371854345642625,0.22371854345642625
392,676.0,0.022424814152095424,0.022424814152095424,0.022424814152095424,0.022413515314739327,0.022413515314739327,0.022413515314739327
393,728.0,0.05737704918032787,0.05737704918032787,0.05737704918032787,0.056186646820884915,0.056186646820884915,0.056186646820884915
394,780.0,0.12078091631972707,0.12078091631972707,0.12078091631972707,0.14465562083090241,0.14465562083090241,0.14465562083090241
395,832.0,0.7160240561335138,0.7160240561335138,0.7160240561335138,0.6627632459614887,0.6627632459614887,0.6627632459614887
396,884.0,0.1405989218056201,0.1405989218056201,0.1405989218056201,0.2553218424684606,0.2553218424684606,0.2553218424684606
397,936.0,0.2226962457337884,0.2226962457337884,0.2226962457337884,0.21064528998590548,0.21064528998590548,0.21064528998590548
398,988.0,0.017577153577302124,0.017577153577302124,0.017577153577302124,0.012409220651213162,0.012409220651213162,0.012409220651213162
399,1040.0,0.125,0.125,0.125,0.14741847826086957,0.14741847826086957,0.14741847826086957
400,52.0,0.30241192710052195,0.30241192710052195,0.30241192710052195,0.49845508546619743,0.49845508546619743,0.49845508546619743
401,104.0,0.1248311323665602,0.1248311323665602,0.1248311323665602,0.16729136703137382,0.16729136703137382,0.16729136703137382
402,156.0,1.008193200912804,1.008193200912804,1.008193200912804,6.305432363347749,6.305432363347749,6.305432363347749
403,208.0,0.14193313332150617,0.14193313332150617,0.14193313332150617,0.13912891956929802,0.13912891956929802,0.13912891956929802
404,260.0,0.009852216748768473,0.009852216748768473,0.009852216748768473,0.009755150573903758,0.009755150573903758,0.009755150573903758
405,312.0,0.105297580117724,0.105297580117724,0.105297580117724,0.1164467557887812,0.1164467557887812,0.1164467557887812
406,364.0,0.056451612903225805,0.056451612903225805,0.056451612903225805,0.058641172389871654,0.058641172389871654,0.058641172389871654
407,416.0,0.06792433597336746,0.06792433597336746,0.06792433597336746,0.06959631793484795,0.06959631793484795,0.06959631793484795
408,468.0,23.67274987065969,23.67274987065969,23.67274987065969,33.60334648472003,33.60334648472003,33.60334648472003
409,520.0,0.043752819124943616,0.043752819124943616,0.043752819124943616,0.04634910985335159,0.04634910985335159,0.04634910985335159
410,572.0,0.269623626440439,0.269623626440439,0.269623626440439,0.2802390437554863,0.2802390437554863,0.2802390437554863
411,624.0,0.15915915915915915,0.15915915915915915,0.15915915915915915,0.18187556926295664,0.18187556926295664,0.18187556926295664
412,676.0,0.04784103541235938,0.04784103541235938,0.04784103541235938,0.04885370643743476,0.04885370643743476,0.04885370643743476
413,728.0,0.15141305384677842,0.15141305384677842,0.15141305384677842,0.16847624635049804,0.16847624635049804,0.16847624635049804
414,780.0,82.51769140910706,82.51769140910706,82.51769140910706,106.15793325197093,106.15793325197093,106.15793325197093
415,832.0,0.031848718586713114,0.031848718586713114,0.031848718586713114,0.03133201393901487,0.03133201393901487,0.03133201393901487
416,884.0,0.11018411967779057,0.11018411967779057,0.11018411967779057,0.12278466115172791,0.12278466115172791,0.12278466115172791
417,936.0,0.06508150066646678,0.06508150066646678,0.06508150066646678,0.06735526515639208,0.06735526515639208,0.06735526515639208
418,988.0,0.1398481489278309,0.1398481489278309,0.1398481489278309,0.1413666582307831,0.1413666582307831,0.1413666582307831
419,1040.0,0.028130860595957492,0.028130860595957492,0.028130860595957492,0.028589775749019743,0.028589775749019743,0.028589775749019743
420,52.0,0.29917430320335153,0.29917430320335153,0.29917430320335153,0.3043283667690244,0.3043283667690244,0.3043283667690244
421,104.0,0.5749590928622526,0.5749590928622526,0.5749590928622526,0.5954588931425233,0.5954588931425233,0.5954588931425233
422,156.0,0.12092141820203017,0.12092141820203017,0.12092141820203017,0.10623638077794305,0.10623638077794305,0.10623638077794305
423,208.0,0.1898522590428528,0.1898522590428528,0.1898522590428528,0.18219388311072432,0.18219388311072432,0.18219388311072432
424,260.0,0.8192649641698799,0.8192649641698799,0.8192649641698799,5.532120403765573,5.532120403765573,5.532120403765573
425,312.0,0.5594680110816053,0.5594680110816053,0.5594680110816053,3.1067398511411075,3.1067398511411075,3.1067398511411075
426,364.0,0.008754972952792038,0.008754972952792038,0.008754972952792038,0.007917898173514912,0.007917898173514912,0.007917898173514912
427,416.0,0.3084210911974274,0.3084210911974274,0.3084210911974274,0.34802567272886237,0.34802567272886237,0.34802567272886237
428,468.0,0.17708333333333334,0.17708333333333334,0.17708333333333334,0.2290581597222222,0.2290581597222222,0.2290581597222222
429,520.0,0.0,0.0,0.0,0.0,0.0,0.0
430,572.0,0.4363903470421371,0.4363903470421371,0.4363903470421371,0.8204891654864701,0.8204891654864701,0.8204891654864701
431,624.0,0.07678883071553229,0.07678883071553229,0.07678883071553229,0.0767096418531412,0.0767096418531412,0.0767096418531412
432,676.0,0.02796327162788604,0.02796327162788604,0.02796327162788604,0.031584700446784644,0.031584700446784644,0.031584700446784644
433,728.0,0.1563049247104504,0.1563049247104504,0.1563049247104504,0.16925630724210267,0.16925630724210267,0.16925630724210267
434,780.0,0.05366554863440345,0.05366554863440345,0.05366554863440345,0.05174387089264342,0.05174387089264342,0.05174387089264342
435,832.0,0.006263048016701462,0.006263048016701462,0.006263048016701462,0.006223822246241957,0.006223822246241957,0.006223822246241957
436,884.0,0.1742025197199131,0.1742025197199131,0.1742025197199131,0.23541656035968225,0.23541656035968225,0.23541656035968225
437,936.0,113.83718111075521,113.83718111075521,113.83718111075521,250.83444363897155,250.83444363897155,250.83444363897155
438,988.0,0.19591836734693877,0.19591836734693877,0.19591836734693877,0.2261057892544773,0.2261057892544773,0.2261057892544773
439,1040.0,0.36157174182910107,0.36157174182910107,0.36157174182910107,0.4862705361228519,0.4862705361228519,0.4862705361228519
440,52.0,0.06864064602960969,0.06864064602960969,0.06864064602960969,0.08007984798450862,0.08007984798450862,0.08007984798450862
441,104.0,0.15585557269476485,0.15585557269476485,0.15585557269476485,0.142648372357723,0.142648372357723,0.142648372357723
442,156.0,0.5678884158234626,0.5678884158234626,0.5678884158234626,0.5559865440703723,0.5559865440703723,0.5559865440703723
443,208.0,0.054613237012910085,0.054613237012910085,0.054613237012910085,0.06271058894058501,0.06271058894058501,0.06271058894058501
444,260.0,0.3503573028653988,0.3503573028653988,0.3503573028653988,0.3432159173255654,0.3432159173255654,0.3432159173255654
445,312.0,0.27285912169779397,0.27285912169779397,0.27285912169779397,0.32391485175263923,0.32391485175263923,0.32391485175263923
446,364.0,0.0176678445229682,0.0176678445229682,0.0176678445229682,0.01735569179288042,0.01735569179288042,0.01735569179288042
447,416.0,0.6142943749286217,0.6142943749286217,0.6142943749286217,0.8314803990689775,0.8314803990689775,0.8314803990689775
448,468.0,0.1333710785510158,0.1333710785510158,0.1333710785510158,0.14213049704361155,0.14213049704361155,0.14213049704361155
449,520.0,0.20960797264798348,0.20960797264798348,0.20960797264798348,0.27897016285390275,0.27897016285390275,0.27897016285390275
450,572.0,0.6847082494944076,0.6847082494944076,0.6847082494944076,1.2505553815523351,1.2505553815523351,1.2505553815523351
451,624.0,44.24605148985407,44.24605148985407,44.24605148985407,47.421892206316656,47.421892206316656,47.421892206316656
452,676.0,0.10269675094121626,0.10269675094121626,0.10269675094121626,0.09556776525036487,0.09556776525036487,0.09556776525036487
453,728.0,0.12725090036014405,0.12725090036014405,0.12725090036014405,0.11105810871767675,0.11105810871767675,0.11105810871767675
454,780.0,0.15983189118373944,0.15983189118373944,0.15983189118373944,0.1657370553227709,0.1657370553227709,0.1657370553227709
455,832.0,0.2634355346912775,0.2634355346912775,0.2634355346912775,0.28689377699243485,0.28689377699243485,0.28689377699243485
456,884.0,0.20473312991549986,0.20473312991549986,0.20473312991549986,0.2096586947550885,0.2096586947550885,0.2096586947550885
457,936.0,0.10674451518527618,0.10674451518527618,0.10674451518527618,0.11859599658638598,0.11859599658638598,0.11859599658638598
458,988.0,0.12368421052631579,0.12368421052631579,0.12368421052631579,0.10838642659279778,0.10838642659279778,0.10838642659279778
459,1040.0,2.678636549592261,2.678636549592261,2.678636549592261,4.778000056408251,4.778000056408251,4.778000056408251
460,52.0,0.10909090909090909,0.10909090909090909,0.10909090909090909,0.09858868404322947,0.09858868404322947,0.09858868404322947
461,104.0,0.3210113770125801,0.3210113770125801,0.3210113770125801,1.7021979939474654,1.7021979939474654,1.7021979939474654
462,156.0,13.097890138175275,13.097890138175275,13.097890138175275,20.04575848552901,20.04575848552901,20.04575848552901
463,208.0,0.0038849064180703483,0.0038849064180703483,0.0038849064180703483,0.0035296079136378365,0.0035296079136378365,0.0035296079136378365
464,260.0,0.21591273422956345,0.21591273422956345,0.21591273422956345,0.19042917567483464,0.19042917567483464,0.19042917567483464
465,312.0,0.21168873544686584,0.21168873544686584,0.21168873544686584,0.2543965725026141,0.2543965725026141,0.2543965725026141
466,364.0,0.08300395256916997,0.08300395256916997,0.08300395256916997,0.07611429642706496,0.07611429642706496,0.07611429642706496
467,416.0,0.14222549742078114,0.14222549742078114,0.14222549742078114,0.15147419233440623,0.15147419233440623,0.15147419233440623
468,468.0,0.4324241126212025,0.4324241126212025,0.4324241126212025,0.45785217111992377,0.45785217111992377,0.45785217111992377
469,520.0,0.04413858566682487,0.04413858566682487,0.04413858566682487,0.04598723850640024,0.04598723850640024,0.04598723850640024
470,572.0,0.23681030047399665,0.23681030047399665,0.23681030047399665,0.27166226545017436,0.27166226545017436,0.27166226545017436
471,624.0,0.2314647377938517,0.2314647377938517,0.2314647377938517,0.22128845128822242,0.22128845128822242,0.22128845128822242
472,676.0,0.20456140350877192,0.20456140350877192,0.20456140350877192,0.42587393044013544,0.42587393044013544,0.42587393044013544
473,728.0,0.2014312218393851,0.2014312218393851,0.2014312218393851,0.1624469311958832,0.1624469311958832,0.1624469311958832
474,780.0,0.322392970579224,0.322392970579224,0.322392970579224,0.3509783625174899,0.3509783625174899,0.3509783625174899
475,832.0,0.267146472725698,0.267146472725698,0.267146472725698,0.718533728160102,0.718533728160102,0.718533728160102
476,884.0,0.13019610798955503,0.13019610798955503,0.13019610798955503,0.12805251445361976,0.12805251445361976,0.12805251445361976
477,936.0,0.1591647331786543,0.1591647331786543,0.1591647331786543,0.1389357292434903,0.1389357292434903,0.1389357292434903
478,988.0,0.2166172106824926,0.2166172106824926,0.2166172106824926,0.1874983490212998,0.1874983490212998,0.1874983490212998
479,1040.0,0.2928678747388941,0.2928678747388941,0.2928678747388941,0.384718391986328,0.384718391986328,0.384718391986328
480,52.0,0.6573633409514982,0.6573633409514982,0.6573633409514982,1.548274371798229,1.548274371798229,1.548274371798229
481,104.0,0.36086397227060163,0.36086397227060163,0.36086397227060163,0.5975481361066685,0.5975481361066685,0.5975481361066685
482,156.0,0.3733133433283358,0.3733133433283358,0.3733133433283358,0.4198575374981175,0.4198575374981175,0.4198575374981175
483,208.0,0.27629690971989684,0.27629690971989684,0.27629690971989684,0.605549871202453,0.605549871202453,0.605549871202453
484,260.0,0.030275229357798167,0.030275229357798167,0.030275229357798167,0.02935863984513088,0.02935863984513088,0.02935863984513088
485,312.0,0.13646702047005307,0.13646702047005307,0.13646702047005307,0.12340354029471094,0.12340354029471094,0.12340354029471094
486,364.0,0.11292685492587674,0.11292685492587674,0.11292685492587674,0.10006000055590823,0.10006000055590823,0.10006000055590823
487,416.0,0.10596379126730564,0.10596379126730564,0.10596379126730564,0.13786645662289998,0.13786645662289998,0.13786645662289998
488,468.0,0.04403123967260681,0.04403123967260681,0.04403123967260681,0.03650153985895473,0.03650153985895473,0.03650153985895473
489,520.0,0.04748062015503876,0.04748062015503876,0.04748062015503876,0.056854117841475885,0.056854117841475885,0.056854117841475885
490,572.0,0.11644177911044477,0.11644177911044477,0.11644177911044477,0.12487209668529056,0.12487209668529056,0.12487209668529056
491,624.0,0.1824684612346058,0.1824684612346058,0.1824684612346058,0.2152936115751893,0.2152936115751893,0.2152936115751893
492,676.0,0.2085391932495934,0.2085391932495934,0.2085391932495934,0.2261037289450507,0.2261037289450507,0.2261037289450507
493,728.0,0.33916083916083917,0.33916083916083917,0.33916083916083917,0.3395153797251699,0.3395153797251699,0.3395153797251699
494,780.0,0.011811023622047244,0.011811023622047244,0.011811023622047244,0.011671523343046688,0.011671523343046688,0.011671523343046688
495,832.0,0.3345587894184279,0.3345587894184279,0.3345587894184279,0.29945249534245955,0.29945249534245955,0.29945249534245955
496,884.0,54.00175904386404,54.00175904386404,54.00175904386404,1915.0228176003116,1915.0228176003116,1915.0228176003116
497,936.0,0.24706843592120106,0.24706843592120106,0.24706843592120106,0.2461619066941581,0.2461619066941581,0.2461619066941581
498,988.0,0.7502922336183098,0.7502922336183098,0.7502922336183098,0.7623688338534295,0.7623688338534295,0.7623688338534295
499,1040.0,0.05531914893617021,0.05531914893617021,0.05531914893617021,0.05225894069714803,0.05225894069714803,0.05225894069714803
500,52.0,0.5216872229324954,0.5216872229324954,0.5216872229324954,0.5994362661341647,0.5994362661341647,0.5994362661341647
501,104.0,0.2922437673130194,0.2922437673130194,0.2922437673130194,0.3010201732644778,0.3010201732644778,0.3010201732644778
502,156.0,1.0160276176358551,1.0160276176358551,1.0160276176358551,1.7945866017727174,1.7945866017727174,1.7945866017727174
503,208.0,0.2760846311053214,0.2760846311053214,0.2760846311053214,0.4384491400594417,0.4384491400594417,0.4384491400594417
504,260.0,0.6162169348593155,0.6162169348593155,0.6162169348593155,0.6890277068617481,0.6890277068617481,0.6890277068617481
505,312.0,0.20359281437125748,0.20359281437125748,0.20359281437125748,0.17811084417990367,0.17811084417990367,0.17811084417990367
506,364.0,0.48487317178704686,0.48487317178704686,0.48487317178704686,0.49525869972484343,0.49525869972484343,0.49525869972484343
507,416.0,0.604502510686359,0.604502510686359,0.604502510686359,0.6051242691424498,0.6051242691424498,0.6051242691424498
508,468.0,0.19305296697653346,0.19305296697653346,0.19305296697653346,0.1931690949426714,0.1931690949426714,0.1931690949426714
509,520.0,8.428625266151457,8.428625266151457,8.428625266151457,23.549487113569196,23.549487113569196,23.549487113569196
510,572.0,0.33021219667500645,0.33021219667500645,0.33021219667500645,0.3606192731909008,0.3606192731909008,0.3606192731909008
511,624.0,0.25922421948912017,0.25922421948912017,0.25922421948912017,0.29987943600755074,0.29987943600755074,0.29987943600755074
512,676.0,0.04112676056338028,0.04112676056338028,0.04112676056338028,0.039435350128942684,0.039435350128942684,0.039435350128942684
513,728.0,0.21038543897216275,0.21038543897216275,0.21038543897216275,0.19931398419911142,0.19931398419911142,0.19931398419911142
514,780.0,37.209272537284434,37.209272537284434,37.209272537284434,155.48711835785303,155.48711835785303,155.48711835785303
515,832.0,0.19531821506949523,0.19531821506949523,0.19531821506949523,0.18423557906104227,0.18423557906104227,0.18423557906104227
516,884.0,0.0745945945945946,0.0745945945945946,0.0745945945945946,0.06989510591672753,0.06989510591672753,0.06989510591672753
517,936.0,0.15341664450943898,0.15341664450943898,0.15341664450943898,0.1298799776969034,0.1298799776969034,0.1298799776969034
518,988.0,0.4588399590875864,0.4588399590875864,0.4588399590875864,0.42569131815612166,0.42569131815612166,0.42569131815612166
519,1040.0,0.19230769230769232,0.19230769230769232,0.19230769230769232,0.28719357565511416,0.28719357565511416,0.28719357565511416
520,52.0,0.1612933364217301,0.1612933364217301,0.1612933364217301,0.1848506568151585,0.1848506568151585,0.1848506568151585
521,104.0,0.06377111340916926,0.06377111340916926,0.06377111340916926,0.07142445502216606,0.07142445502216606,0.07142445502216606
522,156.0,0.031496062992125984,0.031496062992125984,0.031496062992125984,0.030504061008122033,0.030504061008122033,0.030504061008122033
523,208.0,0.15232042802569654,0.15232042802569654,0.15232042802569654,0.14895138343394884,0.14895138343394884,0.14895138343394884
524,260.0,0.07765830346475508,0.07765830346475508,0.07765830346475508,0.07401697762818506,0.07401697762818506,0.07401697762818506
525,312.0,0.37251162531660853,0.37251162531660853,0.37251162531660853,0.5971942153881236,0.5971942153881236,0.5971942153881236
526,364.0,0.2783287536038978,0.2783287536038978,0.2783287536038978,0.2579906614359871,0.2579906614359871,0.2579906614359871
527,416.0,0.2599221770266126,0.2599221770266126,0.2599221770266126,1.1424431220138456,1.1424431220138456,1.1424431220138456
528,468.0,0.1537087892107069,0.1537087892107069,0.1537087892107069,0.1435108695009344,0.1435108695009344,0.1435108695009344
529,520.0,0.28091008294216124,0.28091008294216124,0.28091008294216124,0.39933909899211967,0.39933909899211967,0.39933909899211967
530,572.0,0.2098357853447204,0.2098357853447204,0.2098357853447204,0.1861868466046784,0.1861868466046784,0.1861868466046784
531,624.0,0.06092677345537757,0.06092677345537757,0.06092677345537757,0.06293552553032168,0.06293552553032168,0.06293552553032168
532,676.0,68.06219489477166,68.06219489477166,68.06219489477166,63.0404396085008,63.0404396085008,63.0404396085008
533,728.0,0.695108861861763,0.695108861861763,0.695108861861763,0.6898068174075002,0.6898068174075002,0.6898068174075002
534,780.0,0.10464166138574191,0.10464166138574191,0.10464166138574191,0.09870640853123583,0.09870640853123583,0.09870640853123583
535,832.0,0.0226503514709711,0.0226503514709711,0.0226503514709711,0.02213731304921258,0.02213731304921258,0.02213731304921258
536,884.0,0.294095861093571,0.294095861093571,0.294095861093571,0.29916857083110693,0.29916857083110693,0.29916857083110693
537,936.0,0.08190709046454768,0.08190709046454768,0.08190709046454768,0.08986824564654683,0.08986824564654683,0.08986824564654683
538,988.0,0.45690818289768154,0.45690818289768154,0.45690818289768154,0.5097405310955653,0.5097405310955653,0.5097405310955653
539,1040.0,0.06298142274580878,0.06298142274580878,0.06298142274580878,0.06943614963223045,0.06943614963223045,0.06943614963223045
540,52.0,7.103116868216198,7.103116868216198,7.103116868216198,6.558781532593979,6.558781532593979,6.558781532593979
541,104.0,0.0412193153529278,0.0412193153529278,0.0412193153529278,0.043345207160689396,0.043345207160689396,0.043345207160689396
542,156.0,2.33315677192654,2.33315677192654,2.33315677192654,6.412077451176699,6.412077451176699,6.412077451176699
543,208.0,0.14363143631436315,0.14363143631436315,0.14363143631436315,0.6132152378434352,0.6132152378434352,0.6132152378434352
544,260.0,0.26161115317549055,0.26161115317549055,0.26161115317549055,0.3306500422548886,0.3306500422548886,0.3306500422548886
545,312.0,0.3166903397877538,0.3166903397877538,0.3166903397877538,0.39799253476382923,0.39799253476382923,0.39799253476382923
546,364.0,0.0728476821192053,0.0728476821192053,0.0728476821192053,0.0675408973290645,0.0675408973290645,0.0675408973290645
547,416.0,0.5027887797385282,0.5027887797385282,0.5027887797385282,0.5475779607190839,0.5475779607190839,0.5475779607190839
548,468.0,0.39484386495869017,0.39484386495869017,0.39484386495869017,0.39211251686779075,0.39211251686779075,0.39211251686779075
549,520.0,0.21185790121751166,0.21185790121751166,0.21185790121751166,0.2691476590408802,0.2691476590408802,0.2691476590408802
550,572.0,0.16694963214487832,0.16694963214487832,0.16694963214487832,0.16397841455419407,0.16397841455419407,0.16397841455419407
551,624.0,0.6255848085675971,0.6255848085675971,0.6255848085675971,0.7045475737204745,0.7045475737204745,0.7045475737204745
552,676.0,0.2822620390730843,0.2822620390730843,0.2822620390730843,0.34010734478857696,0.34010734478857696,0.34010734478857696
553,728.0,0.10651974288337925,0.10651974288337925,0.10651974288337925,0.104968206145266,0.104968206145266,0.104968206145266
554,780.0,0.17334443781996972,0.17334443781996972,0.17334443781996972,0.18667187473139835,0.18667187473139835,0.18667187473139835
555,832.0,0.6514747043674959,0.6514747043674959,0.6514747043674959,0.6928885880894352,0.6928885880894352,0.6928885880894352
556,884.0,0.028188224596499206,0.028188224596499206,0.028188224596499206,0.02784829737441103,0.02784829737441103,0.02784829737441103
557,936.0,0.5299467613132209,0.5299467613132209,0.5299467613132209,0.6231049661097415,0.6231049661097415,0.6231049661097415
558,988.0,0.10958830016922357,0.10958830016922357,0.10958830016922357,0.11946017895473551,0.11946017895473551,0.11946017895473551
559,1040.0,0.09210526315789473,0.09210526315789473,0.09210526315789473,0.0896615730439126,0.0896615730439126,0.0896615730439126
560,52.0,1.104140673873829,1.104140673873829,1.104140673873829,2.2783307322485564,2.2783307322485564,2.2783307322485564
561,104.0,0.031018206338503034,0.031018206338503034,0.031018206338503034,0.030056077214045077,0.030056077214045077,0.030056077214045077
562,156.0,0.07490272373540856,0.07490272373540856,0.07490272373540856,0.06929230571242562,0.06929230571242562,0.06929230571242562
563,208.0,0.05908961902975082,0.05908961902975082,0.05908961902975082,0.055417067612879546,0.055417067612879546,0.055417067612879546
564,260.0,44.73140337316531,44.73140337316531,44.73140337316531,39.47587923037483,39.47587923037483,39.47587923037483
565,312.0,0.13069806133130585,0.13069806133130585,0.13069806133130585,0.15535709146124754,0.15535709146124754,0.15535709146124754
566,364.0,0.13333333333333333,0.13333333333333333,0.13333333333333333,0.13962962962962963,0.13962962962962963,0.13962962962962963
567,416.0,0.05311003082628874,0.05311003082628874,0.05311003082628874,0.0448482373819313,0.0448482373819313,0.0448482373819313
568,468.0,0.5534175629323269,0.5534175629323269,0.5534175629323269,0.6671656170242436,0.6671656170242436,0.6671656170242436
569,520.0,16.458698123807483,16.458698123807483,16.458698123807483,100.25064004594273,100.25064004594273,100.25064004594273
570,572.0,14.983575906892195,14.983575906892195,14.983575906892195,81.43738507437125,81.43738507437125,81.43738507437125
571,624.0,117.65550828136803,117.65550828136803,117.65550828136803,96.6973396214722,96.6973396214722,96.6973396214722
572,676.0,0.11607142857142858,0.11607142857142858,0.11607142857142858,0.10706313775510205,0.10706313775510205,0.10706313775510205
573,728.0,0.2763266588402164,0.2763266588402164,0.2763266588402164,0.3550286531949949,0.3550286531949949,0.3550286531949949
574,780.0,0.5321902306972951,0.5321902306972951,0.5321902306972951,0.6669968173133545,0.6669968173133545,0.6669968173133545
575,832.0,0.0,0.0,0.0,0.0,0.0,0.0
576,884.0,0.17108002290966984,0.17108002290966984,0.17108002290966984,0.3949586129048402,0.3949586129048402,0.3949586129048402
577,936.0,0.31646316938963004,0.31646316938963004,0.31646316938963004,0.3129926681000998,0.3129926681000998,0.3129926681000998
578,988.0,1.0874157418653694,1.0874157418653694,1.0874157418653694,1.3822158525606547,1.3822158525606547,1.3822158525606547
579,1040.0,0.20904153493702043,0.20904153493702043,0.20904153493702043,0.1879055889665445,0.1879055889665445,0.1879055889665445
580,52.0,0.03228782287822878,0.03228782287822878,0.03228782287822878,0.0343203501223204,0.0343203501223204,0.0343203501223204
581,104.0,0.19147249694101587,0.19147249694101587,0.19147249694101587,0.17156608740304813,0.17156608740304813,0.17156608740304813
582,156.0,0.12491452017323912,0.12491452017323912,0.12491452017323912,0.10931088282312856,0.10931088282312856,0.10931088282312856
583,208.0,0.12300622222453922,0.12300622222453922,0.12300622222453922,0.3739426377712864,0.3739426377712864,0.3739426377712864
584,260.0,0.104714497986837,0.104714497986837,0.104714497986837,0.08575997520720946,0.08575997520720946,0.08575997520720946
585,312.0,0.1136287658876308,0.1136287658876308,0.1136287658876308,0.10239917509845307,0.10239917509845307,0.10239917509845307
586,364.0,0.28143129516380616,0.28143129516380616,0.28143129516380616,0.44952507845140094,0.44952507845140094,0.44952507845140094
587,416.0,0.14623655913978495,0.14623655913978495,0.14623655913978495,0.13775465371719275,0.13775465371719275,0.13775465371719275
588,468.0,0.15738498789346247,0.15738498789346247,0.15738498789346247,0.13261495347923716,0.13261495347923716,0.13261495347923716
589,520.0,0.1519289860020485,0.1519289860020485,0.1519289860020485,0.12884656921443788,0.12884656921443788,0.12884656921443788
590,572.0,0.007858546168958742,0.007858546168958742,0.007858546168958742,0.007796789421069087,0.007796789421069087,0.007796789421069087
591,624.0,0.08076822795854348,0.08076822795854348,0.08076822795854348,0.08271675508793776,0.08271675508793776,0.08271675508793776
592,676.0,0.05255082470272344,0.05255082470272344,0.05255082470272344,0.062831046035952,0.062831046035952,0.062831046035952
593,728.0,0.20903948903492442,0.20903948903492442,0.20903948903492442,0.20727090689835218,0.20727090689835218,0.20727090689835218
594,780.0,1.009181322232359,1.009181322232359,1.009181322232359,1.493617788594136,1.493617788594136,1.493617788594136
595,832.0,0.2891774891774892,0.2891774891774892,0.2891774891774892,0.2973287607053841,0.2973287607053841,0.2973287607053841
596,884.0,0.24567474048442905,0.24567474048442905,0.24567474048442905,0.21300032327199145,0.21300032327199145,0.21300032327199145
597,936.0,0.3743741803989778,0.3743741803989778,0.3743741803989778,0.9443920055102392,0.9443920055102392,0.9443920055102392
598,988.0,0.11151979899774268,0.11151979899774268,0.11151979899774268,0.14691608112738447,0.14691608112738447,0.14691608112738447
599,1040.0,0.08683473389355742,0.08683473389355742,0.08683473389355742,0.10450454691680593,0.10450454691680593,0.10450454691680593
600,52.0,0.04020870411101665,0.04020870411101665,0.04020870411101665,0.04535367361240303,0.04535367361240303,0.04535367361240303
601,104.0,1.1745291343735145,1.1745291343735145,1.1745291343735145,5.8998339152060755,5.8998339152060755,5.8998339152060755
602,156.0,0.18245174657973412,0.18245174657973412,0.18245174657973412,0.1657547702955457,0.1657547702955457,0.1657547702955457
603,208.0,11.16571675369029,11.16571675369029,11.16571675369029,49.639963836361126,49.639963836361126,49.639963836361126
604,260.0,0.07044462575915733,0.07044462575915733,0.07044462575915733,0.06039554191341357,0.06039554191341357,0.06039554191341357
605,312.0,0.38202014837578857,0.38202014837578857,0.38202014837578857,7.216678704572063,7.216678704572063,7.216678704572063
606,364.0,0.1606044107887526,0.1606044107887526,0.1606044107887526,0.18186855452467285,0.18186855452467285,0.18186855452467285
607,416.0,0.010626010626010625,0.010626010626010625,0.010626010626010625,0.010513098524186533,0.010513098524186533,0.010513098524186533
608,468.0,0.04461019358326098,0.04461019358326098,0.04461019358326098,0.044381828708802494,0.044381828708802494,0.044381828708802494
609,520.0,0.12473118279569892,0.12473118279569892,0.12473118279569892,0.15648514279107412,0.15648514279107412,0.15648514279107412
610,572.0,0.23404720279720279,0.23404720279720279,0.23404720279720279,0.21598239637329456,0.21598239637329456,0.21598239637329456
611,624.0,0.3182312730568959,0.3182312730568959,0.3182312730568959,0.4390655709764481,0.4390655709764481,0.4390655709764481
612,676.0,0.4092768610161449,0.4092768610161449,0.4092768610161449,0.5351015910201401,0.5351015910201401,0.5351015910201401
613,728.0,0.06862745098039216,0.06862745098039216,0.06862745098039216,0.06391772395232605,0.06391772395232605,0.06391772395232605
614,780.0,0.12732919254658384,0.12732919254658384,0.12732919254658384,0.11111646927201883,0.11111646927201883,0.11111646927201883
615,832.0,0.4560918083547316,0.4560918083547316,0.4560918083547316,0.5387945245040829,0.5387945245040829,0.5387945245040829
616,884.0,0.42145203114186375,0.42145203114186375,0.42145203114186375,0.6442772818067206,0.6442772818067206,0.6442772818067206
617,936.0,12.985226636304875,12.985226636304875,12.985226636304875,44.84172095031002,44.84172095031002,44.84172095031002
618,988.0,0.9458535727738723,0.9458535727738723,0.9458535727738723,1.24768844736227,1.24768844736227,1.24768844736227
619,1040.0,0.03833180006133088,0.03833180006133088,0.03833180006133088,0.04054232597127679,0.04054232597127679,0.04054232597127679
620,52.0,0.17327895123515882,0.17327895123515882,0.17327895123515882,0.1675931561209503,0.1675931561209503,0.1675931561209503
621,104.0,0.05373573794626426,0.05373573794626426,0.05373573794626426,0.056000950408481937,0.056000950408481937,0.056000950408481937
622,156.0,0.10526315789473684,0.10526315789473684,0.10526315789473684,0.09418282548476455,0.09418282548476455,0.09418282548476455
623,208.0,24.794063079777366,24.794063079777366,24.794063079777366,20.906054219067737,20.906054219067737,20.906054219067737
624,260.0,0.2779457056030433,0.2779457056030433,0.2779457056030433,0.2759245344294397,0.2759245344294397,0.2759245344294397
625,312.0,0.26677368327410544,0.26677368327410544,0.26677368327410544,0.2498342984224703,0.2498342984224703,0.2498342984224703
626,364.0,0.09339678762641285,0.09339678762641285,0.09339678762641285,0.08586359568272053,0.08586359568272053,0.08586359568272053
627,416.0,0.7663791420741989,0.7663791420741989,0.7663791420741989,0.8856863077377648,0.8856863077377648,0.8856863077377648
628,468.0,0.29596823892514,0.29596823892514,0.29596823892514,0.3244988063748922,0.3244988063748922,0.3244988063748922
629,520.0,0.434594654042932,0.434594654042932,0.434594654042932,0.49938959604305977,0.49938959604305977,0.49938959604305977
630,572.0,0.14343190504928585,0.14343190504928585,0.14343190504928585,0.12326152719771857,0.12326152719771857,0.12326152719771857
631,624.0,0.7771806947633784,0.7771806947633784,0.7771806947633784,0.9944264763227387,0.9944264763227387,0.9944264763227387
632,676.0,0.1468897020386827,0.1468897020386827,0.1468897020386827,0.15563198835709888,0.15563198835709888,0.15563198835709888
633,728.0,0.32961691457831716,0.32961691457831716,0.32961691457831716,4.352187851018246,4.352187851018246,4.352187851018246
634,780.0,0.307012605386121,0.307012605386121,0.307012605386121,0.2599351062811747,0.2599351062811747,0.2599351062811747
635,832.0,0.0414985590778098,0.0414985590778098,0.0414985590778098,0.054185650574292615,0.054185650574292615,0.054185650574292615
636,884.0,0.039323273891175126,0.039323273891175126,0.039323273891175126,0.038234201392482375,0.038234201392482375,0.038234201392482375
637,936.0,0.1451063060075693,0.1451063060075693,0.1451063060075693,0.12349123763305574,0.12349123763305574,0.12349123763305574
638,988.0,0.1306615641474137,0.1306615641474137,0.1306615641474137,0.1261856557487829,0.1261856557487829,0.1261856557487829
639,1040.0,0.2338848492568319,0.2338848492568319,0.2338848492568319,0.30669202406736257,0.30669202406736257,0.30669202406736257
640,52.0,0.5453517210329857,0.5453517210329857,0.5453517210329857,0.6345440403118053,0.6345440403118053,0.6345440403118053
641,104.0,0.23987923052701843,0.23987923052701843,0.23987923052701843,0.22022641787807434,0.22022641787807434,0.22022641787807434
642,156.0,0.09876543209876543,0.09876543209876543,0.09876543209876543,0.10016175740322826,0.10016175740322826,0.10016175740322826
643,208.0,0.5213128631393757,0.5213128631393757,0.5213128631393757,0.6111292357289899,0.6111292357289899,0.6111292357289899
644,260.0,0.3495140165622404,0.3495140165622404,0.3495140165622404,0.3819909016081215,0.3819909016081215,0.3819909016081215
645,312.0,0.08936678249435179,0.08936678249435179,0.08936678249435179,0.08934482422189605,0.08934482422189605,0.08934482422189605
646,364.0,0.08826382153249272,0.08826382153249272,0.08826382153249272,0.08047331934097302,0.08047331934097302,0.08047331934097302
647,416.0,0.1946789757831402,0.1946789757831402,0.1946789757831402,0.17422347643649502,0.17422347643649502,0.17422347643649502
648,468.0,0.12073911854636306,0.12073911854636306,0.12073911854636306,0.12140111483667956,0.12140111483667956,0.12140111483667956
649,520.0,0.2151086678376898,0.2151086678376898,0.2151086678376898,0.2227437738426397,0.2227437738426397,0.2227437738426397
650,572.0,0.0502092050209205,0.0502092050209205,0.0502092050209205,0.04768824075208767,0.04768824075208767,0.04768824075208767
651,624.0,0.14100517811355448,0.14100517811355448,0.14100517811355448,0.1885949982809169,0.1885949982809169,0.1885949982809169
652,676.0,0.046481601032924466,0.046481601032924466,0.046481601032924466,0.0456122173825884,0.0456122173825884,0.0456122173825884
653,728.0,0.05876716703928457,0.05876716703928457,0.05876716703928457,0.060423775555660066,0.060423775555660066,0.060423775555660066
654,780.0,0.9163578624336218,0.9163578624336218,0.9163578624336218,41.113970552592924,41.113970552592924,41.113970552592924
655,832.0,0.2610728175209195,0.2610728175209195,0.2610728175209195,0.4088638780051266,0.4088638780051266,0.4088638780051266
656,884.0,0.13280639250378148,0.13280639250378148,0.13280639250378148,0.1427577150404811,0.1427577150404811,0.1427577150404811
657,936.0,8.360998596578488,8.360998596578488,8.360998596578488,203.47261717032256,203.47261717032256,203.47261717032256
658,988.0,0.02054759615896878,0.02054759615896878,0.02054759615896878,0.02062895513830193,0.02062895513830193,0.02062895513830193
659,1040.0,0.1759452141541244,0.1759452141541244,0.1759452141541244,0.1822809723694573,0.1822809723694573,0.1822809723694573
660,52.0,0.22146312229503048,0.22146312229503048,0.22146312229503048,0.28125576450882195,0.28125576450882195,0.28125576450882195
661,104.0,0.2973883726371993,0.2973883726371993,0.2973883726371993,0.34231727486854036,0.34231727486854036,0.34231727486854036
662,156.0,0.4078392567929427,0.4078392567929427,0.4078392567929427,0.43730112087160944,0.43730112087160944,0.43730112087160944
663,208.0,0.06290115532734275,0.06290115532734275,0.06290115532734275,0.060485036442824394,0.060485036442824394,0.060485036442824394
664,260.0,0.2253677464571303,0.2253677464571303,0.2253677464571303,0.21585500054946857,0.21585500054946857,0.21585500054946857
665,312.0,19.24188491345394,19.24188491345394,19.24188491345394,20.789568676897375,20.789568676897375,20.789568676897375
666,364.0,0.29579128539140237,0.29579128539140237,0.29579128539140237,0.35630869270321475,0.35630869270321475,0.35630869270321475
667,416.0,0.3651620503618579,0.3651620503618579,0.3651620503618579,0.35936456659647786,0.35936456659647786,0.35936456659647786
668,468.0,0.34879842866602867,0.34879842866602867,0.34879842866602867,0.5146812333449804,0.5146812333449804,0.5146812333449804
669,520.0,0.1553030303030303,0.1553030303030303,0.1553030303030303,0.30290117079889806,0.30290117079889806,0.30290117079889806
670,572.0,0.4892648087241723,0.4892648087241723,0.4892648087241723,0.6618967147751792,0.6618967147751792,0.6618967147751792
671,624.0,0.02880658436213992,0.02880658436213992,0.02880658436213992,0.030720249284492532,0.030720249284492532,0.030720249284492532
672,676.0,0.23231439057503045,0.23231439057503045,0.23231439057503045,0.26467782037274806,0.26467782037274806,0.26467782037274806
673,728.0,0.3968119581686225,0.3968119581686225,0.3968119581686225,0.45547398634905006,0.45547398634905006,0.45547398634905006
674,780.0,0.0599721059972106,0.0599721059972106,0.0599721059972106,0.05916485277840995,0.05916485277840995,0.05916485277840995
675,832.0,0.2472298599647153,0.2472298599647153,0.2472298599647153,0.8180605665988938,0.8180605665988938,0.8180605665988938
676,884.0,0.5567326954324107,0.5567326954324107,0.5567326954324107,0.6476314448547656,0.6476314448547656,0.6476314448547656
677,936.0,0.14728682170542637,0.14728682170542637,0.14728682170542637,0.14109728982633254,0.14109728982633254,0.14109728982633254
678,988.0,142.93821181923502,142.93821181923502,142.93821181923502,132.0332760126643,132.0332760126643,132.0332760126643
679,1040.0,0.5517423442449841,0.5517423442449841,0.5517423442449841,0.5852319167180526,0.5852319167180526,0.5852319167180526
680,52.0,0.08165696673417508,0.08165696673417508,0.08165696673417508,0.12272156709029745,0.12272156709029745,0.12272156709029745
681,104.0,0.038295485534483184,0.038295485534483184,0.038295485534483184,0.04229289145795538,0.04229289145795538,0.04229289145795538
682,156.0,0.22331460674157302,0.22331460674157302,0.22331460674157302,0.19310811450574425,0.19310811450574425,0.19310811450574425
683,208.0,0.22969583007916977,0.22969583007916977,0.22969583007916977,0.32412061601828834,0.32412061601828834,0.32412061601828834
684,260.0,0.08027653251154662,0.08027653251154662,0.08027653251154662,0.14852799195686206,0.14852799195686206,0.14852799195686206
685,312.0,0.12265122561934122,0.12265122561934122,0.12265122561934122,0.12324151167167036,0.12324151167167036,0.12324151167167036
686,364.0,0.16970532683806588,0.16970532683806588,0.16970532683806588,0.25531846633651145,0.25531846633651145,0.25531846633651145
687,416.0,0.07859237536656892,0.07859237536656892,0.07859237536656892,0.08179977812368314,0.08179977812368314,0.08179977812368314
688,468.0,0.2844354217255699,0.2844354217255699,0.2844354217255699,0.33583675138918256,0.33583675138918256,0.33583675138918256
689,520.0,0.1749012247686306,0.1749012247686306,0.1749012247686306,0.16490317549036715,0.16490317549036715,0.16490317549036715
690,572.0,0.10868646386058067,0.10868646386058067,0.10868646386058067,0.14599137335242046,0.14599137335242046,0.14599137335242046
691,624.0,101.82453570343256,101.82453570343256,101.82453570343256,101.76135765684727,101.76135765684727,101.76135765684727
692,676.0,0.029515972126742528,0.029515972126742528,0.029515972126742528,0.02530666326662349,0.02530666326662349,0.02530666326662349
693,728.0,0.10300877559548684,0.10300877559548684,0.10300877559548684,0.10368087622888111,0.10368087622888111,0.10368087622888111
694,780.0,0.11806615354713514,0.11806615354713514,0.11806615354713514,0.11860224019368619,0.11860224019368619,0.11860224019368619
695,832.0,0.2981029810298103,0.2981029810298103,0.2981029810298103,0.4341698430534441,0.4341698430534441,0.4341698430534441
696,884.0,0.09393939393939393,0.09393939393939393,0.09393939393939393,0.08511478420569331,0.08511478420569331,0.08511478420569331
697,936.0,0.08624243811436283,0.08624243811436283,0.08624243811436283,0.09052156501266653,0.09052156501266653,0.09052156501266653
698,988.0,0.2946928770159183,0.2946928770159183,0.2946928770159183,0.36811334329467976,0.36811334329467976,0.36811334329467976
699,1040.0,0.034512143161482746,0.034512143161482746,0.034512143161482746,0.033321055135884056,0.033321055135884056,0.033321055135884056
700,52.0,0.14022874191944307,0.14022874191944307,0.14022874191944307,0.13050994270448388,0.13050994270448388,0.13050994270448388
701,104.0,0.10282863974089829,0.10282863974089829,0.10282863974089829,0.11910151121642212,0.11910151121642212,0.11910151121642212
702,156.0,0.06634681187555698,0.06634681187555698,0.06634681187555698,0.08009585003504584,0.08009585003504584,0.08009585003504584
703,208.0,0.5421527609558504,0.5421527609558504,0.5421527609558504,2.076943358030449,2.076943358030449,2.076943358030449
704,260.0,0.7686613978484913,0.7686613978484913,0.7686613978484913,0.7594441297933765,0.7594441297933765,0.7594441297933765
705,312.0,0.0535475234270415,0.0535475234270415,0.0535475234270415,0.05335756233322401,0.05335756233322401,0.05335756233322401
706,364.0,0.09382284382284382,0.09382284382284382,0.09382284382284382,0.10774739052711078,0.10774739052711078,0.10774739052711078
707,416.0,0.0737527114967462,0.0737527114967462,0.0737527114967462,0.0726516438375502,0.0726516438375502,0.0726516438375502
708,468.0,0.27070489997299635,0.27070489997299635,0.27070489997299635,0.26308860662628303,0.26308860662628303,0.26308860662628303
709,520.0,0.13814756671899528,0.13814756671899528,0.13814756671899528,0.14418055593206971,0.14418055593206971,0.14418055593206971
710,572.0,0.12542372881355932,0.12542372881355932,0.12542372881355932,0.11647227808101121,0.11647227808101121,0.11647227808101121
711,624.0,0.6305009928918376,0.6305009928918376,0.6305009928918376,5.599309338777527,5.599309338777527,5.599309338777527
712,676.0,0.15364583333333334,0.15364583333333334,0.15364583333333334,0.17083740234375,0.17083740234375,0.17083740234375
713,728.0,0.32,0.32,0.32,0.37759999999999994,0.37759999999999994,0.37759999999999994
714,780.0,0.22106456463787852,0.22106456463787852,0.22106456463787852,0.21349100258960052,0.21349100258960052,0.21349100258960052
715,832.0,0.045761830473218926,0.045761830473218926,0.045761830473218926,0.04782785175161557,0.04782785175161557,0.04782785175161557
716,884.0,0.24717407686510928,0.24717407686510928,0.24717407686510928,0.23882961777561734,0.23882961777561734,0.23882961777561734
717,936.0,0.6464420817145534,0.6464420817145534,0.6464420817145534,0.5896755628267811,0.5896755628267811,0.5896755628267811
718,988.0,0.37009345794392523,0.37009345794392523,0.37009345794392523,0.6873298978076687,0.6873298978076687,0.6873298978076687
719,1040.0,0.3741364521298813,0.3741364521298813,0.3741364521298813,0.44015837221169696,0.44015837221169696,0.44015837221169696
720,52.0,0.09192322671031831,0.09192322671031831,0.09192322671031831,0.10177546346605447,0.10177546346605447,0.10177546346605447
721,104.0,0.7267578353517795,0.7267578353517795,0.7267578353517795,3.6516461229049852,3.6516461229049852,3.6516461229049852
722,156.0,0.4696495606198183,0.4696495606198183,0.4696495606198183,0.743130992529215,0.743130992529215,0.743130992529215
723,208.0,0.10363324325940912,0.10363324325940912,0.10363324325940912,0.10545337296906458,0.10545337296906458,0.10545337296906458
724,260.0,0.3916068393289356,0.3916068393289356,0.3916068393289356,0.3989898192164413,0.3989898192164413,0.3989898192164413
725,312.0,0.49739311783107404,0.49739311783107404,0.49739311783107404,0.4981683866471092,0.4981683866471092,0.4981683866471092
726,364.0,0.39889171386224287,0.39889171386224287,0.39889171386224287,0.566712217797484,0.566712217797484,0.566712217797484
727,416.0,0.0019175455417066154,0.0019175455417066154,0.0019175455417066154,0.001913868560802097,0.001913868560802097,0.001913868560802097
728,468.0,0.6300428620587739,0.6300428620587739,0.6300428620587739,0.7055331697410698,0.7055331697410698,0.7055331697410698
729,520.0,0.07509016002380421,0.07509016002380421,0.07509016002380421,0.08405114294641193,0.08405114294641193,0.08405114294641193
730,572.0,1.1649041769840132,1.1649041769840132,1.1649041769840132,1.195188700489139,1.195188700489139,1.195188700489139
731,624.0,0.5025495405377228,0.5025495405377228,0.5025495405377228,0.5345714939611136,0.5345714939611136,0.5345714939611136
732,676.0,0.07742946708463949,0.07742946708463949,0.07742946708463949,0.08898900364579751,0.08898900364579751,0.08898900364579751
733,728.0,0.020390824129141887,0.020390824129141887,0.020390824129141887,0.019975038420476293,0.019975038420476293,0.019975038420476293
734,780.0,1.7514466695376831,1.7514466695376831,1.7514466695376831,22.2067884940956,22.2067884940956,22.2067884940956
735,832.0,0.010834236186348862,0.010834236186348862,0.010834236186348862,0.010716855512607272,0.010716855512607272,0.010716855512607272
736,884.0,0.43739052766327996,0.43739052766327996,0.43739052766327996,1.1029948987878082,1.1029948987878082,1.1029948987878082
737,936.0,0.4078684978843767,0.4078684978843767,0.4078684978843767,0.7122626800025632,0.7122626800025632,0.7122626800025632
738,988.0,0.4410000705556555,0.4410000705556555,0.4410000705556555,1.4453505804097533,1.4453505804097533,1.4453505804097533
739,1040.0,0.20772196477250301,0.20772196477250301,0.20772196477250301,0.20400654579617408,0.20400654579617408,0.20400654579617408
740,52.0,0.2989249380174975,0.2989249380174975,0.2989249380174975,0.43650492039997824,0.43650492039997824,0.43650492039997824
741,104.0,0.22019549123271714,0.22019549123271714,0.22019549123271714,0.20662390221355822,0.20662390221355822,0.20662390221355822
742,156.0,0.1551173387618493,0.1551173387618493,0.1551173387618493,0.18828996768419823,0.18828996768419823,0.18828996768419823
743,208.0,0.4785051566124249,0.4785051566124249,0.4785051566124249,0.4719644041512182,0.4719644041512182,0.4719644041512182
744,260.0,0.11074160292650483,0.11074160292650483,0.11074160292650483,0.0998081297723558,0.0998081297723558,0.0998081297723558
745,312.0,0.1782608695652174,0.1782608695652174,0.1782608695652174,0.15300567107750473,0.15300567107750473,0.15300567107750473
746,364.0,0.019182585332353046,0.019182585332353046,0.019182585332353046,0.01442381840474449,0.01442381840474449,0.01442381840474449
747,416.0,0.2683453290373371,0.2683453290373371,0.2683453290373371,0.2901339805461705,0.2901339805461705,0.2901339805461705
748,468.0,0.7771257237101411,0.7771257237101411,0.7771257237101411,0.9226782811209039,0.9226782811209039,0.9226782811209039
749,520.0,0.41034236050207046,0.41034236050207046,0.41034236050207046,0.41519887660459803,0.41519887660459803,0.41519887660459803
750,572.0,0.21365534271187916,0.21365534271187916,0.21365534271187916,0.22827649605313446,0.22827649605313446,0.22827649605313446
751,624.0,0.1796785304247991,0.1796785304247991,0.1796785304247991,0.16691195176638227,0.16691195176638227,0.16691195176638227
752,676.0,0.4086642377955166,0.4086642377955166,0.4086642377955166,0.42495251420329155,0.42495251420329155,0.42495251420329155
753,728.0,0.28794120346766267,0.28794120346766267,0.28794120346766267,0.3079576866234034,0.3079576866234034,0.3079576866234034
754,780.0,0.12000604790325124,0.12000604790325124,0.12000604790325124,0.09599772457260915,0.09599772457260915,0.09599772457260915
755,832.0,0.023083264633140973,0.023083264633140973,0.023083264633140973,0.022550427527017358,0.022550427527017358,0.022550427527017358
756,884.0,0.1583042300607318,0.1583042300607318,0.1583042300607318,1.2896471749663967,1.2896471749663967,1.2896471749663967
757,936.0,0.5866095495489213,0.5866095495489213,0.5866095495489213,0.670810520847627,0.670810520847627,0.670810520847627
758,988.0,0.07978705757927708,0.07978705757927708,0.07978705757927708,0.07146174184928057,0.07146174184928057,0.07146174184928057
759,1040.0,0.152,0.152,0.152,0.12889599999999998,0.12889599999999998,0.12889599999999998
760,52.0,0.29891960630016695,0.29891960630016695,0.29891960630016695,0.7110076231592192,0.7110076231592192,0.7110076231592192
761,104.0,0.27865245150618695,0.27865245150618695,0.27865245150618695,0.25298896276722527,0.25298896276722527,0.25298896276722527
762,156.0,0.4767096394723234,0.4767096394723234,0.4767096394723234,0.4612908837665359,0.4612908837665359,0.4612908837665359
763,208.0,0.22149779755479249,0.22149779755479249,0.22149779755479249,0.23300058445935365,0.23300058445935365,0.23300058445935365
764,260.0,0.14374320213911085,0.14374320213911085,0.14374320213911085,0.13068606963066068,0.13068606963066068,0.13068606963066068
765,312.0,0.17109634551495018,0.17109634551495018,0.17109634551495018,0.16009481131554842,0.16009481131554842,0.16009481131554842
766,364.0,0.8095690810224606,0.8095690810224606,0.8095690810224606,0.9615788295586128,0.9615788295586128,0.9615788295586128
767,416.0,0.12057142857142857,0.12057142857142857,0.12057142857142857,0.11746253061224492,0.11746253061224492,0.11746253061224492
768,468.0,0.3200213661295347,0.3200213661295347,0.3200213661295347,0.35572123188790356,0.35572123188790356,0.35572123188790356
769,520.0,0.17177914110429449,0.17177914110429449,0.17177914110429449,0.14227106778576537,0.14227106778576537,0.14227106778576537
770,572.0,0.22072603741241176,0.22072603741241176,0.22072603741241176,0.3305152578573169,0.3305152578573169,0.3305152578573169
771,624.0,0.11425462459194777,0.11425462459194777,0.11425462459194777,0.15778374800636075,0.15778374800636075,0.15778374800636075
772,676.0,0.15406976744186046,0.15406976744186046,0.15406976744186046,0.1390532044348296,0.1390532044348296,0.1390532044348296
773,728.0,0.015232974910394265,0.015232974910394265,0.015232974910394265,0.015000931385773564,0.015000931385773564,0.015000931385773564
774,780.0,0.25161290322580643,0.25161290322580643,0.25161290322580643,0.33023933402705513,0.33023933402705513,0.33023933402705513
775,832.0,0.4553091115973638,0.4553091115973638,0.4553091115973638,0.43635176589977753,0.43635176589977753,0.43635176589977753
776,884.0,0.4568143614805073,0.4568143614805073,0.4568143614805073,0.4347911215454981,0.4347911215454981,0.4347911215454981
777,936.0,0.2523364485981308,0.2523364485981308,0.2523364485981308,0.24266068846381544,0.24266068846381544,0.24266068846381544
778,988.0,0.5065809749105616,0.5065809749105616,0.5065809749105616,0.5194110537832899,0.5194110537832899,0.5194110537832899
779,1040.0,0.2744808561722695,0.2744808561722695,0.2744808561722695,0.34959144693342037,0.34959144693342037,0.34959144693342037
780,52.0,0.3588769708607944,0.3588769708607944,0.3588769708607944,0.4042961450196771,0.4042961450196771,0.4042961450196771
781,104.0,0.3061617458279846,0.3061617458279846,0.3061617458279846,0.2612072190244232,0.2612072190244232,0.2612072190244232
782,156.0,0.12317595719963587,0.12317595719963587,0.12317595719963587,0.13736928100795628,0.13736928100795628,0.13736928100795628
783,208.0,0.08333333333333333,0.08333333333333333,0.08333333333333333,0.07638888888888888,0.07638888888888888,0.07638888888888888
784,260.0,0.40362866323354174,0.40362866323354174,0.40362866323354174,0.3525320208526629,0.3525320208526629,0.3525320208526629
785,312.0,0.1235366988454159,0.1235366988454159,0.1235366988454159,0.1537284863563444,0.1537284863563444,0.1537284863563444
786,364.0,0.017727639000805803,0.017727639000805803,0.017727639000805803,0.017413369816262916,0.017413369816262916,0.017413369816262916
787,416.0,0.3113230735459774,0.3113230735459774,0.3113230735459774,0.2807710744340208,0.2807710744340208,0.2807710744340208
788,468.0,0.06457641196013289,0.06457641196013289,0.06457641196013289,0.06455912289875389,0.06455912289875389,0.06455912289875389
789,520.0,0.10694231750893313,0.10694231750893313,0.10694231750893313,0.10622541321178076,0.10622541321178076,0.10622541321178076
790,572.0,0.25616806465952385,0.25616806465952385,0.25616806465952385,0.32292840189674815,0.32292840189674815,0.32292840189674815
791,624.0,0.2002820874471086,0.2002820874471086,0.2002820874471086,0.1714526707792815,0.1714526707792815,0.1714526707792815
792,676.0,0.1419638217695906,0.1419638217695906,0.1419638217695906,0.16508283890868006,0.16508283890868006,0.16508283890868006
793,728.0,0.10830204594262356,0.10830204594262356,0.10830204594262356,0.148025978006521,0.148025978006521,0.148025978006521
794,780.0,0.09677928339427189,0.09677928339427189,0.09677928339427189,0.11623254053733137,0.11623254053733137,0.11623254053733137
795,832.0,0.40797217378744355,0.40797217378744355,0.40797217378744355,0.37691916781558726,0.37691916781558726,0.37691916781558726
796,884.0,0.25750752007525934,0.25750752007525934,0.25750752007525934,0.2508100639284072,0.2508100639284072,0.2508100639284072
797,936.0,162.43491786325743,162.43491786325743,162.43491786325743,139.39062231526933,139.39062231526933,139.39062231526933
798,988.0,0.6309212617979247,0.6309212617979247,0.6309212617979247,0.898413731057253,0.898413731057253,0.898413731057253
799,1040.0,0.3385729079706176,0.3385729079706176,0.3385729079706176,0.4323261871797876,0.4323261871797876,0.4323261871797876
800,52.0,0.7153131092488639,0.7153131092488639,0.7153131092488639,0.6955955409378095,0.6955955409378095,0.6955955409378095
801,104.0,0.06621315192743764,0.06621315192743764,0.06621315192743764,0.0654570883531039,0.0654570883531039,0.0654570883531039
802,156.0,0.11676646706586827,0.11676646706586827,0.11676646706586827,0.1053775682168597,0.1053775682168597,0.1053775682168597
803,208.0,0.6509389634508025,0.6509389634508025,0.6509389634508025,0.6613932544620975,0.6613932544620975,0.6613932544620975
804,260.0,0.2703862660944206,0.2703862660944206,0.2703862660944206,0.3088655160345558,0.3088655160345558,0.3088655160345558
805,312.0,0.42895849190551655,0.42895849190551655,0.42895849190551655,0.4149507396255497,0.4149507396255497,0.4149507396255497
806,364.0,0.27609335782900324,0.27609335782900324,0.27609335782900324,0.23951462411154625,0.23951462411154625,0.23951462411154625
807,416.0,0.4618465834362532,0.4618465834362532,0.4618465834362532,0.5137439822565449,0.5137439822565449,0.5137439822565449
808,468.0,0.09125475285171103,0.09125475285171103,0.09125475285171103,0.09053188567132675,0.09053188567132675,0.09053188567132675
809,520.0,0.24388318863456984,0.24388318863456984,0.24388318863456984,0.2275507193201141,0.2275507193201141,0.2275507193201141
810,572.0,0.44717418149115506,0.44717418149115506,0.44717418149115506,0.5639704318282129,0.5639704318282129,0.5639704318282129
811,624.0,0.17891286533733952,0.17891286533733952,0.17891286533733952,0.16438461436876337,0.16438461436876337,0.16438461436876337
812,676.0,0.22030878859857483,0.22030878859857483,0.22030878859857483,0.20027638921017146,0.20027638921017146,0.20027638921017146
813,728.0,0.15700928325071636,0.15700928325071636,0.15700928325071636,0.15078696106436387,0.15078696106436387,0.15078696106436387
814,780.0,0.24829542061658058,0.24829542061658058,0.24829542061658058,0.2881630698655993,0.2881630698655993,0.2881630698655993
815,832.0,0.07861060329067641,0.07861060329067641,0.07861060329067641,0.07243097634095232,0.07243097634095232,0.07243097634095232
816,884.0,0.20485749343829635,0.20485749343829635,0.20485749343829635,0.9863008856407066,0.9863008856407066,0.9863008856407066
817,936.0,0.8122561003730696,0.8122561003730696,0.8122561003730696,0.869881696960544,0.869881696960544,0.869881696960544
818,988.0,1.49403317803723,1.49403317803723,1.49403317803723,1.2364428481543004,1.2364428481543004,1.2364428481543004
819,1040.0,0.006640507093268941,0.006640507093268941,0.006640507093268941,0.006596410758813187,0.006596410758813187,0.006596410758813187
820,52.0,0.0423728813559322,0.0423728813559322,0.0423728813559322,0.04057742028152829,0.04057742028152829,0.04057742028152829
821,104.0,0.045075125208681135,0.045075125208681135,0.045075125208681135,0.043043358296102854,0.043043358296102854,0.043043358296102854
822,156.0,0.3622299759458679,0.3622299759458679,0.3622299759458679,0.35832709021290193,0.35832709021290193,0.35832709021290193
823,208.0,0.02176581831254272,0.02176581831254272,0.02176581831254272,0.016374027934158004,0.016374027934158004,0.016374027934158004
824,260.0,0.13142367327323048,0.13142367327323048,0.13142367327323048,0.10300586525306774,0.10300586525306774,0.10300586525306774
825,312.0,0.24179292929292928,0.24179292929292928,0.24179292929292928,0.30201597732374247,0.30201597732374247,0.30201597732374247
826,364.0,0.06350675170557242,0.06350675170557242,0.06350675170557242,0.056680752171020934,0.056680752171020934,0.056680752171020934
827,416.0,0.026403115081555368,0.026403115081555368,0.026403115081555368,0.020716167178845068,0.020716167178845068,0.020716167178845068
828,468.0,1.3853863471706458,1.3853863471706458,1.3853863471706458,13.376755486611918,13.376755486611918,13.376755486611918
829,520.0,0.004485291459343349,0.004485291459343349,0.004485291459343349,0.0035243007292174023,0.0035243007292174023,0.0035243007292174023
830,572.0,86.04926624737945,86.04926624737945,86.04926624737945,71.41790826663853,71.41790826663853,71.41790826663853
831,624.0,1.9420397309581257,1.9420397309581257,1.9420397309581257,1.1072090030059094,1.1072090030059094,1.1072090030059094
832,676.0,0.18631105845834492,0.18631105845834492,0.18631105845834492,0.24801994761271168,0.24801994761271168,0.24801994761271168
833,728.0,0.4516908809880095,0.4516908809880095,0.4516908809880095,0.5118088936558899,0.5118088936558899,0.5118088936558899
834,780.0,0.1038961038961039,0.1038961038961039,0.1038961038961039,0.09768535513378904,0.09768535513378904,0.09768535513378904
835,832.0,0.21239308514848448,0.21239308514848448,0.21239308514848448,0.2694120098150474,0.2694120098150474,0.2694120098150474
836,884.0,0.08183043897613933,0.08183043897613933,0.08183043897613933,0.08153231105435164,0.08153231105435164,0.08153231105435164
837,936.0,0.214176358686792,0.214176358686792,0.214176358686792,0.24114387175205645,0.24114387175205645,0.24114387175205645
838,988.0,0.06768433144843393,0.06768433144843393,0.06768433144843393,0.06868264719506191,0.06868264719506191,0.06868264719506191
839,1040.0,0.21058688147295743,0.21058688147295743,0.21058688147295743,0.18465201460350836,0.18465201460350836,0.18465201460350836
840,52.0,0.10614525139664804,0.10614525139664804,0.10614525139664804,0.11722480571767421,0.11722480571767421,0.11722480571767421
841,104.0,0.07407407407407407,0.07407407407407407,0.07407407407407407,0.06858710562414268,0.06858710562414268,0.06858710562414268
842,156.0,0.028422270800093123,0.028422270800093123,0.028422270800093123,0.02829810247289784,0.02829810247289784,0.02829810247289784
843,208.0,0.026698208854342684,0.026698208854342684,0.026698208854342684,0.02666131851994151,0.02666131851994151,0.02666131851994151
844,260.0,0.08031652857307875,0.08031652857307875,0.08031652857307875,0.09118691149839593,0.09118691149839593,0.09118691149839593
845,312.0,0.3892472177156688,0.3892472177156688,0.3892472177156688,0.40211226709719233,0.40211226709719233,0.40211226709719233
846,364.0,0.5468583543752961,0.5468583543752961,0.5468583543752961,0.553038686395775,0.553038686395775,0.553038686395775
847,416.0,0.20401682504268778,0.20401682504268778,0.20401682504268778,0.1846911125311382,0.1846911125311382,0.1846911125311382
848,468.0,0.018385460693153,0.018385460693153,0.018385460693153,0.023119286753950904,0.023119286753950904,0.023119286753950904
849,520.0,0.20525783619817997,0.20525783619817997,0.20525783619817997,0.23289449873788623,0.23289449873788623,0.23289449873788623
850,572.0,0.1934568739774066,0.1934568739774066,0.1934568739774066,0.21779301152354905,0.21779301152354905,0.21779301152354905
851,624.0,0.34811715481171546,0.34811715481171546,0.34811715481171546,0.45287302393165385,0.45287302393165385,0.45287302393165385
852,676.0,0.18260406792894648,0.18260406792894648,0.18260406792894648,0.1981130512893989,0.1981130512893989,0.1981130512893989
853,728.0,0.4428571715237383,0.4428571715237383,0.4428571715237383,0.4678480300036012,0.4678480300036012,0.4678480300036012
854,780.0,0.2305748050134491,0.2305748050134491,0.2305748050134491,0.27804005619899647,0.27804005619899647,0.27804005619899647
855,832.0,0.3588104768458643,0.3588104768458643,0.3588104768458643,0.35366670250192406,0.35366670250192406,0.35366670250192406
856,884.0,0.030170406387957212,0.030170406387957212,0.030170406387957212,0.03076916511756473,0.03076916511756473,0.03076916511756473
857,936.0,0.18660996556467624,0.18660996556467624,0.18660996556467624,0.2898442995521843,0.2898442995521843,0.2898442995521843
858,988.0,0.2209434298008999,0.2209434298008999,0.2209434298008999,0.22166158835664754,0.22166158835664754,0.22166158835664754
859,1040.0,0.19775280898876405,0.19775280898876405,0.19775280898876405,0.17325337709885114,0.17325337709885114,0.17325337709885114
860,52.0,0.058208955223880594,0.058208955223880594,0.058208955223880594,0.06526843394965472,0.06526843394965472,0.06526843394965472
861,104.0,0.17073170731707318,0.17073170731707318,0.17073170731707318,0.19036287923854847,0.19036287923854847,0.19036287923854847
862,156.0,0.10434581210714008,0.10434581210714008,0.10434581210714008,0.11192602463746597,0.11192602463746597,0.11192602463746597
863,208.0,0.2488532771574847,0.2488532771574847,0.2488532771574847,0.30878399086961206,0.30878399086961206,0.30878399086961206
864,260.0,0.11191588785046729,0.11191588785046729,0.11191588785046729,0.27368978731766963,0.27368978731766963,0.27368978731766963
865,312.0,0.2257407826283646,0.2257407826283646,0.2257407826283646,0.20011551661092336,0.20011551661092336,0.20011551661092336
866,364.0,0.06644951140065146,0.06644951140065146,0.06644951140065146,0.06398837122940296,0.06398837122940296,0.06398837122940296
867,416.0,0.5864776532736645,0.5864776532736645,0.5864776532736645,0.5745702549090211,0.5745702549090211,0.5745702549090211
868,468.0,0.2166161773930295,0.2166161773930295,0.2166161773930295,0.26667972796848666,0.26667972796848666,0.26667972796848666
869,520.0,0.1111111111111111,0.1111111111111111,0.1111111111111111,0.09876543209876544,0.09876543209876544,0.09876543209876544
870,572.0,0.4249002584820062,0.4249002584820062,0.4249002584820062,0.7257163435203914,0.7257163435203914,0.7257163435203914
871,624.0,0.029919196331076654,0.029919196331076654,0.029919196331076654,0.02946081461075398,0.02946081461075398,0.02946081461075398
872,676.0,0.050724637681159424,0.050724637681159424,0.050724637681159424,0.048151648813274536,0.048151648813274536,0.048151648813274536
873,728.0,0.3553708122674891,0.3553708122674891,0.3553708122674891,0.36737946673257327,0.36737946673257327,0.36737946673257327
874,780.0,0.08954071155427419,0.08954071155427419,0.08954071155427419,0.10771013744270783,0.10771013744270783,0.10771013744270783
875,832.0,0.21878380179500503,0.21878380179500503,0.21878380179500503,0.2644490446971026,0.2644490446971026,0.2644490446971026
876,884.0,0.7441699231599362,0.7441699231599362,0.7441699231599362,0.658690125991509,0.658690125991509,0.658690125991509
877,936.0,0.019095477386934675,0.019095477386934675,0.019095477386934675,0.019400856880718503,0.019400856880718503,0.019400856880718503
878,988.0,99.30226325260563,99.30226325260563,99.30226325260563,145.02718289387929,145.02718289387929,145.02718289387929
879,1040.0,0.3426675616489833,0.3426675616489833,0.3426675616489833,0.40227570213327923,0.40227570213327923,0.40227570213327923
880,52.0,0.1574942449419042,0.1574942449419042,0.1574942449419042,0.19265689638152317,0.19265689638152317,0.19265689638152317
881,104.0,0.06854544395105377,0.06854544395105377,0.06854544395105377,0.08695205932748346,0.08695205932748346,0.08695205932748346
882,156.0,0.44284832228110194,0.44284832228110194,0.44284832228110194,0.49198423229329485,0.49198423229329485,0.49198423229329485
883,208.0,0.1472467072872632,0.1472467072872632,0.1472467072872632,0.17116142028981188,0.17116142028981188,0.17116142028981188
884,260.0,3.8839947266643833,3.8839947266643833,3.8839947266643833,52.370272649197446,52.370272649197446,52.370272649197446
885,312.0,0.04006410256410257,0.04006410256410257,0.04006410256410257,0.03845897024983564,0.03845897024983564,0.03845897024983564
886,364.0,0.6949300799095836,0.6949300799095836,0.6949300799095836,0.9419185709783681,0.9419185709783681,0.9419185709783681
887,416.0,0.6491715162279925,0.6491715162279925,0.6491715162279925,0.8186174984386018,0.8186174984386018,0.8186174984386018
888,468.0,10.576840615608727,10.576840615608727,10.576840615608727,10.460003039720513,10.460003039720513,10.460003039720513
889,520.0,0.12636325415465782,0.12636325415465782,0.12636325415465782,0.12743999048754104,0.12743999048754104,0.12743999048754104
890,572.0,0.3978002910194036,0.3978002910194036,0.3978002910194036,0.36852695797229845,0.36852695797229845,0.36852695797229845
891,624.0,0.14216867469879518,0.14216867469879518,0.14216867469879518,0.14605312817535204,0.14605312817535204,0.14605312817535204
892,676.0,0.10614192009540847,0.10614192009540847,0.10614192009540847,0.0948758128938684,0.0948758128938684,0.0948758128938684
893,728.0,0.11249731124973113,0.11249731124973113,0.11249731124973113,0.11877046810419244,0.11877046810419244,0.11877046810419244
894,780.0,0.07077140835102619,0.07077140835102619,0.07077140835102619,0.07142452877912059,0.07142452877912059,0.07142452877912059
895,832.0,3.058857522255744,3.058857522255744,3.058857522255744,5.690341854512514,5.690341854512514,5.690341854512514
896,884.0,0.014492753623188406,0.014492753623188406,0.014492753623188406,0.014282713715605957,0.014282713715605957,0.014282713715605957
897,936.0,0.23045204873021585,0.23045204873021585,0.23045204873021585,0.49262164117153473,0.49262164117153473,0.49262164117153473
898,988.0,0.13315093479252166,0.13315093479252166,0.13315093479252166,0.14688551164641298,0.14688551164641298,0.14688551164641298
899,1040.0,0.13462873004857737,0.13462873004857737,0.13462873004857737,0.11650383509408468,0.11650383509408468,0.11650383509408468
900,52.0,0.23448213639807877,0.23448213639807877,0.23448213639807877,0.25738466331319065,0.25738466331319065,0.25738466331319065
901,104.0,0.1364523473842001,0.1364523473842001,0.1364523473842001,0.21573730359107773,0.21573730359107773,0.21573730359107773
902,156.0,7.851913042682135,7.851913042682135,7.851913042682135,49.594642172333685,49.594642172333685,49.594642172333685
903,208.0,0.22604651162790698,0.22604651162790698,0.22604651162790698,0.2177401838831801,0.2177401838831801,0.2177401838831801
904,260.0,0.21307635480985415,0.21307635480985415,0.21307635480985415,0.2967676986484768,0.2967676986484768,0.2967676986484768
905,312.0,0.03643497757847534,0.03643497757847534,0.03643497757847534,0.03734962245369904,0.03734962245369904,0.03734962245369904
906,364.0,0.23088105040421844,0.23088105040421844,0.23088105040421844,0.29832665118622004,0.29832665118622004,0.29832665118622004
907,416.0,0.05591018824175353,0.05591018824175353,0.05591018824175353,0.052673030875389965,0.052673030875389965,0.052673030875389965
908,468.0,0.0783804605777285,0.0783804605777285,0.0783804605777285,0.0980611808579126,0.0980611808579126,0.0980611808579126
909,520.0,0.1681068342498036,0.1681068342498036,0.1681068342498036,0.13984692652831268,0.13984692652831268,0.13984692652831268
910,572.0,0.17378048780487804,0.17378048780487804,0.17378048780487804,0.21849372184923938,0.21849372184923938,0.21849372184923938
911,624.0,0.5194186462170127,0.5194186462170127,0.5194186462170127,1.9812655384365276,1.9812655384365276,1.9812655384365276
912,676.0,0.5418608941465627,0.5418608941465627,0.5418608941465627,0.5400258506718096,0.5400258506718096,0.5400258506718096
913,728.0,99.17900346531067,99.17900346531067,99.17900346531067,107.07469071718158,107.07469071718158,107.07469071718158
914,780.0,0.2577639751552795,0.2577639751552795,0.2577639751552795,0.2658558697581112,0.2658558697581112,0.2658558697581112
915,832.0,1.7646938078459287,1.7646938078459287,1.7646938078459287,43.11380175179028,43.11380175179028,43.11380175179028
916,884.0,0.12248628884826325,0.12248628884826325,0.12248628884826325,0.10748339789244307,0.10748339789244307,0.10748339789244307
917,936.0,5.801426579222176,5.801426579222176,5.801426579222176,140.08862128398937,140.08862128398937,140.08862128398937
918,988.0,0.0,0.0,0.0,0.0,0.0,0.0
919,1040.0,0.071018726242497,0.071018726242497,0.071018726242497,0.09650923258535112,0.09650923258535112,0.09650923258535112
920,52.0,0.21942503957387094,0.21942503957387094,0.21942503957387094,0.18110975373597513,0.18110975373597513,0.18110975373597513
921,104.0,0.6464610411297904,0.6464610411297904,0.6464610411297904,1.040423051836653,1.040423051836653,1.040423051836653
922,156.0,0.6042063553905954,0.6042063553905954,0.6042063553905954,0.6305458819584078,0.6305458819584078,0.6305458819584078
923,208.0,0.094316807738815,0.094316807738815,0.094316807738815,0.0854211475167744,0.0854211475167744,0.0854211475167744
924,260.0,0.23574410249486516,0.23574410249486516,0.23574410249486516,0.3692422742789169,0.3692422742789169,0.3692422742789169
925,312.0,0.12586377097729518,0.12586377097729518,0.12586377097729518,0.11002208213267016,0.11002208213267016,0.11002208213267016
926,364.0,0.022486120982126833,0.022486120982126833,0.022486120982126833,0.021376683189120154,0.021376683189120154,0.021376683189120154
927,416.0,0.14508336695315358,0.14508336695315358,0.14508336695315358,0.14166449458874045,0.14166449458874045,0.14166449458874045
928,468.0,0.23136579060749676,0.23136579060749676,0.23136579060749676,0.2200588412080027,0.2200588412080027,0.2200588412080027
929,520.0,0.9642562545298239,0.9642562545298239,0.9642562545298239,1.1039381607778478,1.1039381607778478,1.1039381607778478
930,572.0,0.18234205669386971,0.18234205669386971,0.18234205669386971,0.17009032761727982,0.17009032761727982,0.17009032761727982
931,624.0,0.27273428566057994,0.27273428566057994,0.27273428566057994,0.31087281354222696,0.31087281354222696,0.31087281354222696
932,676.0,0.47068012395132364,0.47068012395132364,0.47068012395132364,1.164397860001713,1.164397860001713,1.164397860001713
933,728.0,0.007401315789473684,0.007401315789473684,0.007401315789473684,0.0073465363140581726,0.0073465363140581726,0.0073465363140581726
934,780.0,140.35763959378463,140.35763959378463,140.35763959378463,122.09036658006622,122.09036658006622,122.09036658006622
935,832.0,0.35714285714285715,0.35714285714285715,0.35714285714285715,0.22959183673469383,0.22959183673469383,0.22959183673469383
936,884.0,0.09790604589025696,0.09790604589025696,0.09790604589025696,0.1048109973002455,0.1048109973002455,0.1048109973002455
937,936.0,0.3638113570741097,0.3638113570741097,0.3638113570741097,0.352723105896041,0.352723105896041,0.352723105896041
938,988.0,0.2649920622845714,0.2649920622845714,0.2649920622845714,0.2337892629473491,0.2337892629473491,0.2337892629473491
939,1040.0,0.2893715646373844,0.2893715646373844,0.2893715646373844,0.268209815691777,0.268209815691777,0.268209815691777
940,52.0,0.2146730895584356,0.2146730895584356,0.2146730895584356,0.26950824421558245,0.26950824421558245,0.26950824421558245
941,104.0,0.3952881141765053,0.3952881141765053,0.3952881141765053,0.41578888007102044,0.41578888007102044,0.41578888007102044
942,156.0,0.06473988439306358,0.06473988439306358,0.06473988439306358,0.1721093254034548,0.1721093254034548,0.1721093254034548
943,208.0,0.2587763260068561,0.2587763260068561,0.2587763260068561,0.36767371534286575,0.36767371534286575,0.36767371534286575
944,260.0,0.2604930226457926,0.2604930226457926,0.2604930226457926,0.26830566218101487,0.26830566218101487,0.26830566218101487
945,312.0,0.17621951219512194,0.17621951219512194,0.17621951219512194,0.14882473230220106,0.14882473230220106,0.14882473230220106
946,364.0,59.222169792022385,59.222169792022385,59.222169792022385,60.695241269000476,60.695241269000476,60.695241269000476
947,416.0,0.2147696172572106,0.2147696172572106,0.2147696172572106,0.2349170828319689,0.2349170828319689,0.2349170828319689
948,468.0,0.02319842053307009,0.02319842053307009,0.02319842053307009,0.02266025381784093,0.02266025381784093,0.02266025381784093
949,520.0,0.4745488968329985,0.4745488968329985,0.4745488968329985,1.583722191292299,1.583722191292299,1.583722191292299
950,572.0,0.008790432852877936,0.008790432852877936,0.008790432852877936,0.008598361694086551,0.008598361694086551,0.008598361694086551
951,624.0,0.0,0.0,0.0,0.0,0.0,0.0
952,676.0,0.9776351342520463,0.9776351342520463,0.9776351342520463,0.9888373937547482,0.9888373937547482,0.9888373937547482
953,728.0,111.7233691164327,111.7233691164327,111.7233691164327,92.96558930966553,92.96558930966553,92.96558930966553
954,780.0,0.3312279460994881,0.3312279460994881,0.3312279460994881,0.3443533490025449,0.3443533490025449,0.3443533490025449
955,832.0,0.0,0.0,0.0,0.0,0.0,0.0
956,884.0,0.3992490613266583,0.3992490613266583,0.3992490613266583,0.4951683972926107,0.4951683972926107,0.4951683972926107
957,936.0,0.192096048024012,0.192096048024012,0.192096048024012,0.21322417086482212,0.21322417086482212,0.21322417086482212
958,988.0,0.2902297878441782,0.2902297878441782,0.2902297878441782,0.5885766729322388,0.5885766729322388,0.5885766729322388
959,1040.0,0.4779874213836478,0.4779874213836478,0.4779874213836478,0.5891380878920928,0.5891380878920928,0.5891380878920928
960,52.0,0.40979270002281054,0.40979270002281054,0.40979270002281054,0.40235271290714564,0.40235271290714564,0.40235271290714564
961,104.0,0.16285924834193072,0.16285924834193072,0.16285924834193072,0.13928379227445342,0.13928379227445342,0.13928379227445342
962,156.0,0.4669796434579666,0.4669796434579666,0.4669796434579666,0.5166147635482381,0.5166147635482381,0.5166147635482381
963,208.0,0.2620494015932727,0.2620494015932727,0.2620494015932727,0.26082904197237194,0.26082904197237194,0.26082904197237194
964,260.0,0.35219715685100694,0.35219715685100694,0.35219715685100694,0.4561538222991433,0.4561538222991433,0.4561538222991433
965,312.0,0.46721711526692783,0.46721711526692783,0.46721711526692783,0.6519317042148325,0.6519317042148325,0.6519317042148325
966,364.0,1.2220676662706724,1.2220676662706724,1.2220676662706724,1.3584654913224634,1.3584654913224634,1.3584654913224634
967,416.0,0.5885593787902346,0.5885593787902346,0.5885593787902346,0.7114748352937208,0.7114748352937208,0.7114748352937208
968,468.0,0.34579439252336447,0.34579439252336447,0.34579439252336447,0.28229539697790207,0.28229539697790207,0.28229539697790207
969,520.0,72.49169689970762,72.49169689970762,72.49169689970762,78.17010777882156,78.17010777882156,78.17010777882156
970,572.0,0.04819277108433735,0.04819277108433735,0.04819277108433735,0.05266664433452064,0.05266664433452064,0.05266664433452064
971,624.0,0.13831672592607314,0.13831672592607314,0.13831672592607314,0.14098970706385747,0.14098970706385747,0.14098970706385747
972,676.0,0.24954265445506618,0.24954265445506618,0.24954265445506618,6.087798485839839,6.087798485839839,6.087798485839839
973,728.0,13.752811893677526,13.752811893677526,13.752811893677526,90.6254888520192,90.6254888520192,90.6254888520192
974,780.0,0.26023461814699544,0.26023461814699544,0.26023461814699544,0.2964148839057256,0.2964148839057256,0.2964148839057256
975,832.0,0.01655379984951091,0.01655379984951091,0.01655379984951091,0.016279771560053245,0.016279771560053245,0.016279771560053245
976,884.0,0.3684981690633379,0.3684981690633379,0.3684981690633379,0.29933387747820533,0.29933387747820533,0.29933387747820533
977,936.0,0.28008565310492506,0.28008565310492506,0.28008565310492506,0.5168411061539097,0.5168411061539097,0.5168411061539097
978,988.0,0.07294923838640402,0.07294923838640402,0.07294923838640402,0.06303775227370703,0.06303775227370703,0.06303775227370703
979,1040.0,0.5133412109258235,0.5133412109258235,0.5133412109258235,0.5546671810253193,0.5546671810253193,0.5546671810253193
980,52.0,0.2906105084038375,0.2906105084038375,0.2906105084038375,0.27531892673742675,0.27531892673742675,0.27531892673742675
981,104.0,0.07388587531384945,0.07388587531384945,0.07388587531384945,0.08315701326054568,0.08315701326054568,0.08315701326054568
982,156.0,0.03689777052434827,0.03689777052434827,0.03689777052434827,0.05385601668163707,0.05385601668163707,0.05385601668163707
983,208.0,0.3539375321881098,0.3539375321881098,0.3539375321881098,1.4841308182824096,1.4841308182824096,1.4841308182824096
984,260.0,0.3241911241456725,0.3241911241456725,0.3241911241456725,0.5462105472917591,0.5462105472917591,0.5462105472917591
985,312.0,0.17073170731707318,0.17073170731707318,0.17073170731707318,0.14158239143367043,0.14158239143367043,0.14158239143367043
986,364.0,0.21347582004728324,0.21347582004728324,0.21347582004728324,0.42485190908136883,0.42485190908136883,0.42485190908136883
987,416.0,0.11607821816138528,0.11607821816138528,0.11607821816138528,0.10877595361927078,0.10877595361927078,0.10877595361927078
988,468.0,0.05440986949971079,0.05440986949971079,0.05440986949971079,0.0579205469026095,0.0579205469026095,0.0579205469026095
989,520.0,0.044976076555023926,0.044976076555023926,0.044976076555023926,0.04295322909274056,0.04295322909274056,0.04295322909274056
990,572.0,0.07186358099878197,0.07186358099878197,0.07186358099878197,0.07157131391117158,0.07157131391117158,0.07157131391117158
991,624.0,0.038364779874213835,0.038364779874213835,0.038364779874213835,0.03940864680985721,0.03940864680985721,0.03940864680985721
992,676.0,0.31245214842614444,0.31245214842614444,0.31245214842614444,0.4454185234989601,0.4454185234989601,0.4454185234989601
993,728.0,95.39648659707166,95.39648659707166,95.39648659707166,96.75342575849403,96.75342575849403,96.75342575849403
994,780.0,0.5122950819672131,0.5122950819672131,0.5122950819672131,0.6971556225285063,0.6971556225285063,0.6971556225285063
995,832.0,0.3678100377458018,0.3678100377458018,0.3678100377458018,0.3951826000801126,0.3951826000801126,0.3951826000801126
996,884.0,0.1789797713280563,0.1789797713280563,0.1789797713280563,0.16013862492061615,0.16013862492061615,0.16013862492061615
997,936.0,0.5754206673773237,0.5754206673773237,0.5754206673773237,0.6449964752267479,0.6449964752267479,0.6449964752267479
998,988.0,0.21130598573919154,0.21130598573919154,0.21130598573919154,0.19731863464889102,0.19731863464889102,0.19731863464889102
999,1040.0,0.340492454395552,0.340492454395552,0.340492454395552,0.3344744608914989,0.3344744608914989,0.3344744608914989
