,time,meanH,meanB,meanC,varH,varB,varC
0,52.0,0.41418381843695923,0.41418381843695923,0.41418381843695923,0.5140488842776663,0.5140488842776663,0.5140488842776663
1,104.0,0.04477238619309655,0.04477238619309655,0.04477238619309655,0.045769320378047956,0.045769320378047956,0.045769320378047956
2,156.0,0.6896767590917303,0.6896767590917303,0.6896767590917303,0.7780848526375931,0.7780848526375931,0.7780848526375931
3,208.0,0.2826086956521739,0.2826086956521739,0.2826086956521739,0.24621928166351617,0.24621928166351617,0.24621928166351617
4,260.0,44.35089661137515,44.35089661137515,44.35089661137515,38.33936719946188,38.33936719946188,38.33936719946188
5,312.0,0.7655398314272973,0.7655398314272973,0.7655398314272973,3.052464216377796,3.052464216377796,3.052464216377796
6,364.0,0.00909090909090909,0.00909090909090909,0.00909090909090909,0.009008264462809917,0.009008264462809917,0.009008264462809917
7,416.0,0.38490525142185306,0.38490525142185306,0.38490525142185306,0.43954887039867563,0.43954887039867563,0.43954887039867563
8,468.0,0.45708334559854974,0.45708334559854974,0.45708334559854974,0.598590661476072,0.598590661476072,0.598590661476072
9,520.0,77.59784572861385,77.59784572861385,77.59784572861385,72.68393586826615,72.68393586826615,72.68393586826615
10,572.0,0.5390607649145203,0.5390607649145203,0.5390607649145203,0.33960071197586966,0.33960071197586966,0.33960071197586966
11,624.0,0.3545484891642145,0.3545484891642145,0.3545484891642145,0.379158816655,0.379158816655,0.379158816655
12,676.0,0.035318559556786706,0.035318559556786706,0.035318559556786706,0.034071158907620414,0.034071158907620414,0.034071158907620414
13,728.0,0.06159975482684646,0.06159975482684646,0.06159975482684646,0.07435441289604776,0.07435441289604776,0.07435441289604776
14,780.0,0.1071202930470167,0.1071202930470167,0.1071202930470167,0.09445162805972952,0.09445162805972952,0.09445162805972952
15,832.0,0.23038305603407605,0.23038305603407605,0.23038305603407605,0.6218339049665214,0.6218339049665214,0.6218339049665214
16,884.0,0.707067386298709,0.707067386298709,0.707067386298709,0.891014952703605,0.891014952703605,0.891014952703605
17,936.0,0.05,0.05,0.05,0.04749999999999999,0.04749999999999999,0.04749999999999999
18,988.0,0.2446043165467626,0.2446043165467626,0.2446043165467626,0.28629182984547613,0.28629182984547613,0.28629182984547613
19,1040.0,0.11125265392781317,0.11125265392781317,0.11125265392781317,0.1277502355290501,0.1277502355290501,0.1277502355290501
20,52.0,0.171706642476576,0.171706642476576,0.171706642476576,0.18570843320308164,0.18570843320308164,0.18570843320308164
21,104.0,0.4450177044355048,0.4450177044355048,0.4450177044355048,0.4801111727874774,0.4801111727874774,0.4801111727874774
22,156.0,0.3927588074695532,0.3927588074695532,0.3927588074695532,0.6309280462354726,0.6309280462354726,0.6309280462354726
23,208.0,0.2526352507888729,0.2526352507888729,0.2526352507888729,0.2692448009253784,0.2692448009253784,0.2692448009253784
24,260.0,0.035972022929379906,0.035972022929379906,0.035972022929379906,0.0378090769215163,0.0378090769215163,0.0378090769215163
25,312.0,0.1926287684546968,0.1926287684546968,0.1926287684546968,0.1891780451817609,0.1891780451817609,0.1891780451817609
26,364.0,0.05982988242696714,0.05982988242696714,0.05982988242696714,0.04992235896541774,0.04992235896541774,0.04992235896541774
27,416.0,0.31090180065287937,0.31090180065287937,0.31090180065287937,0.38742508116720853,0.38742508116720853,0.38742508116720853
28,468.0,1.2616360362454486,1.2616360362454486,1.2616360362454486,2.6108649661611247,2.6108649661611247,2.6108649661611247
29,520.0,0.0995092301814433,0.0995092301814433,0.0995092301814433,0.12854421194724008,0.12854421194724008,0.12854421194724008
30,572.0,0.0328208584169777,0.0328208584169777,0.0328208584169777,0.03032626262673489,0.03032626262673489,0.03032626262673489
31,624.0,0.13875598086124402,0.13875598086124402,0.13875598086124402,0.17931137107666947,0.17931137107666947,0.17931137107666947
32,676.0,0.06863496932515338,0.06863496932515338,0.06863496932515338,0.09383218577101134,0.09383218577101134,0.09383218577101134
33,728.0,0.05671096796050877,0.05671096796050877,0.05671096796050877,0.05505842236497772,0.05505842236497772,0.05505842236497772
34,780.0,0.0746506590618829,0.0746506590618829,0.0746506590618829,0.07964851938494427,0.07964851938494427,0.07964851938494427
35,832.0,91.46759373294464,91.46759373294464,91.46759373294464,118.85410076848541,118.85410076848541,118.85410076848541
36,884.0,0.014020618556701031,0.014020618556701031,0.014020618556701031,0.01464878308002976,0.01464878308002976,0.01464878308002976
37,936.0,0.13459314497700223,0.13459314497700223,0.13459314497700223,0.13014541948489403,0.13014541948489403,0.13014541948489403
38,988.0,0.1848906560636183,0.1848906560636183,0.1848906560636183,0.15865838764628926,0.15865838764628926,0.15865838764628926
39,1040.0,0.2113390690491948,0.2113390690491948,0.2113390690491948,0.28227160199666257,0.28227160199666257,0.28227160199666257
40,52.0,0.6307282251730931,0.6307282251730931,0.6307282251730931,0.5692688426744118,0.5692688426744118,0.5692688426744118
41,104.0,0.1915553521036529,0.1915553521036529,0.1915553521036529,0.334132963525665,0.334132963525665,0.334132963525665
42,156.0,0.4967650738419422,0.4967650738419422,0.4967650738419422,0.6324423618743046,0.6324423618743046,0.6324423618743046
43,208.0,0.20467032967032966,0.20467032967032966,0.20467032967032966,0.20604961659219903,0.20604961659219903,0.20604961659219903
44,260.0,0.029490616621983913,0.029490616621983913,0.029490616621983913,0.02862092015323907,0.02862092015323907,0.02862092015323907
45,312.0,0.4293267267597438,0.4293267267597438,0.4293267267597438,0.3589393248631503,0.3589393248631503,0.3589393248631503
46,364.0,0.002773629187113292,0.002773629187113292,0.002773629187113292,0.0027659361682456853,0.0027659361682456853,0.0027659361682456853
47,416.0,0.38493044287305445,0.38493044287305445,0.38493044287305445,0.5437508956285154,0.5437508956285154,0.5437508956285154
48,468.0,0.3685202477914597,0.3685202477914597,0.3685202477914597,1.2551836900543238,1.2551836900543238,1.2551836900543238
49,520.0,0.2776769509981851,0.2776769509981851,0.2776769509981851,0.36754160888798126,0.36754160888798126,0.36754160888798126
50,572.0,0.06442129005795058,0.06442129005795058,0.06442129005795058,0.0661841612861665,0.0661841612861665,0.0661841612861665
51,624.0,0.4989753745738159,0.4989753745738159,0.4989753745738159,0.6324231084701007,0.6324231084701007,0.6324231084701007
52,676.0,0.1385293881678033,0.1385293881678033,0.1385293881678033,0.13072634264841143,0.13072634264841143,0.13072634264841143
53,728.0,0.09144717372003551,0.09144717372003551,0.09144717372003551,0.08426837032273128,0.08426837032273128,0.08426837032273128
54,780.0,0.40981261768863075,0.40981261768863075,0.40981261768863075,0.47832169802661056,0.47832169802661056,0.47832169802661056
55,832.0,0.12149112957556703,0.12149112957556703,0.12149112957556703,0.11751028495387789,0.11751028495387789,0.11751028495387789
56,884.0,25.153494513395646,25.153494513395646,25.153494513395646,31.98913209661134,31.98913209661134,31.98913209661134
57,936.0,0.018360949395432154,0.018360949395432154,0.018360949395432154,0.019815137068870253,0.019815137068870253,0.019815137068870253
58,988.0,0.3024221068172779,0.3024221068172779,0.3024221068172779,0.3827280803160041,0.3827280803160041,0.3827280803160041
59,1040.0,68.0590717774016,68.0590717774016,68.0590717774016,100.29794501570237,100.29794501570237,100.29794501570237
60,52.0,0.2502578256157842,0.2502578256157842,0.2502578256157842,0.2967909971199646,0.2967909971199646,0.2967909971199646
61,104.0,0.0007561436672967864,0.0007561436672967864,0.0007561436672967864,0.0007555719140511935,0.0007555719140511935,0.0007555719140511935
62,156.0,0.3098032161130206,0.3098032161130206,0.3098032161130206,0.36858170820764574,0.36858170820764574,0.36858170820764574
63,208.0,0.10954446854663774,0.10954446854663774,0.10954446854663774,0.1327939356581232,0.1327939356581232,0.1327939356581232
64,260.0,15.983243566726511,15.983243566726511,15.983243566726511,15.031436756354482,15.031436756354482,15.031436756354482
65,312.0,0.0,0.0,0.0,0.0,0.0,0.0
66,364.0,0.18871886552156777,0.18871886552156777,0.18871886552156777,0.23108216572585089,0.23108216572585089,0.23108216572585089
67,416.0,0.060487200660611064,0.060487200660611064,0.060487200660611064,0.06302172795343537,0.06302172795343537,0.06302172795343537
68,468.0,0.2859792179564152,0.2859792179564152,0.2859792179564152,0.29836057696827495,0.29836057696827495,0.29836057696827495
69,520.0,0.2159914712153518,0.2159914712153518,0.2159914712153518,0.19321975259250504,0.19321975259250504,0.19321975259250504
70,572.0,0.16439558067304322,0.16439558067304322,0.16439558067304322,0.1784862531378943,0.1784862531378943,0.1784862531378943
71,624.0,0.04823191712178151,0.04823191712178151,0.04823191712178151,0.055742696792338724,0.055742696792338724,0.055742696792338724
72,676.0,103.03970059836863,103.03970059836863,103.03970059836863,181.1912155916647,181.1912155916647,181.1912155916647
73,728.0,0.0848692670381483,0.0848692670381483,0.0848692670381483,0.07938100519779108,0.07938100519779108,0.07938100519779108
74,780.0,0.18576136630318546,0.18576136630318546,0.18576136630318546,0.20478329914010726,0.20478329914010726,0.20478329914010726
75,832.0,0.3404183813054034,0.3404183813054034,0.3404183813054034,0.40953874443864036,0.40953874443864036,0.40953874443864036
76,884.0,0.2658536585365854,0.2658536585365854,0.2658536585365854,0.2732242712671029,0.2732242712671029,0.2732242712671029
77,936.0,0.14032150033489618,0.14032150033489618,0.14032150033489618,0.14608348672460764,0.14608348672460764,0.14608348672460764
78,988.0,0.46165369801565775,0.46165369801565775,0.46165369801565775,0.6307035245375624,0.6307035245375624,0.6307035245375624
79,1040.0,162.4109639481156,162.4109639481156,162.4109639481156,163.52462447028807,163.52462447028807,163.52462447028807
80,52.0,0.28758701860408636,0.28758701860408636,0.28758701860408636,0.3340083320237586,0.3340083320237586,0.3340083320237586
81,104.0,0.08128765612460562,0.08128765612460562,0.08128765612460562,0.09393288994844602,0.09393288994844602,0.09393288994844602
82,156.0,0.2244794636644446,0.2244794636644446,0.2244794636644446,0.18724982220795938,0.18724982220795938,0.18724982220795938
83,208.0,0.339833802985563,0.339833802985563,0.339833802985563,0.32213642463259706,0.32213642463259706,0.32213642463259706
84,260.0,0.09800554280778481,0.09800554280778481,0.09800554280778481,0.08892052956970738,0.08892052956970738,0.08892052956970738
85,312.0,0.06886387995712755,0.06886387995712755,0.06886387995712755,0.06787298575857938,0.06787298575857938,0.06787298575857938
86,364.0,0.183362181745641,0.183362181745641,0.183362181745641,0.18261008999279926,0.18261008999279926,0.18261008999279926
87,416.0,0.31995937023869986,0.31995937023869986,0.31995937023869986,0.5466864381663886,0.5466864381663886,0.5466864381663886
88,468.0,0.1432293627614586,0.1432293627614586,0.1432293627614586,0.21907902048623967,0.21907902048623967,0.21907902048623967
89,520.0,0.009009009009009009,0.009009009009009009,0.009009009009009009,0.008927846765684604,0.008927846765684604,0.008927846765684604
90,572.0,0.025938734549830093,0.025938734549830093,0.025938734549830093,0.026146654587995418,0.026146654587995418,0.026146654587995418
91,624.0,1.5031227135303291,1.5031227135303291,1.5031227135303291,19.284523423213912,19.284523423213912,19.284523423213912
92,676.0,0.27226643215734336,0.27226643215734336,0.27226643215734336,0.2959367211262371,0.2959367211262371,0.2959367211262371
93,728.0,0.0,0.0,0.0,0.0,0.0,0.0
94,780.0,0.06991005723630417,0.06991005723630417,0.06991005723630417,0.07401691750310382,0.07401691750310382,0.07401691750310382
95,832.0,0.14921463474341193,0.14921463474341193,0.14921463474341193,0.16615403902229553,0.16615403902229553,0.16615403902229553
96,884.0,0.028687598825389654,0.028687598825389654,0.028687598825389654,0.02921994012856912,0.02921994012856912,0.02921994012856912
97,936.0,1.153570344813348,1.153570344813348,1.153570344813348,61.46432131685651,61.46432131685651,61.46432131685651
98,988.0,0.5030671474069732,0.5030671474069732,0.5030671474069732,0.5974108828986331,0.5974108828986331,0.5974108828986331
99,1040.0,0.4226893532381199,0.4226893532381199,0.4226893532381199,1.6136519108819467,1.6136519108819467,1.6136519108819467
100,52.0,0.1563608369008705,0.1563608369008705,0.1563608369008705,0.2090480290070016,0.2090480290070016,0.2090480290070016
101,104.0,0.16610828720869308,0.16610828720869308,0.16610828720869308,0.27091877275769866,0.27091877275769866,0.27091877275769866
102,156.0,0.25072886297376096,0.25072886297376096,0.25072886297376096,0.23451113056634562,0.23451113056634562,0.23451113056634562
103,208.0,0.3005400757055298,0.3005400757055298,0.3005400757055298,0.482348888770212,0.482348888770212,0.482348888770212
104,260.0,0.12463033375580904,0.12463033375580904,0.12463033375580904,0.13529110753782694,0.13529110753782694,0.13529110753782694
105,312.0,0.33256696284423315,0.33256696284423315,0.33256696284423315,0.3224342838926122,0.3224342838926122,0.3224342838926122
106,364.0,0.09296350715757958,0.09296350715757958,0.09296350715757958,0.09315458659535451,0.09315458659535451,0.09315458659535451
107,416.0,0.10655536459612079,0.10655536459612079,0.10655536459612079,0.13104713276829946,0.13104713276829946,0.13104713276829946
108,468.0,0.02335279399499583,0.02335279399499583,0.02335279399499583,0.02447549772155139,0.02447549772155139,0.02447549772155139
109,520.0,0.1478494623655914,0.1478494623655914,0.1478494623655914,0.12688605619146723,0.12688605619146723,0.12688605619146723
110,572.0,0.600451464458716,0.600451464458716,0.600451464458716,0.9033258859432133,0.9033258859432133,0.9033258859432133
111,624.0,0.6003982602177325,0.6003982602177325,0.6003982602177325,0.6499362504195818,0.6499362504195818,0.6499362504195818
112,676.0,0.23405915528032536,0.23405915528032536,0.23405915528032536,0.36897549410483016,0.36897549410483016,0.36897549410483016
113,728.0,76.24744299766054,76.24744299766054,76.24744299766054,80.66984628105017,80.66984628105017,80.66984628105017
114,780.0,0.15039745627980922,0.15039745627980922,0.15039745627980922,0.12777806142437212,0.12777806142437212,0.12777806142437212
115,832.0,0.34599347632064753,0.34599347632064753,0.34599347632064753,0.5112176398381112,0.5112176398381112,0.5112176398381112
116,884.0,0.09489575844716032,0.09489575844716032,0.09489575844716032,0.1002686986951652,0.1002686986951652,0.1002686986951652
117,936.0,0.3041217445231208,0.3041217445231208,0.3041217445231208,0.36866581673730575,0.36866581673730575,0.36866581673730575
118,988.0,0.07306434023991276,0.07306434023991276,0.07306434023991276,0.07281500094939204,0.07281500094939204,0.07281500094939204
119,1040.0,62.844506083310016,62.844506083310016,62.844506083310016,149.9060197483834,149.9060197483834,149.9060197483834
120,52.0,0.009407858328721638,0.009407858328721638,0.009407858328721638,0.00931935053038834,0.00931935053038834,0.00931935053038834
121,104.0,0.11628552819094208,0.11628552819094208,0.11628552819094208,0.12089113474189632,0.12089113474189632,0.12089113474189632
122,156.0,0.0855657410584618,0.0855657410584618,0.0855657410584618,0.08750454684734171,0.08750454684734171,0.08750454684734171
123,208.0,0.18424242424242424,0.18424242424242424,0.18424242424242424,0.19393351698806244,0.19393351698806244,0.19393351698806244
124,260.0,0.14287931933091635,0.14287931933091635,0.14287931933091635,0.14977743652840156,0.14977743652840156,0.14977743652840156
125,312.0,0.2557593286540526,0.2557593286540526,0.2557593286540526,0.21251046150970967,0.21251046150970967,0.21251046150970967
126,364.0,0.7034724415846932,0.7034724415846932,0.7034724415846932,0.7480137139681443,0.7480137139681443,0.7480137139681443
127,416.0,0.08353880337013594,0.08353880337013594,0.08353880337013594,0.07899151621976054,0.07899151621976054,0.07899151621976054
128,468.0,0.15264026402640263,0.15264026402640263,0.15264026402640263,0.13099137884085438,0.13099137884085438,0.13099137884085438
129,520.0,0.16744186046511628,0.16744186046511628,0.16744186046511628,0.15136521671946226,0.15136521671946226,0.15136521671946226
130,572.0,0.2891705069124424,0.2891705069124424,0.2891705069124424,0.2700670538767015,0.2700670538767015,0.2700670538767015
131,624.0,0.2151842991522662,0.2151842991522662,0.2151842991522662,0.2110130942737487,0.2110130942737487,0.2110130942737487
132,676.0,0.2370413426698516,0.2370413426698516,0.2370413426698516,0.1973560714182667,0.1973560714182667,0.1973560714182667
133,728.0,0.14375891213045294,0.14375891213045294,0.14375891213045294,0.15210086703131637,0.15210086703131637,0.15210086703131637
134,780.0,0.12651894210150108,0.12651894210150108,0.12651894210150108,0.1333853804489166,0.1333853804489166,0.1333853804489166
135,832.0,0.2453855588612615,0.2453855588612615,0.2453855588612615,0.2700945581853053,0.2700945581853053,0.2700945581853053
136,884.0,0.039565741857659834,0.039565741857659834,0.039565741857659834,0.03800029392891287,0.03800029392891287,0.03800029392891287
137,936.0,0.20579710144927535,0.20579710144927535,0.20579710144927535,0.16537702163411047,0.16537702163411047,0.16537702163411047
138,988.0,0.041030300895237626,0.041030300895237626,0.041030300895237626,0.04452059828808759,0.04452059828808759,0.04452059828808759
139,1040.0,0.3295244052616308,0.3295244052616308,0.3295244052616308,0.3352521324188838,0.3352521324188838,0.3352521324188838
140,52.0,0.03096774193548387,0.03096774193548387,0.03096774193548387,0.03129906347554631,0.03129906347554631,0.03129906347554631
141,104.0,8.150571210628637,8.150571210628637,8.150571210628637,20.39880072176234,20.39880072176234,20.39880072176234
142,156.0,0.18292463142601267,0.18292463142601267,0.18292463142601267,0.17752344010190477,0.17752344010190477,0.17752344010190477
143,208.0,0.12512383544741634,0.12512383544741634,0.12512383544741634,0.13141393582089395,0.13141393582089395,0.13141393582089395
144,260.0,0.09043277423984289,0.09043277423984289,0.09043277423984289,0.086944465343023,0.086944465343023,0.086944465343023
145,312.0,0.14311163895486936,0.14311163895486936,0.14311163895486936,0.1297565884868625,0.1297565884868625,0.1297565884868625
146,364.0,0.27697784409150156,0.27697784409150156,0.27697784409150156,0.26063138021389304,0.26063138021389304,0.26063138021389304
147,416.0,0.27264419932745776,0.27264419932745776,0.27264419932745776,0.359477278999072,0.359477278999072,0.359477278999072
148,468.0,0.009704251386321626,0.009704251386321626,0.009704251386321626,0.009610078891352701,0.009610078891352701,0.009610078891352701
149,520.0,0.13366900817066005,0.13366900817066005,0.13366900817066005,0.19404501742751176,0.19404501742751176,0.19404501742751176
150,572.0,0.3084588057953991,0.3084588057953991,0.3084588057953991,0.4158158477363202,0.4158158477363202,0.4158158477363202
151,624.0,0.2622100284822204,0.2622100284822204,0.2622100284822204,1.3031463525394142,1.3031463525394142,1.3031463525394142
152,676.0,0.23131127450980393,0.23131127450980393,0.23131127450980393,0.20415440801014037,0.20415440801014037,0.20415440801014037
153,728.0,0.49233015870088664,0.49233015870088664,0.49233015870088664,0.46276700446261043,0.46276700446261043,0.46276700446261043
154,780.0,0.031417624521072794,0.031417624521072794,0.031417624521072794,0.030430557390525678,0.030430557390525678,0.030430557390525678
155,832.0,0.13636363636363635,0.13636363636363635,0.13636363636363635,0.11776859504132231,0.11776859504132231,0.11776859504132231
156,884.0,0.5449492952917215,0.5449492952917215,0.5449492952917215,0.5632017108217932,0.5632017108217932,0.5632017108217932
157,936.0,0.1498550724637681,0.1498550724637681,0.1498550724637681,0.12739852972064689,0.12739852972064689,0.12739852972064689
158,988.0,0.024073092690407152,0.024073092690407152,0.024073092690407152,0.019227845754740278,0.019227845754740278,0.019227845754740278
159,1040.0,0.07407407407407407,0.07407407407407407,0.07407407407407407,0.08418164753447406,0.08418164753447406,0.08418164753447406
160,52.0,2.2194044719036476,2.2194044719036476,2.2194044719036476,4.288709372294259,4.288709372294259,4.288709372294259
161,104.0,0.043597102120446714,0.043597102120446714,0.043597102120446714,0.043834017335476205,0.043834017335476205,0.043834017335476205
162,156.0,0.25048630233865365,0.25048630233865365,0.25048630233865365,0.25833098348891687,0.25833098348891687,0.25833098348891687
163,208.0,0.37695980090894926,0.37695980090894926,0.37695980090894926,0.4525461781309956,0.4525461781309956,0.4525461781309956
164,260.0,0.0632368703108253,0.0632368703108253,0.0632368703108253,0.06138159126651802,0.06138159126651802,0.06138159126651802
165,312.0,0.05355064027939464,0.05355064027939464,0.05355064027939464,0.05114862694662149,0.05114862694662149,0.05114862694662149
166,364.0,0.004091653027823241,0.004091653027823241,0.004091653027823241,0.0040749114033231445,0.0040749114033231445,0.0040749114033231445
167,416.0,0.058985450255603616,0.058985450255603616,0.058985450255603616,0.05550616691374733,0.05550616691374733,0.05550616691374733
168,468.0,6.120456705167711,6.120456705167711,6.120456705167711,222.67747794257028,222.67747794257028,222.67747794257028
169,520.0,0.13700144176889154,0.13700144176889154,0.13700144176889154,0.15287391362091207,0.15287391362091207,0.15287391362091207
170,572.0,0.03671653045921358,0.03671653045921358,0.03671653045921358,0.04084088436487419,0.04084088436487419,0.04084088436487419
171,624.0,0.0795160446378115,0.0795160446378115,0.0795160446378115,0.08375290084903521,0.08375290084903521,0.08375290084903521
172,676.0,0.021863117870722433,0.021863117870722433,0.021863117870722433,0.02138512194769333,0.02138512194769333,0.02138512194769333
173,728.0,0.1310861042632782,0.1310861042632782,0.1310861042632782,0.14265942340531765,0.14265942340531765,0.14265942340531765
174,780.0,0.06850152905198777,0.06850152905198777,0.06850152905198777,0.06870203593038371,0.06870203593038371,0.06870203593038371
175,832.0,0.5181123788430696,0.5181123788430696,0.5181123788430696,0.3890011239646055,0.3890011239646055,0.3890011239646055
176,884.0,1.0228480024330517,1.0228480024330517,1.0228480024330517,1.2977926247617608,1.2977926247617608,1.2977926247617608
177,936.0,0.02788311162038865,0.02788311162038865,0.02788311162038865,0.022121649212049992,0.022121649212049992,0.022121649212049992
178,988.0,0.23943598156523063,0.23943598156523063,0.23943598156523063,0.3815935429760345,0.3815935429760345,0.3815935429760345
179,1040.0,0.1459227467811159,0.1459227467811159,0.1459227467811159,0.1503803717143436,0.1503803717143436,0.1503803717143436
180,52.0,0.15187239944521497,0.15187239944521497,0.15187239944521497,0.14267679925207902,0.14267679925207902,0.14267679925207902
181,104.0,0.19865803320948885,0.19865803320948885,0.19865803320948885,0.27354110719731883,0.27354110719731883,0.27354110719731883
182,156.0,0.38766934791523383,0.38766934791523383,0.38766934791523383,0.46859655779702286,0.46859655779702286,0.46859655779702286
183,208.0,0.009456264775413711,0.009456264775413711,0.009456264775413711,0.00936684383191098,0.00936684383191098,0.00936684383191098
184,260.0,0.3114754098360656,0.3114754098360656,0.3114754098360656,0.23904864283794675,0.23904864283794675,0.23904864283794675
185,312.0,0.561682093582226,0.561682093582226,0.561682093582226,0.614634830612353,0.614634830612353,0.614634830612353
186,364.0,0.054632056781122824,0.054632056781122824,0.054632056781122824,0.051490718959719343,0.051490718959719343,0.051490718959719343
187,416.0,0.13211013932398633,0.13211013932398633,0.13211013932398633,0.18786634861943372,0.18786634861943372,0.18786634861943372
188,468.0,0.045454545454545456,0.045454545454545456,0.045454545454545456,0.043388429752066124,0.043388429752066124,0.043388429752066124
189,520.0,0.44694242691428454,0.44694242691428454,0.44694242691428454,0.5134995597418414,0.5134995597418414,0.5134995597418414
190,572.0,0.07128677039362105,0.07128677039362105,0.07128677039362105,0.06615955430351494,0.06615955430351494,0.06615955430351494
191,624.0,0.10381616741895773,0.10381616741895773,0.10381616741895773,0.10452790711653824,0.10452790711653824,0.10452790711653824
192,676.0,0.11136970054349034,0.11136970054349034,0.11136970054349034,0.10847619330149941,0.10847619330149941,0.10847619330149941
193,728.0,93.05138279730629,93.05138279730629,93.05138279730629,113.41648089128016,113.41648089128016,113.41648089128016
194,780.0,0.4615434886221836,0.4615434886221836,0.4615434886221836,0.5965248607620557,0.5965248607620557,0.5965248607620557
195,832.0,0.12457912457912458,0.12457912457912458,0.12457912457912458,0.11579317303223026,0.11579317303223026,0.11579317303223026
196,884.0,0.2892690513219285,0.2892690513219285,0.2892690513219285,1.001859963381215,1.001859963381215,1.001859963381215
197,936.0,0.15582551322705754,0.15582551322705754,0.15582551322705754,0.12410720647124389,0.12410720647124389,0.12410720647124389
198,988.0,0.1708158363300887,0.1708158363300887,0.1708158363300887,0.1560339246334087,0.1560339246334087,0.1560339246334087
199,1040.0,0.5805708155981623,0.5805708155981623,0.5805708155981623,0.5976059898838693,0.5976059898838693,0.5976059898838693
200,52.0,0.1921945917579651,0.1921945917579651,0.1921945917579651,0.1904356780043013,0.1904356780043013,0.1904356780043013
201,104.0,0.1517938254446271,0.1517938254446271,0.1517938254446271,0.1758194465728042,0.1758194465728042,0.1758194465728042
202,156.0,0.06030150753768844,0.06030150753768844,0.06030150753768844,0.05666523572637053,0.05666523572637053,0.05666523572637053
203,208.0,0.0339652448657188,0.0339652448657188,0.0339652448657188,0.034391385837894216,0.034391385837894216,0.034391385837894216
204,260.0,0.42854890478644986,0.42854890478644986,0.42854890478644986,0.3642786255768225,0.3642786255768225,0.3642786255768225
205,312.0,0.01717126073203796,0.01717126073203796,0.01717126073203796,0.022298911925974944,0.022298911925974944,0.022298911925974944
206,364.0,41.4196427334105,41.4196427334105,41.4196427334105,235.69497014177423,235.69497014177423,235.69497014177423
207,416.0,0.3494965127989205,0.3494965127989205,0.3494965127989205,0.36800789520086385,0.36800789520086385,0.36800789520086385
208,468.0,0.0,0.0,0.0,0.0,0.0,0.0
209,520.0,0.1122487267180777,0.1122487267180777,0.1122487267180777,0.11028402597587875,0.11028402597587875,0.11028402597587875
210,572.0,0.12908853939952872,0.12908853939952872,0.12908853939952872,0.11559881925310447,0.11559881925310447,0.11559881925310447
211,624.0,0.13870825707048368,0.13870825707048368,0.13870825707048368,0.12984349205056378,0.12984349205056378,0.12984349205056378
212,676.0,0.32958339542185994,0.32958339542185994,0.32958339542185994,0.3690579447911636,0.3690579447911636,0.3690579447911636
213,728.0,0.015944399018806215,0.015944399018806215,0.015944399018806215,0.015690175158735303,0.015690175158735303,0.015690175158735303
214,780.0,0.19596618554221407,0.19596618554221407,0.19596618554221407,0.1704580004422911,0.1704580004422911,0.1704580004422911
215,832.0,78.94191878820364,78.94191878820364,78.94191878820364,118.79903715438435,118.79903715438435,118.79903715438435
216,884.0,0.030451612903225806,0.030451612903225806,0.030451612903225806,0.03004044120707595,0.03004044120707595,0.03004044120707595
217,936.0,6.330386239456627,6.330386239456627,6.330386239456627,10.518199915719753,10.518199915719753,10.518199915719753
218,988.0,0.4818018826846006,0.4818018826846006,0.4818018826846006,0.5073292677567605,0.5073292677567605,0.5073292677567605
219,1040.0,0.13740458015267176,0.13740458015267176,0.13740458015267176,0.12043295845230463,0.12043295845230463,0.12043295845230463
220,52.0,0.12738070055307094,0.12738070055307094,0.12738070055307094,0.10339915296514098,0.10339915296514098,0.10339915296514098
221,104.0,0.15088461854192453,0.15088461854192453,0.15088461854192453,0.4480785166869881,0.4480785166869881,0.4480785166869881
222,156.0,0.013279132791327914,0.013279132791327914,0.013279132791327914,0.014186808263746593,0.014186808263746593,0.014186808263746593
223,208.0,0.21032662974970537,0.21032662974970537,0.21032662974970537,0.19910300966146366,0.19910300966146366,0.19910300966146366
224,260.0,0.14985590778097982,0.14985590778097982,0.14985590778097982,0.15621755848815286,0.15621755848815286,0.15621755848815286
225,312.0,0.2449954869012342,0.2449954869012342,0.2449954869012342,0.21006635589465067,0.21006635589465067,0.21006635589465067
226,364.0,0.2264848986154119,0.2264848986154119,0.2264848986154119,0.3752396205850649,0.3752396205850649,0.3752396205850649
227,416.0,0.2739666316689767,0.2739666316689767,0.2739666316689767,0.2737444109305815,0.2737444109305815,0.2737444109305815
228,468.0,0.11915299426845369,0.11915299426845369,0.11915299426845369,0.10335531105338357,0.10335531105338357,0.10335531105338357
229,520.0,0.1498125735823339,0.1498125735823339,0.1498125735823339,0.3170524940605273,0.3170524940605273,0.3170524940605273
230,572.0,0.0007189072609633358,0.0007189072609633358,0.0007189072609633358,0.00071839043331347,0.00071839043331347,0.00071839043331347
231,624.0,0.34141486115553266,0.34141486115553266,0.34141486115553266,0.39778308057239115,0.39778308057239115,0.39778308057239115
232,676.0,0.19160996683926868,0.19160996683926868,0.19160996683926868,0.19962121595407892,0.19962121595407892,0.19962121595407892
233,728.0,0.15877251126845787,0.15877251126845787,0.15877251126845787,0.19493468268401049,0.19493468268401049,0.19493468268401049
234,780.0,0.16112266112266113,0.16112266112266113,0.16112266112266113,0.17798959202285605,0.17798959202285605,0.17798959202285605
235,832.0,88.33043416360967,88.33043416360967,88.33043416360967,141.35972664004277,141.35972664004277,141.35972664004277
236,884.0,0.23252732692944683,0.23252732692944683,0.23252732692944683,0.29041597101541183,0.29041597101541183,0.29041597101541183
237,936.0,0.45161290322580644,0.45161290322580644,0.45161290322580644,0.6024973985431837,0.6024973985431837,0.6024973985431837
238,988.0,0.0160857908847185,0.0160857908847185,0.0160857908847185,0.015827038216331607,0.015827038216331607,0.015827038216331607
239,1040.0,0.2292274052478134,0.2292274052478134,0.2292274052478134,0.210938761697932,0.210938761697932,0.210938761697932
240,52.0,0.8111964878040289,0.8111964878040289,0.8111964878040289,2.8511980365497687,2.8511980365497687,2.8511980365497687
241,104.0,0.26252362605280405,0.26252362605280405,0.26252362605280405,0.30217583971916073,0.30217583971916073,0.30217583971916073
242,156.0,0.3393531676096471,0.3393531676096471,0.3393531676096471,0.35649937809501225,0.35649937809501225,0.35649937809501225
243,208.0,0.22855770159465102,0.22855770159465102,0.22855770159465102,0.2286546527065333,0.2286546527065333,0.2286546527065333
244,260.0,0.14814814814814814,0.14814814814814814,0.14814814814814814,0.23731138545953365,0.23731138545953365,0.23731138545953365
245,312.0,0.08827787533238446,0.08827787533238446,0.08827787533238446,0.08994354728895287,0.08994354728895287,0.08994354728895287
246,364.0,0.16752293169800037,0.16752293169800037,0.16752293169800037,0.18696054686279284,0.18696054686279284,0.18696054686279284
247,416.0,0.2779941577409932,0.2779941577409932,0.2779941577409932,0.35407270493178816,0.35407270493178816,0.35407270493178816
248,468.0,0.21794871794871795,0.21794871794871795,0.21794871794871795,0.17044707429322814,0.17044707429322814,0.17044707429322814
249,520.0,0.26536296064373144,0.26536296064373144,0.26536296064373144,0.2610368842504009,0.2610368842504009,0.2610368842504009
250,572.0,0.06623470122390208,0.06623470122390208,0.06623470122390208,0.06688726240993592,0.06688726240993592,0.06688726240993592
251,624.0,0.20665083135391923,0.20665083135391923,0.20665083135391923,0.16394626525465325,0.16394626525465325,0.16394626525465325
252,676.0,0.45101675631663546,0.45101675631663546,0.45101675631663546,0.589774274171666,0.589774274171666,0.589774274171666
253,728.0,0.1844380403458213,0.1844380403458213,0.1844380403458213,0.19989231148280723,0.19989231148280723,0.19989231148280723
254,780.0,0.1911816344525639,0.1911816344525639,0.1911816344525639,0.16041580268253378,0.16041580268253378,0.16041580268253378
255,832.0,0.07132193760063374,0.07132193760063374,0.07132193760063374,0.06865104157361719,0.06865104157361719,0.06865104157361719
256,884.0,0.13396719772788465,0.13396719772788465,0.13396719772788465,0.1231325258628369,0.1231325258628369,0.1231325258628369
257,936.0,0.13239433086244984,0.13239433086244984,0.13239433086244984,0.11972165221665479,0.11972165221665479,0.11972165221665479
258,988.0,123.37263351636801,123.37263351636801,123.37263351636801,241.0057526109236,241.0057526109236,241.0057526109236
259,1040.0,0.15635925204179063,0.15635925204179063,0.15635925204179063,0.17475806534594157,0.17475806534594157,0.17475806534594157
260,52.0,1.1225398086711869,1.1225398086711869,1.1225398086711869,2.166458348334899,2.166458348334899,2.166458348334899
261,104.0,0.46484358051138164,0.46484358051138164,0.46484358051138164,0.4620149976408716,0.4620149976408716,0.4620149976408716
262,156.0,0.09589718240237272,0.09589718240237272,0.09589718240237272,0.11388825833610465,0.11388825833610465,0.11388825833610465
263,208.0,0.2578405646937803,0.2578405646937803,0.2578405646937803,0.23430539224430327,0.23430539224430327,0.23430539224430327
264,260.0,11.761558618581525,11.761558618581525,11.761558618581525,13.773491781267952,13.773491781267952,13.773491781267952
265,312.0,0.2408191586784472,0.2408191586784472,0.2408191586784472,1.062184933624703,1.062184933624703,1.062184933624703
266,364.0,0.1324566411803077,0.1324566411803077,0.1324566411803077,0.15192684389887007,0.15192684389887007,0.15192684389887007
267,416.0,0.25224416517055653,0.25224416517055653,0.25224416517055653,0.35378760286092786,0.35378760286092786,0.35378760286092786
268,468.0,0.1485363716124983,0.1485363716124983,0.1485363716124983,0.14445635508297214,0.14445635508297214,0.14445635508297214
269,520.0,0.5325670230200724,0.5325670230200724,0.5325670230200724,0.6291384152832884,0.6291384152832884,0.6291384152832884
270,572.0,0.05803432137285491,0.05803432137285491,0.05803432137285491,0.06090658852563151,0.06090658852563151,0.06090658852563151
271,624.0,0.11329113924050632,0.11329113924050632,0.11329113924050632,0.10805119371895529,0.10805119371895529,0.10805119371895529
272,676.0,0.33001698616840575,0.33001698616840575,0.33001698616840575,0.30458065974544235,0.30458065974544235,0.30458065974544235
273,728.0,0.3434859851422304,0.3434859851422304,0.3434859851422304,0.6826742040544134,0.6826742040544134,0.6826742040544134
274,780.0,0.04016452939753206,0.04016452939753206,0.04016452939753206,0.04097088993951359,0.04097088993951359,0.04097088993951359
275,832.0,0.5330991019062927,0.5330991019062927,0.5330991019062927,0.6181797980020229,0.6181797980020229,0.6181797980020229
276,884.0,0.2836055484152326,0.2836055484152326,0.2836055484152326,0.35542272449100876,0.35542272449100876,0.35542272449100876
277,936.0,0.07187026582606261,0.07187026582606261,0.07187026582606261,0.07014086550725686,0.07014086550725686,0.07014086550725686
278,988.0,71.09165743960293,71.09165743960293,71.09165743960293,130.0781409879156,130.0781409879156,130.0781409879156
279,1040.0,0.3095667870036101,0.3095667870036101,0.3095667870036101,0.2931575740593518,0.2931575740593518,0.2931575740593518
280,52.0,0.37739755033745026,0.37739755033745026,0.37739755033745026,0.42302151331095006,0.42302151331095006,0.42302151331095006
281,104.0,0.2036708359526635,0.2036708359526635,0.2036708359526635,0.2546939936404651,0.2546939936404651,0.2546939936404651
282,156.0,0.5468745610749789,0.5468745610749789,0.5468745610749789,0.6013008087158387,0.6013008087158387,0.6013008087158387
283,208.0,0.1367872807017544,0.1367872807017544,0.1367872807017544,0.1498747661540089,0.1498747661540089,0.1498747661540089
284,260.0,0.1954135154915833,0.1954135154915833,0.1954135154915833,0.16942517055165696,0.16942517055165696,0.16942517055165696
285,312.0,0.04779347158055773,0.04779347158055773,0.04779347158055773,0.04655903134586882,0.04655903134586882,0.04655903134586882
286,364.0,0.054512561338528706,0.054512561338528706,0.054512561338528706,0.05479319177740813,0.05479319177740813,0.05479319177740813
287,416.0,0.2523364485981308,0.2523364485981308,0.2523364485981308,0.24473753166215398,0.24473753166215398,0.24473753166215398
288,468.0,0.2389606223130118,0.2389606223130118,0.2389606223130118,0.28113589041281295,0.28113589041281295,0.28113589041281295
289,520.0,0.32641748023494077,0.32641748023494077,0.32641748023494077,0.47814556729344454,0.47814556729344454,0.47814556729344454
290,572.0,0.513889645066868,0.513889645066868,0.513889645066868,0.49272439578588956,0.49272439578588956,0.49272439578588956
291,624.0,0.03623380058185665,0.03623380058185665,0.03623380058185665,0.03756571523943021,0.03756571523943021,0.03756571523943021
292,676.0,0.49350748337247696,0.49350748337247696,0.49350748337247696,0.5468065663267936,0.5468065663267936,0.5468065663267936
293,728.0,0.10304347826086957,0.10304347826086957,0.10304347826086957,0.09242551984877127,0.09242551984877127,0.09242551984877127
294,780.0,0.2995425976011951,0.2995425976011951,0.2995425976011951,0.32667465113029837,0.32667465113029837,0.32667465113029837
295,832.0,0.4818461170434064,0.4818461170434064,0.4818461170434064,0.5474120838653778,0.5474120838653778,0.5474120838653778
296,884.0,0.15803814713896458,0.15803814713896458,0.15803814713896458,0.17120923015242528,0.17120923015242528,0.17120923015242528
297,936.0,0.07335079780900214,0.07335079780900214,0.07335079780900214,0.07797283978919442,0.07797283978919442,0.07797283978919442
298,988.0,0.1607729669119418,0.1607729669119418,0.1607729669119418,0.16692954780972463,0.16692954780972463,0.16692954780972463
299,1040.0,0.029368029739776952,0.029368029739776952,0.029368029739776952,0.028505548568980535,0.028505548568980535,0.028505548568980535
300,52.0,0.01700313799238461,0.01700313799238461,0.01700313799238461,0.01609914972978283,0.01609914972978283,0.01609914972978283
301,104.0,0.3157236176671337,0.3157236176671337,0.3157236176671337,0.43632870440858695,0.43632870440858695,0.43632870440858695
302,156.0,1.2410446260110264,1.2410446260110264,1.2410446260110264,12.867895609037761,12.867895609037761,12.867895609037761
303,208.0,0.33392061771722525,0.33392061771722525,0.33392061771722525,0.38985584363717346,0.38985584363717346,0.38985584363717346
304,260.0,0.4739321423102752,0.4739321423102752,0.4739321423102752,0.843752582804941,0.843752582804941,0.843752582804941
305,312.0,0.2612009229236064,0.2612009229236064,0.2612009229236064,1.3517749663291578,1.3517749663291578,1.3517749663291578
306,364.0,0.27672254801648855,0.27672254801648855,0.27672254801648855,0.29059768272960795,0.29059768272960795,0.29059768272960795
307,416.0,0.13157894736842105,0.13157894736842105,0.13157894736842105,0.11426592797783934,0.11426592797783934,0.11426592797783934
308,468.0,0.02288135593220339,0.02288135593220339,0.02288135593220339,0.022357799482907205,0.022357799482907205,0.022357799482907205
309,520.0,0.7651421072400845,0.7651421072400845,0.7651421072400845,1.261044823541208,1.261044823541208,1.261044823541208
310,572.0,0.14548909815966504,0.14548909815966504,0.14548909815966504,0.2154635534069082,0.2154635534069082,0.2154635534069082
311,624.0,0.10057803468208093,0.10057803468208093,0.10057803468208093,0.09277423234989472,0.09277423234989472,0.09277423234989472
312,676.0,73.47819432665302,73.47819432665302,73.47819432665302,245.42382430982482,245.42382430982482,245.42382430982482
313,728.0,0.29658111005577964,0.29658111005577964,0.29658111005577964,0.296478650027694,0.296478650027694,0.296478650027694
314,780.0,0.8846995881129952,0.8846995881129952,0.8846995881129952,1.0197951086878605,1.0197951086878605,1.0197951086878605
315,832.0,0.7912919904295435,0.7912919904295435,0.7912919904295435,1.038608079345543,1.038608079345543,1.038608079345543
316,884.0,0.052914316411496104,0.052914316411496104,0.052914316411496104,0.05280039743941317,0.05280039743941317,0.05280039743941317
317,936.0,0.06083871243677154,0.06083871243677154,0.06083871243677154,0.06898935921636674,0.06898935921636674,0.06898935921636674
318,988.0,0.13108766233766234,0.13108766233766234,0.13108766233766234,0.1171504403672626,0.1171504403672626,0.1171504403672626
319,1040.0,0.02857752185967157,0.02857752185967157,0.02857752185967157,0.027760847104031563,0.027760847104031563,0.027760847104031563
320,52.0,0.3285683455202608,0.3285683455202608,0.3285683455202608,1.2656379388015342,1.2656379388015342,1.2656379388015342
321,104.0,2.227770288810151,2.227770288810151,2.227770288810151,2.4818935545030874,2.4818935545030874,2.4818935545030874
322,156.0,0.409073972347965,0.409073972347965,0.409073972347965,1.046400086527111,1.046400086527111,1.046400086527111
323,208.0,0.021602406343997814,0.021602406343997814,0.021602406343997814,0.022229535110424983,0.022229535110424983,0.022229535110424983
324,260.0,1.3018582663040574,1.3018582663040574,1.3018582663040574,2.0286152833933317,2.0286152833933317,2.0286152833933317
325,312.0,0.28232721689673357,0.28232721689673357,0.28232721689673357,0.28162863273402866,0.28162863273402866,0.28162863273402866
326,364.0,0.3224739347572604,0.3224739347572604,0.3224739347572604,0.377260502314514,0.377260502314514,0.377260502314514
327,416.0,0.3362712079439066,0.3362712079439066,0.3362712079439066,0.3555562094930097,0.3555562094930097,0.3555562094930097
328,468.0,0.045558903942222784,0.045558903942222784,0.045558903942222784,0.04713351082681663,0.04713351082681663,0.04713351082681663
329,520.0,0.5451322210247795,0.5451322210247795,0.5451322210247795,0.6645300102694681,0.6645300102694681,0.6645300102694681
330,572.0,0.04486301369863014,0.04486301369863014,0.04486301369863014,0.042850323700506655,0.042850323700506655,0.042850323700506655
331,624.0,0.14408786447137376,0.14408786447137376,0.14408786447137376,0.2508831774753581,0.2508831774753581,0.2508831774753581
332,676.0,0.45552039845329045,0.45552039845329045,0.45552039845329045,0.47776948665033636,0.47776948665033636,0.47776948665033636
333,728.0,0.03577817531305903,0.03577817531305903,0.03577817531305903,0.0359292244968494,0.0359292244968494,0.0359292244968494
334,780.0,0.022517911975435005,0.022517911975435005,0.022517911975435005,0.022010855615701572,0.022010855615701572,0.022010855615701572
335,832.0,0.2607626363953392,0.2607626363953392,0.2607626363953392,0.24789385114776316,0.24789385114776316,0.24789385114776316
336,884.0,0.20000271182855803,0.20000271182855803,0.20000271182855803,0.22467764966899284,0.22467764966899284,0.22467764966899284
337,936.0,0.13344138303619665,0.13344138303619665,0.13344138303619665,0.12860074467318172,0.12860074467318172,0.12860074467318172
338,988.0,0.11660371873320854,0.11660371873320854,0.11660371873320854,0.14858168776109099,0.14858168776109099,0.14858168776109099
339,1040.0,0.32088630278033714,0.32088630278033714,0.32088630278033714,0.31004307817486443,0.31004307817486443,0.31004307817486443
340,52.0,0.5422985682612171,0.5422985682612171,0.5422985682612171,0.5428322688810762,0.5428322688810762,0.5428322688810762
341,104.0,0.36433276172715295,0.36433276172715295,0.36433276172715295,0.44938813935626337,0.44938813935626337,0.44938813935626337
342,156.0,0.08861317539014359,0.08861317539014359,0.08861317539014359,0.09104103506789421,0.09104103506789421,0.09104103506789421
343,208.0,0.11139822804463903,0.11139822804463903,0.11139822804463903,0.142005922439926,0.142005922439926,0.142005922439926
344,260.0,0.18293106122889255,0.18293106122889255,0.18293106122889255,0.1892249256627565,0.1892249256627565,0.1892249256627565
345,312.0,1.0126824742506177,1.0126824742506177,1.0126824742506177,1.19773638054563,1.19773638054563,1.19773638054563
346,364.0,0.4361264934766644,0.4361264934766644,0.4361264934766644,0.5105589961785213,0.5105589961785213,0.5105589961785213
347,416.0,0.2926988376837124,0.2926988376837124,0.2926988376837124,0.5131170005408113,0.5131170005408113,0.5131170005408113
348,468.0,0.09268707482993198,0.09268707482993198,0.09268707482993198,0.08409618098940257,0.08409618098940257,0.08409618098940257
349,520.0,0.08492753623188405,0.08492753623188405,0.08492753623188405,0.07771484982146606,0.07771484982146606,0.07771484982146606
350,572.0,0.06315789473684211,0.06315789473684211,0.06315789473684211,0.059168975069252075,0.059168975069252075,0.059168975069252075
351,624.0,0.03515500159795462,0.03515500159795462,0.03515500159795462,0.03391912746060242,0.03391912746060242,0.03391912746060242
352,676.0,0.007258330583965688,0.007258330583965688,0.007258330583965688,0.007205647221099557,0.007205647221099557,0.007205647221099557
353,728.0,0.4767582253544711,0.4767582253544711,0.4767582253544711,0.6026081635693084,0.6026081635693084,0.6026081635693084
354,780.0,0.04260174971472042,0.04260174971472042,0.04260174971472042,0.042308331697204764,0.042308331697204764,0.042308331697204764
355,832.0,0.17641921397379912,0.17641921397379912,0.17641921397379912,0.168002898495452,0.168002898495452,0.168002898495452
356,884.0,0.2562949563085967,0.2562949563085967,0.2562949563085967,0.37945346871265884,0.37945346871265884,0.37945346871265884
357,936.0,0.17365269461077845,0.17365269461077845,0.17365269461077845,0.17452628765332698,0.17452628765332698,0.17452628765332698
358,988.0,0.07190432998896912,0.07190432998896912,0.07190432998896912,0.06296764134598579,0.06296764134598579,0.06296764134598579
359,1040.0,142.31876500996148,142.31876500996148,142.31876500996148,160.7623766222011,160.7623766222011,160.7623766222011
360,52.0,0.12429378531073447,0.12429378531073447,0.12429378531073447,0.11166969900092567,0.11166969900092567,0.11166969900092567
361,104.0,0.2245625144774833,0.2245625144774833,0.2245625144774833,0.23984179376995635,0.23984179376995635,0.23984179376995635
362,156.0,0.3487086537782349,0.3487086537782349,0.3487086537782349,0.41862464145709616,0.41862464145709616,0.41862464145709616
363,208.0,0.254265919160842,0.254265919160842,0.254265919160842,0.34634497168418416,0.34634497168418416,0.34634497168418416
364,260.0,0.1765713636612066,0.1765713636612066,0.1765713636612066,0.1641857619366271,0.1641857619366271,0.1641857619366271
365,312.0,0.394564357637116,0.394564357637116,0.394564357637116,0.5578309537102774,0.5578309537102774,0.5578309537102774
366,364.0,0.0895865360216054,0.0895865360216054,0.0895865360216054,0.09275199099014693,0.09275199099014693,0.09275199099014693
367,416.0,0.07210919392222509,0.07210919392222509,0.07210919392222509,0.07463544313720756,0.07463544313720756,0.07463544313720756
368,468.0,0.03991596638655462,0.03991596638655462,0.03991596638655462,0.04112380246216134,0.04112380246216134,0.04112380246216134
369,520.0,0.20130718954248367,0.20130718954248367,0.20130718954248367,0.207841428510402,0.207841428510402,0.207841428510402
370,572.0,0.22623156315541082,0.22623156315541082,0.22623156315541082,0.2686417338502247,0.2686417338502247,0.2686417338502247
371,624.0,0.1923790503078076,0.1923790503078076,0.1923790503078076,0.18922815772942575,0.18922815772942575,0.18922815772942575
372,676.0,0.045454545454545456,0.045454545454545456,0.045454545454545456,0.04338842975206614,0.04338842975206614,0.04338842975206614
373,728.0,0.14048865619546247,0.14048865619546247,0.14048865619546247,0.1428574691848725,0.1428574691848725,0.1428574691848725
374,780.0,0.3228946200443791,0.3228946200443791,0.3228946200443791,0.35112568951036394,0.35112568951036394,0.35112568951036394
375,832.0,0.32456546525394175,0.32456546525394175,0.32456546525394175,0.4535219320184005,0.4535219320184005,0.4535219320184005
376,884.0,0.29118883516033156,0.29118883516033156,0.29118883516033156,0.29805391692413863,0.29805391692413863,0.29805391692413863
377,936.0,0.13593882752761258,0.13593882752761258,0.13593882752761258,0.132752580794887,0.132752580794887,0.132752580794887
378,988.0,0.6308923575658891,0.6308923575658891,0.6308923575658891,0.7711660916618817,0.7711660916618817,0.7711660916618817
379,1040.0,0.03869969040247678,0.03869969040247678,0.03869969040247678,0.03720202436522922,0.03720202436522922,0.03720202436522922
380,52.0,0.6587164365786248,0.6587164365786248,0.6587164365786248,0.6086438067864991,0.6086438067864991,0.6086438067864991
381,104.0,0.19628112739356166,0.19628112739356166,0.19628112739356166,0.215322093714873,0.215322093714873,0.215322093714873
382,156.0,0.246088316314756,0.246088316314756,0.246088316314756,0.22498367184072274,0.22498367184072274,0.22498367184072274
383,208.0,0.060943983402489625,0.060943983402489625,0.060943983402489625,0.06086051968371758,0.06086051968371758,0.06086051968371758
384,260.0,0.23452773463673454,0.23452773463673454,0.23452773463673454,0.3141313407303734,0.3141313407303734,0.3141313407303734
385,312.0,0.224652266260815,0.224652266260815,0.224652266260815,0.208665198987134,0.208665198987134,0.208665198987134
386,364.0,0.22225833067731332,0.22225833067731332,0.22225833067731332,0.23487243611606015,0.23487243611606015,0.23487243611606015
387,416.0,0.5893547984327793,0.5893547984327793,0.5893547984327793,2.424822906098069,2.424822906098069,2.424822906098069
388,468.0,0.05756756756756757,0.05756756756756757,0.05756756756756757,0.05479408327246166,0.05479408327246166,0.05479408327246166
389,520.0,0.18385650224215247,0.18385650224215247,0.18385650224215247,0.203864948018259,0.203864948018259,0.203864948018259
390,572.0,0.07310855094122996,0.07310855094122996,0.07310855094122996,0.07375241163920901,0.07375241163920901,0.07375241163920901
391,624.0,0.0841508611292784,0.0841508611292784,0.0841508611292784,0.08273768641903172,0.08273768641903172,0.08273768641903172
392,676.0,0.3366073497832799,0.3366073497832799,0.3366073497832799,0.37420575986657983,0.37420575986657983,0.37420575986657983
393,728.0,0.2349067690216311,0.2349067690216311,0.2349067690216311,0.33748288892687,0.33748288892687,0.33748288892687
394,780.0,0.18588674813529862,0.18588674813529862,0.18588674813529862,0.1679487480517415,0.1679487480517415,0.1679487480517415
395,832.0,0.3811117128392468,0.3811117128392468,0.3811117128392468,0.37408177488769057,0.37408177488769057,0.37408177488769057
396,884.0,0.281308063447552,0.281308063447552,0.281308063447552,0.28542675399267836,0.28542675399267836,0.28542675399267836
397,936.0,0.2685420075695329,0.2685420075695329,0.2685420075695329,0.1879659572797398,0.1879659572797398,0.1879659572797398
398,988.0,0.0685461580983969,0.0685461580983969,0.0685461580983969,0.07048108147915907,0.07048108147915907,0.07048108147915907
399,1040.0,0.10100469335503479,0.10100469335503479,0.10100469335503479,0.12612531748534167,0.12612531748534167,0.12612531748534167
400,52.0,0.19347720483436617,0.19347720483436617,0.19347720483436617,0.23796524186456325,0.23796524186456325,0.23796524186456325
401,104.0,0.12841969745735435,0.12841969745735435,0.12841969745735435,0.14668829762295324,0.14668829762295324,0.14668829762295324
402,156.0,13.344932593665547,13.344932593665547,13.344932593665547,77.3712913808533,77.3712913808533,77.3712913808533
403,208.0,0.17500847675659978,0.17500847675659978,0.17500847675659978,0.17700852821141289,0.17700852821141289,0.17700852821141289
404,260.0,0.18130203627921837,0.18130203627921837,0.18130203627921837,0.1941772338674304,0.1941772338674304,0.1941772338674304
405,312.0,0.2661099062918945,0.2661099062918945,0.2661099062918945,0.3200378224993629,0.3200378224993629,0.3200378224993629
406,364.0,0.21716806865968522,0.21716806865968522,0.21716806865968522,0.3030609058188164,0.3030609058188164,0.3030609058188164
407,416.0,29.36666557048835,29.36666557048835,29.36666557048835,56.856807854662264,56.856807854662264,56.856807854662264
408,468.0,0.03361344537815126,0.03361344537815126,0.03361344537815126,0.03248358166796129,0.03248358166796129,0.03248358166796129
409,520.0,0.08609271523178808,0.08609271523178808,0.08609271523178808,0.07868075961580633,0.07868075961580633,0.07868075961580633
410,572.0,0.15579958819492107,0.15579958819492107,0.15579958819492107,0.1328987601096451,0.1328987601096451,0.1328987601096451
411,624.0,0.2913038063952751,0.2913038063952751,0.2913038063952751,0.2652059035602433,0.2652059035602433,0.2652059035602433
412,676.0,0.03298213467704993,0.03298213467704993,0.03298213467704993,0.03189431346919488,0.03189431346919488,0.03189431346919488
413,728.0,0.5676728338009194,0.5676728338009194,0.5676728338009194,0.49924275339418206,0.49924275339418206,0.49924275339418206
414,780.0,0.7165372629500308,0.7165372629500308,0.7165372629500308,1.0115308893663058,1.0115308893663058,1.0115308893663058
415,832.0,0.2882763658163925,0.2882763658163925,0.2882763658163925,0.6567274790550011,0.6567274790550011,0.6567274790550011
416,884.0,0.33948749545616613,0.33948749545616613,0.33948749545616613,0.4281254167101888,0.4281254167101888,0.4281254167101888
417,936.0,0.09540981305848081,0.09540981305848081,0.09540981305848081,0.1210672326108162,0.1210672326108162,0.1210672326108162
418,988.0,0.038733147870746845,0.038733147870746845,0.038733147870746845,0.040656815800426876,0.040656815800426876,0.040656815800426876
419,1040.0,0.07296137339055794,0.07296137339055794,0.07296137339055794,0.0676380113835215,0.0676380113835215,0.0676380113835215
420,52.0,1.1843619684644588,1.1843619684644588,1.1843619684644588,2.8475467157733463,2.8475467157733463,2.8475467157733463
421,104.0,0.11563860713717163,0.11563860713717163,0.11563860713717163,0.12488882324991155,0.12488882324991155,0.12488882324991155
422,156.0,0.11305070656691604,0.11305070656691604,0.11305070656691604,0.12354538978129626,0.12354538978129626,0.12354538978129626
423,208.0,0.04397163120567376,0.04397163120567376,0.04397163120567376,0.04203812685478599,0.04203812685478599,0.04203812685478599
424,260.0,0.5366313774529812,0.5366313774529812,0.5366313774529812,0.5670195706269359,0.5670195706269359,0.5670195706269359
425,312.0,0.10042194092827005,0.10042194092827005,0.10042194092827005,0.09624454770424966,0.09624454770424966,0.09624454770424966
426,364.0,0.10605418908133402,0.10605418908133402,0.10605418908133402,0.1063260871390492,0.1063260871390492,0.1063260871390492
427,416.0,0.41246492528854456,0.41246492528854456,0.41246492528854456,0.4297258475671724,0.4297258475671724,0.4297258475671724
428,468.0,0.027231059584793747,0.027231059584793747,0.027231059584793747,0.0313425891027058,0.0313425891027058,0.0313425891027058
429,520.0,0.1318783375899698,0.1318783375899698,0.1318783375899698,0.11959440544436896,0.11959440544436896,0.11959440544436896
430,572.0,0.018696728072587297,0.018696728072587297,0.018696728072587297,0.018897064198807823,0.018897064198807823,0.018897064198807823
431,624.0,0.19580590099975614,0.19580590099975614,0.19580590099975614,0.1599043797847344,0.1599043797847344,0.1599043797847344
432,676.0,0.2317927548287551,0.2317927548287551,0.2317927548287551,0.35806747486904983,0.35806747486904983,0.35806747486904983
433,728.0,0.5622477601887697,0.5622477601887697,0.5622477601887697,0.5978367402909541,0.5978367402909541,0.5978367402909541
434,780.0,88.092094179738,88.092094179738,88.092094179738,321.0035843332774,321.0035843332774,321.0035843332774
435,832.0,0.08295998208000019,0.08295998208000019,0.08295998208000019,0.08763655444516905,0.08763655444516905,0.08763655444516905
436,884.0,1.1281543932277311,1.1281543932277311,1.1281543932277311,11.95576369923062,11.95576369923062,11.95576369923062
437,936.0,0.2,0.2,0.2,0.16000000000000003,0.16000000000000003,0.16000000000000003
438,988.0,0.2914775592536561,0.2914775592536561,0.2914775592536561,0.274092773954305,0.274092773954305,0.274092773954305
439,1040.0,0.05521385600676688,0.05521385600676688,0.05521385600676688,0.055760799733501586,0.055760799733501586,0.055760799733501586
440,52.0,0.8360682385778734,0.8360682385778734,0.8360682385778734,0.9576451402319878,0.9576451402319878,0.9576451402319878
441,104.0,0.07917803859296069,0.07917803859296069,0.07917803859296069,0.09356011366643971,0.09356011366643971,0.09356011366643971
442,156.0,0.013426736719206071,0.013426736719206071,0.013426736719206071,0.013246459460279195,0.013246459460279195,0.013246459460279195
443,208.0,0.39456534580441543,0.39456534580441543,0.39456534580441543,0.45713232427395106,0.45713232427395106,0.45713232427395106
444,260.0,0.10572289156626506,0.10572289156626506,0.10572289156626506,0.09514797140368705,0.09514797140368705,0.09514797140368705
445,312.0,0.2651605109525237,0.2651605109525237,0.2651605109525237,0.6321721882796684,0.6321721882796684,0.6321721882796684
446,364.0,0.30007855459544386,0.30007855459544386,0.30007855459544386,0.41191672595800505,0.41191672595800505,0.41191672595800505
447,416.0,0.34041376639492665,0.34041376639492665,0.34041376639492665,0.4314712438281715,0.4314712438281715,0.4314712438281715
448,468.0,0.33168288359173875,0.33168288359173875,0.33168288359173875,0.3919134567401785,0.3919134567401785,0.3919134567401785
449,520.0,0.054181630090178096,0.054181630090178096,0.054181630090178096,0.061205801435044484,0.061205801435044484,0.061205801435044484
450,572.0,0.11117256637168142,0.11117256637168142,0.11117256637168142,0.11098136845093586,0.11098136845093586,0.11098136845093586
451,624.0,0.058503102446872804,0.058503102446872804,0.058503102446872804,0.061803896478186925,0.061803896478186925,0.061803896478186925
452,676.0,0.266815144766147,0.266815144766147,0.266815144766147,0.24194999032742898,0.24194999032742898,0.24194999032742898
453,728.0,0.22737543016633704,0.22737543016633704,0.22737543016633704,0.23726118952725112,0.23726118952725112,0.23726118952725112
454,780.0,0.3553074193953413,0.3553074193953413,0.3553074193953413,0.44312124892254146,0.44312124892254146,0.44312124892254146
455,832.0,0.11113738443527245,0.11113738443527245,0.11113738443527245,0.12324587654577897,0.12324587654577897,0.12324587654577897
456,884.0,0.15544542787848398,0.15544542787848398,0.15544542787848398,0.15881419844118183,0.15881419844118183,0.15881419844118183
457,936.0,0.026204564666103127,0.026204564666103127,0.026204564666103127,0.02551788545676315,0.02551788545676315,0.02551788545676315
458,988.0,0.2181519268650795,0.2181519268650795,0.2181519268650795,0.3035261168965542,0.3035261168965542,0.3035261168965542
459,1040.0,0.03141546064242852,0.03141546064242852,0.03141546064242852,0.0318404602904426,0.0318404602904426,0.0318404602904426
460,52.0,0.47719584060065495,0.47719584060065495,0.47719584060065495,0.5790567088479658,0.5790567088479658,0.5790567088479658
461,104.0,0.16205533596837945,0.16205533596837945,0.16205533596837945,0.13842845016586214,0.13842845016586214,0.13842845016586214
462,156.0,0.2554159171093308,0.2554159171093308,0.2554159171093308,0.2841787824915447,0.2841787824915447,0.2841787824915447
463,208.0,0.2451171875,0.2451171875,0.2451171875,0.22409725189208984,0.22409725189208984,0.22409725189208984
464,260.0,0.10375253860951335,0.10375253860951335,0.10375253860951335,0.11137451948987465,0.11137451948987465,0.11137451948987465
465,312.0,14.123704240679062,14.123704240679062,14.123704240679062,40.40707187787847,40.40707187787847,40.40707187787847
466,364.0,0.2306454588081523,0.2306454588081523,0.2306454588081523,0.2640462564833665,0.2640462564833665,0.2640462564833665
467,416.0,0.3305351521511018,0.3305351521511018,0.3305351521511018,0.3241148237905593,0.3241148237905593,0.3241148237905593
468,468.0,0.08421116145281088,0.08421116145281088,0.08421116145281088,0.08247221590428888,0.08247221590428888,0.08247221590428888
469,520.0,0.09523809523809523,0.09523809523809523,0.09523809523809523,0.08616780045351476,0.08616780045351476,0.08616780045351476
470,572.0,0.3176389771386868,0.3176389771386868,0.3176389771386868,0.41957985566588907,0.41957985566588907,0.41957985566588907
471,624.0,62.13054168993402,62.13054168993402,62.13054168993402,774.2474837368692,774.2474837368692,774.2474837368692
472,676.0,0.21964017991004497,0.21964017991004497,0.21964017991004497,0.1841419994650351,0.1841419994650351,0.1841419994650351
473,728.0,0.22542225428204862,0.22542225428204862,0.22542225428204862,0.22983395359837921,0.22983395359837921,0.22983395359837921
474,780.0,0.004910333048676345,0.004910333048676345,0.004910333048676345,0.004886221678027424,0.004886221678027424,0.004886221678027424
475,832.0,0.32867132867132864,0.32867132867132864,0.32867132867132864,0.37868844442271016,0.37868844442271016,0.37868844442271016
476,884.0,0.13664509422246554,0.13664509422246554,0.13664509422246554,0.14210072145374553,0.14210072145374553,0.14210072145374553
477,936.0,0.25697265815442827,0.25697265815442827,0.25697265815442827,0.24421546546292452,0.24421546546292452,0.24421546546292452
478,988.0,0.9739657050163973,0.9739657050163973,0.9739657050163973,1.2627695075741352,1.2627695075741352,1.2627695075741352
479,1040.0,0.24540587169176664,0.24540587169176664,0.24540587169176664,0.2937843624532485,0.2937843624532485,0.2937843624532485
480,52.0,0.3618051951726145,0.3618051951726145,0.3618051951726145,0.3580067558055212,0.3580067558055212,0.3580067558055212
481,104.0,0.2368519697885948,0.2368519697885948,0.2368519697885948,0.21448367154705655,0.21448367154705655,0.21448367154705655
482,156.0,0.2527485941033364,0.2527485941033364,0.2527485941033364,0.24905664777887687,0.24905664777887687,0.24905664777887687
483,208.0,0.14649546978466318,0.14649546978466318,0.14649546978466318,0.25447844431134575,0.25447844431134575,0.25447844431134575
484,260.0,0.15178571428571427,0.15178571428571427,0.15178571428571427,0.15850871598639457,0.15850871598639457,0.15850871598639457
485,312.0,0.14216508631336772,0.14216508631336772,0.14216508631336772,0.1351335416477877,0.1351335416477877,0.1351335416477877
486,364.0,0.20860495436766624,0.20860495436766624,0.20860495436766624,0.488948119036732,0.488948119036732,0.488948119036732
487,416.0,0.5476103611820503,0.5476103611820503,0.5476103611820503,0.5556500721874289,0.5556500721874289,0.5556500721874289
488,468.0,0.4221014492753623,0.4221014492753623,0.4221014492753623,1.8163955839109431,1.8163955839109431,1.8163955839109431
489,520.0,0.04405086285195277,0.04405086285195277,0.04405086285195277,0.04483517997427818,0.04483517997427818,0.04483517997427818
490,572.0,0.1593604951005673,0.1593604951005673,0.1593604951005673,0.13499618721708342,0.13499618721708342,0.13499618721708342
491,624.0,0.3361020724737499,0.3361020724737499,0.3361020724737499,0.8207524200620827,0.8207524200620827,0.8207524200620827
492,676.0,1.6151542955947753,1.6151542955947753,1.6151542955947753,27.87905887330474,27.87905887330474,27.87905887330474
493,728.0,0.059956236323851206,0.059956236323851206,0.059956236323851206,0.056361486049729716,0.056361486049729716,0.056361486049729716
494,780.0,0.10433070866141732,0.10433070866141732,0.10433070866141732,0.10131982763965525,0.10131982763965525,0.10131982763965525
495,832.0,0.32063369070820974,0.32063369070820974,0.32063369070820974,0.3788580773662642,0.3788580773662642,0.3788580773662642
496,884.0,0.14328018223234623,0.14328018223234623,0.14328018223234623,0.1227509716118119,0.1227509716118119,0.1227509716118119
497,936.0,0.19596215667683478,0.19596215667683478,0.19596215667683478,0.1757351327645146,0.1757351327645146,0.1757351327645146
498,988.0,0.14819276022985753,0.14819276022985753,0.14819276022985753,0.19035688703187356,0.19035688703187356,0.19035688703187356
499,1040.0,0.21224194132560667,0.21224194132560667,0.21224194132560667,0.27222970749119685,0.27222970749119685,0.27222970749119685
500,52.0,0.5663185038767444,0.5663185038767444,0.5663185038767444,0.6435602846519038,0.6435602846519038,0.6435602846519038
501,104.0,0.13310308182784272,0.13310308182784272,0.13310308182784272,0.12601364399687856,0.12601364399687856,0.12601364399687856
502,156.0,0.06680026720106881,0.06680026720106881,0.06680026720106881,0.07235803158309495,0.07235803158309495,0.07235803158309495
503,208.0,0.08674040351754886,0.08674040351754886,0.08674040351754886,0.12545678735130514,0.12545678735130514,0.12545678735130514
504,260.0,1.2100215200212936,1.2100215200212936,1.2100215200212936,1.1712723373930536,1.1712723373930536,1.1712723373930536
505,312.0,52.59665604275837,52.59665604275837,52.59665604275837,88.03014995383812,88.03014995383812,88.03014995383812
506,364.0,0.12444916572934502,0.12444916572934502,0.12444916572934502,0.11362025849404225,0.11362025849404225,0.11362025849404225
507,416.0,0.1623350725164735,0.1623350725164735,0.1623350725164735,0.1892237887315813,0.1892237887315813,0.1892237887315813
508,468.0,0.41963585941149406,0.41963585941149406,0.41963585941149406,0.40372271162073914,0.40372271162073914,0.40372271162073914
509,520.0,0.6934947902617447,0.6934947902617447,0.6934947902617447,3.747613628445118,3.747613628445118,3.747613628445118
510,572.0,0.0638514372933096,0.0638514372933096,0.0638514372933096,0.0750377230321494,0.0750377230321494,0.0750377230321494
511,624.0,0.139059307014423,0.139059307014423,0.139059307014423,0.12965243034659021,0.12965243034659021,0.12965243034659021
512,676.0,18.025798133681725,18.025798133681725,18.025798133681725,357.66773629972386,357.66773629972386,357.66773629972386
513,728.0,0.2139282735613011,0.2139282735613011,0.2139282735613011,0.197353959826127,0.197353959826127,0.197353959826127
514,780.0,0.12218963831867058,0.12218963831867058,0.12218963831867058,0.1199670529913648,0.1199670529913648,0.1199670529913648
515,832.0,0.528691670709223,0.528691670709223,0.528691670709223,1.4374846819947718,1.4374846819947718,1.4374846819947718
516,884.0,0.14107631498935846,0.14107631498935846,0.14107631498935846,0.1400245028412702,0.1400245028412702,0.1400245028412702
517,936.0,0.3373462112980218,0.3373462112980218,0.3373462112980218,0.37867459704639655,0.37867459704639655,0.37867459704639655
518,988.0,0.6393328484169666,0.6393328484169666,0.6393328484169666,0.6740733924398807,0.6740733924398807,0.6740733924398807
519,1040.0,6.899993489130243,6.899993489130243,6.899993489130243,23.722812096461453,23.722812096461453,23.722812096461453
520,52.0,0.16417139907072792,0.16417139907072792,0.16417139907072792,0.22601625972922482,0.22601625972922482,0.22601625972922482
521,104.0,0.23853445929276704,0.23853445929276704,0.23853445929276704,0.2523484907389835,0.2523484907389835,0.2523484907389835
522,156.0,0.1111111111111111,0.1111111111111111,0.1111111111111111,0.10339506172839508,0.10339506172839508,0.10339506172839508
523,208.0,0.12214551248008497,0.12214551248008497,0.12214551248008497,0.10722598626106236,0.10722598626106236,0.10722598626106236
524,260.0,0.058223772471156426,0.058223772471156426,0.058223772471156426,0.07737199929534722,0.07737199929534722,0.07737199929534722
525,312.0,0.038606658478038576,0.038606658478038576,0.038606658478038576,0.0409926626866492,0.0409926626866492,0.0409926626866492
526,364.0,0.294440985295142,0.294440985295142,0.294440985295142,0.39783335432862904,0.39783335432862904,0.39783335432862904
527,416.0,0.11911804248453886,0.11911804248453886,0.11911804248453886,0.1226756405429818,0.1226756405429818,0.1226756405429818
528,468.0,0.17651201473815145,0.17651201473815145,0.17651201473815145,0.1902106224383818,0.1902106224383818,0.1902106224383818
529,520.0,2.4651706822875314,2.4651706822875314,2.4651706822875314,71.25237524737149,71.25237524737149,71.25237524737149
530,572.0,0.20256333201119875,0.20256333201119875,0.20256333201119875,0.182967111746356,0.182967111746356,0.182967111746356
531,624.0,0.18102065355427033,0.18102065355427033,0.18102065355427033,0.22580468327755693,0.22580468327755693,0.22580468327755693
532,676.0,0.27000421959852317,0.27000421959852317,0.27000421959852317,0.28950880214408736,0.28950880214408736,0.28950880214408736
533,728.0,0.2171895526034729,0.2171895526034729,0.2171895526034729,0.21100078058938176,0.21100078058938176,0.21100078058938176
534,780.0,0.28491194089838495,0.28491194089838495,0.28491194089838495,0.36369249623737826,0.36369249623737826,0.36369249623737826
535,832.0,0.32454235184610614,0.32454235184610614,0.32454235184610614,0.33959934842351014,0.33959934842351014,0.33959934842351014
536,884.0,0.03785623139089749,0.03785623139089749,0.03785623139089749,0.03642313713577632,0.03642313713577632,0.03642313713577632
537,936.0,0.314294934333066,0.314294934333066,0.314294934333066,0.7551442955124348,0.7551442955124348,0.7551442955124348
538,988.0,0.008606777837547068,0.008606777837547068,0.008606777837547068,0.008532701212802179,0.008532701212802179,0.008532701212802179
539,1040.0,95.58030523823945,95.58030523823945,95.58030523823945,91.02330703251978,91.02330703251978,91.02330703251978
540,52.0,0.26291861546508255,0.26291861546508255,0.26291861546508255,0.3140250845531933,0.3140250845531933,0.3140250845531933
541,104.0,0.126775956284153,0.126775956284153,0.126775956284153,0.11070381319239153,0.11070381319239153,0.11070381319239153
542,156.0,0.09820485744456177,0.09820485744456177,0.09820485744456177,0.09595242688242425,0.09595242688242425,0.09595242688242425
543,208.0,0.5491701347021414,0.5491701347021414,0.5491701347021414,0.6734760543183573,0.6734760543183573,0.6734760543183573
544,260.0,0.45044751961954266,0.45044751961954266,0.45044751961954266,0.5621168850119648,0.5621168850119648,0.5621168850119648
545,312.0,0.02551775147928994,0.02551775147928994,0.02551775147928994,0.026345885779559545,0.026345885779559545,0.026345885779559545
546,364.0,0.3602106969205835,0.3602106969205835,0.3602106969205835,0.3463422570654786,0.3463422570654786,0.3463422570654786
547,416.0,0.4602252921668555,0.4602252921668555,0.4602252921668555,0.5049000429982327,0.5049000429982327,0.5049000429982327
548,468.0,0.09764664559185107,0.09764664559185107,0.09764664559185107,0.09794669214101348,0.09794669214101348,0.09794669214101348
549,520.0,5.348629323985162,5.348629323985162,5.348629323985162,122.29415378527827,122.29415378527827,122.29415378527827
550,572.0,0.3251655629139073,0.3251655629139073,0.3251655629139073,0.33466470768825934,0.33466470768825934,0.33466470768825934
551,624.0,0.23752892797587602,0.23752892797587602,0.23752892797587602,0.19537909652083266,0.19537909652083266,0.19537909652083266
552,676.0,31.76458749381571,31.76458749381571,31.76458749381571,39.7467240149071,39.7467240149071,39.7467240149071
553,728.0,0.35462838604607755,0.35462838604607755,0.35462838604607755,0.5931011339050388,0.5931011339050388,0.5931011339050388
554,780.0,33.902099247651584,33.902099247651584,33.902099247651584,89.57892524603051,89.57892524603051,89.57892524603051
555,832.0,0.2753184588747175,0.2753184588747175,0.2753184588747175,0.3556105073125421,0.3556105073125421,0.3556105073125421
556,884.0,0.6829704614771872,0.6829704614771872,0.6829704614771872,0.8484909127037379,0.8484909127037379,0.8484909127037379
557,936.0,0.25,0.25,0.25,0.1875,0.1875,0.1875
558,988.0,0.28847771236333053,0.28847771236333053,0.28847771236333053,0.32636849845195764,0.32636849845195764,0.32636849845195764
559,1040.0,0.23144252542537036,0.23144252542537036,0.23144252542537036,0.25689974893818146,0.25689974893818146,0.25689974893818146
560,52.0,0.007688364941055869,0.007688364941055869,0.007688364941055869,0.007629253985589011,0.007629253985589011,0.007629253985589011
561,104.0,0.10240229840762562,0.10240229840762562,0.10240229840762562,0.08615018098718263,0.08615018098718263,0.08615018098718263
562,156.0,0.7486972027744168,0.7486972027744168,0.7486972027744168,1.7699070653584508,1.7699070653584508,1.7699070653584508
563,208.0,0.3761174992990251,0.3761174992990251,0.3761174992990251,0.36277534391867367,0.36277534391867367,0.36277534391867367
564,260.0,0.09765377298668358,0.09765377298668358,0.09765377298668358,0.09255632147117993,0.09255632147117993,0.09255632147117993
565,312.0,0.35784058312977196,0.35784058312977196,0.35784058312977196,0.34505925071866245,0.34505925071866245,0.34505925071866245
566,364.0,0.40891724119277534,0.40891724119277534,0.40891724119277534,0.47284622275930216,0.47284622275930216,0.47284622275930216
567,416.0,0.18387909319899245,0.18387909319899245,0.18387909319899245,0.44225900805157065,0.44225900805157065,0.44225900805157065
568,468.0,0.17055352627142456,0.17055352627142456,0.17055352627142456,0.14258893215882132,0.14258893215882132,0.14258893215882132
569,520.0,0.1520419426048565,0.1520419426048565,0.1520419426048565,0.16590090773309163,0.16590090773309163,0.16590090773309163
570,572.0,0.49981874308852575,0.49981874308852575,0.49981874308852575,0.47022810906372114,0.47022810906372114,0.47022810906372114
571,624.0,0.0036976170912078883,0.0036976170912078883,0.0036976170912078883,0.003683944719054696,0.003683944719054696,0.003683944719054696
572,676.0,107.23668279966587,107.23668279966587,107.23668279966587,93.95698772916957,93.95698772916957,93.95698772916957
573,728.0,0.11015020482476104,0.11015020482476104,0.11015020482476104,0.13807175713810096,0.13807175713810096,0.13807175713810096
574,780.0,2.043495101399304,2.043495101399304,2.043495101399304,104.71138300874308,104.71138300874308,104.71138300874308
575,832.0,0.198,0.198,0.198,0.192796,0.192796,0.192796
576,884.0,0.33116883116883117,0.33116883116883117,0.33116883116883117,0.3968207117557767,0.3968207117557767,0.3968207117557767
577,936.0,0.21532846715328466,0.21532846715328466,0.21532846715328466,0.27115189940859924,0.27115189940859924,0.27115189940859924
578,988.0,0.35046728971962615,0.35046728971962615,0.35046728971962615,0.3584810900515329,0.3584810900515329,0.3584810900515329
579,1040.0,0.502453714360341,0.502453714360341,0.502453714360341,0.5297731907941152,0.5297731907941152,0.5297731907941152
580,52.0,0.2869667409004463,0.2869667409004463,0.2869667409004463,0.2714964041630151,0.2714964041630151,0.2714964041630151
581,104.0,0.2762164126410354,0.2762164126410354,0.2762164126410354,0.37256541274996297,0.37256541274996297,0.37256541274996297
582,156.0,0.14835913068468706,0.14835913068468706,0.14835913068468706,0.3129479676632314,0.3129479676632314,0.3129479676632314
583,208.0,0.21602209983019313,0.21602209983019313,0.21602209983019313,0.17162447923570212,0.17162447923570212,0.17162447923570212
584,260.0,0.6321537711908687,0.6321537711908687,0.6321537711908687,0.5843264100613111,0.5843264100613111,0.5843264100613111
585,312.0,3.941394672092963,3.941394672092963,3.941394672092963,2.645704643193929,2.645704643193929,2.645704643193929
586,364.0,0.1522968583727391,0.1522968583727391,0.1522968583727391,0.199000849069382,0.199000849069382,0.199000849069382
587,416.0,0.07387580299785867,0.07387580299785867,0.07387580299785867,0.06841816872928022,0.06841816872928022,0.06841816872928022
588,468.0,0.9367468561558068,0.9367468561558068,0.9367468561558068,1.012824856926686,1.012824856926686,1.012824856926686
589,520.0,0.33341956107462145,0.33341956107462145,0.33341956107462145,0.46998079952224314,0.46998079952224314,0.46998079952224314
590,572.0,0.4943820224719101,0.4943820224719101,0.4943820224719101,0.5758111349577074,0.5758111349577074,0.5758111349577074
591,624.0,0.22667661352458848,0.22667661352458848,0.22667661352458848,0.24125970197296442,0.24125970197296442,0.24125970197296442
592,676.0,0.25733822856016847,0.25733822856016847,0.25733822856016847,0.43362328158443536,0.43362328158443536,0.43362328158443536
593,728.0,1.666080810233625,1.666080810233625,1.666080810233625,1.7638035413904107,1.7638035413904107,1.7638035413904107
594,780.0,0.3243230483712446,0.3243230483712446,0.3243230483712446,0.4666496135601929,0.4666496135601929,0.4666496135601929
595,832.0,0.2874864160374732,0.2874864160374732,0.2874864160374732,1.0574696118484241,1.0574696118484241,1.0574696118484241
596,884.0,0.25944843042064036,0.25944843042064036,0.25944843042064036,0.3277743832652349,0.3277743832652349,0.3277743832652349
597,936.0,1.287111564915416,1.287111564915416,1.287111564915416,2.19103581665342,2.19103581665342,2.19103581665342
598,988.0,0.10198461265413618,0.10198461265413618,0.10198461265413618,0.12323683569050393,0.12323683569050393,0.12323683569050393
599,1040.0,0.3268186753528773,0.3268186753528773,0.3268186753528773,0.3394436251018283,0.3394436251018283,0.3394436251018283
600,52.0,0.16417053522151398,0.16417053522151398,0.16417053522151398,0.23125166941390868,0.23125166941390868,0.23125166941390868
601,104.0,0.5822013436004783,0.5822013436004783,0.5822013436004783,0.5623415728771278,0.5623415728771278,0.5623415728771278
602,156.0,0.2994011976047904,0.2994011976047904,0.2994011976047904,1.3474846713758108,1.3474846713758108,1.3474846713758108
603,208.0,1.6796674269060596,1.6796674269060596,1.6796674269060596,2.2484056849042204,2.2484056849042204,2.2484056849042204
604,260.0,0.505132652477506,0.505132652477506,0.505132652477506,0.5782731219508273,0.5782731219508273,0.5782731219508273
605,312.0,0.0632399660001234,0.0632399660001234,0.0632399660001234,0.062334443816169885,0.062334443816169885,0.062334443816169885
606,364.0,0.530098524870172,0.530098524870172,0.530098524870172,0.5659543815158631,0.5659543815158631,0.5659543815158631
607,416.0,0.6370103657835887,0.6370103657835887,0.6370103657835887,0.5492797077746054,0.5492797077746054,0.5492797077746054
608,468.0,0.4235106094482998,0.4235106094482998,0.4235106094482998,0.6422671559550326,0.6422671559550326,0.6422671559550326
609,520.0,0.05381657499462573,0.05381657499462573,0.05381657499462573,0.05755903010961711,0.05755903010961711,0.05755903010961711
610,572.0,0.21248556726416767,0.21248556726416767,0.21248556726416767,0.27480922266152563,0.27480922266152563,0.27480922266152563
611,624.0,0.5052861613238614,0.5052861613238614,0.5052861613238614,0.5523377886246078,0.5523377886246078,0.5523377886246078
612,676.0,0.30128491477788294,0.30128491477788294,0.30128491477788294,0.5034168027381767,0.5034168027381767,0.5034168027381767
613,728.0,0.29580374117073277,0.29580374117073277,0.29580374117073277,0.491754083936646,0.491754083936646,0.491754083936646
614,780.0,0.5384039900249377,0.5384039900249377,0.5384039900249377,0.6136124153456758,0.6136124153456758,0.6136124153456758
615,832.0,0.0657411188240098,0.0657411188240098,0.0657411188240098,0.06223588398094505,0.06223588398094505,0.06223588398094505
616,884.0,0.06413301662707839,0.06413301662707839,0.06413301662707839,0.0647705666296173,0.0647705666296173,0.0647705666296173
617,936.0,0.6791593614551399,0.6791593614551399,0.6791593614551399,1.4639553675234647,1.4639553675234647,1.4639553675234647
618,988.0,2.9032709344898238,2.9032709344898238,2.9032709344898238,136.13378306902848,136.13378306902848,136.13378306902848
619,1040.0,55.52643025349789,55.52643025349789,55.52643025349789,66.5255361500632,66.5255361500632,66.5255361500632
620,52.0,0.26097574832836257,0.26097574832836257,0.26097574832836257,0.3039926807049138,0.3039926807049138,0.3039926807049138
621,104.0,0.08944991784150967,0.08944991784150967,0.08944991784150967,0.09079761746939019,0.09079761746939019,0.09079761746939019
622,156.0,0.024178996752075063,0.024178996752075063,0.024178996752075063,0.02648141725644568,0.02648141725644568,0.02648141725644568
623,208.0,0.1557919621749409,0.1557919621749409,0.1557919621749409,0.15279742244130354,0.15279742244130354,0.15279742244130354
624,260.0,0.2266816647045033,0.2266816647045033,0.2266816647045033,0.2405475111062205,0.2405475111062205,0.2405475111062205
625,312.0,0.013868781234498315,0.013868781234498315,0.013868781234498315,0.013951619857079742,0.013951619857079742,0.013951619857079742
626,364.0,0.17233167153625142,0.17233167153625142,0.17233167153625142,0.21056459320453588,0.21056459320453588,0.21056459320453588
627,416.0,0.2755015622526966,0.2755015622526966,0.2755015622526966,0.35265132098869123,0.35265132098869123,0.35265132098869123
628,468.0,0.3723739339791493,0.3723739339791493,0.3723739339791493,0.4112825999731451,0.4112825999731451,0.4112825999731451
629,520.0,0.026960178085580013,0.026960178085580013,0.026960178085580013,0.02672800904988172,0.02672800904988172,0.02672800904988172
630,572.0,0.029371584699453553,0.029371584699453553,0.029371584699453553,0.029419641524082534,0.029419641524082534,0.029419641524082534
631,624.0,0.11324376199616124,0.11324376199616124,0.11324376199616124,0.11193592714438864,0.11193592714438864,0.11193592714438864
632,676.0,0.06358170462103466,0.06358170462103466,0.06358170462103466,0.0677318056402551,0.0677318056402551,0.0677318056402551
633,728.0,0.46649029982363316,0.46649029982363316,0.46649029982363316,0.4805055538447661,0.4805055538447661,0.4805055538447661
634,780.0,0.3947386444073736,0.3947386444073736,0.3947386444073736,0.4237134741406027,0.4237134741406027,0.4237134741406027
635,832.0,10.032509876613181,10.032509876613181,10.032509876613181,319.71905804595826,319.71905804595826,319.71905804595826
636,884.0,1.377428083328783,1.377428083328783,1.377428083328783,14.405304971924336,14.405304971924336,14.405304971924336
637,936.0,0.12055053297654524,0.12055053297654524,0.12055053297654524,0.1808774406006232,0.1808774406006232,0.1808774406006232
638,988.0,0.1737843971271357,0.1737843971271357,0.1737843971271357,0.17788583885239903,0.17788583885239903,0.17788583885239903
639,1040.0,0.42502945238965967,0.42502945238965967,0.42502945238965967,0.510040427681655,0.510040427681655,0.510040427681655
640,52.0,0.16217827135147853,0.16217827135147853,0.16217827135147853,0.1953291859934287,0.1953291859934287,0.1953291859934287
641,104.0,0.01804624696791048,0.01804624696791048,0.01804624696791048,0.018280006209997604,0.018280006209997604,0.018280006209997604
642,156.0,0.08117816091954023,0.08117816091954023,0.08117816091954023,0.07889861193684766,0.07889861193684766,0.07889861193684766
643,208.0,0.38799979332136836,0.38799979332136836,0.38799979332136836,0.4310439023199568,0.4310439023199568,0.4310439023199568
644,260.0,0.4190670127437505,0.4190670127437505,0.4190670127437505,0.3681034621979336,0.3681034621979336,0.3681034621979336
645,312.0,53.13009368234061,53.13009368234061,53.13009368234061,51.44326809503979,51.44326809503979,51.44326809503979
646,364.0,0.2723418652839436,0.2723418652839436,0.2723418652839436,0.21660339092892264,0.21660339092892264,0.21660339092892264
647,416.0,0.08058608058608059,0.08058608058608059,0.08058608058608059,0.0740919642018543,0.0740919642018543,0.0740919642018543
648,468.0,0.3076553800997978,0.3076553800997978,0.3076553800997978,0.46165606398269704,0.46165606398269704,0.46165606398269704
649,520.0,0.5100297190324078,0.5100297190324078,0.5100297190324078,0.6062666981402762,0.6062666981402762,0.6062666981402762
650,572.0,0.8174090722502568,0.8174090722502568,0.8174090722502568,0.950813943018862,0.950813943018862,0.950813943018862
651,624.0,0.049679832716009065,0.049679832716009065,0.049679832716009065,0.05823412696810564,0.05823412696810564,0.05823412696810564
652,676.0,0.16776859504132233,0.16776859504132233,0.16776859504132233,0.1528454340550509,0.1528454340550509,0.1528454340550509
653,728.0,0.059665871121718374,0.059665871121718374,0.059665871121718374,0.06087912463474235,0.06087912463474235,0.06087912463474235
654,780.0,2.6586347301518756,2.6586347301518756,2.6586347301518756,51.238082633583275,51.238082633583275,51.238082633583275
655,832.0,0.2153065928999539,0.2153065928999539,0.2153065928999539,0.18462509041757563,0.18462509041757563,0.18462509041757563
656,884.0,0.3721519572228552,0.3721519572228552,0.3721519572228552,0.43395960582779136,0.43395960582779136,0.43395960582779136
657,936.0,0.13252346769740475,0.13252346769740475,0.13252346769740475,0.12379589605335331,0.12379589605335331,0.12379589605335331
658,988.0,0.10629251700680271,0.10629251700680271,0.10629251700680271,0.11370190082835856,0.11370190082835856,0.11370190082835856
659,1040.0,0.332573293095049,0.332573293095049,0.332573293095049,0.35841917453733274,0.35841917453733274,0.35841917453733274
660,52.0,0.44841304032228363,0.44841304032228363,0.44841304032228363,0.7002844524627139,0.7002844524627139,0.7002844524627139
661,104.0,0.1925919543546859,0.1925919543546859,0.1925919543546859,0.22393117132023732,0.22393117132023732,0.22393117132023732
662,156.0,0.41506019174132724,0.41506019174132724,0.41506019174132724,0.7026391722677461,0.7026391722677461,0.7026391722677461
663,208.0,0.2594821988327881,0.2594821988327881,0.2594821988327881,0.2558355901785143,0.2558355901785143,0.2558355901785143
664,260.0,0.14749262536873156,0.14749262536873156,0.14749262536873156,0.15818692841169152,0.15818692841169152,0.15818692841169152
665,312.0,0.24537037037037038,0.24537037037037038,0.24537037037037038,0.20368227023319618,0.20368227023319618,0.20368227023319618
666,364.0,0.13498836307214895,0.13498836307214895,0.13498836307214895,0.1338339990887867,0.1338339990887867,0.1338339990887867
667,416.0,0.12196073688489471,0.12196073688489471,0.12196073688489471,0.11801854379507838,0.11801854379507838,0.11801854379507838
668,468.0,70.32222518115206,70.32222518115206,70.32222518115206,61.81510975027975,61.81510975027975,61.81510975027975
669,520.0,76.01581890566848,76.01581890566848,76.01581890566848,83.50986975333046,83.50986975333046,83.50986975333046
670,572.0,0.20119977173175463,0.20119977173175463,0.20119977173175463,0.23778971691163248,0.23778971691163248,0.23778971691163248
671,624.0,0.012764801738185769,0.012764801738185769,0.012764801738185769,0.012601861574770582,0.012601861574770582,0.012601861574770582
672,676.0,0.104636848584325,0.104636848584325,0.104636848584325,0.09368797850266601,0.09368797850266601,0.09368797850266601
673,728.0,0.008752188047011753,0.008752188047011753,0.008752188047011753,0.00917571228265931,0.00917571228265931,0.00917571228265931
674,780.0,0.046875,0.046875,0.046875,0.048583984375,0.048583984375,0.048583984375
675,832.0,0.09852216748768473,0.09852216748768473,0.09852216748768473,0.10195183899957129,0.10195183899957129,0.10195183899957129
676,884.0,0.02283828207843112,0.02283828207843112,0.02283828207843112,0.02442120014790683,0.02442120014790683,0.02442120014790683
677,936.0,0.07478602949344572,0.07478602949344572,0.07478602949344572,0.0772138665432075,0.0772138665432075,0.0772138665432075
678,988.0,0.3088088088088088,0.3088088088088088,0.3088088088088088,0.3305630455280105,0.3305630455280105,0.3305630455280105
679,1040.0,0.13149077433176207,0.13149077433176207,0.13149077433176207,0.15843789747074574,0.15843789747074574,0.15843789747074574
680,52.0,0.2035586171797428,0.2035586171797428,0.2035586171797428,0.28404915251548324,0.28404915251548324,0.28404915251548324
681,104.0,0.10140191325790252,0.10140191325790252,0.10140191325790252,0.10662005665706073,0.10662005665706073,0.10662005665706073
682,156.0,0.07001857069132254,0.07001857069132254,0.07001857069132254,0.07080447696041577,0.07080447696041577,0.07080447696041577
683,208.0,0.1517101724945268,0.1517101724945268,0.1517101724945268,0.1839153057339949,0.1839153057339949,0.1839153057339949
684,260.0,5.362692037582678,5.362692037582678,5.362692037582678,46.48157534119257,46.48157534119257,46.48157534119257
685,312.0,0.1727028335973702,0.1727028335973702,0.1727028335973702,0.16802345688098067,0.16802345688098067,0.16802345688098067
686,364.0,0.02018348623853211,0.02018348623853211,0.02018348623853211,0.01977611312179109,0.01977611312179109,0.01977611312179109
687,416.0,0.08188585607940446,0.08188585607940446,0.08188585607940446,0.07518056265354751,0.07518056265354751,0.07518056265354751
688,468.0,0.980869781562645,0.980869781562645,0.980869781562645,3.1075730511136928,3.1075730511136928,3.1075730511136928
689,520.0,0.01501006174349863,0.01501006174349863,0.01501006174349863,0.010712835756565701,0.010712835756565701,0.010712835756565701
690,572.0,0.30064051240992795,0.30064051240992795,0.30064051240992795,0.3791909428263187,0.3791909428263187,0.3791909428263187
691,624.0,0.06343055272282276,0.06343055272282276,0.06343055272282276,0.0614466853157663,0.0614466853157663,0.0614466853157663
692,676.0,0.23917218596813702,0.23917218596813702,0.23917218596813702,0.2347194631707169,0.2347194631707169,0.2347194631707169
693,728.0,0.44737663551411017,0.44737663551411017,0.44737663551411017,0.43879160459204947,0.43879160459204947,0.43879160459204947
694,780.0,0.0674325421446894,0.0674325421446894,0.0674325421446894,0.0708143265538068,0.0708143265538068,0.0708143265538068
695,832.0,0.06905853790126787,0.06905853790126787,0.06905853790126787,0.06860561486303626,0.06860561486303626,0.06860561486303626
696,884.0,0.1632153030132069,0.1632153030132069,0.1632153030132069,0.17180499056061832,0.17180499056061832,0.17180499056061832
697,936.0,0.13385826771653545,0.13385826771653545,0.13385826771653545,0.11594023188046379,0.11594023188046379,0.11594023188046379
698,988.0,0.25343539699283674,0.25343539699283674,0.25343539699283674,0.2972085357857419,0.2972085357857419,0.2972085357857419
699,1040.0,0.18989922978640944,0.18989922978640944,0.18989922978640944,0.24474035250228318,0.24474035250228318,0.24474035250228318
700,52.0,0.45480679452817435,0.45480679452817435,0.45480679452817435,0.5507163983287207,0.5507163983287207,0.5507163983287207
701,104.0,0.24545454545454545,0.24545454545454545,0.24545454545454545,0.20452479338842972,0.20452479338842972,0.20452479338842972
702,156.0,0.11537436717292833,0.11537436717292833,0.11537436717292833,0.10845800666510047,0.10845800666510047,0.10845800666510047
703,208.0,0.10894524938840514,0.10894524938840514,0.10894524938840514,0.1501642199983782,0.1501642199983782,0.1501642199983782
704,260.0,0.3534569892312632,0.3534569892312632,0.3534569892312632,0.36528659787000395,0.36528659787000395,0.36528659787000395
705,312.0,0.20428539504304288,0.20428539504304288,0.20428539504304288,0.18199406402539298,0.18199406402539298,0.18199406402539298
706,364.0,0.23644529996791788,0.23644529996791788,0.23644529996791788,0.24021168236241403,0.24021168236241403,0.24021168236241403
707,416.0,0.45548034435691154,0.45548034435691154,0.45548034435691154,0.42433762089061955,0.42433762089061955,0.42433762089061955
708,468.0,0.0661764705882353,0.0661764705882353,0.0661764705882353,0.08140498846597463,0.08140498846597463,0.08140498846597463
709,520.0,0.232912851910733,0.232912851910733,0.232912851910733,0.2761819154010021,0.2761819154010021,0.2761819154010021
710,572.0,0.37560049333245404,0.37560049333245404,0.37560049333245404,0.6305190026362028,0.6305190026362028,0.6305190026362028
711,624.0,0.10121403056893077,0.10121403056893077,0.10121403056893077,0.11337964829029717,0.11337964829029717,0.11337964829029717
712,676.0,0.23536585365853657,0.23536585365853657,0.23536585365853657,0.24582242712671032,0.24582242712671032,0.24582242712671032
713,728.0,0.5,0.5,0.5,0.25,0.25,0.25
714,780.0,0.18326435856840942,0.18326435856840942,0.18326435856840942,0.30086372870177475,0.30086372870177475,0.30086372870177475
715,832.0,0.04504504504504504,0.04504504504504504,0.04504504504504504,0.045268241214187155,0.045268241214187155,0.045268241214187155
716,884.0,0.22624487618447428,0.22624487618447428,0.22624487618447428,0.36514626056337157,0.36514626056337157,0.36514626056337157
717,936.0,0.07374301675977654,0.07374301675977654,0.07374301675977654,0.06830498423894382,0.06830498423894382,0.06830498423894382
718,988.0,0.04219698946795207,0.04219698946795207,0.04219698946795207,0.036639290759778446,0.036639290759778446,0.036639290759778446
719,1040.0,67.95746018879096,67.95746018879096,67.95746018879096,94.58936096632422,94.58936096632422,94.58936096632422
720,52.0,0.48317381344301846,0.48317381344301846,0.48317381344301846,0.6205803142099525,0.6205803142099525,0.6205803142099525
721,104.0,0.3077571399605192,0.3077571399605192,0.3077571399605192,0.3357935664463593,0.3357935664463593,0.3357935664463593
722,156.0,0.12371242070898261,0.12371242070898261,0.12371242070898261,0.12698082932760887,0.12698082932760887,0.12698082932760887
723,208.0,0.07850578924791883,0.07850578924791883,0.07850578924791883,0.08041042980457394,0.08041042980457394,0.08041042980457394
724,260.0,0.3082706766917293,0.3082706766917293,0.3082706766917293,1.7771496410198429,1.7771496410198429,1.7771496410198429
725,312.0,0.504700018574699,0.504700018574699,0.504700018574699,0.8215003671438698,0.8215003671438698,0.8215003671438698
726,364.0,0.1681887293238651,0.1681887293238651,0.1681887293238651,0.1332786331288898,0.1332786331288898,0.1332786331288898
727,416.0,0.8365311732655316,0.8365311732655316,0.8365311732655316,0.8105065202659816,0.8105065202659816,0.8105065202659816
728,468.0,0.1613722998729352,0.1613722998729352,0.1613722998729352,0.13533128070665465,0.13533128070665465,0.13533128070665465
729,520.0,0.08250103977003066,0.08250103977003066,0.08250103977003066,0.08503336521792802,0.08503336521792802,0.08503336521792802
730,572.0,0.8927187152431525,0.8927187152431525,0.8927187152431525,1.0293107979354599,1.0293107979354599,1.0293107979354599
731,624.0,0.1253993610223642,0.1253993610223642,0.1253993610223642,0.13683091079831372,0.13683091079831372,0.13683091079831372
732,676.0,0.09494697621317165,0.09494697621317165,0.09494697621317165,0.08335008588799073,0.08335008588799073,0.08335008588799073
733,728.0,0.11864406779661017,0.11864406779661017,0.11864406779661017,0.12999138178684286,0.12999138178684286,0.12999138178684286
734,780.0,0.0350742447516641,0.0350742447516641,0.0350742447516641,0.03435607487686174,0.03435607487686174,0.03435607487686174
735,832.0,0.006405124099279423,0.006405124099279423,0.006405124099279423,0.0063640984845522545,0.0063640984845522545,0.0063640984845522545
736,884.0,0.07417218543046358,0.07417218543046358,0.07417218543046358,0.06867067233893248,0.06867067233893248,0.06867067233893248
737,936.0,0.24234385587901527,0.24234385587901527,0.24234385587901527,0.30842100277974943,0.30842100277974943,0.30842100277974943
738,988.0,0.4638386670000697,0.4638386670000697,0.4638386670000697,0.47525099085475364,0.47525099085475364,0.47525099085475364
739,1040.0,0.00974025974025974,0.00974025974025974,0.00974025974025974,0.009645387080452011,0.009645387080452011,0.009645387080452011
740,52.0,0.10293458574283346,0.10293458574283346,0.10293458574283346,0.11474157760631531,0.11474157760631531,0.11474157760631531
741,104.0,0.4915254237288136,0.4915254237288136,0.4915254237288136,4.182131571387534,4.182131571387534,4.182131571387534
742,156.0,0.2718329021319444,0.2718329021319444,0.2718329021319444,0.26345877109232596,0.26345877109232596,0.26345877109232596
743,208.0,0.14889433323748627,0.14889433323748627,0.14889433323748627,0.12611044672584865,0.12611044672584865,0.12611044672584865
744,260.0,0.31142855707195083,0.31142855707195083,0.31142855707195083,0.32910203616214323,0.32910203616214323,0.32910203616214323
745,312.0,0.06201303374284526,0.06201303374284526,0.06201303374284526,0.06383058802998808,0.06383058802998808,0.06383058802998808
746,364.0,0.25393700787401574,0.25393700787401574,0.25393700787401574,0.24785195403724142,0.24785195403724142,0.24785195403724142
747,416.0,0.17349452519461017,0.17349452519461017,0.17349452519461017,0.2348813179046376,0.2348813179046376,0.2348813179046376
748,468.0,0.9315179449206568,0.9315179449206568,0.9315179449206568,19.706342044265003,19.706342044265003,19.706342044265003
749,520.0,24.709189467888752,24.709189467888752,24.709189467888752,43.13481511004853,43.13481511004853,43.13481511004853
750,572.0,0.08395170978084075,0.08395170978084075,0.08395170978084075,0.06974751092233951,0.06974751092233951,0.06974751092233951
751,624.0,0.24982777488277993,0.24982777488277993,0.24982777488277993,0.25901598264557407,0.25901598264557407,0.25901598264557407
752,676.0,0.6128276757561247,0.6128276757561247,0.6128276757561247,0.6867041093746998,0.6867041093746998,0.6867041093746998
753,728.0,0.11857707509881422,0.11857707509881422,0.11857707509881422,0.10978664458643836,0.10978664458643836,0.10978664458643836
754,780.0,0.12328606188214833,0.12328606188214833,0.12328606188214833,0.21330718833872922,0.21330718833872922,0.21330718833872922
755,832.0,0.07615480649188515,0.07615480649188515,0.07615480649188515,0.07035525194006868,0.07035525194006868,0.07035525194006868
756,884.0,0.1908831908831909,0.1908831908831909,0.1908831908831909,0.16584280971745355,0.16584280971745355,0.16584280971745355
757,936.0,0.016245487364620937,0.016245487364620937,0.016245487364620937,0.015981571504906884,0.015981571504906884,0.015981571504906884
758,988.0,0.04862932154453462,0.04862932154453462,0.04862932154453462,0.046232465244939513,0.046232465244939513,0.046232465244939513
759,1040.0,0.13225806451612904,0.13225806451612904,0.13225806451612904,0.11476586888657647,0.11476586888657647,0.11476586888657647
760,52.0,0.1466901431990635,0.1466901431990635,0.1466901431990635,0.1790083960782486,0.1790083960782486,0.1790083960782486
761,104.0,0.2678618712077245,0.2678618712077245,0.2678618712077245,0.3731321121934517,0.3731321121934517,0.3731321121934517
762,156.0,0.006718241042345277,0.006718241042345277,0.006718241042345277,0.006673106279642225,0.006673106279642225,0.006673106279642225
763,208.0,0.5905256518172013,0.5905256518172013,0.5905256518172013,2.0055400721089174,2.0055400721089174,2.0055400721089174
764,260.0,0.08760896359008831,0.08760896359008831,0.08760896359008831,0.08979043615901196,0.08979043615901196,0.08979043615901196
765,312.0,0.6543396129274686,0.6543396129274686,0.6543396129274686,0.8273349522495828,0.8273349522495828,0.8273349522495828
766,364.0,0.06164916092808644,0.06164916092808644,0.06164916092808644,0.06735835881309636,0.06735835881309636,0.06735835881309636
767,416.0,0.30708856933279566,0.30708856933279566,0.30708856933279566,0.34249094905808847,0.34249094905808847,0.34249094905808847
768,468.0,0.2249510718350109,0.2249510718350109,0.2249510718350109,0.2628815352002362,0.2628815352002362,0.2628815352002362
769,520.0,0.1741911199844795,0.1741911199844795,0.1741911199844795,0.2278636929195614,0.2278636929195614,0.2278636929195614
770,572.0,20.718350462448615,20.718350462448615,20.718350462448615,73.92230805609776,73.92230805609776,73.92230805609776
771,624.0,0.038834951456310676,0.038834951456310676,0.038834951456310676,0.037326798001696665,0.037326798001696665,0.037326798001696665
772,676.0,0.04193138500635324,0.04193138500635324,0.04193138500635324,0.041867341331796294,0.041867341331796294,0.041867341331796294
773,728.0,0.7130125939284047,0.7130125939284047,0.7130125939284047,0.772735246865284,0.772735246865284,0.772735246865284
774,780.0,0.2678407603779866,0.2678407603779866,0.2678407603779866,0.2692624788153546,0.2692624788153546,0.2692624788153546
775,832.0,0.36007345221810144,0.36007345221810144,0.36007345221810144,0.4036153706976313,0.4036153706976313,0.4036153706976313
776,884.0,44.37023320278322,44.37023320278322,44.37023320278322,48.60357095840184,48.60357095840184,48.60357095840184
777,936.0,0.2728098075714394,0.2728098075714394,0.2728098075714394,3.5913904359278783,3.5913904359278783,3.5913904359278783
778,988.0,0.10837217658517731,0.10837217658517731,0.10837217658517731,0.10642550458379751,0.10642550458379751,0.10642550458379751
779,1040.0,0.5183382009702997,0.5183382009702997,0.5183382009702997,0.5197653533874113,0.5197653533874113,0.5197653533874113
780,52.0,0.17590018624368806,0.17590018624368806,0.17590018624368806,0.19623600509439026,0.19623600509439026,0.19623600509439026
781,104.0,0.3198997457879877,0.3198997457879877,0.3198997457879877,0.42207151228834777,0.42207151228834777,0.42207151228834777
782,156.0,0.20921575377839122,0.20921575377839122,0.20921575377839122,0.22728715685880146,0.22728715685880146,0.22728715685880146
783,208.0,0.06989543203082003,0.06989543203082003,0.06989543203082003,0.07436614206498947,0.07436614206498947,0.07436614206498947
784,260.0,0.06420434932688988,0.06420434932688988,0.06420434932688988,0.06008215085440058,0.06008215085440058,0.06008215085440058
785,312.0,0.045454545454545456,0.045454545454545456,0.045454545454545456,0.043388429752066124,0.043388429752066124,0.043388429752066124
786,364.0,0.7658396022661333,0.7658396022661333,0.7658396022661333,2.909265947842597,2.909265947842597,2.909265947842597
787,416.0,0.338389731621937,0.338389731621937,0.338389731621937,0.5039287956005114,0.5039287956005114,0.5039287956005114
788,468.0,0.03951367781155015,0.03951367781155015,0.03951367781155015,0.03795234707735516,0.03795234707735516,0.03795234707735516
789,520.0,0.07407407407407407,0.07407407407407407,0.07407407407407407,0.06858710562414268,0.06858710562414268,0.06858710562414268
790,572.0,0.09595557739023924,0.09595557739023924,0.09595557739023924,0.0997872899378741,0.0997872899378741,0.0997872899378741
791,624.0,0.5605435276657014,0.5605435276657014,0.5605435276657014,1.2664828513740032,1.2664828513740032,1.2664828513740032
792,676.0,0.5439998486049554,0.5439998486049554,0.5439998486049554,3.145602104625349,3.145602104625349,3.145602104625349
793,728.0,0.5796704906803894,0.5796704906803894,0.5796704906803894,0.7118625500446506,0.7118625500446506,0.7118625500446506
794,780.0,0.3287904599659284,0.3287904599659284,0.3287904599659284,0.3399377192956999,0.3399377192956999,0.3399377192956999
795,832.0,0.06354226566992524,0.06354226566992524,0.06354226566992524,0.06122977552816172,0.06122977552816172,0.06122977552816172
796,884.0,0.7078425924531363,0.7078425924531363,0.7078425924531363,0.7147390342389909,0.7147390342389909,0.7147390342389909
797,936.0,0.06217277486910995,0.06217277486910995,0.06217277486910995,0.08055862983470846,0.08055862983470846,0.08055862983470846
798,988.0,3.8126300407907228,3.8126300407907228,3.8126300407907228,3.845321399487368,3.845321399487368,3.845321399487368
799,1040.0,0.28927440185226155,0.28927440185226155,0.28927440185226155,0.28549975736094974,0.28549975736094974,0.28549975736094974
800,52.0,0.20337223440039032,0.20337223440039032,0.20337223440039032,0.3260858121656523,0.3260858121656523,0.3260858121656523
801,104.0,0.053357047576700754,0.053357047576700754,0.053357047576700754,0.05406720955571183,0.05406720955571183,0.05406720955571183
802,156.0,0.2254092034329727,0.2254092034329727,0.2254092034329727,0.49599299449247947,0.49599299449247947,0.49599299449247947
803,208.0,0.1592258108800817,0.1592258108800817,0.1592258108800817,0.1393688411331186,0.1393688411331186,0.1393688411331186
804,260.0,0.16845878136200718,0.16845878136200718,0.16845878136200718,0.14520074804500752,0.14520074804500752,0.14520074804500752
805,312.0,1.0284121217172189,1.0284121217172189,1.0284121217172189,1.1695953615913615,1.1695953615913615,1.1695953615913615
806,364.0,0.10963283705569545,0.10963283705569545,0.10963283705569545,0.1046986364316431,0.1046986364316431,0.1046986364316431
807,416.0,0.5330289244910026,0.5330289244910026,0.5330289244910026,0.9618256294801029,0.9618256294801029,0.9618256294801029
808,468.0,0.22119754655858614,0.22119754655858614,0.22119754655858614,0.18634781299914255,0.18634781299914255,0.18634781299914255
809,520.0,0.6960074744290691,0.6960074744290691,0.6960074744290691,0.6817651523600256,0.6817651523600256,0.6817651523600256
810,572.0,0.273548896425682,0.273548896425682,0.273548896425682,0.3763489154026976,0.3763489154026976,0.3763489154026976
811,624.0,0.21729975627141992,0.21729975627141992,0.21729975627141992,0.3403102239421604,0.3403102239421604,0.3403102239421604
812,676.0,0.09576291942199364,0.09576291942199364,0.09576291942199364,0.11059434202939027,0.11059434202939027,0.11059434202939027
813,728.0,1.0726118420780768,1.0726118420780768,1.0726118420780768,0.9212531224309128,0.9212531224309128,0.9212531224309128
814,780.0,0.14255932040936067,0.14255932040936067,0.14255932040936067,0.3562476400249604,0.3562476400249604,0.3562476400249604
815,832.0,0.5604330879195595,0.5604330879195595,0.5604330879195595,0.6120000361390996,0.6120000361390996,0.6120000361390996
816,884.0,0.06072874493927125,0.06072874493927125,0.06072874493927125,0.06418532270552176,0.06418532270552176,0.06418532270552176
817,936.0,0.04560622914349277,0.04560622914349277,0.04560622914349277,0.047975689215925245,0.047975689215925245,0.047975689215925245
818,988.0,0.21867580739955972,0.21867580739955972,0.21867580739955972,0.18388081055804087,0.18388081055804087,0.18388081055804087
819,1040.0,1.2141925685031143,1.2141925685031143,1.2141925685031143,1.254229229566926,1.254229229566926,1.254229229566926
820,52.0,0.4185986068932706,0.4185986068932706,0.4185986068932706,0.3755917764530864,0.3755917764530864,0.3755917764530864
821,104.0,0.2228185303334733,0.2228185303334733,0.2228185303334733,0.258709471629678,0.258709471629678,0.258709471629678
822,156.0,0.14907618324474817,0.14907618324474817,0.14907618324474817,0.13090208252818106,0.13090208252818106,0.13090208252818106
823,208.0,0.19120135363790186,0.19120135363790186,0.19120135363790186,0.2397292069790717,0.2397292069790717,0.2397292069790717
824,260.0,0.41799849071002826,0.41799849071002826,0.41799849071002826,0.43743867272837006,0.43743867272837006,0.43743867272837006
825,312.0,0.35808349276293616,0.35808349276293616,0.35808349276293616,0.4668974722700151,0.4668974722700151,0.4668974722700151
826,364.0,0.5728596329479073,0.5728596329479073,0.5728596329479073,0.5629011451309188,0.5629011451309188,0.5629011451309188
827,416.0,0.06803594351732992,0.06803594351732992,0.06803594351732992,0.09549948009445637,0.09549948009445637,0.09549948009445637
828,468.0,0.39993743896581063,0.39993743896581063,0.39993743896581063,0.36173881392016527,0.36173881392016527,0.36173881392016527
829,520.0,0.06062355658198614,0.06062355658198614,0.06062355658198614,0.06387674743584958,0.06387674743584958,0.06387674743584958
830,572.0,0.17806680288605983,0.17806680288605983,0.17806680288605983,0.1888104594949002,0.1888104594949002,0.1888104594949002
831,624.0,0.22091085738221314,0.22091085738221314,0.22091085738221314,0.26149297851300085,0.26149297851300085,0.26149297851300085
832,676.0,0.13890159284731698,0.13890159284731698,0.13890159284731698,0.1307935732780875,0.1307935732780875,0.1307935732780875
833,728.0,0.12173913043478261,0.12173913043478261,0.12173913043478261,0.11561436672967865,0.11561436672967865,0.11561436672967865
834,780.0,0.0723583460949464,0.0723583460949464,0.0723583460949464,0.06788831262942385,0.06788831262942385,0.06788831262942385
835,832.0,0.1972012817482085,0.1972012817482085,0.1972012817482085,0.17350231942738892,0.17350231942738892,0.17350231942738892
836,884.0,0.005824535857298871,0.005824535857298871,0.005824535857298871,0.005790610639345912,0.005790610639345912,0.005790610639345912
837,936.0,0.0880560917403043,0.0880560917403043,0.0880560917403043,0.12056030060104009,0.12056030060104009,0.12056030060104009
838,988.0,0.16100356888780812,0.16100356888780812,0.16100356888780812,0.1836379302335912,0.1836379302335912,0.1836379302335912
839,1040.0,135.87532006143488,135.87532006143488,135.87532006143488,129.81368613383933,129.81368613383933,129.81368613383933
840,52.0,0.2445553345617112,0.2445553345617112,0.2445553345617112,0.673757993476937,0.673757993476937,0.673757993476937
841,104.0,0.17333333333333334,0.17333333333333334,0.17333333333333334,0.15805811965811964,0.15805811965811964,0.15805811965811964
842,156.0,1.6166459597489065,1.6166459597489065,1.6166459597489065,10.275580602806953,10.275580602806953,10.275580602806953
843,208.0,0.20689655172413793,0.20689655172413793,0.20689655172413793,0.16409036860879903,0.16409036860879903,0.16409036860879903
844,260.0,0.2208398133748056,0.2208398133748056,0.2208398133748056,0.19873033226070722,0.19873033226070722,0.19873033226070722
845,312.0,0.03730394234845273,0.03730394234845273,0.03730394234845273,0.03591235823371606,0.03591235823371606,0.03591235823371606
846,364.0,0.09773703890466091,0.09773703890466091,0.09773703890466091,0.09949013174824692,0.09949013174824692,0.09949013174824692
847,416.0,0.1643705463182898,0.1643705463182898,0.1643705463182898,0.14637899808734997,0.14637899808734997,0.14637899808734997
848,468.0,0.10460432951105053,0.10460432951105053,0.10460432951105053,0.09209328433961897,0.09209328433961897,0.09209328433961897
849,520.0,0.21951307710314022,0.21951307710314022,0.21951307710314022,0.21648823235904105,0.21648823235904105,0.21648823235904105
850,572.0,0.24407171775592829,0.24407171775592829,0.24407171775592829,0.3441305581879689,0.3441305581879689,0.3441305581879689
851,624.0,0.2413763176081723,0.2413763176081723,0.2413763176081723,0.5806492509675985,0.5806492509675985,0.5806492509675985
852,676.0,0.07010416888477182,0.07010416888477182,0.07010416888477182,0.06183653558068669,0.06183653558068669,0.06183653558068669
853,728.0,0.24750830564784054,0.24750830564784054,0.24750830564784054,0.5982080771735411,0.5982080771735411,0.5982080771735411
854,780.0,0.14116842643099342,0.14116842643099342,0.14116842643099342,0.1264745160328704,0.1264745160328704,0.1264745160328704
855,832.0,0.22984233845839896,0.22984233845839896,0.22984233845839896,0.26456953570309844,0.26456953570309844,0.26456953570309844
856,884.0,0.34182655675845797,0.34182655675845797,0.34182655675845797,0.35502770368715614,0.35502770368715614,0.35502770368715614
857,936.0,0.45737872331001994,0.45737872331001994,0.45737872331001994,0.5861270138900232,0.5861270138900232,0.5861270138900232
858,988.0,0.4864945532064266,0.4864945532064266,0.4864945532064266,0.4874580286638289,0.4874580286638289,0.4874580286638289
859,1040.0,0.3824307224994195,0.3824307224994195,0.3824307224994195,0.4644046283610493,0.4644046283610493,0.4644046283610493
860,52.0,0.07518281535648995,0.07518281535648995,0.07518281535648995,0.07821408906483428,0.07821408906483428,0.07821408906483428
861,104.0,0.21926996206599056,0.21926996206599056,0.21926996206599056,0.2373448816134581,0.2373448816134581,0.2373448816134581
862,156.0,0.3932969275723069,0.3932969275723069,0.3932969275723069,0.6212653916392679,0.6212653916392679,0.6212653916392679
863,208.0,0.858730902265702,0.858730902265702,0.858730902265702,0.8862000131653459,0.8862000131653459,0.8862000131653459
864,260.0,0.2592334584992251,0.2592334584992251,0.2592334584992251,0.24190122392076346,0.24190122392076346,0.24190122392076346
865,312.0,0.2349556740901949,0.2349556740901949,0.2349556740901949,0.22656418172548817,0.22656418172548817,0.22656418172548817
866,364.0,0.09154297338709975,0.09154297338709975,0.09154297338709975,0.08682835550712752,0.08682835550712752,0.08682835550712752
867,416.0,0.10200655208791314,0.10200655208791314,0.10200655208791314,0.08989196395527135,0.08989196395527135,0.08989196395527135
868,468.0,0.29271817998709093,0.29271817998709093,0.29271817998709093,0.616565795288655,0.616565795288655,0.616565795288655
869,520.0,0.1782437745740498,0.1782437745740498,0.1782437745740498,0.18579141108509728,0.18579141108509728,0.18579141108509728
870,572.0,0.15186615186615188,0.15186615186615188,0.15186615186615188,0.3334360284167234,0.3334360284167234,0.3334360284167234
871,624.0,0.06973947895791584,0.06973947895791584,0.06973947895791584,0.08571756739932772,0.08571756739932772,0.08571756739932772
872,676.0,0.8681315796831439,0.8681315796831439,0.8681315796831439,0.734973079831376,0.734973079831376,0.734973079831376
873,728.0,0.1321139419862785,0.1321139419862785,0.1321139419862785,0.15881309589375858,0.15881309589375858,0.15881309589375858
874,780.0,0.1828358208955224,0.1828358208955224,0.1828358208955224,0.1792576297616396,0.1792576297616396,0.1792576297616396
875,832.0,0.1322318857417027,0.1322318857417027,0.1322318857417027,0.11567136189094782,0.11567136189094782,0.11567136189094782
876,884.0,0.10677709999591732,0.10677709999591732,0.10677709999591732,0.10534154902309537,0.10534154902309537,0.10534154902309537
877,936.0,0.38964078479243314,0.38964078479243314,0.38964078479243314,0.42072254802731995,0.42072254802731995,0.42072254802731995
878,988.0,0.22259136212624583,0.22259136212624583,0.22259136212624583,0.3590909592609353,0.3590909592609353,0.3590909592609353
879,1040.0,0.6066060249547994,0.6066060249547994,0.6066060249547994,0.7757419735050609,0.7757419735050609,0.7757419735050609
880,52.0,0.22908972889470702,0.22908972889470702,0.22908972889470702,0.24001997642600095,0.24001997642600095,0.24001997642600095
881,104.0,0.21319011719044872,0.21319011719044872,0.21319011719044872,0.2233712171610455,0.2233712171610455,0.2233712171610455
882,156.0,0.12436448963629253,0.12436448963629253,0.12436448963629253,0.11046229655676926,0.11046229655676926,0.11046229655676926
883,208.0,0.13458708672700956,0.13458708672700956,0.13458708672700956,0.1343457420103017,0.1343457420103017,0.1343457420103017
884,260.0,0.3602319196869896,0.3602319196869896,0.3602319196869896,0.36210296172927137,0.36210296172927137,0.36210296172927137
885,312.0,0.16116853186751567,0.16116853186751567,0.16116853186751567,0.1495330655438773,0.1495330655438773,0.1495330655438773
886,364.0,0.35281574221392026,0.35281574221392026,0.35281574221392026,0.3874380834599535,0.3874380834599535,0.3874380834599535
887,416.0,0.17368648938903103,0.17368648938903103,0.17368648938903103,0.14902236170930805,0.14902236170930805,0.14902236170930805
888,468.0,30.24871179776167,30.24871179776167,30.24871179776167,191.4085853930287,191.4085853930287,191.4085853930287
889,520.0,0.2246376811594203,0.2246376811594203,0.2246376811594203,2.691083805923125,2.691083805923125,2.691083805923125
890,572.0,0.12353563654178096,0.12353563654178096,0.12353563654178096,0.13324810686557365,0.13324810686557365,0.13324810686557365
891,624.0,0.050874131697417634,0.050874131697417634,0.050874131697417634,0.04714530127097634,0.04714530127097634,0.04714530127097634
892,676.0,21.50923717199028,21.50923717199028,21.50923717199028,57.39599739937345,57.39599739937345,57.39599739937345
893,728.0,0.03104962510049492,0.03104962510049492,0.03104962510049492,0.028527738481190144,0.028527738481190144,0.028527738481190144
894,780.0,0.19059885173261495,0.19059885173261495,0.19059885173261495,0.30528290717944967,0.30528290717944967,0.30528290717944967
895,832.0,0.37921857715945095,0.37921857715945095,0.37921857715945095,0.4070182435571447,0.4070182435571447,0.4070182435571447
896,884.0,0.12398225830763838,0.12398225830763838,0.12398225830763838,0.15125031958036808,0.15125031958036808,0.15125031958036808
897,936.0,0.08105646630236794,0.08105646630236794,0.08105646630236794,0.0750934801145318,0.0750934801145318,0.0750934801145318
898,988.0,0.10620792819745699,0.10620792819745699,0.10620792819745699,0.10589763714482257,0.10589763714482257,0.10589763714482257
899,1040.0,0.06602059357964869,0.06602059357964869,0.06602059357964869,0.061661874803039564,0.061661874803039564,0.061661874803039564
900,52.0,0.1251602344627495,0.1251602344627495,0.1251602344627495,0.11112305268572704,0.11112305268572704,0.11112305268572704
901,104.0,0.32651676709560534,0.32651676709560534,0.32651676709560534,0.376301372092937,0.376301372092937,0.376301372092937
902,156.0,0.06927329611662456,0.06927329611662456,0.06927329611662456,0.09101420080312313,0.09101420080312313,0.09101420080312313
903,208.0,0.6871730641841485,0.6871730641841485,0.6871730641841485,7.563253733311436,7.563253733311436,7.563253733311436
904,260.0,0.013341804320203304,0.013341804320203304,0.013341804320203304,0.013163800577684712,0.013163800577684712,0.013163800577684712
905,312.0,0.09144204482019495,0.09144204482019495,0.09144204482019495,0.10311205318780621,0.10311205318780621,0.10311205318780621
906,364.0,0.0462882096069869,0.0462882096069869,0.0462882096069869,0.047639061040025944,0.047639061040025944,0.047639061040025944
907,416.0,0.18336960143477635,0.18336960143477635,0.18336960143477635,0.18873981189624436,0.18873981189624436,0.18873981189624436
908,468.0,0.11981135726754524,0.11981135726754524,0.11981135726754524,0.11307162552209236,0.11307162552209236,0.11307162552209236
909,520.0,88.62035053948598,88.62035053948598,88.62035053948598,79.02164968943892,79.02164968943892,79.02164968943892
910,572.0,0.1634404117482907,0.1634404117482907,0.1634404117482907,0.16098138199396356,0.16098138199396356,0.16098138199396356
911,624.0,0.44279519488135494,0.44279519488135494,0.44279519488135494,0.5586613534049559,0.5586613534049559,0.5586613534049559
912,676.0,0.1744917715392062,0.1744917715392062,0.1744917715392062,0.1440443932043157,0.1440443932043157,0.1440443932043157
913,728.0,0.0582010582010582,0.0582010582010582,0.0582010582010582,0.05481369502533524,0.05481369502533524,0.05481369502533524
914,780.0,0.23738532110091742,0.23738532110091742,0.23738532110091742,0.27277664969278675,0.27277664969278675,0.27277664969278675
915,832.0,0.16714876033057852,0.16714876033057852,0.16714876033057852,0.1586315398538351,0.1586315398538351,0.1586315398538351
916,884.0,0.30829145728643215,0.30829145728643215,0.30829145728643215,0.3157603974647104,0.3157603974647104,0.3157603974647104
917,936.0,0.4230769230769231,0.4230769230769231,0.4230769230769231,0.5517751479289941,0.5517751479289941,0.5517751479289941
918,988.0,0.3100026076754215,0.3100026076754215,0.3100026076754215,0.4222382301095831,0.4222382301095831,0.4222382301095831
919,1040.0,0.11213119773228226,0.11213119773228226,0.11213119773228226,0.11328027338940233,0.11328027338940233,0.11328027338940233
920,52.0,0.10130391173520562,0.10130391173520562,0.10130391173520562,0.09104142920235131,0.09104142920235131,0.09104142920235131
921,104.0,0.6637759376242772,0.6637759376242772,0.6637759376242772,0.753211648757761,0.753211648757761,0.753211648757761
922,156.0,0.5246311283066951,0.5246311283066951,0.5246311283066951,0.5161971911294739,0.5161971911294739,0.5161971911294739
923,208.0,0.09231001183088233,0.09231001183088233,0.09231001183088233,0.08554217078215312,0.08554217078215312,0.08554217078215312
924,260.0,0.2897265484210356,0.2897265484210356,0.2897265484210356,0.289834814913878,0.289834814913878,0.289834814913878
925,312.0,0.40347466672027565,0.40347466672027565,0.40347466672027565,0.4376367117451652,0.4376367117451652,0.4376367117451652
926,364.0,0.2023848896731577,0.2023848896731577,0.2023848896731577,0.306166602662796,0.306166602662796,0.306166602662796
927,416.0,66.50060017250037,66.50060017250037,66.50060017250037,59.45938222226996,59.45938222226996,59.45938222226996
928,468.0,0.07672209026128265,0.07672209026128265,0.07672209026128265,0.08033699877567829,0.08033699877567829,0.08033699877567829
929,520.0,0.14285714285714285,0.14285714285714285,0.14285714285714285,0.12244897959183675,0.12244897959183675,0.12244897959183675
930,572.0,0.577017988606248,0.577017988606248,0.577017988606248,0.6274176916980828,0.6274176916980828,0.6274176916980828
931,624.0,0.5333333333333333,0.5333333333333333,0.5333333333333333,0.5155555555555554,0.5155555555555554,0.5155555555555554
932,676.0,0.054993266130283124,0.054993266130283124,0.054993266130283124,0.05847924614461624,0.05847924614461624,0.05847924614461624
933,728.0,0.11485607134039308,0.11485607134039308,0.11485607134039308,0.09871230641962628,0.09871230641962628,0.09871230641962628
934,780.0,0.36392708361986115,0.36392708361986115,0.36392708361986115,0.393374801407837,0.393374801407837,0.393374801407837
935,832.0,0.15488132179532013,0.15488132179532013,0.15488132179532013,0.1633606311432351,0.1633606311432351,0.1633606311432351
936,884.0,0.13170731707317074,0.13170731707317074,0.13170731707317074,0.11436049970255799,0.11436049970255799,0.11436049970255799
937,936.0,0.22185430463576158,0.22185430463576158,0.22185430463576158,0.22561510460067544,0.22561510460067544,0.22561510460067544
938,988.0,0.25420923424897085,0.25420923424897085,0.25420923424897085,0.28488463488383325,0.28488463488383325,0.28488463488383325
939,1040.0,0.38012211123091855,0.38012211123091855,0.38012211123091855,0.3075656590563536,0.3075656590563536,0.3075656590563536
940,52.0,0.1296546975989947,0.1296546975989947,0.1296546975989947,0.1259542668196379,0.1259542668196379,0.1259542668196379
941,104.0,0.11237542695542738,0.11237542695542738,0.11237542695542738,0.14960823772137652,0.14960823772137652,0.14960823772137652
942,156.0,1.2722873640252406,1.2722873640252406,1.2722873640252406,2.0939132333496446,2.0939132333496446,2.0939132333496446
943,208.0,0.1950938912050207,0.1950938912050207,0.1950938912050207,0.22948964222763682,0.22948964222763682,0.22948964222763682
944,260.0,0.4624505928853755,0.4624505928853755,0.4624505928853755,0.4620287772032058,0.4620287772032058,0.4620287772032058
945,312.0,0.09497591366199866,0.09497591366199866,0.09497591366199866,0.09834761994811142,0.09834761994811142,0.09834761994811142
946,364.0,0.13485963526385425,0.13485963526385425,0.13485963526385425,0.1320888887784438,0.1320888887784438,0.1320888887784438
947,416.0,0.13881909547738694,0.13881909547738694,0.13881909547738694,0.1383925753137547,0.1383925753137547,0.1383925753137547
948,468.0,0.47396950791828846,0.47396950791828846,0.47396950791828846,0.5553158759982112,0.5553158759982112,0.5553158759982112
949,520.0,0.2257266279835712,0.2257266279835712,0.2257266279835712,0.22862689073891979,0.22862689073891979,0.22862689073891979
950,572.0,0.08808290155440414,0.08808290155440414,0.08808290155440414,0.09759546117569153,0.09759546117569153,0.09759546117569153
951,624.0,0.02590483391740914,0.02590483391740914,0.02590483391740914,0.0256348672356945,0.0256348672356945,0.0256348672356945
952,676.0,0.033283656234475906,0.033283656234475906,0.033283656234475906,0.035156480393586736,0.035156480393586736,0.035156480393586736
953,728.0,0.7927890663161934,0.7927890663161934,0.7927890663161934,1.4077803051501145,1.4077803051501145,1.4077803051501145
954,780.0,0.25594869684712696,0.25594869684712696,0.25594869684712696,0.32046946724718767,0.32046946724718767,0.32046946724718767
955,832.0,0.07320812220903748,0.07320812220903748,0.07320812220903748,0.0737182986719584,0.0737182986719584,0.0737182986719584
956,884.0,0.20689655172413793,0.20689655172413793,0.20689655172413793,0.22320366910140987,0.22320366910140987,0.22320366910140987
957,936.0,0.18025192626645792,0.18025192626645792,0.18025192626645792,0.14517819296404513,0.14517819296404513,0.14517819296404513
958,988.0,0.28426914213956844,0.28426914213956844,0.28426914213956844,0.2598489565773463,0.2598489565773463,0.2598489565773463
959,1040.0,0.11617426139208813,0.11617426139208813,0.11617426139208813,0.12871686096997276,0.12871686096997276,0.12871686096997276
960,52.0,2.008641300968308,2.008641300968308,2.008641300968308,4.04280233508748,4.04280233508748,4.04280233508748
961,104.0,0.5587379988709029,0.5587379988709029,0.5587379988709029,0.5626003574382347,0.5626003574382347,0.5626003574382347
962,156.0,0.20266767278629913,0.20266767278629913,0.20266767278629913,0.22696929841041277,0.22696929841041277,0.22696929841041277
963,208.0,0.15492429274308034,0.15492429274308034,0.15492429274308034,0.14143828756665902,0.14143828756665902,0.14143828756665902
964,260.0,0.2283547747193065,0.2283547747193065,0.2283547747193065,0.24762449119624316,0.24762449119624316,0.24762449119624316
965,312.0,0.7491799849410574,0.7491799849410574,0.7491799849410574,0.8352174082147655,0.8352174082147655,0.8352174082147655
966,364.0,0.21714489023394512,0.21714489023394512,0.21714489023394512,0.19123524871449546,0.19123524871449546,0.19123524871449546
967,416.0,0.3038903228001229,0.3038903228001229,0.3038903228001229,0.36302404249037473,0.36302404249037473,0.36302404249037473
968,468.0,0.033947907521217444,0.033947907521217444,0.033947907521217444,0.035136682097611574,0.035136682097611574,0.035136682097611574
969,520.0,0.31666634830427715,0.31666634830427715,0.31666634830427715,0.3341307500127691,0.3341307500127691,0.3341307500127691
970,572.0,0.26522581133218204,0.26522581133218204,0.26522581133218204,0.3265197224303444,0.3265197224303444,0.3265197224303444
971,624.0,0.12430717996552341,0.12430717996552341,0.12430717996552341,0.14895196797748225,0.14895196797748225,0.14895196797748225
972,676.0,95.70217741519156,95.70217741519156,95.70217741519156,129.58393372693865,129.58393372693865,129.58393372693865
973,728.0,0.03305785123966942,0.03305785123966942,0.03305785123966942,0.032515993898413136,0.032515993898413136,0.032515993898413136
974,780.0,0.7443301929521877,0.7443301929521877,0.7443301929521877,1.3423455271213616,1.3423455271213616,1.3423455271213616
975,832.0,0.05289978160640621,0.05289978160640621,0.05289978160640621,0.05495458568546553,0.05495458568546553,0.05495458568546553
976,884.0,0.5752030006009365,0.5752030006009365,0.5752030006009365,1.5008926262928732,1.5008926262928732,1.5008926262928732
977,936.0,0.06772144186971595,0.06772144186971595,0.06772144186971595,0.056712336128425314,0.056712336128425314,0.056712336128425314
978,988.0,54.22084415121785,54.22084415121785,54.22084415121785,77.70480132398025,77.70480132398025,77.70480132398025
979,1040.0,0.0955137481910275,0.0955137481910275,0.0955137481910275,0.09796829612068335,0.09796829612068335,0.09796829612068335
980,52.0,0.16672952012776418,0.16672952012776418,0.16672952012776418,0.16559926653312823,0.16559926653312823,0.16559926653312823
981,104.0,0.11309310207715219,0.11309310207715219,0.11309310207715219,0.09463122802882039,0.09463122802882039,0.09463122802882039
982,156.0,0.1775633278524764,0.1775633278524764,0.1775633278524764,0.20446817789106492,0.20446817789106492,0.20446817789106492
983,208.0,0.2699155730739697,0.2699155730739697,0.2699155730739697,0.38459048754570213,0.38459048754570213,0.38459048754570213
984,260.0,0.3269486698449908,0.3269486698449908,0.3269486698449908,0.27551232753133525,0.27551232753133525,0.27551232753133525
985,312.0,0.03387742531567601,0.03387742531567601,0.03387742531567601,0.03334569855721454,0.03334569855721454,0.03334569855721454
986,364.0,0.47115014385878956,0.47115014385878956,0.47115014385878956,1.1001737954562207,1.1001737954562207,1.1001737954562207
987,416.0,0.11145295771792446,0.11145295771792446,0.11145295771792446,0.10884543956382442,0.10884543956382442,0.10884543956382442
988,468.0,0.11465677179962894,0.11465677179962894,0.11465677179962894,0.12971096753763067,0.12971096753763067,0.12971096753763067
989,520.0,57.54495600753726,57.54495600753726,57.54495600753726,55.738443706884176,55.738443706884176,55.738443706884176
990,572.0,0.13858267716535433,0.13858267716535433,0.13858267716535433,0.11937751875503748,0.11937751875503748,0.11937751875503748
991,624.0,0.07145740815502624,0.07145740815502624,0.07145740815502624,0.0667549611451596,0.0667549611451596,0.0667549611451596
992,676.0,0.1767527551700246,0.1767527551700246,0.1767527551700246,0.1941915785079301,0.1941915785079301,0.1941915785079301
993,728.0,0.0588754783632617,0.0588754783632617,0.0588754783632617,0.05835293032892188,0.05835293032892188,0.05835293032892188
994,780.0,0.14473684210526316,0.14473684210526316,0.14473684210526316,0.1650836352013637,0.1650836352013637,0.1650836352013637
995,832.0,0.057050162948226554,0.057050162948226554,0.057050162948226554,0.05968973296347647,0.05968973296347647,0.05968973296347647
996,884.0,0.23802338740098075,0.23802338740098075,0.23802338740098075,0.29302423332703925,0.29302423332703925,0.29302423332703925
997,936.0,0.4318368627848465,0.4318368627848465,0.4318368627848465,2.265217022006539,2.265217022006539,2.265217022006539
998,988.0,0.19157340355497038,0.19157340355497038,0.19157340355497038,0.1575063459944066,0.1575063459944066,0.1575063459944066
999,1040.0,0.07121119902617164,0.07121119902617164,0.07121119902617164,0.06918337779302368,0.06918337779302368,0.06918337779302368
