,time,meanH,meanB,meanC,varH,varB,varC
0,52.0,0.219359821837866,0.219359821837866,0.219359821837866,0.23691775047469274,0.23691775047469274,0.23691775047469274
1,104.0,0.35210689347159807,0.35210689347159807,0.35210689347159807,0.42167312645934996,0.42167312645934996,0.42167312645934996
2,156.0,0.28646838007319786,0.28646838007319786,0.28646838007319786,0.26977547934499685,0.26977547934499685,0.26977547934499685
3,208.0,0.36483978033279135,0.36483978033279135,0.36483978033279135,0.4889779841666183,0.4889779841666183,0.4889779841666183
4,260.0,0.16448406470208046,0.16448406470208046,0.16448406470208046,0.29875650497447714,0.29875650497447714,0.29875650497447714
5,312.0,0.05352112676056338,0.05352112676056338,0.05352112676056338,0.056290418567744485,0.056290418567744485,0.056290418567744485
6,364.0,0.342365123308303,0.342365123308303,0.342365123308303,0.4734587204265731,0.4734587204265731,0.4734587204265731
7,416.0,0.08211715809261277,0.08211715809261277,0.08211715809261277,0.08965385160947226,0.08965385160947226,0.08965385160947226
8,468.0,0.08922601063450548,0.08922601063450548,0.08922601063450548,0.09178101422628024,0.09178101422628024,0.09178101422628024
9,520.0,0.4076197410868818,0.4076197410868818,0.4076197410868818,0.44430569120609753,0.44430569120609753,0.44430569120609753
10,572.0,0.19367098711910913,0.19367098711910913,0.19367098711910913,0.4211113274364227,0.4211113274364227,0.4211113274364227
11,624.0,0.7199451600169673,0.7199451600169673,0.7199451600169673,0.48351929471691335,0.48351929471691335,0.48351929471691335
12,676.0,0.0011248593925759281,0.0011248593925759281,0.0011248593925759281,0.0011235940839228618,0.0011235940839228618,0.0011235940839228618
13,728.0,0.38184324532904523,0.38184324532904523,0.38184324532904523,0.48051615098615685,0.48051615098615685,0.48051615098615685
14,780.0,0.31809592556890337,0.31809592556890337,0.31809592556890337,0.46329762616100095,0.46329762616100095,0.46329762616100095
15,832.0,0.2604406528327921,0.2604406528327921,0.2604406528327921,0.307508297219577,0.307508297219577,0.307508297219577
16,884.0,0.3205350567634162,0.3205350567634162,0.3205350567634162,0.36170916650332896,0.36170916650332896,0.36170916650332896
17,936.0,0.17609850117201348,0.17609850117201348,0.17609850117201348,0.1262673478849614,0.1262673478849614,0.1262673478849614
18,988.0,0.2011738396888255,0.2011738396888255,0.2011738396888255,0.21855433963010065,0.21855433963010065,0.21855433963010065
19,1040.0,64.38938414932099,64.38938414932099,64.38938414932099,892.1091813894437,892.1091813894437,892.1091813894437
20,52.0,0.35766295331934395,0.35766295331934395,0.35766295331934395,0.4343611635591797,0.4343611635591797,0.4343611635591797
21,104.0,0.27450895733364644,0.27450895733364644,0.27450895733364644,0.26889234753281027,0.26889234753281027,0.26889234753281027
22,156.0,0.20978415874742948,0.20978415874742948,0.20978415874742948,0.21719279028823435,0.21719279028823435,0.21719279028823435
23,208.0,0.1434872096442223,0.1434872096442223,0.1434872096442223,0.12407475498195221,0.12407475498195221,0.12407475498195221
24,260.0,0.0787139689578714,0.0787139689578714,0.0787139689578714,0.10134291375165314,0.10134291375165314,0.10134291375165314
25,312.0,0.008928571428571428,0.008928571428571428,0.008928571428571428,0.008848852040816327,0.008848852040816327,0.008848852040816327
26,364.0,0.47157555338827173,0.47157555338827173,0.47157555338827173,0.7303930051594558,0.7303930051594558,0.7303930051594558
27,416.0,0.0137524557956778,0.0137524557956778,0.0137524557956778,0.014349180372161601,0.014349180372161601,0.014349180372161601
28,468.0,0.1672009637357553,0.1672009637357553,0.1672009637357553,0.1904529002527567,0.1904529002527567,0.1904529002527567
29,520.0,0.23895899053627762,0.23895899053627762,0.23895899053627762,0.22759891629929638,0.22759891629929638,0.22759891629929638
30,572.0,0.12514484356894554,0.12514484356894554,0.12514484356894554,0.11180110880017831,0.11180110880017831,0.11180110880017831
31,624.0,0.34742818791630053,0.34742818791630053,0.34742818791630053,0.6094910723139035,0.6094910723139035,0.6094910723139035
32,676.0,0.2372023474062088,0.2372023474062088,0.2372023474062088,0.2474159829936414,0.2474159829936414,0.2474159829936414
33,728.0,0.0607661822985469,0.0607661822985469,0.0607661822985469,0.08481473661065633,0.08481473661065633,0.08481473661065633
34,780.0,0.17977357274476882,0.17977357274476882,0.17977357274476882,0.1996570382608969,0.1996570382608969,0.1996570382608969
35,832.0,0.051233489233153504,0.051233489233153504,0.051233489233153504,0.061868350846428194,0.061868350846428194,0.061868350846428194
36,884.0,0.2799024093876733,0.2799024093876733,0.2799024093876733,0.3189272806056532,0.3189272806056532,0.3189272806056532
37,936.0,0.013505578391074574,0.013505578391074574,0.013505578391074574,0.013323177743397118,0.013323177743397118,0.013323177743397118
38,988.0,0.37240180001993467,0.37240180001993467,0.37240180001993467,0.3459852732918354,0.3459852732918354,0.3459852732918354
39,1040.0,3.566690491861117,3.566690491861117,3.566690491861117,124.18079680500684,124.18079680500684,124.18079680500684
40,52.0,0.2057119851254973,0.2057119851254973,0.2057119851254973,0.22371554553761822,0.22371554553761822,0.22371554553761822
41,104.0,0.09710859150008992,0.09710859150008992,0.09710859150008992,0.10296249697918938,0.10296249697918938,0.10296249697918938
42,156.0,0.07028789283257539,0.07028789283257539,0.07028789283257539,0.06697870350334892,0.06697870350334892,0.06697870350334892
43,208.0,0.335916370834307,0.335916370834307,0.335916370834307,0.35655104989873193,0.35655104989873193,0.35655104989873193
44,260.0,0.44430460413372036,0.44430460413372036,0.44430460413372036,0.4567548323137428,0.4567548323137428,0.4567548323137428
45,312.0,39.59981277790779,39.59981277790779,39.59981277790779,34.61494964901062,34.61494964901062,34.61494964901062
46,364.0,0.038593481989708404,0.038593481989708404,0.038593481989708404,0.044822721535560134,0.044822721535560134,0.044822721535560134
47,416.0,0.4069591953307842,0.4069591953307842,0.4069591953307842,0.31927915145409363,0.31927915145409363,0.31927915145409363
48,468.0,0.08041843739784243,0.08041843739784243,0.08041843739784243,0.0739513123243317,0.0739513123243317,0.0739513123243317
49,520.0,0.0507098823768635,0.0507098823768635,0.0507098823768635,0.04409320330647254,0.04409320330647254,0.04409320330647254
50,572.0,0.37591275760021853,0.37591275760021853,0.37591275760021853,0.326356614671219,0.326356614671219,0.326356614671219
51,624.0,0.13519012385827278,0.13519012385827278,0.13519012385827278,0.13401462060757902,0.13401462060757902,0.13401462060757902
52,676.0,0.15792068896292483,0.15792068896292483,0.15792068896292483,0.17241033856658902,0.17241033856658902,0.17241033856658902
53,728.0,0.0757418551566715,0.0757418551566715,0.0757418551566715,0.13516377316202838,0.13516377316202838,0.13516377316202838
54,780.0,0.44108356297074425,0.44108356297074425,0.44108356297074425,0.4466623324171572,0.4466623324171572,0.4466623324171572
55,832.0,0.16711590296495957,0.16711590296495957,0.16711590296495957,0.18770569815679924,0.18770569815679924,0.18770569815679924
56,884.0,0.39606780185237417,0.39606780185237417,0.39606780185237417,0.47856255271054626,0.47856255271054626,0.47856255271054626
57,936.0,0.31090320926639364,0.31090320926639364,0.31090320926639364,0.2655057262501681,0.2655057262501681,0.2655057262501681
58,988.0,0.1630233614155385,0.1630233614155385,0.1630233614155385,0.18705448380160603,0.18705448380160603,0.18705448380160603
59,1040.0,1.9439602741333633,1.9439602741333633,1.9439602741333633,1.4436833008390793,1.4436833008390793,1.4436833008390793
60,52.0,0.7457565121242113,0.7457565121242113,0.7457565121242113,0.8582024645310411,0.8582024645310411,0.8582024645310411
61,104.0,0.12290952726342741,0.12290952726342741,0.12290952726342741,0.15826423613289028,0.15826423613289028,0.15826423613289028
62,156.0,1.1947758935743324,1.1947758935743324,1.1947758935743324,2.828453844786561,2.828453844786561,2.828453844786561
63,208.0,0.8591312691333696,0.8591312691333696,0.8591312691333696,10.05004440238239,10.05004440238239,10.05004440238239
64,260.0,0.20324940091284924,0.20324940091284924,0.20324940091284924,0.19100138345240686,0.19100138345240686,0.19100138345240686
65,312.0,0.2677725024336238,0.2677725024336238,0.2677725024336238,0.3383173967651631,0.3383173967651631,0.3383173967651631
66,364.0,0.12638751705430262,0.12638751705430262,0.12638751705430262,0.13487467459729,0.13487467459729,0.13487467459729
67,416.0,0.12832023943135054,0.12832023943135054,0.12832023943135054,0.20014446609616413,0.20014446609616413,0.20014446609616413
68,468.0,0.14097744360902256,0.14097744360902256,0.14097744360902256,0.12486220249872802,0.12486220249872802,0.12486220249872802
69,520.0,0.04090419806243272,0.04090419806243272,0.04090419806243272,0.04138389717290373,0.04138389717290373,0.04138389717290373
70,572.0,0.4497736921775603,0.4497736921775603,0.4497736921775603,0.5687035637270091,0.5687035637270091,0.5687035637270091
71,624.0,0.25762142041727293,0.25762142041727293,0.25762142041727293,0.3421180633267956,0.3421180633267956,0.3421180633267956
72,676.0,0.7183908045977011,0.7183908045977011,0.7183908045977011,1.38621350244418,1.38621350244418,1.38621350244418
73,728.0,0.3202614379084967,0.3202614379084967,0.3202614379084967,0.3985219360075185,0.3985219360075185,0.3985219360075185
74,780.0,0.03450517383499813,0.03450517383499813,0.03450517383499813,0.03165818678449999,0.03165818678449999,0.03165818678449999
75,832.0,0.07232267037552156,0.07232267037552156,0.07232267037552156,0.06848292230941984,0.06848292230941984,0.06848292230941984
76,884.0,0.38879294516520646,0.38879294516520646,0.38879294516520646,0.7048995710130105,0.7048995710130105,0.7048995710130105
77,936.0,0.013856812933025405,0.013856812933025405,0.013856812933025405,0.013664801668364542,0.013664801668364542,0.013664801668364542
78,988.0,0.483010324967516,0.483010324967516,0.483010324967516,0.6029061766952419,0.6029061766952419,0.6029061766952419
79,1040.0,0.2128956585176983,0.2128956585176983,0.2128956585176983,0.28393875308522654,0.28393875308522654,0.28393875308522654
80,52.0,0.324870254856088,0.324870254856088,0.324870254856088,0.4140841123410849,0.4140841123410849,0.4140841123410849
81,104.0,0.08802366979596908,0.08802366979596908,0.08802366979596908,0.10422787826934889,0.10422787826934889,0.10422787826934889
82,156.0,0.09843400447427293,0.09843400447427293,0.09843400447427293,0.1081332672702431,0.1081332672702431,0.1081332672702431
83,208.0,0.19684255835427952,0.19684255835427952,0.19684255835427952,0.18106804439412855,0.18106804439412855,0.18106804439412855
84,260.0,0.29898563277356305,0.29898563277356305,0.29898563277356305,0.3035534561444958,0.3035534561444958,0.3035534561444958
85,312.0,0.09260009413307854,0.09260009413307854,0.09260009413307854,0.09058153930417844,0.09058153930417844,0.09058153930417844
86,364.0,0.2687380168988564,0.2687380168988564,0.2687380168988564,0.29042419314673384,0.29042419314673384,0.29042419314673384
87,416.0,0.3403199614082149,0.3403199614082149,0.3403199614082149,0.5826260449239413,0.5826260449239413,0.5826260449239413
88,468.0,0.1630879345603272,0.1630879345603272,0.1630879345603272,0.15591766302415935,0.15591766302415935,0.15591766302415935
89,520.0,0.10572126080240102,0.10572126080240102,0.10572126080240102,0.10264410939957434,0.10264410939957434,0.10264410939957434
90,572.0,0.2333068362480127,0.2333068362480127,0.2333068362480127,0.22895424766391756,0.22895424766391756,0.22895424766391756
91,624.0,0.16259584077588402,0.16259584077588402,0.16259584077588402,0.14173138604013105,0.14173138604013105,0.14173138604013105
92,676.0,0.10806257521058965,0.10806257521058965,0.10806257521058965,0.12093379151153914,0.12093379151153914,0.12093379151153914
93,728.0,0.4211286470982303,0.4211286470982303,0.4211286470982303,0.48270323140742755,0.48270323140742755,0.48270323140742755
94,780.0,0.051742919389978215,0.051742919389978215,0.051742919389978215,0.05124423892045318,0.05124423892045318,0.05124423892045318
95,832.0,0.16149068322981366,0.16149068322981366,0.16149068322981366,0.13671905932803924,0.13671905932803924,0.13671905932803924
96,884.0,0.05107465619178274,0.05107465619178274,0.05107465619178274,0.05283893872767776,0.05283893872767776,0.05283893872767776
97,936.0,0.15883668903803133,0.15883668903803133,0.15883668903803133,0.1425561411147646,0.1425561411147646,0.1425561411147646
98,988.0,0.2697443555445931,0.2697443555445931,0.2697443555445931,0.2964946261781637,0.2964946261781637,0.2964946261781637
99,1040.0,119.60394241138438,119.60394241138438,119.60394241138438,1006.0014013396793,1006.0014013396793,1006.0014013396793
100,52.0,0.2502335911271456,0.2502335911271456,0.2502335911271456,0.3245857147333263,0.3245857147333263,0.3245857147333263
101,104.0,0.10353542967671332,0.10353542967671332,0.10353542967671332,0.10770568815318451,0.10770568815318451,0.10770568815318451
102,156.0,0.3922946063556288,0.3922946063556288,0.3922946063556288,0.8971081629375404,0.8971081629375404,0.8971081629375404
103,208.0,0.06557377049180328,0.06557377049180328,0.06557377049180328,0.07029024455791454,0.07029024455791454,0.07029024455791454
104,260.0,0.07560627674750357,0.07560627674750357,0.07560627674750357,0.06988996766388347,0.06988996766388347,0.06988996766388347
105,312.0,0.06498194945848375,0.06498194945848375,0.06498194945848375,0.060759295703058824,0.060759295703058824,0.060759295703058824
106,364.0,0.013119916032537392,0.013119916032537392,0.013119916032537392,0.013472580477138061,0.013472580477138061,0.013472580477138061
107,416.0,0.12051282051282051,0.12051282051282051,0.12051282051282051,0.10598948060486522,0.10598948060486522,0.10598948060486522
108,468.0,1.248912656294861,1.248912656294861,1.248912656294861,1.4518314173547393,1.4518314173547393,1.4518314173547393
109,520.0,0.10616040294459511,0.10616040294459511,0.10616040294459511,0.09566526524338666,0.09566526524338666,0.09566526524338666
110,572.0,0.32648912619020554,0.32648912619020554,0.32648912619020554,0.19429383068958853,0.19429383068958853,0.19429383068958853
111,624.0,0.20110916520723876,0.20110916520723876,0.20110916520723876,0.20327956368132297,0.20327956368132297,0.20327956368132297
112,676.0,0.007900677200902935,0.007900677200902935,0.007900677200902935,0.007838256500670066,0.007838256500670066,0.007838256500670066
113,728.0,0.11324583099772068,0.11324583099772068,0.11324583099772068,0.10469481032868183,0.10469481032868183,0.10469481032868183
114,780.0,0.10338396896083554,0.10338396896083554,0.10338396896083554,0.10224833977842729,0.10224833977842729,0.10224833977842729
115,832.0,22.48025821299975,22.48025821299975,22.48025821299975,88.6632181883237,88.6632181883237,88.6632181883237
116,884.0,89.091894592653,89.091894592653,89.091894592653,1217.8516010404205,1217.8516010404205,1217.8516010404205
117,936.0,156.42391893325225,156.42391893325225,156.42391893325225,412.09147416543925,412.09147416543925,412.09147416543925
118,988.0,0.5450879419150096,0.5450879419150096,0.5450879419150096,0.8502904637770221,0.8502904637770221,0.8502904637770221
119,1040.0,0.024193548387096774,0.024193548387096774,0.024193548387096774,0.023608220603537976,0.023608220603537976,0.023608220603537976
120,52.0,0.5851317273059027,0.5851317273059027,0.5851317273059027,0.6090467857269753,0.6090467857269753,0.6090467857269753
121,104.0,0.3432528419071792,0.3432528419071792,0.3432528419071792,0.32627938327035433,0.32627938327035433,0.32627938327035433
122,156.0,0.3011785246617198,0.3011785246617198,0.3011785246617198,0.3239575809617693,0.3239575809617693,0.3239575809617693
123,208.0,0.2119423777112751,0.2119423777112751,0.2119423777112751,0.5209819389149144,0.5209819389149144,0.5209819389149144
124,260.0,0.12304989796617158,0.12304989796617158,0.12304989796617158,0.11554566178113938,0.11554566178113938,0.11554566178113938
125,312.0,0.11569638521134394,0.11569638521134394,0.11569638521134394,0.09694965698187885,0.09694965698187885,0.09694965698187885
126,364.0,0.3381375575322669,0.3381375575322669,0.3381375575322669,0.3703978180946834,0.3703978180946834,0.3703978180946834
127,416.0,0.19783287494314605,0.19783287494314605,0.19783287494314605,0.2795227521320818,0.2795227521320818,0.2795227521320818
128,468.0,0.12383177570093458,0.12383177570093458,0.12383177570093458,0.18139466328937023,0.18139466328937023,0.18139466328937023
129,520.0,22.54964425008335,22.54964425008335,22.54964425008335,52.006104654172844,52.006104654172844,52.006104654172844
130,572.0,95.64823308522789,95.64823308522789,95.64823308522789,87.30357354770692,87.30357354770692,87.30357354770692
131,624.0,12.262652335385724,12.262652335385724,12.262652335385724,52.03392660295411,52.03392660295411,52.03392660295411
132,676.0,0.18742490989187024,0.18742490989187024,0.18742490989187024,0.24040253991614124,0.24040253991614124,0.24040253991614124
133,728.0,71.81371573732166,71.81371573732166,71.81371573732166,188.0920865577122,188.0920865577122,188.0920865577122
134,780.0,83.96009481949501,83.96009481949501,83.96009481949501,344.42471752782495,344.42471752782495,344.42471752782495
135,832.0,0.028999286902781078,0.028999286902781078,0.028999286902781078,0.03148611528354189,0.03148611528354189,0.03148611528354189
136,884.0,0.39376515152923264,0.39376515152923264,0.39376515152923264,0.45545234871822593,0.45545234871822593,0.45545234871822593
137,936.0,0.26513954713006843,0.26513954713006843,0.26513954713006843,0.2464466761558771,0.2464466761558771,0.2464466761558771
138,988.0,0.2008044321603143,0.2008044321603143,0.2008044321603143,0.2892472444747588,0.2892472444747588,0.2892472444747588
139,1040.0,0.07278371852362883,0.07278371852362883,0.07278371852362883,0.067486248841502,0.067486248841502,0.067486248841502
140,52.0,0.015333333333333332,0.015333333333333332,0.015333333333333332,0.015098222222222221,0.015098222222222221,0.015098222222222221
141,104.0,16.223843828587277,16.223843828587277,16.223843828587277,24.903096548860617,24.903096548860617,24.903096548860617
142,156.0,0.054031107208539896,0.054031107208539896,0.054031107208539896,0.05397909391016117,0.05397909391016117,0.05397909391016117
143,208.0,0.4247412574003991,0.4247412574003991,0.4247412574003991,0.7707259110109265,0.7707259110109265,0.7707259110109265
144,260.0,0.2626151249990612,0.2626151249990612,0.2626151249990612,0.2409672846045251,0.2409672846045251,0.2409672846045251
145,312.0,0.2691354608182558,0.2691354608182558,0.2691354608182558,0.3968173870084491,0.3968173870084491,0.3968173870084491
146,364.0,0.34805095021479404,0.34805095021479404,0.34805095021479404,0.34215519983683385,0.34215519983683385,0.34215519983683385
147,416.0,0.2962962962962963,0.2962962962962963,0.2962962962962963,0.4801097393689986,0.4801097393689986,0.4801097393689986
148,468.0,0.6058239397060655,0.6058239397060655,0.6058239397060655,0.5810018868096253,0.5810018868096253,0.5810018868096253
149,520.0,0.9173358930698512,0.9173358930698512,0.9173358930698512,14.542291157133828,14.542291157133828,14.542291157133828
150,572.0,0.07458532551383733,0.07458532551383733,0.07458532551383733,0.07487995867827245,0.07487995867827245,0.07487995867827245
151,624.0,0.2847322669879908,0.2847322669879908,0.2847322669879908,0.34711336954702965,0.34711336954702965,0.34711336954702965
152,676.0,0.19050659855257557,0.19050659855257557,0.19050659855257557,0.18529088852606318,0.18529088852606318,0.18529088852606318
153,728.0,59.227846522197545,59.227846522197545,59.227846522197545,124.35141564826358,124.35141564826358,124.35141564826358
154,780.0,0.02393349040909731,0.02393349040909731,0.02393349040909731,0.023011748949448185,0.023011748949448185,0.023011748949448185
155,832.0,0.0774186579997553,0.0774186579997553,0.0774186579997553,0.08029377686928627,0.08029377686928627,0.08029377686928627
156,884.0,163.42846882012356,163.42846882012356,163.42846882012356,146.10560097420048,146.10560097420048,146.10560097420048
157,936.0,0.1673469387755102,0.1673469387755102,0.1673469387755102,0.13934194085797585,0.13934194085797585,0.13934194085797585
158,988.0,0.17731550272412086,0.17731550272412086,0.17731550272412086,0.14686530461850653,0.14686530461850653,0.14686530461850653
159,1040.0,0.10774287801314829,0.10774287801314829,0.10774287801314829,0.09686481044051179,0.09686481044051179,0.09686481044051179
160,52.0,0.2559657811796488,0.2559657811796488,0.2559657811796488,0.2350218160285321,0.2350218160285321,0.2350218160285321
161,104.0,0.14285714285714285,0.14285714285714285,0.14285714285714285,0.19387755102040813,0.19387755102040813,0.19387755102040813
162,156.0,0.88657819924915,0.88657819924915,0.88657819924915,1.243687000484059,1.243687000484059,1.243687000484059
163,208.0,0.20930232558139536,0.20930232558139536,0.20930232558139536,0.19207293517731588,0.19207293517731588,0.19207293517731588
164,260.0,0.17400204708290687,0.17400204708290687,0.17400204708290687,0.42622277584023105,0.42622277584023105,0.42622277584023105
165,312.0,0.35774144514616657,0.35774144514616657,0.35774144514616657,0.37906810616476544,0.37906810616476544,0.37906810616476544
166,364.0,0.017041053446940357,0.017041053446940357,0.017041053446940357,0.016750655944358882,0.016750655944358882,0.016750655944358882
167,416.0,45.11390347267325,45.11390347267325,45.11390347267325,42.439291355904416,42.439291355904416,42.439291355904416
168,468.0,0.7837289390927548,0.7837289390927548,0.7837289390927548,0.9103004381473209,0.9103004381473209,0.9103004381473209
169,520.0,0.020695958279963407,0.020695958279963407,0.020695958279963407,0.020434480279911092,0.020434480279911092,0.020434480279911092
170,572.0,0.29093427612251155,0.29093427612251155,0.29093427612251155,0.2959620078267911,0.2959620078267911,0.2959620078267911
171,624.0,0.2829912023460411,0.2829912023460411,0.2829912023460411,0.2820860673712816,0.2820860673712816,0.2820860673712816
172,676.0,0.30794608546405505,0.30794608546405505,0.30794608546405505,0.38577153747080056,0.38577153747080056,0.38577153747080056
173,728.0,0.19393575502851995,0.19393575502851995,0.19393575502851995,0.16773266353995087,0.16773266353995087,0.16773266353995087
174,780.0,0.11445650972082759,0.11445650972082759,0.11445650972082759,0.15328883551129746,0.15328883551129746,0.15328883551129746
175,832.0,80.91849668979324,80.91849668979324,80.91849668979324,512.6960926908872,512.6960926908872,512.6960926908872
176,884.0,0.3698304216786444,0.3698304216786444,0.3698304216786444,0.47752092469465296,0.47752092469465296,0.47752092469465296
177,936.0,0.15575686732904734,0.15575686732904734,0.15575686732904734,0.18059076262817583,0.18059076262817583,0.18059076262817583
178,988.0,0.09929906542056074,0.09929906542056074,0.09929906542056074,0.10579390121407985,0.10579390121407985,0.10579390121407985
179,1040.0,0.313915137820183,0.313915137820183,0.313915137820183,0.33377238934866577,0.33377238934866577,0.33377238934866577
180,52.0,0.04682143420334392,0.04682143420334392,0.04682143420334392,0.04996399474245505,0.04996399474245505,0.04996399474245505
181,104.0,0.23859073672432224,0.23859073672432224,0.23859073672432224,0.24859123303229375,0.24859123303229375,0.24859123303229375
182,156.0,0.4862826836768625,0.4862826836768625,0.4862826836768625,0.7546888489370228,0.7546888489370228,0.7546888489370228
183,208.0,0.040451799317047545,0.040451799317047545,0.040451799317047545,0.045644975809081875,0.045644975809081875,0.045644975809081875
184,260.0,0.09089575181486305,0.09089575181486305,0.09089575181486305,0.09031815395925348,0.09031815395925348,0.09031815395925348
185,312.0,0.20378145614388604,0.20378145614388604,0.20378145614388604,0.18063672245661458,0.18063672245661458,0.18063672245661458
186,364.0,0.5170455004319393,0.5170455004319393,0.5170455004319393,0.5965602070872589,0.5965602070872589,0.5965602070872589
187,416.0,0.2088681446907818,0.2088681446907818,0.2088681446907818,0.22241843885688453,0.22241843885688453,0.22241843885688453
188,468.0,0.40935793877472126,0.40935793877472126,0.40935793877472126,1.374452197864499,1.374452197864499,1.374452197864499
189,520.0,25.340425531914892,25.340425531914892,25.340425531914892,22.484861395893805,22.484861395893805,22.484861395893805
190,572.0,0.8825852197343648,0.8825852197343648,0.8825852197343648,0.9316272627463703,0.9316272627463703,0.9316272627463703
191,624.0,0.05190465582535086,0.05190465582535086,0.05190465582535086,0.056784632477766384,0.056784632477766384,0.056784632477766384
192,676.0,0.24591857794028033,0.24591857794028033,0.24591857794028033,0.3040596315787722,0.3040596315787722,0.3040596315787722
193,728.0,0.46851797117184435,0.46851797117184435,0.46851797117184435,0.5089367428296836,0.5089367428296836,0.5089367428296836
194,780.0,0.09523809523809523,0.09523809523809523,0.09523809523809523,0.08616780045351473,0.08616780045351473,0.08616780045351473
195,832.0,141.91746870248488,141.91746870248488,141.91746870248488,165.73611231672598,165.73611231672598,165.73611231672598
196,884.0,0.059195831955397675,0.059195831955397675,0.059195831955397675,0.06364988437525375,0.06364988437525375,0.06364988437525375
197,936.0,0.16424311483346707,0.16424311483346707,0.16424311483346707,0.14769895252272103,0.14769895252272103,0.14769895252272103
198,988.0,0.4419983786725783,0.4419983786725783,0.4419983786725783,0.47006406213301355,0.47006406213301355,0.47006406213301355
199,1040.0,0.1697546766393027,0.1697546766393027,0.1697546766393027,0.18998063143706154,0.18998063143706154,0.18998063143706154
200,52.0,0.5301585097827223,0.5301585097827223,0.5301585097827223,0.6351039386231956,0.6351039386231956,0.6351039386231956
201,104.0,0.12015467774477102,0.12015467774477102,0.12015467774477102,0.11786521859425507,0.11786521859425507,0.11786521859425507
202,156.0,0.27904160192420535,0.27904160192420535,0.27904160192420535,0.32214897590197006,0.32214897590197006,0.32214897590197006
203,208.0,0.09234219990490683,0.09234219990490683,0.09234219990490683,0.0872325140999042,0.0872325140999042,0.0872325140999042
204,260.0,0.20399248336966058,0.20399248336966058,0.20399248336966058,0.22443327509131927,0.22443327509131927,0.22443327509131927
205,312.0,0.17930190571139756,0.17930190571139756,0.17930190571139756,0.17730608757727667,0.17730608757727667,0.17730608757727667
206,364.0,0.3136701891650421,0.3136701891650421,0.3136701891650421,0.202064293841847,0.202064293841847,0.202064293841847
207,416.0,0.09280936454849498,0.09280936454849498,0.09280936454849498,0.09255699041397747,0.09255699041397747,0.09255699041397747
208,468.0,0.1950523311132255,0.1950523311132255,0.1950523311132255,0.20077475939275813,0.20077475939275813,0.20077475939275813
209,520.0,0.23185538669396166,0.23185538669396166,0.23185538669396166,0.21436009404998888,0.21436009404998888,0.21436009404998888
210,572.0,0.1522035438437074,0.1522035438437074,0.1522035438437074,0.13630704807467425,0.13630704807467425,0.13630704807467425
211,624.0,0.24095780619674192,0.24095780619674192,0.24095780619674192,0.5580955617971085,0.5580955617971085,0.5580955617971085
212,676.0,0.3653514415219879,0.3653514415219879,0.3653514415219879,0.47464073375309224,0.47464073375309224,0.47464073375309224
213,728.0,0.11547156168490408,0.11547156168490408,0.11547156168490408,0.09320033205777237,0.09320033205777237,0.09320033205777237
214,780.0,0.7329355232006175,0.7329355232006175,0.7329355232006175,0.8825528223662573,0.8825528223662573,0.8825528223662573
215,832.0,0.31768661405625925,0.31768661405625925,0.31768661405625925,0.3606938449195086,0.3606938449195086,0.3606938449195086
216,884.0,0.1160601571509569,0.1160601571509569,0.1160601571509569,0.1578529119702488,0.1578529119702488,0.1578529119702488
217,936.0,0.009897360703812317,0.009897360703812317,0.009897360703812317,0.009799402954910951,0.009799402954910951,0.009799402954910951
218,988.0,0.022358201929865852,0.022358201929865852,0.022358201929865852,0.022329011724326362,0.022329011724326362,0.022329011724326362
219,1040.0,107.69513108614233,107.69513108614233,107.69513108614233,95.23439576933329,95.23439576933329,95.23439576933329
220,52.0,0.050093632958801496,0.050093632958801496,0.050093632958801496,0.06350186389204505,0.06350186389204505,0.06350186389204505
221,104.0,0.4435483870967742,0.4435483870967742,0.4435483870967742,0.48874869927159204,0.48874869927159204,0.48874869927159204
222,156.0,0.10526315789473684,0.10526315789473684,0.10526315789473684,0.13466865544427875,0.13466865544427875,0.13466865544427875
223,208.0,4.271219733493083,4.271219733493083,4.271219733493083,40.54473487796427,40.54473487796427,40.54473487796427
224,260.0,0.06871084124796659,0.06871084124796659,0.06871084124796659,0.06784902488263744,0.06784902488263744,0.06784902488263744
225,312.0,0.005050505050505051,0.005050505050505051,0.005050505050505051,0.0050249974492398725,0.0050249974492398725,0.0050249974492398725
226,364.0,0.31356973462715304,0.31356973462715304,0.31356973462715304,0.3271583652920759,0.3271583652920759,0.3271583652920759
227,416.0,0.4356890328137076,0.4356890328137076,0.4356890328137076,0.4709570437780686,0.4709570437780686,0.4709570437780686
228,468.0,0.27811589064557146,0.27811589064557146,0.27811589064557146,0.45091254957703414,0.45091254957703414,0.45091254957703414
229,520.0,0.09781310919334567,0.09781310919334567,0.09781310919334567,0.12505716547710696,0.12505716547710696,0.12505716547710696
230,572.0,46.399196521039514,46.399196521039514,46.399196521039514,449.2014872818095,449.2014872818095,449.2014872818095
231,624.0,1.117953182892888,1.117953182892888,1.117953182892888,16.716765297674584,16.716765297674584,16.716765297674584
232,676.0,0.12947414935925763,0.12947414935925763,0.12947414935925763,0.11801328954385218,0.11801328954385218,0.11801328954385218
233,728.0,0.4265702666064166,0.4265702666064166,0.4265702666064166,0.5121182414476018,0.5121182414476018,0.5121182414476018
234,780.0,0.33049315738949403,0.33049315738949403,0.33049315738949403,0.32782522355368654,0.32782522355368654,0.32782522355368654
235,832.0,0.10242243943901402,0.10242243943901402,0.10242243943901402,0.10468176459634408,0.10468176459634408,0.10468176459634408
236,884.0,0.35443268700160663,0.35443268700160663,0.35443268700160663,0.4140642165053494,0.4140642165053494,0.4140642165053494
237,936.0,0.1688195991091314,0.1688195991091314,0.1688195991091314,0.19466252647556315,0.19466252647556315,0.19466252647556315
238,988.0,0.3017754885440238,0.3017754885440238,0.3017754885440238,0.2624218125409879,0.2624218125409879,0.2624218125409879
239,1040.0,0.5747286061557529,0.5747286061557529,0.5747286061557529,0.6485926265696039,0.6485926265696039,0.6485926265696039
240,52.0,0.02461139896373057,0.02461139896373057,0.02461139896373057,0.02400567800477866,0.02400567800477866,0.02400567800477866
241,104.0,0.2628750102941008,0.2628750102941008,0.2628750102941008,0.27721252486575365,0.27721252486575365,0.27721252486575365
242,156.0,0.14423839284755982,0.14423839284755982,0.14423839284755982,0.1633572890072505,0.1633572890072505,0.1633572890072505
243,208.0,5.981757768875476,5.981757768875476,5.981757768875476,39.74877279063991,39.74877279063991,39.74877279063991
244,260.0,0.259631931228805,0.259631931228805,0.259631931228805,0.32934011574103694,0.32934011574103694,0.32934011574103694
245,312.0,0.23750471849779994,0.23750471849779994,0.23750471849779994,0.2306156486479186,0.2306156486479186,0.2306156486479186
246,364.0,0.24820721536335513,0.24820721536335513,0.24820721536335513,0.3363557157485999,0.3363557157485999,0.3363557157485999
247,416.0,0.128464081898504,0.128464081898504,0.128464081898504,0.13838133314835338,0.13838133314835338,0.13838133314835338
248,468.0,0.31010248544908275,0.31010248544908275,0.31010248544908275,0.29366433941327036,0.29366433941327036,0.29366433941327036
249,520.0,0.6853137832767714,0.6853137832767714,0.6853137832767714,0.7071784518229711,0.7071784518229711,0.7071784518229711
250,572.0,0.24037970297497363,0.24037970297497363,0.24037970297497363,0.2323308137049182,0.2323308137049182,0.2323308137049182
251,624.0,110.58547215496368,110.58547215496368,110.58547215496368,92.46158070927308,92.46158070927308,92.46158070927308
252,676.0,0.24167972378352093,0.24167972378352093,0.24167972378352093,0.25168971862424006,0.25168971862424006,0.25168971862424006
253,728.0,0.09211946743432889,0.09211946743432889,0.09211946743432889,0.08363347115394452,0.08363347115394452,0.08363347115394452
254,780.0,0.17788617886178862,0.17788617886178862,0.17788617886178862,0.15339715777645582,0.15339715777645582,0.15339715777645582
255,832.0,0.1681012658227848,0.1681012658227848,0.1681012658227848,0.1444001922768787,0.1444001922768787,0.1444001922768787
256,884.0,0.36016592243852824,0.36016592243852824,0.36016592243852824,1.2518908158449527,1.2518908158449527,1.2518908158449527
257,936.0,80.47865171870357,80.47865171870357,80.47865171870357,79.49570742402268,79.49570742402268,79.49570742402268
258,988.0,0.06466346153846154,0.06466346153846154,0.06466346153846154,0.07250132904955621,0.07250132904955621,0.07250132904955621
259,1040.0,0.10748118568040803,0.10748118568040803,0.10748118568040803,0.1117777296857027,0.1117777296857027,0.1117777296857027
260,52.0,0.2982488748941989,0.2982488748941989,0.2982488748941989,0.43062302013185405,0.43062302013185405,0.43062302013185405
261,104.0,0.1797203458176841,0.1797203458176841,0.1797203458176841,0.22304606272641847,0.22304606272641847,0.22304606272641847
262,156.0,0.02885858439870288,0.02885858439870288,0.02885858439870288,0.02915893249960394,0.02915893249960394,0.02915893249960394
263,208.0,0.2552043115397781,0.2552043115397781,0.2552043115397781,0.31711163349423,0.31711163349423,0.31711163349423
264,260.0,0.010958904109589041,0.010958904109589041,0.010958904109589041,0.010838806530305879,0.010838806530305879,0.010838806530305879
265,312.0,0.25139018298801014,0.25139018298801014,0.25139018298801014,0.5163655869064885,0.5163655869064885,0.5163655869064885
266,364.0,0.12228915662650602,0.12228915662650602,0.12228915662650602,0.10974415735230077,0.10974415735230077,0.10974415735230077
267,416.0,0.0729309683830853,0.0729309683830853,0.0729309683830853,0.0690045868246552,0.0690045868246552,0.0690045868246552
268,468.0,0.3086067610286297,0.3086067610286297,0.3086067610286297,0.3242566207918987,0.3242566207918987,0.3242566207918987
269,520.0,0.2963827759687069,0.2963827759687069,0.2963827759687069,0.2702795707333668,0.2702795707333668,0.2702795707333668
270,572.0,3.311669404032144,3.311669404032144,3.311669404032144,54.191159442672934,54.191159442672934,54.191159442672934
271,624.0,1.1851475670449172,1.1851475670449172,1.1851475670449172,2.8481913375881596,2.8481913375881596,2.8481913375881596
272,676.0,0.05638646440571942,0.05638646440571942,0.05638646440571942,0.05727479551280619,0.05727479551280619,0.05727479551280619
273,728.0,0.41127098321342925,0.41127098321342925,0.41127098321342925,0.4099928690141412,0.4099928690141412,0.4099928690141412
274,780.0,0.06865936667653152,0.06865936667653152,0.06865936667653152,0.07045606005653883,0.07045606005653883,0.07045606005653883
275,832.0,0.09623430962343096,0.09623430962343096,0.09623430962343096,0.09813086839049272,0.09813086839049272,0.09813086839049272
276,884.0,0.20142296368989204,0.20142296368989204,0.20142296368989204,0.189801704320559,0.189801704320559,0.189801704320559
277,936.0,0.3698630136986301,0.3698630136986301,0.3698630136986301,0.9179958716457123,0.9179958716457123,0.9179958716457123
278,988.0,151.28358695260133,151.28358695260133,151.28358695260133,324.06147344105256,324.06147344105256,324.06147344105256
279,1040.0,0.4519621202830203,0.4519621202830203,0.4519621202830203,3.074038176168666,3.074038176168666,3.074038176168666
280,52.0,0.021417643175422107,0.021417643175422107,0.021417643175422107,0.02210152913797171,0.02210152913797171,0.02210152913797171
281,104.0,0.5161557805609505,0.5161557805609505,0.5161557805609505,0.6262164832580083,0.6262164832580083,0.6262164832580083
282,156.0,0.31703801799311737,0.31703801799311737,0.31703801799311737,0.2939476792972555,0.2939476792972555,0.2939476792972555
283,208.0,0.11385180411618613,0.11385180411618613,0.11385180411618613,0.140925730912202,0.140925730912202,0.140925730912202
284,260.0,0.6989031385660295,0.6989031385660295,0.6989031385660295,0.7861090202290562,0.7861090202290562,0.7861090202290562
285,312.0,0.11671177266576455,0.11671177266576455,0.11671177266576455,0.11932829446221625,0.11932829446221625,0.11932829446221625
286,364.0,0.1695461246190621,0.1695461246190621,0.1695461246190621,0.19888116272778902,0.19888116272778902,0.19888116272778902
287,416.0,36.71115033015461,36.71115033015461,36.71115033015461,85.55754058592144,85.55754058592144,85.55754058592144
288,468.0,0.01644349685190814,0.01644349685190814,0.01644349685190814,0.016139350231555966,0.016139350231555966,0.016139350231555966
289,520.0,0.08029197080291971,0.08029197080291971,0.08029197080291971,0.0738451702275028,0.0738451702275028,0.0738451702275028
290,572.0,0.050888811432554894,0.050888811432554894,0.050888811432554894,0.04969335431538758,0.04969335431538758,0.04969335431538758
291,624.0,0.8274969138072471,0.8274969138072471,0.8274969138072471,0.9036554246172454,0.9036554246172454,0.9036554246172454
292,676.0,0.24278645221608386,0.24278645221608386,0.24278645221608386,0.2547770261637088,0.2547770261637088,0.2547770261637088
293,728.0,0.21105958167779038,0.21105958167779038,0.21105958167779038,0.21417073374354706,0.21417073374354706,0.21417073374354706
294,780.0,97.58546800928343,97.58546800928343,97.58546800928343,100.93821010149901,100.93821010149901,100.93821010149901
295,832.0,4.276632897704149,4.276632897704149,4.276632897704149,167.86002921046855,167.86002921046855,167.86002921046855
296,884.0,0.11275722614788013,0.11275722614788013,0.11275722614788013,0.0931370724986498,0.0931370724986498,0.0931370724986498
297,936.0,0.016206634591035704,0.016206634591035704,0.016206634591035704,0.01645043691723822,0.01645043691723822,0.01645043691723822
298,988.0,0.2428694900605013,0.2428694900605013,0.2428694900605013,0.27895736671823607,0.27895736671823607,0.27895736671823607
299,1040.0,11.008445567850723,11.008445567850723,11.008445567850723,853.488809290949,853.488809290949,853.488809290949
300,52.0,0.08497516242958263,0.08497516242958263,0.08497516242958263,0.07498525447248182,0.07498525447248182,0.07498525447248182
301,104.0,0.0503290471142,0.0503290471142,0.0503290471142,0.058601297467101715,0.058601297467101715,0.058601297467101715
302,156.0,0.3388217886775035,0.3388217886775035,0.3388217886775035,0.5061025086477572,0.5061025086477572,0.5061025086477572
303,208.0,0.13752543960960167,0.13752543960960167,0.13752543960960167,0.11517554020809903,0.11517554020809903,0.11517554020809903
304,260.0,0.36979000385694394,0.36979000385694394,0.36979000385694394,0.26215991731022,0.26215991731022,0.26215991731022
305,312.0,0.08195329430224216,0.08195329430224216,0.08195329430224216,0.08210878268381333,0.08210878268381333,0.08210878268381333
306,364.0,0.07834019314285892,0.07834019314285892,0.07834019314285892,0.07014047972035421,0.07014047972035421,0.07014047972035421
307,416.0,0.21859063582127736,0.21859063582127736,0.21859063582127736,0.2828949847308868,0.2828949847308868,0.2828949847308868
308,468.0,0.2737363678682256,0.2737363678682256,0.2737363678682256,0.2303187266131255,0.2303187266131255,0.2303187266131255
309,520.0,0.21207815275310835,0.21207815275310835,0.21207815275310835,0.20333546813726264,0.20333546813726264,0.20333546813726264
310,572.0,0.034036433365292426,0.034036433365292426,0.034036433365292426,0.03287795456906244,0.03287795456906244,0.03287795456906244
311,624.0,0.11518227427497205,0.11518227427497205,0.11518227427497205,0.10352303393291289,0.10352303393291289,0.10352303393291289
312,676.0,0.11885752794483544,0.11885752794483544,0.11885752794483544,0.11603703841279787,0.11603703841279787,0.11603703841279787
313,728.0,0.22990350399130424,0.22990350399130424,0.22990350399130424,0.25552531938154743,0.25552531938154743,0.25552531938154743
314,780.0,44.248189784373366,44.248189784373366,44.248189784373366,129.07123874830586,129.07123874830586,129.07123874830586
315,832.0,0.015527950310559006,0.015527950310559006,0.015527950310559006,0.01632202975708242,0.01632202975708242,0.01632202975708242
316,884.0,0.142692750287687,0.142692750287687,0.142692750287687,0.15685396888875358,0.15685396888875358,0.15685396888875358
317,936.0,0.05317919075144509,0.05317919075144509,0.05317919075144509,0.05035116442246651,0.05035116442246651,0.05035116442246651
318,988.0,0.17339449541284405,0.17339449541284405,0.17339449541284405,0.15250315629997474,0.15250315629997474,0.15250315629997474
319,1040.0,0.2794042116076014,0.2794042116076014,0.2794042116076014,0.3271721155035772,0.3271721155035772,0.3271721155035772
320,52.0,0.31704469797969054,0.31704469797969054,0.31704469797969054,0.545096200438825,0.545096200438825,0.545096200438825
321,104.0,0.2311697970063188,0.2311697970063188,0.2311697970063188,0.9210197678303506,0.9210197678303506,0.9210197678303506
322,156.0,0.17724370636841386,0.17724370636841386,0.17724370636841386,0.19312687125533973,0.19312687125533973,0.19312687125533973
323,208.0,0.056351619213279004,0.056351619213279004,0.056351619213279004,0.04916717178966369,0.04916717178966369,0.04916717178966369
324,260.0,0.04067796610169491,0.04067796610169491,0.04067796610169491,0.03902326917552427,0.03902326917552427,0.03902326917552427
325,312.0,0.11691542288557213,0.11691542288557213,0.11691542288557213,0.11761878831382061,0.11761878831382061,0.11761878831382061
326,364.0,0.6456051269626792,0.6456051269626792,0.6456051269626792,0.6685603802103014,0.6685603802103014,0.6685603802103014
327,416.0,0.33918685108371327,0.33918685108371327,0.33918685108371327,0.3478195391991037,0.3478195391991037,0.3478195391991037
328,468.0,0.3885717208967684,0.3885717208967684,0.3885717208967684,0.3924354995384094,0.3924354995384094,0.3924354995384094
329,520.0,0.049586776859504134,0.049586776859504134,0.049586776859504134,0.05539239123010722,0.05539239123010722,0.05539239123010722
330,572.0,0.3497208478528302,0.3497208478528302,0.3497208478528302,0.41102208135190016,0.41102208135190016,0.41102208135190016
331,624.0,0.08163265306122448,0.08163265306122448,0.08163265306122448,0.07496876301541025,0.07496876301541025,0.07496876301541025
332,676.0,0.31790930774986637,0.31790930774986637,0.31790930774986637,0.3759990238953713,0.3759990238953713,0.3759990238953713
333,728.0,0.007770472205618649,0.007770472205618649,0.007770472205618649,0.007710091967320355,0.007710091967320355,0.007710091967320355
334,780.0,0.18128776830534338,0.18128776830534338,0.18128776830534338,0.1574798159609422,0.1574798159609422,0.1574798159609422
335,832.0,0.856537535719117,0.856537535719117,0.856537535719117,0.6270932255150168,0.6270932255150168,0.6270932255150168
336,884.0,0.2615791323922006,0.2615791323922006,0.2615791323922006,0.2975017254750932,0.2975017254750932,0.2975017254750932
337,936.0,0.4039007726962569,0.4039007726962569,0.4039007726962569,0.42435761013263706,0.42435761013263706,0.42435761013263706
338,988.0,0.12638580931263857,0.12638580931263857,0.12638580931263857,0.15254103962124077,0.15254103962124077,0.15254103962124077
339,1040.0,0.08907363420427554,0.08907363420427554,0.08907363420427554,0.0858901157181465,0.0858901157181465,0.0858901157181465
340,52.0,0.1495800537839814,0.1495800537839814,0.1495800537839814,0.15410803708478418,0.15410803708478418,0.15410803708478418
341,104.0,0.6526054304286883,0.6526054304286883,0.6526054304286883,2.2049516144784067,2.2049516144784067,2.2049516144784067
342,156.0,0.23299184157897979,0.23299184157897979,0.23299184157897979,0.2780323669919057,0.2780323669919057,0.2780323669919057
343,208.0,0.23102690946819446,0.23102690946819446,0.23102690946819446,0.24448142284922458,0.24448142284922458,0.24448142284922458
344,260.0,0.07477567298105683,0.07477567298105683,0.07477567298105683,0.07716034349593295,0.07716034349593295,0.07716034349593295
345,312.0,0.89350111599455,0.89350111599455,0.89350111599455,0.9420576409379988,0.9420576409379988,0.9420576409379988
346,364.0,0.4241103485213365,0.4241103485213365,0.4241103485213365,0.49622880315388346,0.49622880315388346,0.49622880315388346
347,416.0,0.16673594294969846,0.16673594294969846,0.16673594294969846,0.20009845493872516,0.20009845493872516,0.20009845493872516
348,468.0,0.3331017505426487,0.3331017505426487,0.3331017505426487,1.5553621886696856,1.5553621886696856,1.5553621886696856
349,520.0,0.6885115802652669,0.6885115802652669,0.6885115802652669,0.7619477600420193,0.7619477600420193,0.7619477600420193
350,572.0,0.08742740293897101,0.08742740293897101,0.08742740293897101,0.10025684825005142,0.10025684825005142,0.10025684825005142
351,624.0,0.21017903964149812,0.21017903964149812,0.21017903964149812,0.18536070579554226,0.18536070579554226,0.18536070579554226
352,676.0,0.13756252842201,0.13756252842201,0.13756252842201,0.1782116121656853,0.1782116121656853,0.1782116121656853
353,728.0,0.1305923129564737,0.1305923129564737,0.1305923129564737,0.12298432981538117,0.12298432981538117,0.12298432981538117
354,780.0,0.2350838566510746,0.2350838566510746,0.2350838566510746,0.1972493526236439,0.1972493526236439,0.1972493526236439
355,832.0,0.1111111111111111,0.1111111111111111,0.1111111111111111,0.09876543209876543,0.09876543209876543,0.09876543209876543
356,884.0,0.2681992337164751,0.2681992337164751,0.2681992337164751,0.37557874957795684,0.37557874957795684,0.37557874957795684
357,936.0,0.046730887476942,0.046730887476942,0.046730887476942,0.048646312288431484,0.048646312288431484,0.048646312288431484
358,988.0,19.380189377717063,19.380189377717063,19.380189377717063,596.6206067635483,596.6206067635483,596.6206067635483
359,1040.0,0.5403343606948098,0.5403343606948098,0.5403343606948098,0.48302882495634913,0.48302882495634913,0.48302882495634913
360,52.0,0.4104332621432425,0.4104332621432425,0.4104332621432425,1.0960790493215005,1.0960790493215005,1.0960790493215005
361,104.0,0.14176543184451343,0.14176543184451343,0.14176543184451343,0.13977754795334257,0.13977754795334257,0.13977754795334257
362,156.0,0.05271084337349398,0.05271084337349398,0.05271084337349398,0.05595650674989113,0.05595650674989113,0.05595650674989113
363,208.0,0.28074485627894624,0.28074485627894624,0.28074485627894624,0.2832817169481783,0.2832817169481783,0.2832817169481783
364,260.0,0.2559572745043501,0.2559572745043501,0.2559572745043501,0.2559406552594885,0.2559406552594885,0.2559406552594885
365,312.0,0.15628285242177728,0.15628285242177728,0.15628285242177728,0.13977118335800975,0.13977118335800975,0.13977118335800975
366,364.0,0.7640257046428095,0.7640257046428095,0.7640257046428095,0.8261217301798456,0.8261217301798456,0.8261217301798456
367,416.0,0.49627668752164034,0.49627668752164034,0.49627668752164034,0.9512597226743985,0.9512597226743985,0.9512597226743985
368,468.0,0.08718487394957983,0.08718487394957983,0.08718487394957983,0.09639039439305135,0.09639039439305135,0.09639039439305135
369,520.0,0.041666666666666664,0.041666666666666664,0.041666666666666664,0.03993055555555557,0.03993055555555557,0.03993055555555557
370,572.0,0.03125,0.03125,0.03125,0.0302734375,0.0302734375,0.0302734375
371,624.0,0.02337228714524207,0.02337228714524207,0.02337228714524207,0.02282602333884242,0.02282602333884242,0.02282602333884242
372,676.0,0.8964277912266284,0.8964277912266284,0.8964277912266284,5.014219012430249,5.014219012430249,5.014219012430249
373,728.0,0.19988665074151035,0.19988665074151035,0.19988665074151035,0.19711789974771254,0.19711789974771254,0.19711789974771254
374,780.0,0.07037619095608906,0.07037619095608906,0.07037619095608906,0.05762663624872798,0.05762663624872798,0.05762663624872798
375,832.0,0.21151281867641925,0.21151281867641925,0.21151281867641925,0.20413353565167144,0.20413353565167144,0.20413353565167144
376,884.0,0.033547318285359284,0.033547318285359284,0.033547318285359284,0.037806033223808606,0.037806033223808606,0.037806033223808606
377,936.0,0.059728268549464995,0.059728268549464995,0.059728268549464995,0.06096649818335761,0.06096649818335761,0.06096649818335761
378,988.0,0.22703225542837147,0.22703225542837147,0.22703225542837147,0.24759555721623733,0.24759555721623733,0.24759555721623733
379,1040.0,0.31554271310509524,0.31554271310509524,0.31554271310509524,0.7282652908043992,0.7282652908043992,0.7282652908043992
380,52.0,0.5540904008412011,0.5540904008412011,0.5540904008412011,0.6877289433232979,0.6877289433232979,0.6877289433232979
381,104.0,0.255125284738041,0.255125284738041,0.255125284738041,0.3039315902262857,0.3039315902262857,0.3039315902262857
382,156.0,0.9487155498420501,0.9487155498420501,0.9487155498420501,1.0117324838732478,1.0117324838732478,1.0117324838732478
383,208.0,0.6586884527360547,0.6586884527360547,0.6586884527360547,0.7237611804102417,0.7237611804102417,0.7237611804102417
384,260.0,0.15195558785445426,0.15195558785445426,0.15195558785445426,0.16089997734492162,0.16089997734492162,0.16089997734492162
385,312.0,0.1435740104944082,0.1435740104944082,0.1435740104944082,0.1690524720582166,0.1690524720582166,0.1690524720582166
386,364.0,0.003185635679119606,0.003185635679119606,0.003185635679119606,0.003175487404439526,0.003175487404439526,0.003175487404439526
387,416.0,0.3278084714548803,0.3278084714548803,0.3278084714548803,0.5407920664475715,0.5407920664475715,0.5407920664475715
388,468.0,0.09428950863213811,0.09428950863213811,0.09428950863213811,0.08539899719404807,0.08539899719404807,0.08539899719404807
389,520.0,0.6469147894221352,0.6469147894221352,0.6469147894221352,0.738700079908599,0.738700079908599,0.738700079908599
390,572.0,81.57029521719892,81.57029521719892,81.57029521719892,84.3594554078474,84.3594554078474,84.3594554078474
391,624.0,0.4837371092442713,0.4837371092442713,0.4837371092442713,0.5758475061713859,0.5758475061713859,0.5758475061713859
392,676.0,0.12632700410748732,0.12632700410748732,0.12632700410748732,0.6123094930352911,0.6123094930352911,0.6123094930352911
393,728.0,0.020579036334747274,0.020579036334747274,0.020579036334747274,0.019547697611851714,0.019547697611851714,0.019547697611851714
394,780.0,0.26285753559222463,0.26285753559222463,0.26285753559222463,0.2022001583443789,0.2022001583443789,0.2022001583443789
395,832.0,0.19908224496999646,0.19908224496999646,0.19908224496999646,0.24487031903880055,0.24487031903880055,0.24487031903880055
396,884.0,0.1875,0.1875,0.1875,0.17507102272727273,0.17507102272727273,0.17507102272727273
397,936.0,0.5382661503614103,0.5382661503614103,0.5382661503614103,0.6390323172724223,0.6390323172724223,0.6390323172724223
398,988.0,0.07334109429569266,0.07334109429569266,0.07334109429569266,0.06796217818320298,0.06796217818320298,0.06796217818320298
399,1040.0,1.0737146292384694,1.0737146292384694,1.0737146292384694,1.0281690582543173,1.0281690582543173,1.0281690582543173
400,52.0,0.8363427147413948,0.8363427147413948,0.8363427147413948,0.9188891268664185,0.9188891268664185,0.9188891268664185
401,104.0,0.28714291123803376,0.28714291123803376,0.28714291123803376,1.4343922259354203,1.4343922259354203,1.4343922259354203
402,156.0,0.03205128205128205,0.03205128205128205,0.03205128205128205,0.031023997370151202,0.031023997370151202,0.031023997370151202
403,208.0,0.328960411286415,0.328960411286415,0.328960411286415,0.34379121939616386,0.34379121939616386,0.34379121939616386
404,260.0,0.128099173553719,0.128099173553719,0.128099173553719,0.11444459622521232,0.11444459622521232,0.11444459622521232
405,312.0,0.7581361192845776,0.7581361192845776,0.7581361192845776,1.7619338645808253,1.7619338645808253,1.7619338645808253
406,364.0,0.19101495165358437,0.19101495165358437,0.19101495165358437,0.23541831011386527,0.23541831011386527,0.23541831011386527
407,416.0,0.03900709219858156,0.03900709219858156,0.03900709219858156,0.037485538956792915,0.037485538956792915,0.037485538956792915
408,468.0,0.3266153812772348,0.3266153812772348,0.3266153812772348,0.41638384604992407,0.41638384604992407,0.41638384604992407
409,520.0,0.31467827064405773,0.31467827064405773,0.31467827064405773,0.34305486159650234,0.34305486159650234,0.34305486159650234
410,572.0,0.11037234042553191,0.11037234042553191,0.11037234042553191,0.10882858476686284,0.10882858476686284,0.10882858476686284
411,624.0,0.15012886597938144,0.15012886597938144,0.15012886597938144,0.13661080813582738,0.13661080813582738,0.13661080813582738
412,676.0,0.09869987672880363,0.09869987672880363,0.09869987672880363,0.10946374698555818,0.10946374698555818,0.10946374698555818
413,728.0,0.023491724506139882,0.023491724506139882,0.023491724506139882,0.025075474704607498,0.025075474704607498,0.025075474704607498
414,780.0,0.6931622673310674,0.6931622673310674,0.6931622673310674,0.8119060519892729,0.8119060519892729,0.8119060519892729
415,832.0,0.39153388655999544,0.39153388655999544,0.39153388655999544,0.9923270973384093,0.9923270973384093,0.9923270973384093
416,884.0,0.3843002358418142,0.3843002358418142,0.3843002358418142,0.5185076968565502,0.5185076968565502,0.5185076968565502
417,936.0,0.09303193070042759,0.09303193070042759,0.09303193070042759,0.09952093873899633,0.09952093873899633,0.09952093873899633
418,988.0,0.3136083850985457,0.3136083850985457,0.3136083850985457,0.7908556452513984,0.7908556452513984,0.7908556452513984
419,1040.0,0.2958900077405334,0.2958900077405334,0.2958900077405334,0.26302311294233705,0.26302311294233705,0.26302311294233705
420,52.0,0.03587736464448793,0.03587736464448793,0.03587736464448793,0.034590179350654386,0.034590179350654386,0.034590179350654386
421,104.0,0.24136506236450164,0.24136506236450164,0.24136506236450164,0.31735269594495275,0.31735269594495275,0.31735269594495275
422,156.0,1.227846541481849,1.227846541481849,1.227846541481849,1.0213372158174203,1.0213372158174203,1.0213372158174203
423,208.0,0.29098794686989315,0.29098794686989315,0.29098794686989315,0.3078966852888431,0.3078966852888431,0.3078966852888431
424,260.0,0.010403662089055347,0.010403662089055347,0.010403662089055347,0.0102954259041921,0.0102954259041921,0.0102954259041921
425,312.0,0.08648680178450886,0.08648680178450886,0.08648680178450886,0.08477429402443265,0.08477429402443265,0.08477429402443265
426,364.0,0.3047700607024968,0.3047700607024968,0.3047700607024968,0.606614689851181,0.606614689851181,0.606614689851181
427,416.0,0.20572453999860124,0.20572453999860124,0.20572453999860124,0.20873253734025718,0.20873253734025718,0.20873253734025718
428,468.0,0.21318579904227833,0.21318579904227833,0.21318579904227833,0.2536489550383576,0.2536489550383576,0.2536489550383576
429,520.0,0.15810343582101516,0.15810343582101516,0.15810343582101516,0.22573872227775682,0.22573872227775682,0.22573872227775682
430,572.0,0.11979823455233292,0.11979823455233292,0.11979823455233292,0.1079686856463157,0.1079686856463157,0.1079686856463157
431,624.0,0.3576161252951935,0.3576161252951935,0.3576161252951935,0.28312655774761747,0.28312655774761747,0.28312655774761747
432,676.0,0.20624303232998886,0.20624303232998886,0.20624303232998886,0.27518956412369233,0.27518956412369233,0.27518956412369233
433,728.0,0.06360912652684951,0.06360912652684951,0.06360912652684951,0.06325049114510016,0.06325049114510016,0.06325049114510016
434,780.0,1.1723327866668949,1.1723327866668949,1.1723327866668949,0.6951419252588249,0.6951419252588249,0.6951419252588249
435,832.0,0.10586319218241043,0.10586319218241043,0.10586319218241043,0.10442816369404449,0.10442816369404449,0.10442816369404449
436,884.0,0.663127953265306,0.663127953265306,0.663127953265306,0.8902007404125676,0.8902007404125676,0.8902007404125676
437,936.0,0.3021939120380548,0.3021939120380548,0.3021939120380548,0.35268558848358006,0.35268558848358006,0.35268558848358006
438,988.0,23.426249658484227,23.426249658484227,23.426249658484227,25.866561554040675,25.866561554040675,25.866561554040675
439,1040.0,125.6108047501186,125.6108047501186,125.6108047501186,1064.866764532352,1064.866764532352,1064.866764532352
440,52.0,0.13218348849366027,0.13218348849366027,0.13218348849366027,0.22968040197430403,0.22968040197430403,0.22968040197430403
441,104.0,1.426970358954363,1.426970358954363,1.426970358954363,0.8733273044093676,0.8733273044093676,0.8733273044093676
442,156.0,0.05321507760532151,0.05321507760532151,0.05321507760532151,0.06368700252211151,0.06368700252211151,0.06368700252211151
443,208.0,0.2951024475746678,0.2951024475746678,0.2951024475746678,0.3385506730085687,0.3385506730085687,0.3385506730085687
444,260.0,0.041848299912816043,0.041848299912816043,0.041848299912816043,0.04009701970722305,0.04009701970722305,0.04009701970722305
445,312.0,0.23210675293166194,0.23210675293166194,0.23210675293166194,0.21786119038302712,0.21786119038302712,0.21786119038302712
446,364.0,0.011278195488721804,0.011278195488721804,0.011278195488721804,0.011150997795239979,0.011150997795239979,0.011150997795239979
447,416.0,0.24028683413211818,0.24028683413211818,0.24028683413211818,0.23067802588657613,0.23067802588657613,0.23067802588657613
448,468.0,0.7863564942584628,0.7863564942584628,0.7863564942584628,0.8446242086062878,0.8446242086062878,0.8446242086062878
449,520.0,0.30159890125665584,0.30159890125665584,0.30159890125665584,0.20550896723352305,0.20550896723352305,0.20550896723352305
450,572.0,0.373596426014084,0.373596426014084,0.373596426014084,0.34121542752844153,0.34121542752844153,0.34121542752844153
451,624.0,0.8342749546079684,0.8342749546079684,0.8342749546079684,2.0927768940096128,2.0927768940096128,2.0927768940096128
452,676.0,0.1121911705143783,0.1121911705143783,0.1121911705143783,0.1085148018499462,0.1085148018499462,0.1085148018499462
453,728.0,0.15416114000398057,0.15416114000398057,0.15416114000398057,0.17340392799527402,0.17340392799527402,0.17340392799527402
454,780.0,0.15141835317562072,0.15141835317562072,0.15141835317562072,0.21460512118451122,0.21460512118451122,0.21460512118451122
455,832.0,2.5499999340582633,2.5499999340582633,2.5499999340582633,62.4569233404148,62.4569233404148,62.4569233404148
456,884.0,0.20282719633118879,0.20282719633118879,0.20282719633118879,0.18257097213236848,0.18257097213236848,0.18257097213236848
457,936.0,5.763686016542474,5.763686016542474,5.763686016542474,460.302618429938,460.302618429938,460.302618429938
458,988.0,0.07508892700070781,0.07508892700070781,0.07508892700070781,0.07372305233023271,0.07372305233023271,0.07372305233023271
459,1040.0,0.41460213411058006,0.41460213411058006,0.41460213411058006,0.41449229450579805,0.41449229450579805,0.41449229450579805
460,52.0,0.1962382445141066,0.1962382445141066,0.1962382445141066,0.17277581784770193,0.17277581784770193,0.17277581784770193
461,104.0,0.21515106987965046,0.21515106987965046,0.21515106987965046,0.26766630798747704,0.26766630798747704,0.26766630798747704
462,156.0,0.1282051282051282,0.1282051282051282,0.1282051282051282,0.1345605960990576,0.1345605960990576,0.1345605960990576
463,208.0,0.31998814175661366,0.31998814175661366,0.31998814175661366,0.4037563926227353,0.4037563926227353,0.4037563926227353
464,260.0,0.0102880658436214,0.0102880658436214,0.0102880658436214,0.01223983471354299,0.01223983471354299,0.01223983471354299
465,312.0,0.18150087260034903,0.18150087260034903,0.18150087260034903,0.15379390793990172,0.15379390793990172,0.15379390793990172
466,364.0,0.2647058823529412,0.2647058823529412,0.2647058823529412,0.19463667820069208,0.19463667820069208,0.19463667820069208
467,416.0,0.17982332338993096,0.17982332338993096,0.17982332338993096,0.2213278657414754,0.2213278657414754,0.2213278657414754
468,468.0,0.05970149253731343,0.05970149253731343,0.05970149253731343,0.06040161665022438,0.06040161665022438,0.06040161665022438
469,520.0,0.07797342817007599,0.07797342817007599,0.07797342817007599,0.07292797751643611,0.07292797751643611,0.07292797751643611
470,572.0,0.4684790299256625,0.4684790299256625,0.4684790299256625,0.47504466004176193,0.47504466004176193,0.47504466004176193
471,624.0,0.2801022494897305,0.2801022494897305,0.2801022494897305,0.2681578688905437,0.2681578688905437,0.2681578688905437
472,676.0,0.041217361890669456,0.041217361890669456,0.041217361890669456,0.04041307690272113,0.04041307690272113,0.04041307690272113
473,728.0,0.4770988532600297,0.4770988532600297,0.4770988532600297,2.2485092465956393,2.2485092465956393,2.2485092465956393
474,780.0,132.3274613314028,132.3274613314028,132.3274613314028,198.70846764775445,198.70846764775445,198.70846764775445
475,832.0,0.31271288362628363,0.31271288362628363,0.31271288362628363,0.3993103620281767,0.3993103620281767,0.3993103620281767
476,884.0,0.2822691509680277,0.2822691509680277,0.2822691509680277,0.34617588474180033,0.34617588474180033,0.34617588474180033
477,936.0,0.06740116655865197,0.06740116655865197,0.06740116655865197,0.06329030806517619,0.06329030806517619,0.06329030806517619
478,988.0,0.25776059219211733,0.25776059219211733,0.25776059219211733,0.23289807249546657,0.23289807249546657,0.23289807249546657
479,1040.0,0.5373690929472464,0.5373690929472464,0.5373690929472464,0.6383518759853081,0.6383518759853081,0.6383518759853081
480,52.0,0.3349961841154632,0.3349961841154632,0.3349961841154632,0.3802390693222497,0.3802390693222497,0.3802390693222497
481,104.0,2.9613208008207437,2.9613208008207437,2.9613208008207437,12.457261565996655,12.457261565996655,12.457261565996655
482,156.0,0.06683870967741935,0.06683870967741935,0.06683870967741935,0.07888742559833506,0.07888742559833506,0.07888742559833506
483,208.0,0.06717539634725114,0.06717539634725114,0.06717539634725114,0.06712849436873905,0.06712849436873905,0.06712849436873905
484,260.0,9.5337636439499,9.5337636439499,9.5337636439499,40.25089098445513,40.25089098445513,40.25089098445513
485,312.0,0.5257173419537695,0.5257173419537695,0.5257173419537695,0.5314353243203297,0.5314353243203297,0.5314353243203297
486,364.0,0.2,0.2,0.2,0.26000000000000006,0.26000000000000006,0.26000000000000006
487,416.0,1.5964416792342635,1.5964416792342635,1.5964416792342635,9.655205972096168,9.655205972096168,9.655205972096168
488,468.0,0.04127579737335835,0.04127579737335835,0.04127579737335835,0.041917321684401716,0.041917321684401716,0.041917321684401716
489,520.0,0.07260013210037541,0.07260013210037541,0.07260013210037541,0.07459389984325263,0.07459389984325263,0.07459389984325263
490,572.0,0.28456592460661223,0.28456592460661223,0.28456592460661223,0.39105298505417635,0.39105298505417635,0.39105298505417635
491,624.0,0.2732276881426319,0.2732276881426319,0.2732276881426319,0.3486630302382763,0.3486630302382763,0.3486630302382763
492,676.0,0.1523408149571804,0.1523408149571804,0.1523408149571804,0.19492429095307884,0.19492429095307884,0.19492429095307884
493,728.0,0.7898795646580185,0.7898795646580185,0.7898795646580185,0.9119655801784248,0.9119655801784248,0.9119655801784248
494,780.0,0.15372670807453417,0.15372670807453417,0.15372670807453417,0.13061240564278642,0.13061240564278642,0.13061240564278642
495,832.0,0.14541387024608501,0.14541387024608501,0.14541387024608501,0.16602855727219495,0.16602855727219495,0.16602855727219495
496,884.0,0.13452914798206278,0.13452914798206278,0.13452914798206278,0.2599288141728167,0.2599288141728167,0.2599288141728167
497,936.0,0.2503340588683904,0.2503340588683904,0.2503340588683904,0.2496701141930368,0.2496701141930368,0.2496701141930368
498,988.0,44.36176800198727,44.36176800198727,44.36176800198727,158.72542012178906,158.72542012178906,158.72542012178906
499,1040.0,0.24148384663913483,0.24148384663913483,0.24148384663913483,0.46064626346015136,0.46064626346015136,0.46064626346015136
500,52.0,3.033520708140771,3.033520708140771,3.033520708140771,4.5991261775301275,4.5991261775301275,4.5991261775301275
501,104.0,10.774628467818468,10.774628467818468,10.774628467818468,10.210326633380106,10.210326633380106,10.210326633380106
502,156.0,0.2246029581099379,0.2246029581099379,0.2246029581099379,0.2957582792383229,0.2957582792383229,0.2957582792383229
503,208.0,0.2669970290753326,0.2669970290753326,0.2669970290753326,0.28823952294653093,0.28823952294653093,0.28823952294653093
504,260.0,0.4505117731862023,0.4505117731862023,0.4505117731862023,1.030308058675354,1.030308058675354,1.030308058675354
505,312.0,0.1935860058309038,0.1935860058309038,0.1935860058309038,0.16777227175751597,0.16777227175751597,0.16777227175751597
506,364.0,0.20105288754057077,0.20105288754057077,0.20105288754057077,0.45202660212365575,0.45202660212365575,0.45202660212365575
507,416.0,0.0007293946024799417,0.0007293946024799417,0.0007293946024799417,0.0007288625859938148,0.0007288625859938148,0.0007288625859938148
508,468.0,0.1680983615739979,0.1680983615739979,0.1680983615739979,0.22922829438200604,0.22922829438200604,0.22922829438200604
509,520.0,0.2297569601163111,0.2297569601163111,0.2297569601163111,0.20841901566749096,0.20841901566749096,0.20841901566749096
510,572.0,28.871710494422867,28.871710494422867,28.871710494422867,46.87703496818591,46.87703496818591,46.87703496818591
511,624.0,0.292087652408434,0.292087652408434,0.292087652408434,0.342415999767172,0.342415999767172,0.342415999767172
512,676.0,0.0024437927663734115,0.0024437927663734115,0.0024437927663734115,0.002437820643288432,0.002437820643288432,0.002437820643288432
513,728.0,0.24950461250646144,0.24950461250646144,0.24950461250646144,1.355819834915969,1.355819834915969,1.355819834915969
514,780.0,0.11263736263736264,0.11263736263736264,0.11263736263736264,0.09995018717546192,0.09995018717546192,0.09995018717546192
515,832.0,0.7345188859037906,0.7345188859037906,0.7345188859037906,0.8169633983136141,0.8169633983136141,0.8169633983136141
516,884.0,0.2796610169491525,0.2796610169491525,0.2796610169491525,0.252298190175237,0.252298190175237,0.252298190175237
517,936.0,0.635760331909329,0.635760331909329,0.635760331909329,0.8642541577033193,0.8642541577033193,0.8642541577033193
518,988.0,0.16984006092916984,0.16984006092916984,0.16984006092916984,0.2049700429648097,0.2049700429648097,0.2049700429648097
519,1040.0,0.10975609756097561,0.10975609756097561,0.10975609756097561,0.10990481856038072,0.10990481856038072,0.10990481856038072
520,52.0,5.686446771778668,5.686446771778668,5.686446771778668,6.634054662370132,6.634054662370132,6.634054662370132
521,104.0,0.031073446327683617,0.031073446327683617,0.031073446327683617,0.03293274601806632,0.03293274601806632,0.03293274601806632
522,156.0,0.21071176885130374,0.21071176885130374,0.21071176885130374,0.18886341163739268,0.18886341163739268,0.18886341163739268
523,208.0,1.4152061602171249,1.4152061602171249,1.4152061602171249,2.4660476242345952,2.4660476242345952,2.4660476242345952
524,260.0,0.04484304932735426,0.04484304932735426,0.04484304932735426,0.04628161558725214,0.04628161558725214,0.04628161558725214
525,312.0,0.3993472980897833,0.3993472980897833,0.3993472980897833,0.6043367064959748,0.6043367064959748,0.6043367064959748
526,364.0,0.25615552806711933,0.25615552806711933,0.25615552806711933,0.2452759919498239,0.2452759919498239,0.2452759919498239
527,416.0,0.29780437978474045,0.29780437978474045,0.29780437978474045,0.34394727666339764,0.34394727666339764,0.34394727666339764
528,468.0,0.008945288121489495,0.008945288121489495,0.008945288121489495,0.008865269941913034,0.008865269941913034,0.008865269941913034
529,520.0,0.14383561643835616,0.14383561643835616,0.14383561643835616,0.12588665790955147,0.12588665790955147,0.12588665790955147
530,572.0,0.02584274871894149,0.02584274871894149,0.02584274871894149,0.024964158482494683,0.024964158482494683,0.024964158482494683
531,624.0,0.28936699811831923,0.28936699811831923,0.28936699811831923,0.2675765455690958,0.2675765455690958,0.2675765455690958
532,676.0,0.25122252251509786,0.25122252251509786,0.25122252251509786,0.3521457176802993,0.3521457176802993,0.3521457176802993
533,728.0,0.3613868498333331,0.3613868498333331,0.3613868498333331,0.3928888880758259,0.3928888880758259,0.3928888880758259
534,780.0,0.04760906040268456,0.04760906040268456,0.04760906040268456,0.04660082703200307,0.04660082703200307,0.04660082703200307
535,832.0,0.0034228541337546076,0.0034228541337546076,0.0034228541337546076,0.0034111382033336457,0.0034111382033336457,0.0034111382033336457
536,884.0,0.14537444933920704,0.14537444933920704,0.14537444933920704,0.12424071881852936,0.12424071881852936,0.12424071881852936
537,936.0,0.15375661597766008,0.15375661597766008,0.15375661597766008,0.18301159699363956,0.18301159699363956,0.18301159699363956
538,988.0,0.24480215083985477,0.24480215083985477,0.24480215083985477,1.8229919159504187,1.8229919159504187,1.8229919159504187
539,1040.0,0.22513391914051623,0.22513391914051623,0.22513391914051623,0.2301918533017594,0.2301918533017594,0.2301918533017594
540,52.0,0.09447320944823251,0.09447320944823251,0.09447320944823251,0.10605450153910086,0.10605450153910086,0.10605450153910086
541,104.0,0.22759944460758308,0.22759944460758308,0.22759944460758308,0.20282915379731953,0.20282915379731953,0.20282915379731953
542,156.0,0.17836310513792653,0.17836310513792653,0.17836310513792653,0.1690940249197225,0.1690940249197225,0.1690940249197225
543,208.0,0.10932262740026288,0.10932262740026288,0.10932262740026288,0.12882992149583558,0.12882992149583558,0.12882992149583558
544,260.0,0.19757616252783836,0.19757616252783836,0.19757616252783836,0.30901290475240795,0.30901290475240795,0.30901290475240795
545,312.0,0.41160101267729543,0.41160101267729543,0.41160101267729543,1.462064821077528,1.462064821077528,1.462064821077528
546,364.0,0.08202653799758745,0.08202653799758745,0.08202653799758745,0.0752981850617178,0.0752981850617178,0.0752981850617178
547,416.0,1.9965345493470514,1.9965345493470514,1.9965345493470514,25.689160875223887,25.689160875223887,25.689160875223887
548,468.0,0.2892734382954683,0.2892734382954683,0.2892734382954683,0.46732727924062817,0.46732727924062817,0.46732727924062817
549,520.0,0.8637160820089088,0.8637160820089088,0.8637160820089088,0.9862619539123417,0.9862619539123417,0.9862619539123417
550,572.0,0.3071838215765706,0.3071838215765706,0.3071838215765706,0.2866019185494729,0.2866019185494729,0.2866019185494729
551,624.0,0.20757020757020758,0.20757020757020758,0.20757020757020758,0.1644848164994685,0.1644848164994685,0.1644848164994685
552,676.0,0.7158302770701217,0.7158302770701217,0.7158302770701217,0.8061908929463143,0.8061908929463143,0.8061908929463143
553,728.0,0.025255961815637537,0.025255961815637537,0.025255961815637537,0.024998512331092917,0.024998512331092917,0.024998512331092917
554,780.0,0.19199009083402147,0.19199009083402147,0.19199009083402147,0.2021984342535838,0.2021984342535838,0.2021984342535838
555,832.0,0.1699507783569943,0.1699507783569943,0.1699507783569943,0.19778455640510723,0.19778455640510723,0.19778455640510723
556,884.0,0.20503566238536064,0.20503566238536064,0.20503566238536064,0.17844877039607712,0.17844877039607712,0.17844877039607712
557,936.0,0.4139288855232855,0.4139288855232855,0.4139288855232855,0.4068967765984765,0.4068967765984765,0.4068967765984765
558,988.0,0.07888349514563107,0.07888349514563107,0.07888349514563107,0.09935991846545386,0.09935991846545386,0.09935991846545386
559,1040.0,0.1449814126394052,0.1449814126394052,0.1449814126394052,0.15302567555853167,0.15302567555853167,0.15302567555853167
560,52.0,0.09541381128096996,0.09541381128096996,0.09541381128096996,0.10212445975653373,0.10212445975653373,0.10212445975653373
561,104.0,0.3693557165731406,0.3693557165731406,0.3693557165731406,0.38661665312043775,0.38661665312043775,0.38661665312043775
562,156.0,0.09955275207927058,0.09955275207927058,0.09955275207927058,0.10821777077826907,0.10821777077826907,0.10821777077826907
563,208.0,0.060381861575179,0.060381861575179,0.060381861575179,0.08012491384760853,0.08012491384760853,0.08012491384760853
564,260.0,0.6009620126905529,0.6009620126905529,0.6009620126905529,1.4982121860526387,1.4982121860526387,1.4982121860526387
565,312.0,0.025150355385456534,0.025150355385456534,0.025150355385456534,0.02451781500944178,0.02451781500944178,0.02451781500944178
566,364.0,0.27515003007447814,0.27515003007447814,0.27515003007447814,0.3266824521576541,0.3266824521576541,0.3266824521576541
567,416.0,0.3028812758197117,0.3028812758197117,0.3028812758197117,0.22683371515375036,0.22683371515375036,0.22683371515375036
568,468.0,0.059326294620412265,0.059326294620412265,0.059326294620412265,0.06033157226485238,0.06033157226485238,0.06033157226485238
569,520.0,0.1802702138508975,0.1802702138508975,0.1802702138508975,0.2418303278585279,0.2418303278585279,0.2418303278585279
570,572.0,0.30270237289355034,0.30270237289355034,0.30270237289355034,0.46614501179817686,0.46614501179817686,0.46614501179817686
571,624.0,0.04327505486212016,0.04327505486212016,0.04327505486212016,0.04214380185232243,0.04214380185232243,0.04214380185232243
572,676.0,0.13357400722021662,0.13357400722021662,0.13357400722021662,0.1807139412738339,0.1807139412738339,0.1807139412738339
573,728.0,0.30326688541537516,0.30326688541537516,0.30326688541537516,0.32944782266577527,0.32944782266577527,0.32944782266577527
574,780.0,0.34335198877793893,0.34335198877793893,0.34335198877793893,0.32561765747488886,0.32561765747488886,0.32561765747488886
575,832.0,0.0,0.0,0.0,0.0,0.0,0.0
576,884.0,0.13434694992599044,0.13434694992599044,0.13434694992599044,0.12527647367111366,0.12527647367111366,0.12527647367111366
577,936.0,0.6010040855496365,0.6010040855496365,0.6010040855496365,0.5579659520355957,0.5579659520355957,0.5579659520355957
578,988.0,0.09973753280839895,0.09973753280839895,0.09973753280839895,0.09766397310572399,0.09766397310572399,0.09766397310572399
579,1040.0,0.05549738219895288,0.05549738219895288,0.05549738219895288,0.05995668978372304,0.05995668978372304,0.05995668978372304
580,52.0,0.4146035996665165,0.4146035996665165,0.4146035996665165,0.3377910212778498,0.3377910212778498,0.3377910212778498
581,104.0,11.477929016379917,11.477929016379917,11.477929016379917,11.449330413589529,11.449330413589529,11.449330413589529
582,156.0,11.251670053292424,11.251670053292424,11.251670053292424,14.446932624188202,14.446932624188202,14.446932624188202
583,208.0,0.4480228291887485,0.4480228291887485,0.4480228291887485,4.33535381602999,4.33535381602999,4.33535381602999
584,260.0,0.4476919318752223,0.4476919318752223,0.4476919318752223,0.6132937400589908,0.6132937400589908,0.6132937400589908
585,312.0,0.5421767585608266,0.5421767585608266,0.5421767585608266,0.6226129826016811,0.6226129826016811,0.6226129826016811
586,364.0,0.2903783100183664,0.2903783100183664,0.2903783100183664,0.29928404471744063,0.29928404471744063,0.29928404471744063
587,416.0,7.4502996129586165,7.4502996129586165,7.4502996129586165,55.10010453083267,55.10010453083267,55.10010453083267
588,468.0,0.03821062441752097,0.03821062441752097,0.03821062441752097,0.03861450549755977,0.03861450549755977,0.03861450549755977
589,520.0,0.03623611922852133,0.03623611922852133,0.03623611922852133,0.04427431946687999,0.04427431946687999,0.04427431946687999
590,572.0,0.49827940285956873,0.49827940285956873,0.49827940285956873,0.533892864774698,0.533892864774698,0.533892864774698
591,624.0,39.79549743104553,39.79549743104553,39.79549743104553,45.97213062167173,45.97213062167173,45.97213062167173
592,676.0,0.723219662725805,0.723219662725805,0.723219662725805,0.9199420753527233,0.9199420753527233,0.9199420753527233
593,728.0,0.06976744186046512,0.06976744186046512,0.06976744186046512,0.06489994591671173,0.06489994591671173,0.06489994591671173
594,780.0,0.27333894028595457,0.27333894028595457,0.27333894028595457,0.5535448649344531,0.5535448649344531,0.5535448649344531
595,832.0,0.4332766592994365,0.4332766592994365,0.4332766592994365,0.45761960069403546,0.45761960069403546,0.45761960069403546
596,884.0,0.2636681569589352,0.2636681569589352,0.2636681569589352,0.228506926552893,0.228506926552893,0.228506926552893
597,936.0,0.006322444678609062,0.006322444678609062,0.006322444678609062,0.006282471371894992,0.006282471371894992,0.006282471371894992
598,988.0,0.16428571428571428,0.16428571428571428,0.16428571428571428,0.18348639455782312,0.18348639455782312,0.18348639455782312
599,1040.0,0.1239515377446412,0.1239515377446412,0.1239515377446412,0.14027441330844614,0.14027441330844614,0.14027441330844614
600,52.0,0.2824675324675325,0.2824675324675325,0.2824675324675325,0.26761469050430087,0.26761469050430087,0.26761469050430087
601,104.0,0.1603236725702702,0.1603236725702702,0.1603236725702702,0.12640780890686115,0.12640780890686115,0.12640780890686115
602,156.0,0.0516318887105404,0.0516318887105404,0.0516318887105404,0.05057117321531989,0.05057117321531989,0.05057117321531989
603,208.0,0.13288229705734697,0.13288229705734697,0.13288229705734697,0.14027233521948676,0.14027233521948676,0.14027233521948676
604,260.0,0.6918014904656382,0.6918014904656382,0.6918014904656382,0.8992331128707428,0.8992331128707428,0.8992331128707428
605,312.0,0.3184219998309642,0.3184219998309642,0.3184219998309642,0.3825206286493721,0.3825206286493721,0.3825206286493721
606,364.0,0.1879146549512154,0.1879146549512154,0.1879146549512154,0.1480232817893909,0.1480232817893909,0.1480232817893909
607,416.0,0.125,0.125,0.125,0.14415760869565217,0.14415760869565217,0.14415760869565217
608,468.0,78.32322340766785,78.32322340766785,78.32322340766785,69.17573428534821,69.17573428534821,69.17573428534821
609,520.0,0.101,0.101,0.101,0.09079899999999999,0.09079899999999999,0.09079899999999999
610,572.0,0.953835773260409,0.953835773260409,0.953835773260409,6.863570701419347,6.863570701419347,6.863570701419347
611,624.0,0.43991132358431856,0.43991132358431856,0.43991132358431856,0.38108426689703545,0.38108426689703545,0.38108426689703545
612,676.0,0.8011184067154586,0.8011184067154586,0.8011184067154586,4.288552607556083,4.288552607556083,4.288552607556083
613,728.0,0.19666556462449927,0.19666556462449927,0.19666556462449927,0.19066138862456047,0.19066138862456047,0.19066138862456047
614,780.0,0.35055219874585397,0.35055219874585397,0.35055219874585397,0.31771162277779313,0.31771162277779313,0.31771162277779313
615,832.0,0.17761873780091086,0.17761873780091086,0.17761873780091086,0.16298639204967558,0.16298639204967558,0.16298639204967558
616,884.0,138.05067386480394,138.05067386480394,138.05067386480394,713.3743993411011,713.3743993411011,713.3743993411011
617,936.0,0.1331061777798224,0.1331061777798224,0.1331061777798224,0.2674748548538924,0.2674748548538924,0.2674748548538924
618,988.0,0.1955007981407163,0.1955007981407163,0.1955007981407163,0.3596530639448054,0.3596530639448054,0.3596530639448054
619,1040.0,0.012076594624940838,0.012076594624940838,0.012076594624940838,0.011069518340893083,0.011069518340893083,0.011069518340893083
620,52.0,0.2441739397328829,0.2441739397328829,0.2441739397328829,0.19288043192210438,0.19288043192210438,0.19288043192210438
621,104.0,0.1156153050672182,0.1156153050672182,0.1156153050672182,0.10886681374714065,0.10886681374714065,0.10886681374714065
622,156.0,0.03226902173913043,0.03226902173913043,0.03226902173913043,0.03258642762730387,0.03258642762730387,0.03258642762730387
623,208.0,0.15586699006866614,0.15586699006866614,0.15586699006866614,0.1844358259083892,0.1844358259083892,0.1844358259083892
624,260.0,0.2319229155383812,0.2319229155383812,0.2319229155383812,0.24319003383926457,0.24319003383926457,0.24319003383926457
625,312.0,0.17685305591677503,0.17685305591677503,0.17685305591677503,0.16443170922668218,0.16443170922668218,0.16443170922668218
626,364.0,0.05407802115856287,0.05407802115856287,0.05407802115856287,0.059233890172981876,0.059233890172981876,0.059233890172981876
627,416.0,0.004622496147919877,0.004622496147919877,0.004622496147919877,0.0046011286772823425,0.0046011286772823425,0.0046011286772823425
628,468.0,45.27862172303889,45.27862172303889,45.27862172303889,540.0181107775802,540.0181107775802,540.0181107775802
629,520.0,0.13474025974025974,0.13474025974025974,0.13474025974025974,0.12307882863889358,0.12307882863889358,0.12307882863889358
630,572.0,0.07427251761841039,0.07427251761841039,0.07427251761841039,0.07451058316097385,0.07451058316097385,0.07451058316097385
631,624.0,0.05156537753222836,0.05156537753222836,0.05156537753222836,0.05688674541884151,0.05688674541884151,0.05688674541884151
632,676.0,0.24628294778484952,0.24628294778484952,0.24628294778484952,0.3653046158367254,0.3653046158367254,0.3653046158367254
633,728.0,0.15339170557666196,0.15339170557666196,0.15339170557666196,0.5059297917774191,0.5059297917774191,0.5059297917774191
634,780.0,0.48249551166965887,0.48249551166965887,0.48249551166965887,0.5163004151504115,0.5163004151504115,0.5163004151504115
635,832.0,0.07105108631826189,0.07105108631826189,0.07105108631826189,0.06717722757221978,0.06717722757221978,0.06717722757221978
636,884.0,0.5997934603031907,0.5997934603031907,0.5997934603031907,0.6971576558182321,0.6971576558182321,0.6971576558182321
637,936.0,0.6326895000107252,0.6326895000107252,0.6326895000107252,0.6648026482139184,0.6648026482139184,0.6648026482139184
638,988.0,0.05045708318091904,0.05045708318091904,0.05045708318091904,0.04961888311385894,0.04961888311385894,0.04961888311385894
639,1040.0,0.1344763987238442,0.1344763987238442,0.1344763987238442,0.1985257589528771,0.1985257589528771,0.1985257589528771
640,52.0,0.03526912475397957,0.03526912475397957,0.03526912475397957,0.036343337297969486,0.036343337297969486,0.036343337297969486
641,104.0,5.646872540087623,5.646872540087623,5.646872540087623,13.149049061648576,13.149049061648576,13.149049061648576
642,156.0,0.15261044176706828,0.15261044176706828,0.15261044176706828,0.12932049483072855,0.12932049483072855,0.12932049483072855
643,208.0,0.05446559297218155,0.05446559297218155,0.05446559297218155,0.05618430445305249,0.05618430445305249,0.05618430445305249
644,260.0,0.38735653979096063,0.38735653979096063,0.38735653979096063,0.4099333036220154,0.4099333036220154,0.4099333036220154
645,312.0,0.43520739157685,0.43520739157685,0.43520739157685,0.31518111126307696,0.31518111126307696,0.31518111126307696
646,364.0,14.94372142103412,14.94372142103412,14.94372142103412,13.695038841845044,13.695038841845044,13.695038841845044
647,416.0,0.4090909090909091,0.4090909090909091,0.4090909090909091,0.5144628099173555,0.5144628099173555,0.5144628099173555
648,468.0,0.05292731875722558,0.05292731875722558,0.05292731875722558,0.055008014539879246,0.055008014539879246,0.055008014539879246
649,520.0,0.27922661870503596,0.27922661870503596,0.27922661870503596,0.28534184792453804,0.28534184792453804,0.28534184792453804
650,572.0,0.08923766816143498,0.08923766816143498,0.08923766816143498,0.08889762512819484,0.08889762512819484,0.08889762512819484
651,624.0,0.09644381223328592,0.09644381223328592,0.09644381223328592,0.09169432365659062,0.09169432365659062,0.09169432365659062
652,676.0,0.09363683393688567,0.09363683393688567,0.09363683393688567,0.08797296071258336,0.08797296071258336,0.08797296071258336
653,728.0,0.8948127792211552,0.8948127792211552,0.8948127792211552,0.9394327601968349,0.9394327601968349,0.9394327601968349
654,780.0,0.32931060470105467,0.32931060470105467,0.32931060470105467,0.31365960564440987,0.31365960564440987,0.31365960564440987
655,832.0,0.3205883868919008,0.3205883868919008,0.3205883868919008,0.33660941918100684,0.33660941918100684,0.33660941918100684
656,884.0,0.21425424882799515,0.21425424882799515,0.21425424882799515,0.1959933158329369,0.1959933158329369,0.1959933158329369
657,936.0,0.1903494176372712,0.1903494176372712,0.1903494176372712,0.1853977148457507,0.1853977148457507,0.1853977148457507
658,988.0,0.3578864141451898,0.3578864141451898,0.3578864141451898,0.7722418570288996,0.7722418570288996,0.7722418570288996
659,1040.0,0.1320754716981132,0.1320754716981132,0.1320754716981132,0.15564876870927302,0.15564876870927302,0.15564876870927302
660,52.0,0.26070623358265965,0.26070623358265965,0.26070623358265965,0.29128292666732264,0.29128292666732264,0.29128292666732264
661,104.0,0.4984885506365141,0.4984885506365141,0.4984885506365141,0.4362393289116646,0.4362393289116646,0.4362393289116646
662,156.0,0.26785714285714285,0.26785714285714285,0.26785714285714285,0.588966836734694,0.588966836734694,0.588966836734694
663,208.0,0.09902309058614565,0.09902309058614565,0.09902309058614565,0.09365801545261523,0.09365801545261523,0.09365801545261523
664,260.0,0.12440927545020472,0.12440927545020472,0.12440927545020472,0.131693324340045,0.131693324340045,0.131693324340045
665,312.0,0.5317625993843561,0.5317625993843561,0.5317625993843561,0.8431133888304989,0.8431133888304989,0.8431133888304989
666,364.0,0.3119475659342773,0.3119475659342773,0.3119475659342773,0.3531206002114816,0.3531206002114816,0.3531206002114816
667,416.0,0.1505365928823602,0.1505365928823602,0.1505365928823602,0.14109219889372207,0.14109219889372207,0.14109219889372207
668,468.0,0.44914284516234476,0.44914284516234476,0.44914284516234476,2.449969487622582,2.449969487622582,2.449969487622582
669,520.0,0.17842292204425014,0.17842292204425014,0.17842292204425014,0.3766583194453374,0.3766583194453374,0.3766583194453374
670,572.0,0.10901254640925567,0.10901254640925567,0.10901254640925567,0.11650177346285184,0.11650177346285184,0.11650177346285184
671,624.0,0.21728408185740755,0.21728408185740755,0.21728408185740755,0.25755852195380985,0.25755852195380985,0.25755852195380985
672,676.0,0.1607444011384984,0.1607444011384984,0.1607444011384984,0.17364893515173863,0.17364893515173863,0.17364893515173863
673,728.0,0.2609096008952441,0.2609096008952441,0.2609096008952441,0.2607548772815286,0.2607548772815286,0.2607548772815286
674,780.0,0.11167566867639689,0.11167566867639689,0.11167566867639689,0.10437441276756246,0.10437441276756246,0.10437441276756246
675,832.0,0.2116279069767442,0.2116279069767442,0.2116279069767442,0.2226554894537588,0.2226554894537588,0.2226554894537588
676,884.0,0.007481296758104738,0.007481296758104738,0.007481296758104738,0.007425326956921911,0.007425326956921911,0.007425326956921911
677,936.0,0.04803178042614662,0.04803178042614662,0.04803178042614662,0.045724728495241056,0.045724728495241056,0.045724728495241056
678,988.0,0.23081577268024664,0.23081577268024664,0.23081577268024664,0.2418022093693629,0.2418022093693629,0.2418022093693629
679,1040.0,0.2341963852437116,0.2341963852437116,0.2341963852437116,0.25565612842995383,0.25565612842995383,0.25565612842995383
680,52.0,0.25532681053366596,0.25532681053366596,0.25532681053366596,0.267326427630276,0.267326427630276,0.267326427630276
681,104.0,0.36313184127617754,0.36313184127617754,0.36313184127617754,0.3496293454324128,0.3496293454324128,0.3496293454324128
682,156.0,0.13220725265285535,0.13220725265285535,0.13220725265285535,0.11878609237277346,0.11878609237277346,0.11878609237277346
683,208.0,0.5600706637003465,0.5600706637003465,0.5600706637003465,0.717889523745636,0.717889523745636,0.717889523745636
684,260.0,0.5033963627186977,0.5033963627186977,0.5033963627186977,0.5889339056056369,0.5889339056056369,0.5889339056056369
685,312.0,2.688050209552767,2.688050209552767,2.688050209552767,32.92286828251824,32.92286828251824,32.92286828251824
686,364.0,0.12385886997285961,0.12385886997285961,0.12385886997285961,0.11443938990220194,0.11443938990220194,0.11443938990220194
687,416.0,0.23258559622195984,0.23258559622195984,0.23258559622195984,0.259363208434798,0.259363208434798,0.259363208434798
688,468.0,0.24004138644593895,0.24004138644593895,0.24004138644593895,0.19690677531768452,0.19690677531768452,0.19690677531768452
689,520.0,0.41066460157617724,0.41066460157617724,0.41066460157617724,0.38755295141273705,0.38755295141273705,0.38755295141273705
690,572.0,0.1518378012942898,0.1518378012942898,0.1518378012942898,0.1446373651511255,0.1446373651511255,0.1446373651511255
691,624.0,0.09754149140256686,0.09754149140256686,0.09754149140256686,0.09711933112388084,0.09711933112388084,0.09711933112388084
692,676.0,0.39709688139939925,0.39709688139939925,0.39709688139939925,0.7690966840802156,0.7690966840802156,0.7690966840802156
693,728.0,0.00940279542566709,0.00940279542566709,0.00940279542566709,0.00931438286385014,0.00931438286385014,0.00931438286385014
694,780.0,105.64786616905444,105.64786616905444,105.64786616905444,125.63858386718275,125.63858386718275,125.63858386718275
695,832.0,0.445765211032545,0.445765211032545,0.445765211032545,0.564739333521889,0.564739333521889,0.564739333521889
696,884.0,0.07483741634863322,0.07483741634863322,0.07483741634863322,0.11920496119543877,0.11920496119543877,0.11920496119543877
697,936.0,0.014696619777451186,0.014696619777451186,0.014696619777451186,0.01448062914456822,0.01448062914456822,0.01448062914456822
698,988.0,0.05360113742816894,0.05360113742816894,0.05360113742816894,0.05119615773806321,0.05119615773806321,0.05119615773806321
699,1040.0,0.6769483676033603,0.6769483676033603,0.6769483676033603,0.7436281819696159,0.7436281819696159,0.7436281819696159
700,52.0,0.07833003823354037,0.07833003823354037,0.07833003823354037,0.08547016707533844,0.08547016707533844,0.08547016707533844
701,104.0,0.14675356240737886,0.14675356240737886,0.14675356240737886,0.1370279955701874,0.1370279955701874,0.1370279955701874
702,156.0,0.3002513348802478,0.3002513348802478,0.3002513348802478,0.2843603449133392,0.2843603449133392,0.2843603449133392
703,208.0,0.34700631168232215,0.34700631168232215,0.34700631168232215,0.3243407193108836,0.3243407193108836,0.3243407193108836
704,260.0,0.23730898872249476,0.23730898872249476,0.23730898872249476,0.6471549286207167,0.6471549286207167,0.6471549286207167
705,312.0,0.04485036285928109,0.04485036285928109,0.04485036285928109,0.043928404513748,0.043928404513748,0.043928404513748
706,364.0,0.10586881472957423,0.10586881472957423,0.10586881472957423,0.10271584470066648,0.10271584470066648,0.10271584470066648
707,416.0,0.20095294948506034,0.20095294948506034,0.20095294948506034,0.25602866409641317,0.25602866409641317,0.25602866409641317
708,468.0,0.07516604589089151,0.07516604589089151,0.07516604589089151,0.07258723039887532,0.07258723039887532,0.07258723039887532
709,520.0,0.10884542905293101,0.10884542905293101,0.10884542905293101,0.09939715612911823,0.09939715612911823,0.09939715612911823
710,572.0,76.45565775649722,76.45565775649722,76.45565775649722,76.79760928049896,76.79760928049896,76.79760928049896
711,624.0,0.0651548021608053,0.0651548021608053,0.0651548021608053,0.0636920484102245,0.0636920484102245,0.0636920484102245
712,676.0,0.21034913341459205,0.21034913341459205,0.21034913341459205,0.22755437517572935,0.22755437517572935,0.22755437517572935
713,728.0,0.3659164387875887,0.3659164387875887,0.3659164387875887,0.3608300808167126,0.3608300808167126,0.3608300808167126
714,780.0,0.5122298065984073,0.5122298065984073,0.5122298065984073,0.5314203977008728,0.5314203977008728,0.5314203977008728
715,832.0,0.308132030208101,0.308132030208101,0.308132030208101,0.3689382435849416,0.3689382435849416,0.3689382435849416
716,884.0,106.45157408046165,106.45157408046165,106.45157408046165,113.11462801116548,113.11462801116548,113.11462801116548
717,936.0,0.3603427607194032,0.3603427607194032,0.3603427607194032,0.5645185509248489,0.5645185509248489,0.5645185509248489
718,988.0,0.3228374954504734,0.3228374954504734,0.3228374954504734,0.40338582493025726,0.40338582493025726,0.40338582493025726
719,1040.0,0.13158878504672897,0.13158878504672897,0.13158878504672897,0.11651616735086034,0.11651616735086034,0.11651616735086034
720,52.0,1.0156605340627674,1.0156605340627674,1.0156605340627674,1.9033146399136163,1.9033146399136163,1.9033146399136163
721,104.0,8.0888185490792,8.0888185490792,8.0888185490792,18.130390751762572,18.130390751762572,18.130390751762572
722,156.0,0.3589838072324117,0.3589838072324117,0.3589838072324117,0.36949951592671876,0.36949951592671876,0.36949951592671876
723,208.0,20.846232207543114,20.846232207543114,20.846232207543114,19.547095597425017,19.547095597425017,19.547095597425017
724,260.0,0.25809512022453057,0.25809512022453057,0.25809512022453057,0.30319820368352596,0.30319820368352596,0.30319820368352596
725,312.0,0.32847383103036665,0.32847383103036665,0.32847383103036665,0.40757929449048647,0.40757929449048647,0.40757929449048647
726,364.0,0.1189446366782007,0.1189446366782007,0.1189446366782007,0.13074836717711716,0.13074836717711716,0.13074836717711716
727,416.0,0.12221768261778636,0.12221768261778636,0.12221768261778636,0.14030387425938995,0.14030387425938995,0.14030387425938995
728,468.0,0.2667513270502216,0.2667513270502216,0.2667513270502216,0.3687415733256606,0.3687415733256606,0.3687415733256606
729,520.0,0.49172157461372246,0.49172157461372246,0.49172157461372246,0.5577865250285248,0.5577865250285248,0.5577865250285248
730,572.0,0.04498759443582038,0.04498759443582038,0.04498759443582038,0.04439220257760317,0.04439220257760317,0.04439220257760317
731,624.0,0.1056338028169014,0.1056338028169014,0.1056338028169014,0.0979964292799048,0.0979964292799048,0.0979964292799048
732,676.0,0.05790703713321215,0.05790703713321215,0.05790703713321215,0.055073157808178064,0.055073157808178064,0.055073157808178064
733,728.0,0.24269071364793615,0.24269071364793615,0.24269071364793615,0.23583759361695866,0.23583759361695866,0.23583759361695866
734,780.0,0.25630102574844177,0.25630102574844177,0.25630102574844177,0.3684946783230891,0.3684946783230891,0.3684946783230891
735,832.0,0.8819417229063932,0.8819417229063932,0.8819417229063932,52.05046777468503,52.05046777468503,52.05046777468503
736,884.0,114.1925801485176,114.1925801485176,114.1925801485176,122.18647683183305,122.18647683183305,122.18647683183305
737,936.0,0.2229175986533228,0.2229175986533228,0.2229175986533228,0.39779462564477597,0.39779462564477597,0.39779462564477597
738,988.0,0.693102421270942,0.693102421270942,0.693102421270942,0.7123048531828693,0.7123048531828693,0.7123048531828693
739,1040.0,0.25300106289307994,0.25300106289307994,0.25300106289307994,0.2881002390264483,0.2881002390264483,0.2881002390264483
740,52.0,0.09046883912544436,0.09046883912544436,0.09046883912544436,0.08687602920358099,0.08687602920358099,0.08687602920358099
741,104.0,0.09289248762932974,0.09289248762932974,0.09289248762932974,0.08696252870199882,0.08696252870199882,0.08696252870199882
742,156.0,0.20366881632979675,0.20366881632979675,0.20366881632979675,0.24670841114587388,0.24670841114587388,0.24670841114587388
743,208.0,14.041268731167603,14.041268731167603,14.041268731167603,109.84795345176427,109.84795345176427,109.84795345176427
744,260.0,0.18659194686591946,0.18659194686591946,0.18659194686591946,0.26343998334735125,0.26343998334735125,0.26343998334735125
745,312.0,1.2881845340005091,1.2881845340005091,1.2881845340005091,3.439558973302738,3.439558973302738,3.439558973302738
746,364.0,0.01908957415565345,0.01908957415565345,0.01908957415565345,0.018725162314209256,0.018725162314209256,0.018725162314209256
747,416.0,0.3760330578512397,0.3760330578512397,0.3760330578512397,2.143723106345195,2.143723106345195,2.143723106345195
748,468.0,0.13618677042801555,0.13618677042801555,0.13618677042801555,0.11958545928023134,0.11958545928023134,0.11958545928023134
749,520.0,0.24528261093506035,0.24528261093506035,0.24528261093506035,0.2825608399278448,0.2825608399278448,0.2825608399278448
750,572.0,0.1726549136994167,0.1726549136994167,0.1726549136994167,0.1446714654784791,0.1446714654784791,0.1446714654784791
751,624.0,0.13010625737898465,0.13010625737898465,0.13010625737898465,0.14718098044490663,0.14718098044490663,0.14718098044490663
752,676.0,0.5381158415478272,0.5381158415478272,0.5381158415478272,0.5735543105412683,0.5735543105412683,0.5735543105412683
753,728.0,0.2254914463579702,0.2254914463579702,0.2254914463579702,0.22033561080428987,0.22033561080428987,0.22033561080428987
754,780.0,0.4330611591881197,0.4330611591881197,0.4330611591881197,0.6031569802722246,0.6031569802722246,0.6031569802722246
755,832.0,2.595150581706803,2.595150581706803,2.595150581706803,1.8991477046320215,1.8991477046320215,1.8991477046320215
756,884.0,0.06452545009025218,0.06452545009025218,0.06452545009025218,0.06412839964370043,0.06412839964370043,0.06412839964370043
757,936.0,0.09307875894988067,0.09307875894988067,0.09307875894988067,0.1694660907811892,0.1694660907811892,0.1694660907811892
758,988.0,0.23442848775724762,0.23442848775724762,0.23442848775724762,0.40641425964755906,0.40641425964755906,0.40641425964755906
759,1040.0,0.4155326103831944,0.4155326103831944,0.4155326103831944,0.41691203093386614,0.41691203093386614,0.41691203093386614
760,52.0,0.31502327931721247,0.31502327931721247,0.31502327931721247,0.4104832303232705,0.4104832303232705,0.4104832303232705
761,104.0,0.19469026548672566,0.19469026548672566,0.19469026548672566,0.1744850810556817,0.1744850810556817,0.1744850810556817
762,156.0,0.09717831853886472,0.09717831853886472,0.09717831853886472,0.10384232063871843,0.10384232063871843,0.10384232063871843
763,208.0,0.2541049712878236,0.2541049712878236,0.2541049712878236,0.23209102943094534,0.23209102943094534,0.23209102943094534
764,260.0,0.31304520106176953,0.31304520106176953,0.31304520106176953,0.331224630142239,0.331224630142239,0.331224630142239
765,312.0,0.2047098276904148,0.2047098276904148,0.2047098276904148,0.193822178730363,0.193822178730363,0.193822178730363
766,364.0,0.3796697699085821,0.3796697699085821,0.3796697699085821,0.5069061544536101,0.5069061544536101,0.5069061544536101
767,416.0,0.1657929226736566,0.1657929226736566,0.1657929226736566,0.1487905573811041,0.1487905573811041,0.1487905573811041
768,468.0,0.2840429771853952,0.2840429771853952,0.2840429771853952,0.40803768544665353,0.40803768544665353,0.40803768544665353
769,520.0,0.14583333333333334,0.14583333333333334,0.14583333333333334,0.12456597222222225,0.12456597222222225,0.12456597222222225
770,572.0,0.2535837119191523,0.2535837119191523,0.2535837119191523,0.3580879263310029,0.3580879263310029,0.3580879263310029
771,624.0,0.5523004884923066,0.5523004884923066,0.5523004884923066,0.5375533049816434,0.5375533049816434,0.5375533049816434
772,676.0,0.09476286022716274,0.09476286022716274,0.09476286022716274,0.09967308497038678,0.09967308497038678,0.09967308497038678
773,728.0,1.7193463880301691,1.7193463880301691,1.7193463880301691,49.53005553848844,49.53005553848844,49.53005553848844
774,780.0,0.5061392875709037,0.5061392875709037,0.5061392875709037,1.3325941904797687,1.3325941904797687,1.3325941904797687
775,832.0,0.2751628313715368,0.2751628313715368,0.2751628313715368,0.2617351579584971,0.2617351579584971,0.2617351579584971
776,884.0,0.04387990762124711,0.04387990762124711,0.04387990762124711,0.046573398972739724,0.046573398972739724,0.046573398972739724
777,936.0,0.19412724306688417,0.19412724306688417,0.19412724306688417,0.48503658972856806,0.48503658972856806,0.48503658972856806
778,988.0,0.06525821596244132,0.06525821596244132,0.06525821596244132,0.06381648262029137,0.06381648262029137,0.06381648262029137
779,1040.0,0.17140377522239097,0.17140377522239097,0.17140377522239097,0.18107854579611873,0.18107854579611873,0.18107854579611873
780,52.0,0.0392156862745098,0.0392156862745098,0.0392156862745098,0.03767781622452904,0.03767781622452904,0.03767781622452904
781,104.0,0.520049216118329,0.520049216118329,0.520049216118329,0.6162819479922972,0.6162819479922972,0.6162819479922972
782,156.0,1.213370206678429,1.213370206678429,1.213370206678429,6.6074246250995206,6.6074246250995206,6.6074246250995206
783,208.0,0.07729468599033816,0.07729468599033816,0.07729468599033816,0.11479847837755841,0.11479847837755841,0.11479847837755841
784,260.0,0.2612793706790759,0.2612793706790759,0.2612793706790759,0.23326127544794578,0.23326127544794578,0.23326127544794578
785,312.0,0.06319947333772219,0.06319947333772219,0.06319947333772219,0.09343834796548958,0.09343834796548958,0.09343834796548958
786,364.0,0.01305293691080493,0.01305293691080493,0.01305293691080493,0.012882557748807479,0.012882557748807479,0.012882557748807479
787,416.0,0.12542372881355932,0.12542372881355932,0.12542372881355932,0.10969261706406207,0.10969261706406207,0.10969261706406207
788,468.0,0.6116928952540587,0.6116928952540587,0.6116928952540587,0.6063092327780383,0.6063092327780383,0.6063092327780383
789,520.0,0.16685678560089617,0.16685678560089617,0.16685678560089617,0.1741888396971825,0.1741888396971825,0.1741888396971825
790,572.0,0.36534918000959016,0.36534918000959016,0.36534918000959016,0.9924274496542898,0.9924274496542898,0.9924274496542898
791,624.0,0.10421286031042129,0.10421286031042129,0.10421286031042129,0.09556983495656361,0.09556983495656361,0.09556983495656361
792,676.0,0.05124450951683748,0.05124450951683748,0.05124450951683748,0.04861850976121624,0.04861850976121624,0.04861850976121624
793,728.0,0.32110078734161757,0.32110078734161757,0.32110078734161757,0.6299199467982209,0.6299199467982209,0.6299199467982209
794,780.0,0.1603116267023071,0.1603116267023071,0.1603116267023071,0.25342566138041744,0.25342566138041744,0.25342566138041744
795,832.0,0.17702869230307827,0.17702869230307827,0.17702869230307827,0.240460389613459,0.240460389613459,0.240460389613459
796,884.0,0.361544019158606,0.361544019158606,0.361544019158606,0.47826505542991193,0.47826505542991193,0.47826505542991193
797,936.0,0.07599308855381229,0.07599308855381229,0.07599308855381229,0.1027823449591692,0.1027823449591692,0.1027823449591692
798,988.0,0.4595680627224181,0.4595680627224181,0.4595680627224181,0.5415189302678252,0.5415189302678252,0.5415189302678252
799,1040.0,0.5169789112016022,0.5169789112016022,0.5169789112016022,0.6124105623696394,0.6124105623696394,0.6124105623696394
800,52.0,0.1955128205128205,0.1955128205128205,0.1955128205128205,0.15728755752794216,0.15728755752794216,0.15728755752794216
801,104.0,0.25530889284832947,0.25530889284832947,0.25530889284832947,0.4323160342791937,0.4323160342791937,0.4323160342791937
802,156.0,0.0748663101604278,0.0748663101604278,0.0748663101604278,0.06926134576339044,0.06926134576339044,0.06926134576339044
803,208.0,3.449810616906917,3.449810616906917,3.449810616906917,41.89123876417544,41.89123876417544,41.89123876417544
804,260.0,0.11060574531262031,0.11060574531262031,0.11060574531262031,0.12791826513854637,0.12791826513854637,0.12791826513854637
805,312.0,0.5412565506674939,0.5412565506674939,0.5412565506674939,1.0997939159771677,1.0997939159771677,1.0997939159771677
806,364.0,20.214798850574713,20.214798850574713,20.214798850574713,19.221821223906726,19.221821223906726,19.221821223906726
807,416.0,0.107095046854083,0.107095046854083,0.107095046854083,0.1331089641923338,0.1331089641923338,0.1331089641923338
808,468.0,0.27292576419213976,0.27292576419213976,0.27292576419213976,0.37005301195629375,0.37005301195629375,0.37005301195629375
809,520.0,0.16093339977404533,0.16093339977404533,0.16093339977404533,0.16531836166095473,0.16531836166095473,0.16531836166095473
810,572.0,0.3544848354484835,0.3544848354484835,0.3544848354484835,0.428438156846827,0.428438156846827,0.428438156846827
811,624.0,0.37384585767474515,0.37384585767474515,0.37384585767474515,0.333265937879748,0.333265937879748,0.333265937879748
812,676.0,0.06929826909231598,0.06929826909231598,0.06929826909231598,0.07206640363775207,0.07206640363775207,0.07206640363775207
813,728.0,0.10967997081340104,0.10967997081340104,0.10967997081340104,0.10515951811173353,0.10515951811173353,0.10515951811173353
814,780.0,0.28545299761258025,0.28545299761258025,0.28545299761258025,0.6441859111245595,0.6441859111245595,0.6441859111245595
815,832.0,0.1664043062870218,0.1664043062870218,0.1664043062870218,0.20286078705510543,0.20286078705510543,0.20286078705510543
816,884.0,0.2352598127163187,0.2352598127163187,0.2352598127163187,0.5122077810088069,0.5122077810088069,0.5122077810088069
817,936.0,0.37425543843439296,0.37425543843439296,0.37425543843439296,0.39865472308440475,0.39865472308440475,0.39865472308440475
818,988.0,0.07701393249211488,0.07701393249211488,0.07701393249211488,0.08386016037360082,0.08386016037360082,0.08386016037360082
819,1040.0,0.1294241944004226,0.1294241944004226,0.1294241944004226,0.13380405302266057,0.13380405302266057,0.13380405302266057
820,52.0,0.6215461760126104,0.6215461760126104,0.6215461760126104,0.7745766200375672,0.7745766200375672,0.7745766200375672
821,104.0,0.6030010944239402,0.6030010944239402,0.6030010944239402,0.9135112598159982,0.9135112598159982,0.9135112598159982
822,156.0,0.06230071130733383,0.06230071130733383,0.06230071130733383,0.059891003023776604,0.059891003023776604,0.059891003023776604
823,208.0,0.07236842105263158,0.07236842105263158,0.07236842105263158,0.11976281163434903,0.11976281163434903,0.11976281163434903
824,260.0,0.12734616298408172,0.12734616298408172,0.12734616298408172,0.1130298067570758,0.1130298067570758,0.1130298067570758
825,312.0,1.321198984374773,1.321198984374773,1.321198984374773,2.4382416814997017,2.4382416814997017,2.4382416814997017
826,364.0,36.72873466065896,36.72873466065896,36.72873466065896,43.404718609365695,43.404718609365695,43.404718609365695
827,416.0,0.12603648424543948,0.12603648424543948,0.12603648424543948,0.11015128888448855,0.11015128888448855,0.11015128888448855
828,468.0,0.08111523714522802,0.08111523714522802,0.08111523714522802,0.10366962098938073,0.10366962098938073,0.10366962098938073
829,520.0,0.01994163975628992,0.01994163975628992,0.01994163975628992,0.01742907839568651,0.01742907839568651,0.01742907839568651
830,572.0,0.0847457627118644,0.0847457627118644,0.0847457627118644,0.07756391841424878,0.07756391841424878,0.07756391841424878
831,624.0,0.3611310256322315,0.3611310256322315,0.3611310256322315,0.43879805035882324,0.43879805035882324,0.43879805035882324
832,676.0,0.04216252975178511,0.04216252975178511,0.04216252975178511,0.04242497324405938,0.04242497324405938,0.04242497324405938
833,728.0,0.22585542595911348,0.22585542595911348,0.22585542595911348,0.25078568508754345,0.25078568508754345,0.25078568508754345
834,780.0,0.33571762401680977,0.33571762401680977,0.33571762401680977,0.2578338390599652,0.2578338390599652,0.2578338390599652
835,832.0,0.10368496422783416,0.10368496422783416,0.10368496422783416,0.12349155226307833,0.12349155226307833,0.12349155226307833
836,884.0,0.2727272727272727,0.2727272727272727,0.2727272727272727,0.1983471074380165,0.1983471074380165,0.1983471074380165
837,936.0,0.04754937820043892,0.04754937820043892,0.04754937820043892,0.04675149262397328,0.04675149262397328,0.04675149262397328
838,988.0,0.1548958849505458,0.1548958849505458,0.1548958849505458,0.15024362211047604,0.15024362211047604,0.15024362211047604
839,1040.0,0.9568485032407031,0.9568485032407031,0.9568485032407031,0.6545510888147134,0.6545510888147134,0.6545510888147134
840,52.0,0.103515625,0.103515625,0.103515625,0.12925847371419272,0.12925847371419272,0.12925847371419272
841,104.0,0.17447199265381083,0.17447199265381083,0.17447199265381083,0.1587238947619614,0.1587238947619614,0.1587238947619614
842,156.0,0.28852158755654117,0.28852158755654117,0.28852158755654117,0.3068966576979422,0.3068966576979422,0.3068966576979422
843,208.0,0.10148943402458904,0.10148943402458904,0.10148943402458904,0.08167901050672322,0.08167901050672322,0.08167901050672322
844,260.0,0.26653833797758353,0.26653833797758353,0.26653833797758353,0.3347068488753922,0.3347068488753922,0.3347068488753922
845,312.0,0.10880447739829673,0.10880447739829673,0.10880447739829673,0.11886131587317583,0.11886131587317583,0.11886131587317583
846,364.0,0.15919452887537994,0.15919452887537994,0.15919452887537994,0.2113592296357203,0.2113592296357203,0.2113592296357203
847,416.0,0.14517639712769279,0.14517639712769279,0.14517639712769279,0.14220823457247045,0.14220823457247045,0.14220823457247045
848,468.0,0.0370016710432084,0.0370016710432084,0.0370016710432084,0.041361838383457306,0.041361838383457306,0.041361838383457306
849,520.0,0.3624262742898209,0.3624262742898209,0.3624262742898209,0.41131232806412144,0.41131232806412144,0.41131232806412144
850,572.0,0.33926453143534996,0.33926453143534996,0.33926453143534996,0.37125782207531416,0.37125782207531416,0.37125782207531416
851,624.0,0.13507853403141362,0.13507853403141362,0.13507853403141362,0.12102080535073055,0.12102080535073055,0.12102080535073055
852,676.0,0.3478859508277176,0.3478859508277176,0.3478859508277176,0.5517333746300701,0.5517333746300701,0.5517333746300701
853,728.0,0.07776417670726408,0.07776417670726408,0.07776417670726408,0.07180312916821927,0.07180312916821927,0.07180312916821927
854,780.0,0.06453827669069688,0.06453827669069688,0.06453827669069688,0.1317771383392204,0.1317771383392204,0.1317771383392204
855,832.0,0.22759595787631381,0.22759595787631381,0.22759595787631381,1.9276950159865536,1.9276950159865536,1.9276950159865536
856,884.0,0.12356385905950111,0.12356385905950111,0.12356385905950111,0.22482884936034056,0.22482884936034056,0.22482884936034056
857,936.0,0.5061271632784593,0.5061271632784593,0.5061271632784593,0.7210949536949043,0.7210949536949043,0.7210949536949043
858,988.0,0.033406713223566455,0.033406713223566455,0.033406713223566455,0.03040865831801722,0.03040865831801722,0.03040865831801722
859,1040.0,0.11493584651906873,0.11493584651906873,0.11493584651906873,0.10445650975675595,0.10445650975675595,0.10445650975675595
860,52.0,0.1400736443281973,0.1400736443281973,0.1400736443281973,0.15555620252148764,0.15555620252148764,0.15555620252148764
861,104.0,2.05605578428399,2.05605578428399,2.05605578428399,1.4107651937677759,1.4107651937677759,1.4107651937677759
862,156.0,0.1753710830126443,0.1753710830126443,0.1753710830126443,0.15231260281416523,0.15231260281416523,0.15231260281416523
863,208.0,0.5495373850470834,0.5495373850470834,0.5495373850470834,0.5501828724410989,0.5501828724410989,0.5501828724410989
864,260.0,8.198106487442653,8.198106487442653,8.198106487442653,19.2353724009888,19.2353724009888,19.2353724009888
865,312.0,0.0017277155361354582,0.0017277155361354582,0.0017277155361354582,0.0015826518941080682,0.0015826518941080682,0.0015826518941080682
866,364.0,0.15258511979823455,0.15258511979823455,0.15258511979823455,0.13787793254024422,0.13787793254024422,0.13787793254024422
867,416.0,0.3660615029789317,0.3660615029789317,0.3660615029789317,0.5413260801434617,0.5413260801434617,0.5413260801434617
868,468.0,0.13098592105837667,0.13098592105837667,0.13098592105837667,0.22161468542421078,0.22161468542421078,0.22161468542421078
869,520.0,0.46085377904900027,0.46085377904900027,0.46085377904900027,0.4474006443560232,0.4474006443560232,0.4474006443560232
870,572.0,0.026831782885552425,0.026831782885552425,0.026831782885552425,0.02091073836211623,0.02091073836211623,0.02091073836211623
871,624.0,0.313953488372093,0.313953488372093,0.313953488372093,0.38282855597620336,0.38282855597620336,0.38282855597620336
872,676.0,0.1843600818367811,0.1843600818367811,0.1843600818367811,0.15037144206191647,0.15037144206191647,0.15037144206191647
873,728.0,0.020470522273870955,0.020470522273870955,0.020470522273870955,0.01873169575731488,0.01873169575731488,0.01873169575731488
874,780.0,0.5914843694204409,0.5914843694204409,0.5914843694204409,0.8515312373384506,0.8515312373384506,0.8515312373384506
875,832.0,0.19523135033050046,0.19523135033050046,0.19523135033050046,0.1660867972796686,0.1660867972796686,0.1660867972796686
876,884.0,4.031838533699254,4.031838533699254,4.031838533699254,362.98100058825537,362.98100058825537,362.98100058825537
877,936.0,0.23076923076923078,0.23076923076923078,0.23076923076923078,0.2698224852071005,0.2698224852071005,0.2698224852071005
878,988.0,0.008637236084452975,0.008637236084452975,0.008637236084452975,0.008562634237274396,0.008562634237274396,0.008562634237274396
879,1040.0,0.3643939281699096,0.3643939281699096,0.3643939281699096,0.4113617256653061,0.4113617256653061,0.4113617256653061
880,52.0,0.4664218335059964,0.4664218335059964,0.4664218335059964,0.45306800382733375,0.45306800382733375,0.45306800382733375
881,104.0,13.79426906484967,13.79426906484967,13.79426906484967,14.458761105646882,14.458761105646882,14.458761105646882
882,156.0,2.384950707865387,2.384950707865387,2.384950707865387,6.646280751622866,6.646280751622866,6.646280751622866
883,208.0,0.16884735202492213,0.16884735202492213,0.16884735202492213,0.1484376122126144,0.1484376122126144,0.1484376122126144
884,260.0,1.7134718317294906,1.7134718317294906,1.7134718317294906,10.989564870844195,10.989564870844195,10.989564870844195
885,312.0,0.05486182609957611,0.05486182609957611,0.05486182609957611,0.04449309936916712,0.04449309936916712,0.04449309936916712
886,364.0,27.357025392341086,27.357025392341086,27.357025392341086,44.47909243345502,44.47909243345502,44.47909243345502
887,416.0,0.5545815044412292,0.5545815044412292,0.5545815044412292,0.9595952258900774,0.9595952258900774,0.9595952258900774
888,468.0,0.15485601085138884,0.15485601085138884,0.15485601085138884,0.22645389465520363,0.22645389465520363,0.22645389465520363
889,520.0,0.5313656209538291,0.5313656209538291,0.5313656209538291,3.13058805346052,3.13058805346052,3.13058805346052
890,572.0,0.18900129574711305,0.18900129574711305,0.18900129574711305,0.1979036904969852,0.1979036904969852,0.1979036904969852
891,624.0,56.80943658496793,56.80943658496793,56.80943658496793,876.7188574270349,876.7188574270349,876.7188574270349
892,676.0,0.2225959936706532,0.2225959936706532,0.2225959936706532,0.22484417996638617,0.22484417996638617,0.22484417996638617
893,728.0,0.44267929004021916,0.44267929004021916,0.44267929004021916,0.49606570807170686,0.49606570807170686,0.49606570807170686
894,780.0,0.12680735910380225,0.12680735910380225,0.12680735910380225,0.11023317026890868,0.11023317026890868,0.11023317026890868
895,832.0,0.25677332135317615,0.25677332135317615,0.25677332135317615,0.24193378247691635,0.24193378247691635,0.24193378247691635
896,884.0,0.12326043737574553,0.12326043737574553,0.12326043737574553,0.11204344509483853,0.11204344509483853,0.11204344509483853
897,936.0,0.45234965829883605,0.45234965829883605,0.45234965829883605,0.4884965024162686,0.4884965024162686,0.4884965024162686
898,988.0,0.19345037137069548,0.19345037137069548,0.19345037137069548,0.16683083632835635,0.16683083632835635,0.16683083632835635
899,1040.0,0.273228172728404,0.273228172728404,0.273228172728404,0.27465434900212665,0.27465434900212665,0.27465434900212665
900,52.0,0.3306701718489994,0.3306701718489994,0.3306701718489994,0.38048404070415315,0.38048404070415315,0.38048404070415315
901,104.0,0.06317840244920679,0.06317840244920679,0.06317840244920679,0.06419663307654608,0.06419663307654608,0.06419663307654608
902,156.0,0.199207135777998,0.199207135777998,0.199207135777998,0.17339877671815895,0.17339877671815895,0.17339877671815895
903,208.0,0.17461440951695179,0.17461440951695179,0.17461440951695179,0.2179249937488001,0.2179249937488001,0.2179249937488001
904,260.0,0.15594059405940594,0.15594059405940594,0.15594059405940594,0.14317428029931706,0.14317428029931706,0.14317428029931706
905,312.0,0.09529350465698545,0.09529350465698545,0.09529350465698545,0.08609948433132936,0.08609948433132936,0.08609948433132936
906,364.0,0.2077922077922078,0.2077922077922078,0.2077922077922078,0.17760161916006065,0.17760161916006065,0.17760161916006065
907,416.0,0.5714408672377589,0.5714408672377589,0.5714408672377589,2.0160462896934552,2.0160462896934552,2.0160462896934552
908,468.0,0.1927805020082226,0.1927805020082226,0.1927805020082226,0.1720446103435929,0.1720446103435929,0.1720446103435929
909,520.0,67.4862544123291,67.4862544123291,67.4862544123291,133.39233899334386,133.39233899334386,133.39233899334386
910,572.0,0.30330951745701296,0.30330951745701296,0.30330951745701296,0.3484502038028169,0.3484502038028169,0.3484502038028169
911,624.0,0.654386590495901,0.654386590495901,0.654386590495901,0.6953536659812024,0.6953536659812024,0.6953536659812024
912,676.0,0.18340607300030803,0.18340607300030803,0.18340607300030803,0.1501527672856533,0.1501527672856533,0.1501527672856533
913,728.0,0.3546878854350668,0.3546878854350668,0.3546878854350668,1.291350402508365,1.291350402508365,1.291350402508365
914,780.0,70.22361402956787,70.22361402956787,70.22361402956787,136.9519872836107,136.9519872836107,136.9519872836107
915,832.0,0.3962393746103906,0.3962393746103906,0.3962393746103906,0.5322576814201211,0.5322576814201211,0.5322576814201211
916,884.0,0.08408495781204539,0.08408495781204539,0.08408495781204539,0.07701467768179193,0.07701467768179193,0.07701467768179193
917,936.0,0.32335182877400975,0.32335182877400975,0.32335182877400975,0.30910208006008816,0.30910208006008816,0.30910208006008816
918,988.0,0.138789991567881,0.138789991567881,0.138789991567881,0.1445999067140165,0.1445999067140165,0.1445999067140165
919,1040.0,0.10524445664174167,0.10524445664174167,0.10524445664174167,0.11516718362400125,0.11516718362400125,0.11516718362400125
920,52.0,0.39928990779374846,0.39928990779374846,0.39928990779374846,0.5023462546885569,0.5023462546885569,0.5023462546885569
921,104.0,0.5677054270666089,0.5677054270666089,0.5677054270666089,0.5612096911601613,0.5612096911601613,0.5612096911601613
922,156.0,0.35758401788133254,0.35758401788133254,0.35758401788133254,0.49861561953667616,0.49861561953667616,0.49861561953667616
923,208.0,0.16405900759946357,0.16405900759946357,0.16405900759946357,0.15323663129682472,0.15323663129682472,0.15323663129682472
924,260.0,0.1866102224956853,0.1866102224956853,0.1866102224956853,0.1684396421876909,0.1684396421876909,0.1684396421876909
925,312.0,0.23769489810964126,0.23769489810964126,0.23769489810964126,0.2225971558532583,0.2225971558532583,0.2225971558532583
926,364.0,0.10822542002009783,0.10822542002009783,0.10822542002009783,0.11874972520307792,0.11874972520307792,0.11874972520307792
927,416.0,0.16348195329087048,0.16348195329087048,0.16348195329087048,0.16647959574650315,0.16647959574650315,0.16647959574650315
928,468.0,0.17129805273198248,0.17129805273198248,0.17129805273198248,0.24217216607014885,0.24217216607014885,0.24217216607014885
929,520.0,0.41550771811304327,0.41550771811304327,0.41550771811304327,0.34149369043992506,0.34149369043992506,0.34149369043992506
930,572.0,0.3982664779180345,0.3982664779180345,0.3982664779180345,6.398144671228718,6.398144671228718,6.398144671228718
931,624.0,0.5912015998498122,0.5912015998498122,0.5912015998498122,0.6277457192318884,0.6277457192318884,0.6277457192318884
932,676.0,0.09462776111262612,0.09462776111262612,0.09462776111262612,0.08567334793943789,0.08567334793943789,0.08567334793943789
933,728.0,0.21396891056375564,0.21396891056375564,0.21396891056375564,0.2539111329222739,0.2539111329222739,0.2539111329222739
934,780.0,0.2127659574468085,0.2127659574468085,0.2127659574468085,0.22423419345103363,0.22423419345103363,0.22423419345103363
935,832.0,0.1616073470468396,0.1616073470468396,0.1616073470468396,0.2084043892011933,0.2084043892011933,0.2084043892011933
936,884.0,0.8011665079482905,0.8011665079482905,0.8011665079482905,5.370966978966299,5.370966978966299,5.370966978966299
937,936.0,0.09849689757297442,0.09849689757297442,0.09849689757297442,0.11133044716528309,0.11133044716528309,0.11133044716528309
938,988.0,0.24074074074074073,0.24074074074074073,0.24074074074074073,1.2661179698216738,1.2661179698216738,1.2661179698216738
939,1040.0,0.011199614410553779,0.011199614410553779,0.011199614410553779,0.009307608519929785,0.009307608519929785,0.009307608519929785
940,52.0,0.07803834283638156,0.07803834283638156,0.07803834283638156,0.09419611326316386,0.09419611326316386,0.09419611326316386
941,104.0,0.12176656151419558,0.12176656151419558,0.12176656151419558,0.12965239976514842,0.12965239976514842,0.12965239976514842
942,156.0,0.22123318739844375,0.22123318739844375,0.22123318739844375,0.3417054143154552,0.3417054143154552,0.3417054143154552
943,208.0,0.20485443095920816,0.20485443095920816,0.20485443095920816,0.20056133093279963,0.20056133093279963,0.20056133093279963
944,260.0,0.4984442615897162,0.4984442615897162,0.4984442615897162,0.5715431672998591,0.5715431672998591,0.5715431672998591
945,312.0,0.18560926218996704,0.18560926218996704,0.18560926218996704,0.15874977067440862,0.15874977067440862,0.15874977067440862
946,364.0,0.12715104660917176,0.12715104660917176,0.12715104660917176,0.09254089014432586,0.09254089014432586,0.09254089014432586
947,416.0,0.2264504054897068,0.2264504054897068,0.2264504054897068,0.1945093592060115,0.1945093592060115,0.1945093592060115
948,468.0,0.12800218340611352,0.12800218340611352,0.12800218340611352,0.11816784278999255,0.11816784278999255,0.11816784278999255
949,520.0,0.14642974123193003,0.14642974123193003,0.14642974123193003,0.17405496253631106,0.17405496253631106,0.17405496253631106
950,572.0,0.3354656711915395,0.3354656711915395,0.3354656711915395,0.3991484911168209,0.3991484911168209,0.3991484911168209
951,624.0,0.015125570776255707,0.015125570776255707,0.015125570776255707,0.01489678788494819,0.01489678788494819,0.01489678788494819
952,676.0,0.010130246020260492,0.010130246020260492,0.010130246020260492,0.01002762413582949,0.01002762413582949,0.01002762413582949
953,728.0,0.07692307692307693,0.07692307692307693,0.07692307692307693,0.07100591715976333,0.07100591715976333,0.07100591715976333
954,780.0,0.10838272650296359,0.10838272650296359,0.10838272650296359,0.1209091258884736,0.1209091258884736,0.1209091258884736
955,832.0,0.005446043649174504,0.005446043649174504,0.005446043649174504,0.0049166354495669955,0.0049166354495669955,0.0049166354495669955
956,884.0,0.34386912359537963,0.34386912359537963,0.34386912359537963,3.7513525665886673,3.7513525665886673,3.7513525665886673
957,936.0,0.16243523316062175,0.16243523316062175,0.16243523316062175,0.15055780020940154,0.15055780020940154,0.15055780020940154
958,988.0,1.5849670119221526,1.5849670119221526,1.5849670119221526,34.0133265756212,34.0133265756212,34.0133265756212
959,1040.0,0.22518518518518518,0.22518518518518518,0.22518518518518518,0.2989212620027435,0.2989212620027435,0.2989212620027435
960,52.0,0.3268015443459301,0.3268015443459301,0.3268015443459301,0.5648507545920463,0.5648507545920463,0.5648507545920463
961,104.0,0.35674952969368334,0.35674952969368334,0.35674952969368334,0.3256218836940261,0.3256218836940261,0.3256218836940261
962,156.0,8.053601539063317,8.053601539063317,8.053601539063317,13.88029821952428,13.88029821952428,13.88029821952428
963,208.0,0.05817789442275726,0.05817789442275726,0.05817789442275726,0.061389251341241416,0.061389251341241416,0.061389251341241416
964,260.0,0.4099594131851449,0.4099594131851449,0.4099594131851449,0.3966238269562027,0.3966238269562027,0.3966238269562027
965,312.0,0.2074074074074074,0.2074074074074074,0.2074074074074074,0.18661179698216734,0.18661179698216734,0.18661179698216734
966,364.0,0.38232444876451327,0.38232444876451327,0.38232444876451327,0.3111657862196893,0.3111657862196893,0.3111657862196893
967,416.0,0.0,0.0,0.0,0.0,0.0,0.0
968,468.0,0.07894140361915743,0.07894140361915743,0.07894140361915743,0.10105372135391577,0.10105372135391577,0.10105372135391577
969,520.0,4.827436556721827,4.827436556721827,4.827436556721827,136.45523166223373,136.45523166223373,136.45523166223373
970,572.0,0.6887296386200609,0.6887296386200609,0.6887296386200609,0.9573658121695187,0.9573658121695187,0.9573658121695187
971,624.0,0.5480643106132143,0.5480643106132143,0.5480643106132143,0.3883471142044386,0.3883471142044386,0.3883471142044386
972,676.0,0.07270287792244107,0.07270287792244107,0.07270287792244107,0.06449590616514723,0.06449590616514723,0.06449590616514723
973,728.0,0.44740429619821687,0.44740429619821687,0.44740429619821687,0.6217653484638634,0.6217653484638634,0.6217653484638634
974,780.0,0.2577614053439378,0.2577614053439378,0.2577614053439378,0.23133516723622347,0.23133516723622347,0.23133516723622347
975,832.0,0.4246128612726681,0.4246128612726681,0.4246128612726681,0.44657146168802503,0.44657146168802503,0.44657146168802503
976,884.0,156.92505331950576,156.92505331950576,156.92505331950576,190.03582639781195,190.03582639781195,190.03582639781195
977,936.0,0.17957439432255967,0.17957439432255967,0.17957439432255967,0.14728974429674768,0.14728974429674768,0.14728974429674768
978,988.0,0.24898143956541421,0.24898143956541421,0.24898143956541421,0.2123405198003722,0.2123405198003722,0.2123405198003722
979,1040.0,0.49099112207015005,0.49099112207015005,0.49099112207015005,0.6110011963661418,0.6110011963661418,0.6110011963661418
980,52.0,0.2645628800835288,0.2645628800835288,0.2645628800835288,0.2815635941865312,0.2815635941865312,0.2815635941865312
981,104.0,0.4672843254039397,0.4672843254039397,0.4672843254039397,3.9340946324675325,3.9340946324675325,3.9340946324675325
982,156.0,0.05004035512510089,0.05004035512510089,0.05004035512510089,0.0507647279921257,0.0507647279921257,0.0507647279921257
983,208.0,0.5106918633615517,0.5106918633615517,0.5106918633615517,0.5514071315951845,0.5514071315951845,0.5514071315951845
984,260.0,0.00344149459193707,0.00344149459193707,0.00344149459193707,0.0034296507069107363,0.0034296507069107363,0.0034296507069107363
985,312.0,0.27959964348362276,0.27959964348362276,0.27959964348362276,0.33843717986894656,0.33843717986894656,0.33843717986894656
986,364.0,0.21609451829119888,0.21609451829119888,0.21609451829119888,0.21295792902073662,0.21295792902073662,0.21295792902073662
987,416.0,0.552247169584928,0.552247169584928,0.552247169584928,0.6311448841847748,0.6311448841847748,0.6311448841847748
988,468.0,0.1157613535173642,0.1157613535173642,0.1157613535173642,0.1082971422167492,0.1082971422167492,0.1082971422167492
989,520.0,0.6789309395044346,0.6789309395044346,0.6789309395044346,2.662950987005395,2.662950987005395,2.662950987005395
990,572.0,0.34458522154744453,0.34458522154744453,0.34458522154744453,0.3572397890068757,0.3572397890068757,0.3572397890068757
991,624.0,2.996676927808696,2.996676927808696,2.996676927808696,2.7570932949021736,2.7570932949021736,2.7570932949021736
992,676.0,0.08734776744618439,0.08734776744618439,0.08734776744618439,0.10284101814348207,0.10284101814348207,0.10284101814348207
993,728.0,0.45714855499515894,0.45714855499515894,0.45714855499515894,0.4384840164225425,0.4384840164225425,0.4384840164225425
994,780.0,0.5615399929285584,0.5615399929285584,0.5615399929285584,0.6655807714458318,0.6655807714458318,0.6655807714458318
995,832.0,0.28595261406834077,0.28595261406834077,0.28595261406834077,0.27758846961391875,0.27758846961391875,0.27758846961391875
996,884.0,0.34971132509982517,0.34971132509982517,0.34971132509982517,0.40454285585467875,0.40454285585467875,0.40454285585467875
997,936.0,0.10921444471031522,0.10921444471031522,0.10921444471031522,0.11578266892247502,0.11578266892247502,0.11578266892247502
998,988.0,0.22636577929705448,0.22636577929705448,0.22636577929705448,0.4120966939766591,0.4120966939766591,0.4120966939766591
999,1040.0,141.3865203064892,141.3865203064892,141.3865203064892,163.83897220716105,163.83897220716105,163.83897220716105
